ts,close,level,buy_price,stop,target,score,n_events,tfs,dist_atr,filled,outcome,ret_pct
2023-12-04 09:30:00-05:00,363.64,365.9,366.03,365.9,368.66,7.6,6,1h+4h,0.345,True,target,0.6575134310581987
2023-12-04 10:30:00-05:00,365.71,366.3,366.43,366.3,369.08,7.6,6,1h+4h,0.09,True,target,0.6631988872733752
2023-12-04 11:30:00-05:00,368.2,376.27,376.4,376.27,379.08,7.0,5,1d+1h,1.23,False,nofill,0.0
2023-12-04 12:30:00-05:00,368.37,376.27,376.4,376.27,378.99,7.0,5,1d+1h,1.205,False,nofill,0.0
2023-12-04 13:30:00-05:00,368.14,376.27,376.39,376.27,378.92,7.0,5,1d+1h,1.24,False,nofill,0.0
2023-12-04 14:30:00-05:00,368.72,376.27,376.39,376.27,378.82,7.0,5,1d+1h,1.152,False,nofill,0.0
2023-12-04 15:30:00-05:00,369.27,376.27,376.38,376.27,378.71,7.0,5,1d+1h,1.067,False,nofill,0.0
2023-12-05 09:30:00-05:00,370.54,376.35,376.48,376.35,379.05,7.0,5,1d+1h,0.878,False,nofill,0.0
2023-12-05 10:30:00-05:00,370.76,376.35,376.48,376.35,379.06,7.0,5,1d+1h,0.846,False,nofill,0.0
2023-12-05 11:30:00-05:00,371.79,376.07,376.2,376.07,378.78,7.0,5,1d+1h,0.647,False,nofill,0.0
2023-12-05 12:30:00-05:00,371.72,376.07,376.2,376.07,378.77,7.0,5,1d+1h,0.658,False,nofill,0.0
2023-12-05 13:30:00-05:00,372.03,376.07,376.19,376.07,378.68,7.0,5,1d+1h,0.611,False,nofill,0.0
2023-12-05 14:30:00-05:00,372.39,376.07,376.19,376.07,378.61,7.0,5,1d+1h,0.557,False,nofill,0.0
2023-12-05 15:30:00-05:00,372.57,376.07,376.19,376.07,378.49,7.0,5,1d+1h,0.53,False,nofill,0.0
2023-12-06 09:30:00-05:00,370.05,376.35,376.48,376.35,379.01,7.0,5,1d+1h,0.959,False,nofill,0.0
2023-12-06 10:30:00-05:00,369.7,376.27,376.39,376.27,378.88,7.0,5,1d+1h,1.001,False,nofill,0.0
2023-12-06 11:30:00-05:00,369.15,376.27,376.39,376.27,378.78,7.0,5,1d+1h,1.084,False,nofill,0.0
2023-12-06 12:30:00-05:00,369.55,376.07,376.19,376.07,378.52,7.0,5,1d+1h,0.993,False,nofill,0.0
2023-12-06 13:30:00-05:00,369.61,376.07,376.18,376.07,378.43,7.0,5,1d+1h,0.984,False,nofill,0.0
2023-12-06 14:30:00-05:00,369.05,376.07,376.18,376.07,378.38,7.0,5,1d+1h,1.069,False,nofill,0.0
2023-12-06 15:30:00-05:00,368.78,376.07,376.18,376.07,378.31,7.0,5,1d+1h,1.11,False,nofill,0.0
2023-12-07 09:30:00-05:00,369.74,376.07,376.18,376.07,378.47,7.0,5,1d+1h,0.981,False,nofill,0.0
2023-12-07 10:30:00-05:00,368.53,375.58,375.69,375.58,377.97,7.0,5,1d+1h,1.092,False,nofill,0.0
2023-12-07 11:30:00-05:00,370.87,376.35,376.47,376.35,378.77,7.0,5,1d+1h,0.849,False,nofill,0.0
2023-12-07 12:30:00-05:00,369.98,375.13,375.25,375.13,377.47,8.8,6,1d+1h+4h,0.798,False,nofill,0.0
2023-12-07 13:30:00-05:00,371.0,375.13,375.24,375.13,377.41,8.8,6,1d+1h+4h,0.64,False,nofill,0.0
2023-12-07 14:30:00-05:00,371.17,375.13,375.24,375.13,377.32,8.8,6,1d+1h+4h,0.614,False,nofill,0.0
2023-12-07 15:30:00-05:00,370.85,375.13,375.23,375.13,377.23,8.8,6,1d+1h+4h,0.664,False,nofill,0.0
2023-12-08 09:30:00-05:00,372.73,375.13,375.25,375.13,377.45,8.8,6,1d+1h+4h,0.374,False,nofill,0.0
2023-12-08 10:30:00-05:00,372.58,375.13,375.25,375.13,377.48,8.8,6,1d+1h+4h,0.397,False,nofill,0.0
2023-12-08 11:30:00-05:00,372.63,375.13,375.25,375.13,377.46,8.8,6,1d+1h+4h,0.389,False,nofill,0.0
2023-12-08 12:30:00-05:00,372.94,375.13,375.24,375.13,377.37,8.8,6,1d+1h+4h,0.341,False,nofill,0.0
2023-12-08 13:30:00-05:00,373.34,375.13,375.24,375.13,377.3,8.8,6,1d+1h+4h,0.279,False,nofill,0.0
2023-12-08 14:30:00-05:00,373.72,375.13,375.23,375.13,377.2,8.8,6,1d+1h+4h,0.22,False,nofill,0.0
2023-12-08 15:30:00-05:00,374.31,375.13,375.23,375.13,377.13,8.8,6,1d+1h+4h,0.128,False,nofill,0.0
2023-12-11 09:30:00-05:00,368.74,375.58,375.7,375.58,378.05,8.8,6,1d+1h+4h,1.046,False,nofill,0.0
2023-12-11 10:30:00-05:00,368.44,375.58,375.7,375.58,378.06,8.8,6,1d+1h+4h,1.092,False,nofill,0.0
2023-12-11 11:30:00-05:00,368.52,375.13,375.25,375.13,377.53,9.8,7,1d+1h+4h,1.011,False,nofill,0.0
2023-12-11 12:30:00-05:00,369.72,375.58,375.69,375.58,377.93,9.8,7,1d+1h+4h,0.895,False,nofill,0.0
2023-12-11 13:30:00-05:00,370.2,375.58,375.69,375.58,377.83,9.8,7,1d+1h+4h,0.823,False,nofill,0.0
2023-12-11 14:30:00-05:00,370.02,375.58,375.68,375.58,377.73,9.8,7,1d+1h+4h,0.85,False,nofill,0.0
2023-12-11 15:30:00-05:00,371.3,375.13,375.24,375.13,377.25,9.8,7,1d+1h+4h,0.586,False,nofill,0.0
2023-12-12 09:30:00-05:00,371.04,375.13,375.24,375.13,377.24,11.6,8,1d+1h+4h,0.645,False,nofill,0.0
2023-12-12 10:30:00-05:00,372.42,375.13,375.24,375.13,377.25,11.6,8,1d+1h+4h,0.428,False,nofill,0.0
2023-12-12 11:30:00-05:00,372.12,375.13,375.24,375.13,377.24,11.6,8,1d+1h+4h,0.475,False,nofill,0.0
2023-12-12 12:30:00-05:00,372.32,375.13,375.23,375.13,377.15,11.6,8,1d+1h+4h,0.443,False,nofill,0.0
2023-12-12 13:30:00-05:00,372.35,375.13,375.23,375.13,377.06,11.6,8,1d+1h+4h,0.439,True,scratch,-0.08442254799656546
2023-12-12 14:30:00-05:00,372.96,375.13,375.22,375.13,376.99,11.6,8,1d+1h+4h,0.343,True,scratch,-0.08354262582247474
2023-12-12 15:30:00-05:00,374.34,375.13,375.22,375.13,376.99,11.6,8,1d+1h+4h,0.125,True,scratch,-0.08356719949831337
2023-12-13 09:30:00-05:00,375.11,375.58,375.67,375.58,377.55,11.6,8,1d+1h+4h,0.074,True,scratch,-0.08498792126888643
2023-12-13 10:30:00-05:00,374.34,375.13,375.23,375.13,377.17,11.6,8,1d+1h+4h,0.125,True,scratch,-0.08578792211036967
2023-12-13 11:30:00-05:00,374.4,375.13,375.23,375.13,377.09,11.6,8,1d+1h+4h,0.115,True,scratch,-0.08480574180976808
2023-12-13 12:30:00-05:00,373.28,375.13,375.23,375.13,377.04,11.6,8,1d+1h+4h,0.291,True,scratch,-0.08416464251691513
2023-12-13 13:30:00-05:00,374.58,375.13,375.23,375.13,377.08,11.6,8,1d+1h+4h,0.087,True,scratch,-0.0846380713722561
2023-12-13 14:30:00-05:00,371.8,375.13,375.24,375.13,377.31,11.6,8,1d+1h+4h,0.523,False,nofill,0.0
2023-12-13 15:30:00-05:00,374.24,375.13,375.24,375.13,377.37,11.6,8,1d+1h+4h,0.14,False,nofill,0.0
2023-12-14 09:30:00-05:00,368.36,375.13,375.26,375.13,377.67,11.6,8,1d+1h+4h,1.021,False,nofill,0.0
2023-12-14 10:30:00-05:00,366.51,367.0,367.12,367.0,369.62,13.2,10,1h+4h,0.074,True,scratch,-0.09394769712058881
2023-12-14 11:30:00-05:00,367.57,375.13,375.26,375.13,377.67,12.6,9,1d+1h+4h,1.14,False,nofill,0.0
2023-12-14 12:30:00-05:00,365.3,365.9,366.02,365.9,368.49,14.2,11,1h+4h,0.09,True,scratch,-0.09360960605970803
2023-12-14 13:30:00-05:00,365.54,365.9,366.02,365.9,368.44,14.2,11,1h+4h,0.053,True,scratch,-0.09297774622971655
2023-12-14 14:30:00-05:00,365.15,365.62,365.74,365.62,368.07,14.2,11,1h+4h,0.07,True,target,0.5784488137459132
2023-12-14 15:30:00-05:00,365.95,366.3,366.41,366.3,368.68,14.2,11,1h+4h,0.053,True,target,0.5578600804430733
2023-12-15 09:30:00-05:00,370.49,375.13,375.26,375.13,377.74,12.6,9,1d+1h+4h,0.702,False,nofill,0.0
2023-12-15 10:30:00-05:00,371.74,375.13,375.26,375.13,377.68,12.6,9,1d+1h+4h,0.513,False,nofill,0.0
2023-12-15 11:30:00-05:00,371.47,375.13,375.25,375.13,377.59,12.6,9,1d+1h+4h,0.554,False,nofill,0.0
2023-12-15 12:30:00-05:00,370.64,375.13,375.25,375.13,377.54,12.6,9,1d+1h+4h,0.679,False,nofill,0.0
2023-12-15 13:30:00-05:00,370.03,375.68,375.79,375.68,378.06,12.6,9,1d+1h+4h,0.854,False,nofill,0.0
2023-12-15 14:30:00-05:00,370.93,375.13,375.24,375.13,377.44,12.6,9,1d+1h+4h,0.636,False,nofill,0.0
2023-12-15 15:30:00-05:00,368.77,375.13,375.26,375.13,377.66,12.6,9,1d+1h+4h,0.962,False,nofill,0.0
2023-12-18 09:30:00-05:00,372.49,375.13,375.26,375.13,377.78,12.6,9,1d+1h+4h,0.41,False,nofill,0.0
2023-12-18 10:30:00-05:00,370.99,375.13,375.26,375.13,377.77,12.6,9,1d+1h+4h,0.643,False,nofill,0.0
2023-12-18 11:30:00-05:00,371.4,375.13,375.26,375.13,377.66,12.6,9,1d+1h+4h,0.579,False,nofill,0.0
2023-12-18 12:30:00-05:00,372.26,375.58,375.7,375.58,378.05,12.6,9,1d+1h+4h,0.515,False,nofill,0.0
2023-12-18 13:30:00-05:00,372.67,375.13,375.25,375.13,377.51,12.6,9,1d+1h+4h,0.382,False,nofill,0.0
2023-12-18 14:30:00-05:00,372.82,375.13,375.24,375.13,377.38,12.6,9,1d+1h+4h,0.358,False,nofill,0.0
2023-12-18 15:30:00-05:00,372.6,375.13,375.24,375.13,377.27,12.6,9,1d+1h+4h,0.393,False,nofill,0.0
2023-12-19 09:30:00-05:00,371.29,375.13,375.24,375.13,377.35,12.6,9,1d+1h+4h,0.618,False,nofill,0.0
2023-12-19 10:30:00-05:00,372.33,375.68,375.78,375.68,377.85,12.6,9,1d+1h+4h,0.538,False,nofill,0.0
2023-12-19 11:30:00-05:00,371.62,375.13,375.24,375.13,377.25,12.6,9,1d+1h+4h,0.565,False,nofill,0.0
2023-12-19 12:30:00-05:00,372.16,375.68,375.78,375.68,377.71,12.6,9,1d+1h+4h,0.566,False,nofill,0.0
2023-12-19 13:30:00-05:00,372.24,375.68,375.77,375.68,377.63,12.6,9,1d+1h+4h,0.553,False,nofill,0.0
2023-12-19 14:30:00-05:00,372.0,375.68,375.77,375.68,377.56,12.6,9,1d+1h+4h,0.591,False,nofill,0.0
2023-12-19 15:30:00-05:00,373.24,375.13,375.22,375.13,376.98,12.6,9,1d+1h+4h,0.304,True,scratch,-0.08335394690273112
2023-12-20 09:30:00-05:00,375.08,375.58,375.67,375.58,377.55,12.6,9,1d+1h+4h,0.081,True,scratch,-0.08492682709267951
2023-12-20 10:30:00-05:00,374.57,375.13,375.23,375.13,377.06,12.6,9,1d+1h+4h,0.092,True,scratch,-0.08438071991880847
2023-12-20 11:30:00-05:00,375.63,376.27,376.36,376.27,378.18,9.8,7,1d+1h+4h,0.103,False,nofill,0.0
2023-12-20 12:30:00-05:00,375.61,376.27,376.36,376.27,378.11,9.8,7,1d+1h+4h,0.107,False,nofill,0.0
2023-12-20 13:30:00-05:00,374.77,375.13,375.22,375.13,376.94,12.6,9,1d+1h+4h,0.059,False,nofill,0.0
2023-12-20 14:30:00-05:00,370.96,375.68,375.77,375.68,377.65,12.6,9,1d+1h+4h,0.766,False,nofill,0.0
2023-12-20 15:30:00-05:00,370.54,375.58,375.67,375.58,377.56,13.6,10,1d+1h+4h,0.818,False,nofill,0.0
2023-12-21 09:30:00-05:00,371.49,375.13,375.24,375.13,377.26,13.6,10,1d+1h+4h,0.604,False,nofill,0.0
2023-12-21 10:30:00-05:00,371.6,375.13,375.23,375.13,377.22,13.6,10,1d+1h+4h,0.586,False,nofill,0.0
2023-12-21 11:30:00-05:00,370.55,375.58,375.68,375.58,377.65,13.6,10,1d+1h+4h,0.834,False,nofill,0.0
2023-12-21 12:30:00-05:00,371.01,375.13,375.23,375.13,377.15,13.6,10,1d+1h+4h,0.684,False,nofill,0.0
2023-12-21 13:30:00-05:00,371.87,375.13,375.23,375.13,377.11,13.6,10,1d+1h+4h,0.541,False,nofill,0.0
2023-12-21 14:30:00-05:00,372.82,375.13,375.23,375.13,377.06,13.6,10,1d+1h+4h,0.384,False,nofill,0.0
2023-12-21 15:30:00-05:00,373.54,375.13,375.22,375.13,377.0,13.6,10,1d+1h+4h,0.265,False,nofill,0.0
2023-12-22 09:30:00-05:00,374.62,375.13,375.23,375.13,377.03,15.4,11,1d+1h+4h,0.09,False,nofill,0.0
2023-12-22 10:30:00-05:00,374.74,375.13,375.22,375.13,376.98,15.4,11,1d+1h+4h,0.068,False,nofill,0.0
2023-12-22 11:30:00-05:00,374.05,375.13,375.22,375.13,376.95,15.4,11,1d+1h+4h,0.188,False,nofill,0.0
2023-12-22 12:30:00-05:00,374.93,375.58,375.66,375.58,377.35,15.4,11,1d+1h+4h,0.113,False,nofill,0.0
2023-12-22 13:30:00-05:00,373.46,375.13,375.22,375.13,376.91,15.4,11,1d+1h+4h,0.289,True,scratch,-0.08252639498649295
2023-12-22 14:30:00-05:00,374.78,375.13,375.22,375.13,376.91,15.4,11,1d+1h+4h,0.062,True,scratch,-0.08248565730358814
2023-12-22 15:30:00-05:00,374.6,375.13,375.22,375.13,376.84,15.4,11,1d+1h+4h,0.092,True,scratch,-0.08157286547082476
2023-12-26 09:30:00-05:00,375.13,375.58,375.66,375.58,377.34,15.4,11,1d+1h+4h,0.08,False,nofill,0.0
2023-12-26 10:30:00-05:00,374.46,375.13,375.22,375.13,376.88,15.4,11,1d+1h+4h,0.121,False,nofill,0.0
2023-12-26 11:30:00-05:00,374.03,375.18,375.26,375.18,376.86,15.4,11,1d+1h+4h,0.205,False,nofill,0.0
2023-12-26 12:30:00-05:00,373.96,375.58,375.66,375.58,377.17,16.4,12,1d+1h+4h,0.288,False,nofill,0.0
2023-12-26 13:30:00-05:00,374.22,375.58,375.65,375.58,377.12,16.4,12,1d+1h+4h,0.242,False,nofill,0.0
2023-12-26 14:30:00-05:00,374.63,375.58,375.65,375.58,377.07,16.4,12,1d+1h+4h,0.17,False,nofill,0.0
2023-12-26 15:30:00-05:00,374.7,375.58,375.65,375.58,377.06,16.4,12,1d+1h+4h,0.157,False,nofill,0.0
2023-12-27 09:30:00-05:00,373.24,375.13,375.21,375.13,376.67,15.4,11,1d+1h+4h,0.354,False,nofill,0.0
2023-12-27 10:30:00-05:00,373.53,375.13,375.21,375.13,376.63,15.4,11,1d+1h+4h,0.3,False,nofill,0.0
2023-12-27 11:30:00-05:00,373.81,375.13,375.2,375.13,376.58,15.4,11,1d+1h+4h,0.247,False,nofill,0.0
2023-12-27 12:30:00-05:00,374.01,375.06,375.13,375.06,376.49,16.4,12,1d+1h+4h,0.196,False,nofill,0.0
2023-12-27 13:30:00-05:00,373.41,375.06,375.13,375.06,376.48,16.4,12,1d+1h+4h,0.307,True,scratch,-0.07794829229791356
2023-12-27 14:30:00-05:00,373.46,375.06,375.13,375.06,376.43,16.4,12,1d+1h+4h,0.299,True,scratch,-0.07732162041879098
2023-12-27 15:30:00-05:00,374.07,375.06,375.12,375.06,376.41,16.4,12,1d+1h+4h,0.185,True,scratch,-0.07711072434303246
2023-12-28 09:30:00-05:00,374.82,375.13,375.2,375.13,376.57,16.4,12,1d+1h+4h,0.061,True,scratch,-0.0781555886565588
2023-12-28 10:30:00-05:00,374.93,375.68,375.75,375.68,377.07,15.4,11,1d+1h+4h,0.146,True,scratch,-0.07763053990060831
2023-12-28 11:30:00-05:00,375.39,375.68,375.74,375.68,377.03,15.4,11,1d+1h+4h,0.056,True,scratch,-0.07705017149919335
2023-12-28 12:30:00-05:00,375.81,376.46,376.52,376.46,377.76,15.4,11,1d+1h+4h,0.127,False,nofill,0.0
2023-12-28 13:30:00-05:00,375.82,376.46,376.52,376.46,377.71,15.4,11,1d+1h+4h,0.123,True,scratch,-0.07578021564734749
2023-12-28 14:30:00-05:00,375.9,376.46,376.52,376.46,377.66,15.4,11,1d+1h+4h,0.108,True,scratch,-0.07517324976642481
2023-12-28 15:30:00-05:00,375.25,375.68,375.74,375.68,376.88,16.4,12,1d+1h+4h,0.084,True,scratch,-0.07518130780459487
2023-12-29 09:30:00-05:00,377.09,377.44,377.5,377.44,378.7,11.6,8,1d+1h+4h,0.07,False,nofill,0.0
2023-12-29 10:30:00-05:00,373.64,375.06,375.13,375.06,376.49,16.4,12,1d+1h+4h,0.282,True,target,0.3030986698572713
2023-12-29 11:30:00-05:00,373.69,375.06,375.13,375.06,376.48,16.4,12,1d+1h+4h,0.272,True,target,0.2992394714452562
2023-12-29 12:30:00-05:00,375.26,376.46,376.53,376.46,377.94,15.4,11,1d+1h+4h,0.239,True,scratch,-0.07875938952177641
2023-12-29 13:30:00-05:00,376.04,376.46,376.53,376.46,377.94,15.4,11,1d+1h+4h,0.082,True,scratch,-0.07865049697064475
2023-12-29 14:30:00-05:00,376.31,376.94,377.01,376.94,378.38,14.4,10,1d+1h+4h,0.125,False,nofill,0.0
2023-12-29 15:30:00-05:00,375.98,376.46,376.53,376.46,377.91,15.4,11,1d+1h+4h,0.095,False,nofill,0.0
2024-01-02 09:30:00-05:00,368.3,375.68,375.78,375.68,377.72,16.4,12,1d+1h+4h,1.387,False,nofill,0.0
2024-01-02 10:30:00-05:00,369.97,375.68,375.78,375.68,377.8,17.4,13,1d+1h+4h,1.073,False,nofill,0.0
2024-01-02 11:30:00-05:00,370.48,376.46,376.56,376.46,378.53,17.4,13,1d+1h+4h,1.124,False,nofill,0.0
2024-01-02 12:30:00-05:00,369.63,376.46,376.56,376.46,378.53,19.2,14,1d+1h+4h,1.283,False,nofill,0.0
2024-01-02 13:30:00-05:00,369.55,376.35,376.45,376.35,378.37,19.2,14,1d+1h+4h,1.278,False,nofill,0.0
2024-01-02 14:30:00-05:00,369.32,376.46,376.55,376.46,378.44,19.2,14,1d+1h+4h,1.341,False,nofill,0.0
2024-01-02 15:30:00-05:00,370.73,376.46,376.55,376.46,378.45,19.2,14,1d+1h+4h,1.077,False,nofill,0.0
2024-01-03 09:30:00-05:00,372.1,376.35,376.45,376.35,378.49,19.2,14,1d+1h+4h,0.806,False,nofill,0.0
2024-01-03 10:30:00-05:00,371.87,376.35,376.45,376.35,378.49,19.2,14,1d+1h+4h,0.85,False,nofill,0.0
2024-01-03 11:30:00-05:00,371.71,376.35,376.45,376.35,378.45,19.2,14,1d+1h+4h,0.88,False,nofill,0.0
2024-01-03 12:30:00-05:00,371.57,376.35,376.45,376.35,378.39,19.2,14,1d+1h+4h,0.906,False,nofill,0.0
2024-01-03 13:30:00-05:00,372.1,376.35,376.45,376.35,378.38,19.2,14,1d+1h+4h,0.806,False,nofill,0.0
2024-01-03 14:30:00-05:00,371.28,376.35,376.44,376.35,378.34,19.2,14,1d+1h+4h,0.962,False,nofill,0.0
2024-01-03 15:30:00-05:00,370.6,376.35,376.45,376.35,378.35,19.2,14,1d+1h+4h,1.09,False,nofill,0.0
2024-01-04 09:30:00-05:00,371.94,376.46,376.55,376.46,378.48,19.2,14,1d+1h+4h,0.851,False,nofill,0.0
2024-01-04 10:30:00-05:00,372.11,376.46,376.55,376.46,378.45,19.2,14,1d+1h+4h,0.819,False,nofill,0.0
2024-01-04 11:30:00-05:00,370.98,376.46,376.55,376.46,378.44,19.2,14,1d+1h+4h,1.032,False,nofill,0.0
2024-01-04 12:30:00-05:00,370.6,376.46,376.55,376.46,378.38,19.2,14,1d+1h+4h,1.103,False,nofill,0.0
2024-01-04 13:30:00-05:00,370.08,376.46,376.55,376.46,378.29,19.2,14,1d+1h+4h,1.2,False,nofill,0.0
2024-01-04 14:30:00-05:00,368.32,376.46,376.55,376.46,378.32,19.2,14,1d+1h+4h,1.532,False,nofill,0.0
2024-01-04 15:30:00-05:00,367.95,376.35,376.44,376.35,378.22,19.2,14,1d+1h+4h,1.582,False,nofill,0.0
2024-01-05 09:30:00-05:00,371.4,376.46,376.55,376.46,378.46,19.2,14,1d+1h+4h,0.951,False,nofill,0.0
2024-01-05 10:30:00-05:00,370.77,376.46,376.55,376.46,378.42,19.2,14,1d+1h+4h,1.069,False,nofill,0.0
2024-01-05 11:30:00-05:00,368.92,376.46,376.55,376.46,378.46,19.2,14,1d+1h+4h,1.417,False,nofill,0.0
2024-01-05 12:30:00-05:00,369.0,376.46,376.55,376.46,378.42,19.2,14,1d+1h+4h,1.402,False,nofill,0.0
2024-01-05 13:30:00-05:00,368.38,376.35,376.44,376.35,378.24,19.2,14,1d+1h+4h,1.498,False,nofill,0.0
2024-01-05 14:30:00-05:00,367.0,376.46,376.55,376.46,378.34,19.2,14,1d+1h+4h,1.778,False,nofill,0.0
2024-01-05 15:30:00-05:00,367.72,376.35,376.44,376.35,378.22,19.2,14,1d+1h+4h,1.622,False,nofill,0.0
2024-01-08 09:30:00-05:00,370.11,376.46,376.55,376.46,378.43,19.2,14,1d+1h+4h,1.163,False,nofill,0.0
2024-01-08 10:30:00-05:00,370.14,376.46,376.55,376.46,378.37,19.2,14,1d+1h+4h,1.157,False,nofill,0.0
2024-01-08 11:30:00-05:00,371.11,376.46,376.55,376.46,378.35,19.2,14,1d+1h+4h,0.979,False,nofill,0.0
2024-01-08 12:30:00-05:00,371.75,376.35,376.44,376.35,378.19,19.2,14,1d+1h+4h,0.843,False,nofill,0.0
2024-01-08 13:30:00-05:00,373.76,376.35,376.44,376.35,378.22,19.2,14,1d+1h+4h,0.474,False,nofill,0.0
2024-01-08 14:30:00-05:00,374.3,376.46,376.54,376.46,378.28,19.2,14,1d+1h+4h,0.396,False,nofill,0.0
2024-01-08 15:30:00-05:00,374.67,376.46,376.54,376.46,378.24,19.2,14,1d+1h+4h,0.327,False,nofill,0.0
2024-01-09 09:30:00-05:00,371.73,376.46,376.55,376.46,378.37,19.2,14,1d+1h+4h,0.874,False,nofill,0.0
2024-01-09 10:30:00-05:00,374.32,376.35,376.44,376.35,378.34,19.2,14,1d+1h+4h,0.375,False,nofill,0.0
2024-01-09 11:30:00-05:00,375.28,376.35,376.44,376.35,378.33,19.2,14,1d+1h+4h,0.199,False,nofill,0.0
2024-01-09 12:30:00-05:00,375.15,376.35,376.44,376.35,378.26,19.2,14,1d+1h+4h,0.222,False,nofill,0.0
2024-01-09 13:30:00-05:00,375.02,376.35,376.44,376.35,378.22,19.2,14,1d+1h+4h,0.246,True,target,0.41161546140520144
2024-01-09 14:30:00-05:00,375.13,376.35,376.44,376.35,378.14,19.2,14,1d+1h+4h,0.226,True,target,0.3938632444495216
2024-01-09 15:30:00-05:00,375.78,376.35,376.43,376.35,378.13,20.2,15,1d+1h+4h,0.105,True,target,0.3898920245129611
2024-01-31 13:30:00-05:00,401.22,402.0,402.13,402.0,404.67,6.6,5,1h+4h,0.12,True,scratch,-0.09163292376601628
2024-01-31 14:30:00-05:00,400.46,402.0,402.13,402.0,404.78,6.6,5,1h+4h,0.238,True,target,0.5988185674651314
2024-01-31 15:30:00-05:00,397.45,402.0,402.13,402.0,404.83,6.6,5,1h+4h,0.702,True,target,0.6103384283318691
2024-02-05 09:30:00-05:00,406.62,408.0,408.15,408.0,411.12,7.8,5,1d+1h+4h,0.2,False,nofill,0.0
2024-02-05 10:30:00-05:00,404.09,408.0,408.15,408.0,411.12,7.8,5,1d+1h+4h,0.565,False,nofill,0.0
2024-02-05 11:30:00-05:00,406.27,408.0,408.15,408.0,411.08,7.8,5,1d+1h+4h,0.25,False,nofill,0.0
2024-02-05 12:30:00-05:00,405.1,408.0,408.14,408.0,411.03,7.8,5,1d+1h+4h,0.419,False,nofill,0.0
2024-02-05 13:30:00-05:00,405.11,405.63,405.77,405.63,408.48,7.8,5,1d+1h+4h,0.075,True,scratch,-0.09341750184793662
2024-02-05 14:30:00-05:00,405.45,408.0,408.13,408.0,410.75,7.8,5,1d+1h+4h,0.369,False,nofill,0.0
2024-02-05 15:30:00-05:00,405.67,408.0,408.13,408.0,410.69,7.8,5,1d+1h+4h,0.337,False,nofill,0.0
2024-02-06 09:30:00-05:00,404.58,405.63,405.76,405.63,408.46,7.8,5,1d+1h+4h,0.155,False,nofill,0.0
2024-02-06 10:30:00-05:00,404.13,405.63,405.76,405.63,408.35,7.8,5,1d+1h+4h,0.221,False,nofill,0.0
2024-02-06 11:30:00-05:00,404.13,405.63,405.76,405.63,408.29,7.8,5,1d+1h+4h,0.221,False,nofill,0.0
2024-02-06 12:30:00-05:00,404.33,407.97,408.09,407.97,410.52,8.8,6,1d+1h+4h,0.537,False,nofill,0.0
2024-02-06 13:30:00-05:00,403.47,407.97,408.09,407.97,410.48,8.8,6,1d+1h+4h,0.664,True,target,0.5251895642865323
2024-02-06 14:30:00-05:00,404.43,407.97,408.09,407.97,410.4,8.8,6,1d+1h+4h,0.522,True,target,0.506836972924396
2024-02-06 15:30:00-05:00,405.47,407.97,408.09,407.97,410.4,8.8,6,1d+1h+4h,0.369,True,target,0.506408596775576
2024-02-13 11:30:00-05:00,407.24,407.97,408.09,407.97,410.53,8.8,6,1d+1h+4h,0.105,True,scratch,-0.08980728051870557
2024-02-13 12:30:00-05:00,407.45,407.97,408.09,407.97,410.46,8.8,6,1d+1h+4h,0.075,False,nofill,0.0
2024-02-13 13:30:00-05:00,405.34,407.97,408.09,407.97,410.49,8.8,6,1d+1h+4h,0.38,True,scratch,-0.08941473324477478
2024-02-13 14:30:00-05:00,405.33,407.97,408.09,407.97,410.41,8.8,6,1d+1h+4h,0.381,True,scratch,-0.08842337261855127
2024-02-13 15:30:00-05:00,406.55,407.97,408.08,407.97,410.37,8.8,6,1d+1h+4h,0.205,True,scratch,-0.08795758319407598
2024-02-14 09:30:00-05:00,406.89,407.97,408.09,407.97,410.51,8.8,6,1d+1h+4h,0.159,False,nofill,0.0
2024-02-14 10:30:00-05:00,406.7,407.97,408.09,407.97,410.46,8.8,6,1d+1h+4h,0.187,False,nofill,0.0
2024-02-14 11:30:00-05:00,407.12,407.97,408.09,407.97,410.44,8.8,6,1d+1h+4h,0.125,True,scratch,-0.08879109817122588
2024-02-14 12:30:00-05:00,406.72,407.97,408.08,407.97,410.37,9.8,7,1d+1h+4h,0.184,True,scratch,-0.0880104951534566
2024-02-14 13:30:00-05:00,406.81,407.97,408.08,407.97,410.34,9.8,7,1d+1h+4h,0.171,True,scratch,-0.08766163407765148
2024-02-14 14:30:00-05:00,408.26,412.02,412.13,412.02,414.35,7.8,5,1d+1h+4h,0.553,False,nofill,0.0
2024-02-14 15:30:00-05:00,409.2,412.02,412.13,412.02,414.34,7.8,5,1d+1h+4h,0.415,False,nofill,0.0
2024-02-15 09:30:00-05:00,404.83,407.97,408.09,407.97,410.45,9.8,7,1d+1h+4h,0.47,False,nofill,0.0
2024-02-15 10:30:00-05:00,404.96,407.97,408.09,407.97,410.43,9.8,7,1d+1h+4h,0.45,False,nofill,0.0
2024-02-15 11:30:00-05:00,405.81,407.97,408.08,407.97,410.37,9.8,7,1d+1h+4h,0.323,False,nofill,0.0
2024-02-15 12:30:00-05:00,406.02,407.97,408.08,407.97,410.28,9.8,7,1d+1h+4h,0.291,False,nofill,0.0
2024-02-15 13:30:00-05:00,405.73,407.97,408.08,407.97,410.22,9.8,7,1d+1h+4h,0.335,True,scratch,-0.08620778088124226
2024-02-15 14:30:00-05:00,406.38,407.97,408.07,407.97,410.13,9.8,7,1d+1h+4h,0.238,True,scratch,-0.08517444518828521
2024-02-15 15:30:00-05:00,406.65,407.97,408.07,407.97,410.1,9.8,7,1d+1h+4h,0.198,True,scratch,-0.0847832991905828
2024-02-16 09:30:00-05:00,404.74,407.97,408.08,407.97,410.3,9.8,7,1d+1h+4h,0.494,False,nofill,0.0
2024-02-16 10:30:00-05:00,405.74,407.97,408.08,407.97,410.31,9.8,7,1d+1h+4h,0.341,False,nofill,0.0
2024-02-16 11:30:00-05:00,406.07,407.97,408.08,407.97,410.24,9.8,7,1d+1h+4h,0.29,False,nofill,0.0
2024-02-16 12:30:00-05:00,405.12,407.97,408.08,407.97,410.18,10.8,8,1d+1h+4h,0.435,False,nofill,0.0
2024-02-16 13:30:00-05:00,407.25,407.97,408.08,407.97,410.2,10.8,8,1d+1h+4h,0.11,False,nofill,0.0
2024-02-16 14:30:00-05:00,404.43,407.97,408.08,407.97,410.27,10.8,8,1d+1h+4h,0.541,False,nofill,0.0
2024-02-16 15:30:00-05:00,404.06,407.97,408.08,407.97,410.2,10.8,8,1d+1h+4h,0.597,False,nofill,0.0
2024-02-20 09:30:00-05:00,399.22,402.0,402.12,402.0,404.51,13.2,10,1h+4h,0.426,True,scratch,-0.08970152848286617
2024-02-20 10:30:00-05:00,401.86,408.0,408.13,408.0,410.64,11.8,9,1d+1h+4h,0.94,False,nofill,0.0
2024-02-20 11:30:00-05:00,399.05,402.0,402.13,402.0,404.67,13.2,10,1h+4h,0.452,True,scratch,-0.09161798258756626
2024-02-20 12:30:00-05:00,399.66,402.0,402.13,402.0,404.67,13.2,10,1h+4h,0.358,True,scratch,-0.09155066596693295
2024-02-20 13:30:00-05:00,400.99,402.0,402.12,402.0,404.6,13.2,10,1h+4h,0.155,True,scratch,-0.09071609236007694
2024-02-20 14:30:00-05:00,401.66,402.0,402.12,402.0,404.58,13.2,10,1h+4h,0.052,True,scratch,-0.09047361452717562
2024-02-20 15:30:00-05:00,402.93,407.97,408.09,407.97,410.57,11.8,9,1d+1h+4h,0.772,False,nofill,0.0
2024-02-21 09:30:00-05:00,399.41,402.0,402.14,402.0,404.84,13.2,10,1h+4h,0.401,False,nofill,0.0
2024-02-21 10:30:00-05:00,399.81,402.0,402.13,402.0,404.79,13.2,10,1h+4h,0.339,False,nofill,0.0
2024-02-21 11:30:00-05:00,399.29,402.0,402.13,402.0,404.67,14.2,11,1h+4h,0.42,False,nofill,0.0
2024-02-21 12:30:00-05:00,399.04,402.0,402.12,402.0,404.59,14.2,11,1h+4h,0.459,True,target,0.5523825269241112
2024-02-21 13:30:00-05:00,398.6,402.0,402.12,402.0,404.54,14.2,11,1h+4h,0.527,True,target,0.5414852840600393
2024-02-21 14:30:00-05:00,398.58,402.0,402.12,402.0,404.47,14.2,11,1h+4h,0.53,True,target,0.5240917309649262
2024-02-21 15:30:00-05:00,402.17,408.0,408.12,408.0,410.57,11.8,9,1d+1h+4h,0.903,True,target,0.5392848784847581
2024-02-22 09:30:00-05:00,411.56,412.02,412.18,412.02,415.21,7.8,5,1d+1h+4h,0.069,True,scratch,-0.09676266630019859
2024-02-22 10:30:00-05:00,409.76,412.02,412.18,412.02,415.2,7.8,5,1d+1h+4h,0.336,False,nofill,0.0
2024-02-22 11:30:00-05:00,409.55,412.02,412.17,412.02,415.09,7.8,5,1d+1h+4h,0.367,False,nofill,0.0
2024-02-22 12:30:00-05:00,410.2,412.02,412.16,412.02,414.96,8.8,6,1d+1h+4h,0.27,False,nofill,0.0
2024-02-22 13:30:00-05:00,411.6,412.02,412.16,412.02,414.86,8.8,6,1d+1h+4h,0.063,True,scratch,-0.09276295625312292
2024-02-22 14:30:00-05:00,411.44,412.02,412.15,412.02,414.76,8.8,6,1d+1h+4h,0.087,True,scratch,-0.09162555617315826
2024-02-22 15:30:00-05:00,411.63,412.02,412.15,412.02,414.64,8.8,6,1d+1h+4h,0.058,True,scratch,-0.09024038922569311
2024-02-23 10:30:00-05:00,410.73,412.02,412.16,412.02,414.8,8.8,6,1d+1h+4h,0.192,False,nofill,0.0
2024-02-23 11:30:00-05:00,409.46,412.02,412.15,412.02,414.73,8.8,6,1d+1h+4h,0.38,False,nofill,0.0
2024-02-23 12:30:00-05:00,410.11,412.02,412.15,412.02,414.64,8.8,6,1d+1h+4h,0.284,False,nofill,0.0
2024-02-23 13:30:00-05:00,409.87,412.02,412.14,412.02,414.52,8.8,6,1d+1h+4h,0.32,True,scratch,-0.08880207732905321
2024-02-23 14:30:00-05:00,410.12,412.02,412.14,412.02,414.44,8.8,6,1d+1h+4h,0.282,True,scratch,-0.08782631216461834
2024-02-23 15:30:00-05:00,410.32,412.02,412.13,412.02,414.34,8.8,6,1d+1h+4h,0.253,True,scratch,-0.08671243154615427
2024-02-26 09:30:00-05:00,409.4,412.02,412.14,412.02,414.46,8.8,6,1d+1h+4h,0.398,False,nofill,0.0
2024-02-26 10:30:00-05:00,408.39,412.02,412.14,412.02,414.45,8.8,6,1d+1h+4h,0.551,False,nofill,0.0
2024-02-26 11:30:00-05:00,409.3,412.02,412.14,412.02,414.37,8.8,6,1d+1h+4h,0.413,False,nofill,0.0
2024-02-26 12:30:00-05:00,408.88,412.02,412.13,412.02,414.28,9.8,7,1d+1h+4h,0.477,False,nofill,0.0
2024-02-26 13:30:00-05:00,409.23,412.02,412.13,412.02,414.21,9.8,7,1d+1h+4h,0.423,False,nofill,0.0
2024-02-26 14:30:00-05:00,407.98,412.02,412.13,412.02,414.17,9.8,7,1d+1h+4h,0.613,False,nofill,0.0
2024-02-26 15:30:00-05:00,407.48,407.97,408.07,407.97,410.03,13.8,11,1d+1h+4h,0.074,False,nofill,0.0
2024-02-27 09:30:00-05:00,406.56,407.97,408.07,407.97,410.07,13.8,11,1d+1h+4h,0.219,False,nofill,0.0
2024-02-27 10:30:00-05:00,405.28,407.97,408.07,407.97,410.09,13.8,11,1d+1h+4h,0.419,False,nofill,0.0
2024-02-27 11:30:00-05:00,404.89,407.97,408.07,407.97,410.05,13.8,11,1d+1h+4h,0.478,False,nofill,0.0
2024-02-27 12:30:00-05:00,404.58,407.97,408.07,407.97,410.0,13.8,11,1d+1h+4h,0.527,False,nofill,0.0
2024-02-27 13:30:00-05:00,407.21,407.97,408.07,407.97,410.06,13.8,11,1d+1h+4h,0.118,True,scratch,-0.08435369143179328
2024-02-27 14:30:00-05:00,406.91,408.0,408.1,408.0,410.04,13.8,11,1d+1h+4h,0.169,True,scratch,-0.08382702870251002
2024-02-27 15:30:00-05:00,407.55,407.97,408.07,407.97,409.99,13.8,11,1d+1h+4h,0.065,True,scratch,-0.08351625641799254
2024-02-28 09:30:00-05:00,406.88,407.97,408.07,407.97,410.14,16.8,12,1d+1h+4h,0.174,False,nofill,0.0
2024-02-28 10:30:00-05:00,407.61,407.97,408.07,407.97,410.1,16.8,12,1d+1h+4h,0.058,False,nofill,0.0
2024-02-28 11:30:00-05:00,406.7,407.97,408.07,407.97,410.05,16.8,12,1d+1h+4h,0.203,False,nofill,0.0
2024-02-28 12:30:00-05:00,407.18,407.92,408.02,407.92,409.95,16.8,12,1d+1h+4h,0.118,False,nofill,0.0
2024-02-28 13:30:00-05:00,406.81,407.92,408.01,407.92,409.88,16.8,12,1d+1h+4h,0.177,True,scratch,-0.08281590743656198
2024-02-28 14:30:00-05:00,407.9,408.29,408.38,408.29,410.24,13.8,11,1d+1h+4h,0.062,True,scratch,-0.08266904612446169
2024-02-28 15:30:00-05:00,407.74,408.29,408.38,408.29,410.17,13.8,11,1d+1h+4h,0.088,True,scratch,-0.08192708146721461
2024-02-29 09:30:00-05:00,408.33,408.77,408.86,408.77,410.7,11.0,9,1d+1h,0.069,True,target,0.39012649642651276
2024-02-29 10:30:00-05:00,407.83,408.29,408.38,408.29,410.19,13.8,11,1d+1h+4h,0.072,True,target,0.3827662763624673
2024-02-29 11:30:00-05:00,407.85,408.29,408.38,408.29,410.24,13.8,11,1d+1h+4h,0.069,True,target,0.39379058741682016
2024-02-29 12:30:00-05:00,409.35,412.02,412.12,412.02,413.96,9.8,7,1d+1h+4h,0.418,True,scratch,-0.08239212559505438
2024-02-29 13:30:00-05:00,409.49,412.02,412.11,412.02,413.92,9.8,7,1d+1h+4h,0.397,True,scratch,-0.08183083002408775
2024-02-29 14:30:00-05:00,410.63,412.02,412.11,412.02,413.89,9.8,7,1d+1h+4h,0.218,True,scratch,-0.08149128928960359
2024-02-29 15:30:00-05:00,413.42,415.32,415.42,415.32,417.35,7.6,6,1h+4h,0.297,False,nofill,0.0
2024-03-01 09:30:00-05:00,412.6,413.05,413.15,413.05,415.18,9.8,7,1d+1h+4h,0.072,True,scratch,-0.08455094914885386
2024-03-01 10:30:00-05:00,413.11,415.32,415.42,415.32,417.44,7.6,6,1h+4h,0.352,True,scratch,-0.08426082623494979
2024-03-01 11:30:00-05:00,413.53,415.32,415.42,415.32,417.41,7.6,6,1h+4h,0.285,True,scratch,-0.08397444138340537
2024-03-01 12:30:00-05:00,414.91,415.32,415.42,415.32,417.41,7.6,6,1h+4h,0.065,True,scratch,-0.08392326024021513
2024-03-01 13:30:00-05:00,415.59,416.77,416.87,416.77,418.79,7.6,6,1h+4h,0.188,True,scratch,-0.08305217242056129
2024-03-01 14:30:00-05:00,415.72,416.77,416.86,416.77,418.75,7.6,6,1h+4h,0.168,True,scratch,-0.08258599053235782
2024-03-01 15:30:00-05:00,415.56,416.77,416.86,416.77,418.67,7.6,6,1h+4h,0.193,True,scratch,-0.08167372077425572
2024-03-04 09:30:00-05:00,414.47,415.32,415.42,415.32,417.46,7.6,6,1h+4h,0.137,True,scratch,-0.08451581275027431
2024-03-04 10:30:00-05:00,415.84,416.77,416.87,416.77,418.88,7.6,6,1h+4h,0.15,False,nofill,0.0
2024-03-04 11:30:00-05:00,416.36,416.77,416.87,416.77,418.81,7.6,6,1h+4h,0.066,False,nofill,0.0
2024-03-04 12:30:00-05:00,415.61,416.77,416.87,416.77,418.78,8.6,7,1h+4h,0.187,False,nofill,0.0
2024-03-04 13:30:00-05:00,414.88,415.86,415.95,415.86,417.83,8.6,7,1h+4h,0.158,False,nofill,0.0
2024-03-04 14:30:00-05:00,415.23,415.86,415.95,415.86,417.78,8.6,7,1h+4h,0.102,False,nofill,0.0
2024-03-04 15:30:00-05:00,414.86,415.86,415.95,415.86,417.71,8.6,7,1h+4h,0.162,False,nofill,0.0
2024-03-05 09:30:00-05:00,405.25,407.45,407.57,407.45,409.93,17.8,13,1d+1h+4h,0.326,False,nofill,0.0
2024-03-05 10:30:00-05:00,404.88,407.45,407.57,407.45,409.99,17.8,13,1d+1h+4h,0.381,False,nofill,0.0
2024-03-05 11:30:00-05:00,404.42,407.45,407.57,407.45,409.95,17.8,13,1d+1h+4h,0.45,False,nofill,0.0
2024-03-05 12:30:00-05:00,402.6,407.45,407.57,407.45,409.96,17.8,13,1d+1h+4h,0.719,False,nofill,0.0
2024-03-05 13:30:00-05:00,402.1,407.45,407.57,407.45,409.9,17.8,13,1d+1h+4h,0.794,False,nofill,0.0
2024-03-05 14:30:00-05:00,400.77,407.45,407.56,407.45,409.85,17.8,13,1d+1h+4h,0.99,False,nofill,0.0
2024-03-05 15:30:00-05:00,402.85,407.45,407.56,407.45,409.83,17.8,13,1d+1h+4h,0.682,False,nofill,0.0
2024-03-06 09:30:00-05:00,399.94,407.45,407.58,407.45,410.11,17.8,13,1d+1h+4h,1.115,False,nofill,0.0
2024-03-06 10:30:00-05:00,403.22,407.45,407.58,407.45,410.2,17.8,13,1d+1h+4h,0.628,False,nofill,0.0
2024-03-06 11:30:00-05:00,404.54,407.45,407.58,407.45,410.17,17.8,13,1d+1h+4h,0.432,False,nofill,0.0
2024-03-06 12:30:00-05:00,404.27,407.45,407.58,407.45,410.08,17.8,13,1d+1h+4h,0.472,False,nofill,0.0
2024-03-06 13:30:00-05:00,402.9,407.45,407.58,407.45,410.13,17.8,13,1d+1h+4h,0.675,False,nofill,0.0
2024-03-06 14:30:00-05:00,400.92,407.45,407.58,407.45,410.14,17.8,13,1d+1h+4h,0.969,True,scratch,-0.0914324806924327
2024-03-06 15:30:00-05:00,402.3,407.45,407.58,407.45,410.11,17.8,13,1d+1h+4h,0.764,True,scratch,-0.09103393298343088
2024-03-07 09:30:00-05:00,406.43,407.92,408.05,407.92,410.73,19.8,13,1d+1h+4h,0.219,True,scratch,-0.09273587401148475
2024-03-07 10:30:00-05:00,408.01,408.77,408.9,408.77,411.57,15.0,11,1d+1h,0.111,True,scratch,-0.09260318906891829
2024-03-07 11:30:00-05:00,408.15,408.77,408.9,408.77,411.47,15.0,11,1d+1h,0.091,True,scratch,-0.09141696649074271
2024-03-07 12:30:00-05:00,408.56,408.97,409.09,408.97,411.56,15.0,11,1d+1h,0.06,True,scratch,-0.0901436193305627
2024-03-07 13:30:00-05:00,408.94,409.3,409.42,409.3,411.81,14.0,10,1d+1h,0.053,True,scratch,-0.08920484429734143
2024-03-07 14:30:00-05:00,408.36,408.77,408.89,408.77,411.22,15.0,11,1d+1h,0.06,True,scratch,-0.08854081736247021
2024-03-07 15:30:00-05:00,409.0,409.38,409.5,409.38,411.76,14.0,10,1d+1h,0.056,True,scratch,-0.08757545856816762
2024-03-08 09:30:00-05:00,410.05,412.02,412.14,412.02,414.51,10.8,8,1d+1h+4h,0.293,False,nofill,0.0
2024-03-08 10:30:00-05:00,408.0,408.77,408.89,408.77,411.29,15.0,11,1d+1h,0.114,True,scratch,-0.08929076553022552
2024-03-08 11:30:00-05:00,408.02,408.77,408.89,408.77,411.29,15.0,11,1d+1h,0.111,False,nofill,0.0
2024-03-08 12:30:00-05:00,404.89,408.01,408.13,408.01,410.61,19.8,13,1d+1h+4h,0.463,False,nofill,0.0
2024-03-08 13:30:00-05:00,406.36,407.92,408.04,407.92,410.51,19.8,13,1d+1h+4h,0.231,False,nofill,0.0
2024-03-08 14:30:00-05:00,405.74,408.01,408.13,408.01,410.57,19.8,13,1d+1h+4h,0.337,False,nofill,0.0
2024-03-08 15:30:00-05:00,406.17,407.92,408.04,407.92,410.39,19.8,13,1d+1h+4h,0.26,False,nofill,0.0
2024-03-11 09:30:00-04:00,402.82,408.0,408.13,408.0,410.67,19.8,13,1d+1h+4h,0.784,False,nofill,0.0
2024-03-11 10:30:00-04:00,402.71,408.0,408.12,408.0,410.62,19.8,13,1d+1h+4h,0.801,False,nofill,0.0
2024-03-11 11:30:00-04:00,403.03,408.0,408.12,408.0,410.58,19.8,13,1d+1h+4h,0.753,False,nofill,0.0
2024-03-11 12:30:00-04:00,404.56,407.92,408.04,407.92,410.44,19.8,13,1d+1h+4h,0.509,False,nofill,0.0
2024-03-11 13:30:00-04:00,404.66,407.92,408.04,407.92,410.38,19.8,13,1d+1h+4h,0.493,True,target,0.5126390956968097
2024-03-11 14:30:00-04:00,404.88,408.01,408.12,408.01,410.39,19.8,13,1d+1h+4h,0.474,True,target,0.4957633089424096
2024-03-11 15:30:00-04:00,404.58,407.92,408.03,407.92,410.22,19.8,13,1d+1h+4h,0.506,True,target,0.4775292999618319
2024-03-12 09:30:00-04:00,413.2,415.86,415.99,415.86,418.66,10.4,8,1h+4h,0.385,False,nofill,0.0
2024-03-12 10:30:00-04:00,413.6,415.86,415.99,415.86,418.6,10.4,8,1h+4h,0.327,False,nofill,0.0
2024-03-12 11:30:00-04:00,413.24,415.86,415.99,415.86,418.53,10.4,8,1h+4h,0.379,False,nofill,0.0
2024-03-12 12:30:00-04:00,413.63,415.86,415.99,415.86,418.52,10.4,8,1h+4h,0.323,False,nofill,0.0
2024-03-12 13:30:00-04:00,415.28,415.86,415.98,415.86,418.46,10.4,8,1h+4h,0.084,True,scratch,-0.08968284760357825
2024-03-12 14:30:00-04:00,415.19,415.86,415.98,415.86,418.37,10.4,8,1h+4h,0.097,True,scratch,-0.08870274176810966
2024-03-12 15:30:00-04:00,415.26,415.86,415.97,415.86,418.26,10.4,8,1h+4h,0.087,True,scratch,-0.08741527301391327
2024-03-13 09:30:00-04:00,412.8,415.86,415.99,415.86,418.59,10.4,8,1h+4h,0.445,True,scratch,-0.09122926969273859
2024-03-13 10:30:00-04:00,414.26,415.86,415.99,415.86,418.59,10.4,8,1h+4h,0.232,True,scratch,-0.09123418411880468
2024-03-13 11:30:00-04:00,414.89,415.86,415.99,415.86,418.51,10.4,8,1h+4h,0.141,True,scratch,-0.09028920526482631
2024-03-13 12:30:00-04:00,415.45,416.77,416.89,416.77,419.34,11.4,9,1h+4h,0.192,False,nofill,0.0
2024-03-13 13:30:00-04:00,416.3,416.77,416.89,416.77,419.25,11.4,9,1h+4h,0.068,True,target,0.5056864360292401
2024-03-13 14:30:00-04:00,414.55,416.77,416.89,416.77,419.27,11.4,9,1h+4h,0.322,True,target,0.5118556456054302
2024-03-13 15:30:00-04:00,415.21,416.77,416.89,416.77,419.22,11.4,9,1h+4h,0.227,True,target,0.49926727584466146
2024-03-15 10:30:00-04:00,416.84,417.35,417.53,417.35,421.07,8.6,7,1h+4h,0.067,False,nofill,0.0
2024-03-15 11:30:00-04:00,414.09,416.77,416.95,416.77,420.46,11.4,9,1h+4h,0.351,True,scratch,-0.10210277954242342
2024-03-15 12:30:00-04:00,414.1,416.77,416.94,416.77,420.34,11.4,9,1h+4h,0.35,True,scratch,-0.10069554990532747
2024-03-15 13:30:00-04:00,414.62,416.77,416.93,416.77,420.19,11.4,9,1h+4h,0.282,True,scratch,-0.098983691695953
2024-03-15 14:30:00-04:00,416.7,417.35,417.51,417.35,420.71,8.6,7,1h+4h,0.085,True,scratch,-0.09823913544498852
2024-03-15 15:30:00-04:00,416.42,417.35,417.5,417.35,420.56,8.6,7,1h+4h,0.122,True,scratch,-0.09661836058147966
2024-03-19 09:30:00-04:00,418.78,419.65,419.8,419.65,422.76,8.8,6,1d+1h+4h,0.117,True,scratch,-0.09521101711685853
2024-03-19 13:30:00-04:00,419.49,420.39,420.52,420.39,423.2,7.8,5,1d+1h+4h,0.121,True,target,0.575447397663087
2024-03-19 14:30:00-04:00,419.79,420.39,420.52,420.39,423.07,7.8,5,1d+1h+4h,0.08,True,target,0.5468739421119251
2024-03-26 15:30:00-04:00,421.88,422.32,422.41,422.32,424.17,7.8,5,1d+1h+4h,0.065,True,scratch,-0.08086639648564597
2024-03-27 09:30:00-04:00,420.81,421.61,421.71,421.61,423.65,8.8,6,1d+1h+4h,0.122,False,nofill,0.0
2024-03-27 10:30:00-04:00,419.69,420.39,420.49,420.39,422.4,8.8,6,1d+1h+4h,0.105,True,scratch,-0.08277928940992885
2024-03-27 11:30:00-04:00,420.03,420.39,420.48,420.39,422.35,8.8,6,1d+1h+4h,0.054,False,nofill,0.0
2024-03-27 12:30:00-04:00,420.0,420.39,420.48,420.39,422.3,8.8,6,1d+1h+4h,0.059,True,scratch,-0.08160842804058044
2024-03-27 13:30:00-04:00,420.01,420.39,420.48,420.39,422.23,8.8,6,1d+1h+4h,0.057,True,scratch,-0.08083630546220633
2024-03-27 14:30:00-04:00,420.2,420.73,420.82,420.73,422.54,8.8,6,1d+1h+4h,0.08,True,scratch,-0.0804252980127762
2024-03-27 15:30:00-04:00,421.47,422.32,422.41,422.32,424.16,7.8,5,1d+1h+4h,0.128,False,nofill,0.0
2024-03-28 09:30:00-04:00,420.56,421.61,421.71,421.61,423.52,8.8,6,1d+1h+4h,0.165,True,scratch,-0.08142749662207738
2024-03-28 10:30:00-04:00,420.93,421.61,421.7,421.61,423.48,8.8,6,1d+1h+4h,0.107,False,nofill,0.0
2024-03-28 11:30:00-04:00,420.37,420.73,420.82,420.73,422.56,9.8,7,1d+1h+4h,0.056,True,scratch,-0.08064349389610426
2024-03-28 12:30:00-04:00,420.05,420.39,420.47,420.39,422.14,9.8,7,1d+1h+4h,0.053,True,scratch,-0.0797648374165294
2024-03-28 13:30:00-04:00,420.61,421.61,421.7,421.61,423.3,9.8,7,1d+1h+4h,0.158,True,target,0.31988989432296666
2024-03-28 14:30:00-04:00,421.3,421.61,421.69,421.61,423.28,9.8,7,1d+1h+4h,0.05,True,target,0.3169303324425332
2024-03-28 15:30:00-04:00,420.03,420.39,420.47,420.39,422.09,9.8,7,1d+1h+4h,0.056,True,target,0.32413279405114626
2024-04-02 09:30:00-04:00,419.06,419.65,419.77,419.65,422.03,11.6,8,1d+1h+4h,0.091,True,target,0.4786051031620442
2024-04-02 10:30:00-04:00,420.91,421.61,421.73,421.61,423.99,9.8,7,1d+1h+4h,0.11,True,scratch,-0.08679689829305115
2024-04-02 11:30:00-04:00,420.86,421.61,421.72,421.61,423.92,9.8,7,1d+1h+4h,0.117,True,scratch,-0.08602431978169678
2024-04-02 12:30:00-04:00,421.96,422.32,422.43,422.32,424.57,8.8,6,1d+1h+4h,0.056,False,nofill,0.0
2024-04-02 13:30:00-04:00,421.43,422.05,422.15,422.05,424.22,8.8,6,1d+1h+4h,0.096,True,scratch,-0.08445472429446932
2024-04-02 14:30:00-04:00,421.6,422.05,422.15,422.05,424.15,8.8,6,1d+1h+4h,0.07,True,scratch,-0.08369608233993464
2024-04-02 15:30:00-04:00,421.46,422.05,422.15,422.05,424.09,8.8,6,1d+1h+4h,0.092,True,scratch,-0.08294935311904394
2024-04-03 09:30:00-04:00,422.66,427.18,427.28,427.18,429.35,7.6,6,1h+4h,0.721,False,nofill,0.0
2024-04-03 10:30:00-04:00,422.94,427.18,427.28,427.18,429.27,7.6,6,1h+4h,0.676,False,nofill,0.0
2024-04-03 11:30:00-04:00,422.76,427.18,427.28,427.18,429.22,7.6,6,1h+4h,0.705,False,nofill,0.0
2024-04-03 12:30:00-04:00,422.32,427.18,427.28,427.18,429.18,7.6,6,1h+4h,0.775,False,nofill,0.0
2024-04-03 13:30:00-04:00,422.76,427.18,427.27,427.18,429.1,7.6,6,1h+4h,0.704,True,scratch,-0.08134998748058342
2024-04-03 14:30:00-04:00,420.53,421.61,421.71,421.61,423.61,9.8,7,1d+1h+4h,0.173,True,target,0.3908369538446088
2024-04-03 15:30:00-04:00,420.49,420.82,420.91,420.82,422.81,9.8,7,1d+1h+4h,0.053,True,target,0.390801711905886
2024-04-04 09:30:00-04:00,425.72,427.18,427.29,427.18,429.56,7.6,6,1h+4h,0.221,True,scratch,-0.08652127195254433
2024-04-04 10:30:00-04:00,426.5,427.18,427.29,427.18,429.52,7.6,6,1h+4h,0.103,True,scratch,-0.08602073215407957
2024-04-04 13:30:00-04:00,423.16,427.18,427.3,427.18,429.6,7.6,6,1h+4h,0.609,False,nofill,0.0
2024-04-04 14:30:00-04:00,419.61,420.39,420.51,420.39,422.91,12.6,9,1d+1h+4h,0.118,True,target,0.5097034479715212
2024-04-04 15:30:00-04:00,417.9,419.65,419.77,419.65,422.17,12.6,9,1d+1h+4h,0.266,True,target,0.5110954002448764
2024-04-05 09:30:00-04:00,421.82,422.32,422.45,422.32,425.02,9.8,7,1d+1h+4h,0.074,True,target,0.5482243461627734
2024-04-05 10:30:00-04:00,424.38,427.18,427.31,427.18,429.92,8.6,7,1h+4h,0.416,False,nofill,0.0
2024-04-05 11:30:00-04:00,425.56,427.18,427.31,427.18,429.9,8.6,7,1h+4h,0.241,False,nofill,0.0
2024-04-05 12:30:00-04:00,425.65,427.18,427.31,427.18,429.82,8.6,7,1h+4h,0.227,False,nofill,0.0
2024-04-05 13:30:00-04:00,424.3,427.18,427.31,427.18,429.82,10.4,8,1h+4h,0.429,False,nofill,0.0
2024-04-05 14:30:00-04:00,424.84,427.18,427.3,427.18,429.73,10.4,8,1h+4h,0.348,False,nofill,0.0
2024-04-05 15:30:00-04:00,425.36,427.18,427.3,427.18,429.67,10.4,8,1h+4h,0.27,False,nofill,0.0
2024-04-08 09:30:00-04:00,426.7,427.18,427.3,427.18,429.76,10.4,8,1h+4h,0.074,False,nofill,0.0
2024-04-08 10:30:00-04:00,425.84,427.18,427.3,427.18,429.7,10.4,8,1h+4h,0.205,False,nofill,0.0
2024-04-08 11:30:00-04:00,424.2,427.18,427.3,427.18,429.7,10.4,8,1h+4h,0.456,False,nofill,0.0
2024-04-08 12:30:00-04:00,424.6,427.18,427.29,427.18,429.59,10.4,8,1h+4h,0.395,False,nofill,0.0
2024-04-08 13:30:00-04:00,424.68,427.18,427.29,427.18,429.51,11.4,9,1h+4h,0.382,True,scratch,-0.08593891321220237
2024-04-08 14:30:00-04:00,425.77,427.18,427.29,427.18,429.45,11.4,9,1h+4h,0.216,True,scratch,-0.08521272618199349
2024-04-08 15:30:00-04:00,424.66,427.18,427.29,427.18,429.42,11.4,9,1h+4h,0.386,True,scratch,-0.08487662900230619
2024-04-09 09:30:00-04:00,425.17,427.18,427.29,427.18,429.5,11.4,9,1h+4h,0.31,False,nofill,0.0
2024-04-09 10:30:00-04:00,422.98,427.18,427.3,427.18,429.6,11.4,9,1h+4h,0.647,False,nofill,0.0
2024-04-09 11:30:00-04:00,424.36,427.18,427.29,427.18,429.56,11.4,9,1h+4h,0.434,False,nofill,0.0
2024-04-09 12:30:00-04:00,424.35,427.18,427.29,427.18,429.49,11.4,9,1h+4h,0.436,False,nofill,0.0
2024-04-09 13:30:00-04:00,423.58,427.18,427.29,427.18,429.43,11.4,9,1h+4h,0.555,False,nofill,0.0
2024-04-09 14:30:00-04:00,425.14,427.18,427.29,427.18,429.47,11.4,9,1h+4h,0.314,False,nofill,0.0
2024-04-09 15:30:00-04:00,426.33,427.18,427.29,427.18,429.49,11.4,9,1h+4h,0.131,False,nofill,0.0
2024-04-10 09:30:00-04:00,420.64,421.67,421.79,421.67,424.26,14.8,10,1d+1h+4h,0.158,True,scratch,-0.08925305471435552
2024-04-10 10:30:00-04:00,421.0,421.67,421.79,421.67,424.28,14.8,10,1d+1h+4h,0.103,True,scratch,-0.08950623472483432
2024-04-10 11:30:00-04:00,420.54,421.67,421.79,421.67,424.2,14.8,10,1d+1h+4h,0.174,True,scratch,-0.08855695841185618
2024-04-10 12:30:00-04:00,421.78,427.18,427.3,427.18,429.75,11.4,9,1h+4h,0.833,False,nofill,0.0
2024-04-10 13:30:00-04:00,421.69,422.05,422.17,422.05,424.61,13.8,9,1d+1h+4h,0.055,True,scratch,-0.08888426002536809
2024-04-10 14:30:00-04:00,422.11,427.18,427.31,427.18,429.95,13.2,10,1h+4h,0.781,False,nofill,0.0
2024-04-10 15:30:00-04:00,423.13,427.18,427.31,427.18,429.94,13.2,10,1h+4h,0.624,False,nofill,0.0
2024-04-11 09:30:00-04:00,423.81,427.18,427.32,427.18,430.07,13.2,10,1h+4h,0.517,True,scratch,-0.09216223461167017
2024-04-11 10:30:00-04:00,424.25,427.18,427.31,427.18,429.96,13.2,10,1h+4h,0.45,True,scratch,-0.09098328405623413
2024-04-11 11:30:00-04:00,425.76,427.18,427.31,427.18,429.93,13.2,10,1h+4h,0.218,True,scratch,-0.09063170495939854
2024-04-11 12:30:00-04:00,427.16,428.67,428.8,428.67,431.44,12.2,9,1h+4h,0.232,True,scratch,-0.09073243460804292
2024-04-11 13:30:00-04:00,428.87,429.86,429.99,429.86,432.6,6.6,5,1h+4h,0.152,False,nofill,0.0
2024-04-11 14:30:00-04:00,428.59,429.86,429.98,429.86,432.48,6.6,5,1h+4h,0.195,False,nofill,0.0
2024-04-11 15:30:00-04:00,427.87,428.67,428.79,428.67,431.18,12.2,9,1h+4h,0.123,False,nofill,0.0
2024-04-12 09:30:00-04:00,422.53,427.18,427.31,427.18,429.93,13.2,10,1h+4h,0.702,False,nofill,0.0
2024-04-12 10:30:00-04:00,423.65,429.37,429.5,429.37,432.15,16.0,12,1h+4h,0.864,False,nofill,0.0
2024-04-12 11:30:00-04:00,422.6,429.37,429.5,429.37,432.11,16.0,12,1h+4h,1.023,False,nofill,0.0
2024-04-12 12:30:00-04:00,420.06,420.49,420.62,420.49,423.25,18.4,12,1d+1h+4h,0.064,True,target,0.5660838896246911
2024-04-12 13:30:00-04:00,421.87,429.37,429.5,429.37,432.11,16.0,12,1h+4h,1.132,False,nofill,0.0
2024-04-12 14:30:00-04:00,421.44,429.37,429.5,429.37,432.02,16.0,12,1h+4h,1.197,False,nofill,0.0
2024-04-12 15:30:00-04:00,422.12,429.37,429.49,429.37,431.91,16.0,12,1h+4h,1.095,False,nofill,0.0
2024-04-15 09:30:00-04:00,423.09,429.37,429.5,429.37,432.08,17.8,13,1h+4h,0.886,False,nofill,0.0
2024-04-15 10:30:00-04:00,422.71,429.37,429.5,429.37,432.02,17.8,13,1h+4h,0.94,False,nofill,0.0
2024-04-15 11:30:00-04:00,420.61,429.37,429.5,429.37,432.03,17.8,13,1h+4h,1.236,False,nofill,0.0
2024-04-15 12:30:00-04:00,416.18,419.08,419.22,419.08,421.9,25.0,17,1d+1h+4h,0.411,False,nofill,0.0
2024-04-15 13:30:00-04:00,414.7,419.08,419.22,419.08,421.87,25.0,17,1d+1h+4h,0.619,False,nofill,0.0
2024-04-15 14:30:00-04:00,414.4,419.08,419.22,419.08,421.84,25.0,17,1d+1h+4h,0.661,False,nofill,0.0
2024-04-15 15:30:00-04:00,413.58,419.08,419.21,419.08,421.74,25.0,17,1d+1h+4h,0.777,False,nofill,0.0
2024-04-16 09:30:00-04:00,415.52,421.17,421.3,421.17,423.94,23.6,14,1d+1h+4h,0.817,False,nofill,0.0
2024-04-16 10:30:00-04:00,416.73,421.17,421.3,421.17,423.9,23.6,14,1d+1h+4h,0.642,False,nofill,0.0
2024-04-16 11:30:00-04:00,416.06,421.17,421.3,421.17,423.84,23.6,14,1d+1h+4h,0.739,False,nofill,0.0
2024-04-16 12:30:00-04:00,416.07,421.17,421.29,421.17,423.74,23.6,14,1d+1h+4h,0.738,False,nofill,0.0
2024-04-16 13:30:00-04:00,415.07,421.17,421.3,421.17,423.84,23.6,14,1d+1h+4h,0.883,False,nofill,0.0
2024-04-16 14:30:00-04:00,416.98,421.17,421.3,421.17,423.85,23.6,14,1d+1h+4h,0.606,False,nofill,0.0
2024-04-16 15:30:00-04:00,414.5,421.17,421.3,421.17,423.87,23.6,14,1d+1h+4h,0.965,False,nofill,0.0
2024-04-17 09:30:00-04:00,415.84,419.08,419.22,419.08,421.92,26.0,18,1d+1h+4h,0.462,False,nofill,0.0
2024-04-17 10:30:00-04:00,413.3,419.09,419.23,419.09,421.93,26.0,18,1d+1h+4h,0.825,False,nofill,0.0
2024-04-17 11:30:00-04:00,411.5,419.08,419.22,419.08,422.01,26.0,18,1d+1h+4h,1.08,False,nofill,0.0
2024-04-17 12:30:00-04:00,413.0,419.09,419.23,419.09,422.03,26.0,18,1d+1h+4h,0.867,False,nofill,0.0
2024-04-17 13:30:00-04:00,412.69,419.09,419.22,419.09,421.91,26.0,18,1d+1h+4h,0.912,False,nofill,0.0
2024-04-17 14:30:00-04:00,411.9,419.08,419.22,419.08,421.94,26.0,18,1d+1h+4h,1.023,False,nofill,0.0
2024-04-17 15:30:00-04:00,411.74,419.08,419.22,419.08,421.86,26.0,18,1d+1h+4h,1.046,False,nofill,0.0
2024-04-18 09:30:00-04:00,407.95,419.08,419.22,419.08,422.01,26.0,18,1d+1h+4h,1.574,False,nofill,0.0
2024-04-18 10:30:00-04:00,410.68,419.09,419.23,419.09,422.09,26.0,18,1d+1h+4h,1.188,False,nofill,0.0
2024-04-18 11:30:00-04:00,409.46,419.08,419.23,419.08,422.08,26.0,18,1d+1h+4h,1.361,False,nofill,0.0
2024-04-18 12:30:00-04:00,407.54,419.08,419.23,419.08,422.1,26.0,18,1d+1h+4h,1.632,False,nofill,0.0
2024-04-18 13:30:00-04:00,405.76,419.09,419.23,419.09,422.08,27.8,19,1d+1h+4h,1.884,False,nofill,0.0
2024-04-18 14:30:00-04:00,405.14,419.09,419.23,419.09,421.97,27.8,19,1d+1h+4h,1.972,False,nofill,0.0
2024-04-18 15:30:00-04:00,404.15,408.77,408.9,408.77,411.57,24.6,17,1d+1h+4h,0.653,False,nofill,0.0
2024-04-19 09:30:00-04:00,400.49,408.77,408.92,408.77,411.82,24.6,17,1d+1h+4h,1.165,False,nofill,0.0
2024-04-19 10:30:00-04:00,401.36,408.77,408.91,408.77,411.8,24.6,17,1d+1h+4h,1.042,False,nofill,0.0
2024-04-19 11:30:00-04:00,398.29,408.77,408.92,408.77,411.84,24.6,17,1d+1h+4h,1.474,False,nofill,0.0
2024-04-19 12:30:00-04:00,399.24,408.77,408.91,408.77,411.79,24.6,17,1d+1h+4h,1.34,False,nofill,0.0
2024-04-19 13:30:00-04:00,399.8,408.77,408.91,408.77,411.81,24.6,17,1d+1h+4h,1.262,False,nofill,0.0
2024-04-19 14:30:00-04:00,399.39,408.77,408.91,408.77,411.73,24.6,17,1d+1h+4h,1.319,False,nofill,0.0
2024-04-19 15:30:00-04:00,399.11,408.77,408.91,408.77,411.68,24.6,17,1d+1h+4h,1.359,False,nofill,0.0
2024-04-22 09:30:00-04:00,397.76,408.77,408.92,408.77,411.84,24.6,17,1d+1h+4h,1.55,False,nofill,0.0
2024-04-22 10:30:00-04:00,397.99,408.77,408.92,408.77,411.87,24.6,17,1d+1h+4h,1.518,False,nofill,0.0
2024-04-22 11:30:00-04:00,398.99,408.77,408.91,408.77,411.76,24.6,17,1d+1h+4h,1.378,False,nofill,0.0
2024-04-22 12:30:00-04:00,399.93,408.77,408.91,408.77,411.65,24.6,17,1d+1h+4h,1.245,False,nofill,0.0
2024-04-22 13:30:00-04:00,402.39,408.77,408.91,408.77,411.65,24.6,17,1d+1h+4h,0.899,False,nofill,0.0
2024-04-22 14:30:00-04:00,401.42,408.77,408.9,408.77,411.56,24.6,17,1d+1h+4h,1.035,False,nofill,0.0
2024-04-22 15:30:00-04:00,400.82,408.77,408.9,408.77,411.51,24.6,17,1d+1h+4h,1.12,False,nofill,0.0
2024-04-23 09:30:00-04:00,407.4,419.09,419.24,419.09,422.15,27.8,19,1d+1h+4h,1.647,False,nofill,0.0
2024-04-23 10:30:00-04:00,406.58,419.09,419.23,419.09,422.11,27.8,19,1d+1h+4h,1.762,False,nofill,0.0
2024-04-23 11:30:00-04:00,407.4,419.09,419.23,419.09,422.01,27.8,19,1d+1h+4h,1.647,False,nofill,0.0
2024-04-23 12:30:00-04:00,407.04,419.09,419.22,419.09,421.89,27.8,19,1d+1h+4h,1.697,False,nofill,0.0
2024-04-23 13:30:00-04:00,407.48,419.08,419.21,419.08,421.76,27.8,19,1d+1h+4h,1.635,False,nofill,0.0
2024-04-23 14:30:00-04:00,407.03,419.09,419.21,419.09,421.65,27.8,19,1d+1h+4h,1.699,False,nofill,0.0
2024-04-23 15:30:00-04:00,407.48,419.08,419.2,419.08,421.54,27.8,19,1d+1h+4h,1.634,False,nofill,0.0
2024-04-24 09:30:00-04:00,408.89,419.08,419.21,419.08,421.73,27.8,19,1d+1h+4h,1.458,False,nofill,0.0
2024-04-24 10:30:00-04:00,408.11,419.08,419.21,419.08,421.66,27.8,19,1d+1h+4h,1.57,False,nofill,0.0
2024-04-24 11:30:00-04:00,407.62,419.09,419.21,419.09,421.61,27.8,19,1d+1h+4h,1.641,False,nofill,0.0
2024-04-24 12:30:00-04:00,408.71,419.08,419.2,419.08,421.58,27.8,19,1d+1h+4h,1.484,False,nofill,0.0
2024-04-24 13:30:00-04:00,408.63,419.08,419.2,419.08,421.53,27.8,19,1d+1h+4h,1.495,False,nofill,0.0
2024-04-24 14:30:00-04:00,409.09,419.08,419.2,419.08,421.5,27.8,19,1d+1h+4h,1.43,False,nofill,0.0
2024-04-24 15:30:00-04:00,408.86,419.08,419.2,419.08,421.4,27.8,19,1d+1h+4h,1.463,False,nofill,0.0
2024-04-25 09:30:00-04:00,394.1,408.97,409.15,408.97,412.68,25.6,18,1d+1h+4h,1.866,False,nofill,0.0
2024-04-25 10:30:00-04:00,392.4,408.29,408.47,408.29,412.03,24.8,16,1d+1h+4h,1.995,False,nofill,0.0
2024-04-25 11:30:00-04:00,394.45,408.97,409.15,408.97,412.67,25.6,18,1d+1h+4h,1.823,False,nofill,0.0
2024-04-25 12:30:00-04:00,395.93,408.77,408.94,408.77,412.38,25.6,18,1d+1h+4h,1.612,False,nofill,0.0
2024-04-25 13:30:00-04:00,397.23,411.45,411.62,411.45,415.1,26.2,19,1d+1h+4h,1.785,True,scratch,-0.10212533435308702
2024-04-25 14:30:00-04:00,399.21,411.45,411.62,411.45,415.07,26.2,19,1d+1h+4h,1.537,True,scratch,-0.10188132411689255
2024-04-25 15:30:00-04:00,399.51,411.45,411.62,411.45,414.96,26.2,19,1d+1h+4h,1.499,True,scratch,-0.10053651426616961
2024-04-26 09:30:00-04:00,409.91,419.08,419.29,419.08,423.35,30.8,20,1d+1h+4h,1.096,False,nofill,0.0
2024-04-26 10:30:00-04:00,408.89,419.08,419.29,419.08,423.33,30.8,20,1d+1h+4h,1.217,False,nofill,0.0
2024-04-26 11:30:00-04:00,408.68,419.08,419.28,419.08,423.16,30.8,20,1d+1h+4h,1.242,False,nofill,0.0
2024-04-26 12:30:00-04:00,409.35,419.08,419.27,419.08,422.99,30.8,20,1d+1h+4h,1.162,False,nofill,0.0
2024-04-26 13:30:00-04:00,408.54,419.08,419.27,419.08,422.87,30.8,20,1d+1h+4h,1.259,False,nofill,0.0
2024-04-26 14:30:00-04:00,409.61,419.08,419.26,419.08,422.72,30.8,20,1d+1h+4h,1.131,False,nofill,0.0
2024-04-26 15:30:00-04:00,406.14,419.08,419.26,419.08,422.73,30.8,20,1d+1h+4h,1.546,False,nofill,0.0
2024-04-29 09:30:00-04:00,401.16,411.45,411.64,411.45,415.37,30.2,21,1d+1h+4h,1.244,False,nofill,0.0
2024-04-29 10:30:00-04:00,400.46,411.45,411.63,411.45,415.26,30.2,21,1d+1h+4h,1.327,False,nofill,0.0
2024-04-29 11:30:00-04:00,401.2,411.45,411.62,411.45,415.09,30.2,21,1d+1h+4h,1.239,False,nofill,0.0
2024-04-29 12:30:00-04:00,401.03,411.45,411.61,411.45,414.9,30.2,21,1d+1h+4h,1.259,False,nofill,0.0
2024-04-29 13:30:00-04:00,401.11,411.45,411.61,411.45,414.75,32.0,22,1d+1h+4h,1.249,False,nofill,0.0
2024-04-29 14:30:00-04:00,401.01,411.45,411.6,411.45,414.67,32.0,22,1d+1h+4h,1.261,False,nofill,0.0
2024-04-29 15:30:00-04:00,402.21,411.45,411.6,411.45,414.53,32.0,22,1d+1h+4h,1.116,False,nofill,0.0
2024-04-30 09:30:00-04:00,398.79,411.45,411.6,411.45,414.59,32.0,22,1d+1h+4h,1.472,False,nofill,0.0
2024-04-30 10:30:00-04:00,396.8,411.45,411.6,411.45,414.59,32.0,22,1d+1h+4h,1.703,False,nofill,0.0
2024-04-30 11:30:00-04:00,396.91,411.45,411.59,411.45,414.45,32.0,22,1d+1h+4h,1.69,False,nofill,0.0
2024-04-30 12:30:00-04:00,395.42,411.45,411.59,411.45,414.4,32.0,22,1d+1h+4h,1.863,False,nofill,0.0
2024-04-30 13:30:00-04:00,394.22,408.77,408.91,408.77,411.65,28.6,19,1d+1h+4h,1.692,False,nofill,0.0
2024-04-30 14:30:00-04:00,393.71,408.77,408.9,408.77,411.55,28.6,19,1d+1h+4h,1.751,False,nofill,0.0
2024-04-30 15:30:00-04:00,389.28,402.0,402.14,402.0,404.95,22.8,18,1h+4h,1.479,False,nofill,0.0
2024-05-01 09:30:00-04:00,393.62,408.29,408.44,408.29,411.4,28.6,19,1d+1h+4h,1.656,False,nofill,0.0
2024-05-01 10:30:00-04:00,394.6,411.45,411.6,411.45,414.51,32.0,22,1d+1h+4h,1.902,False,nofill,0.0
2024-05-01 11:30:00-04:00,393.67,408.29,408.43,408.29,411.3,28.6,19,1d+1h+4h,1.651,False,nofill,0.0
2024-05-01 12:30:00-04:00,394.91,411.45,411.59,411.45,414.38,32.0,22,1d+1h+4h,1.868,False,nofill,0.0
2024-05-01 13:30:00-04:00,396.63,411.45,411.59,411.45,414.36,32.0,22,1d+1h+4h,1.674,False,nofill,0.0
2024-05-01 14:30:00-04:00,400.83,411.45,411.6,411.45,414.63,32.0,22,1d+1h+4h,1.199,False,nofill,0.0
2024-05-01 15:30:00-04:00,394.9,411.45,411.61,411.45,414.85,32.0,22,1d+1h+4h,1.869,False,nofill,0.0
2024-05-02 09:30:00-04:00,396.28,411.45,411.62,411.45,414.99,32.0,22,1d+1h+4h,1.766,False,nofill,0.0
2024-05-02 10:30:00-04:00,397.07,411.45,411.62,411.45,414.94,32.0,22,1d+1h+4h,1.674,False,nofill,0.0
2024-05-02 11:30:00-04:00,395.7,411.45,411.61,411.45,414.86,32.0,22,1d+1h+4h,1.833,False,nofill,0.0
2024-05-02 12:30:00-04:00,397.02,411.45,411.61,411.45,414.8,32.0,22,1d+1h+4h,1.679,False,nofill,0.0
2024-05-02 13:30:00-04:00,397.53,411.45,411.6,411.45,414.68,32.0,22,1d+1h+4h,1.62,False,nofill,0.0
2024-05-02 14:30:00-04:00,398.33,411.45,411.6,411.45,414.55,32.0,22,1d+1h+4h,1.527,False,nofill,0.0
2024-05-02 15:30:00-04:00,397.94,411.45,411.59,411.45,414.43,32.0,22,1d+1h+4h,1.572,False,nofill,0.0
2024-05-03 09:30:00-04:00,405.72,411.45,411.61,411.45,414.86,32.0,22,1d+1h+4h,0.664,False,nofill,0.0
2024-05-03 10:30:00-04:00,405.41,411.45,411.61,411.45,414.75,32.0,22,1d+1h+4h,0.7,False,nofill,0.0
2024-05-03 11:30:00-04:00,406.11,411.45,411.6,411.45,414.61,32.0,22,1d+1h+4h,0.618,False,nofill,0.0
2024-05-03 12:30:00-04:00,405.86,411.45,411.59,411.45,414.46,32.0,22,1d+1h+4h,0.648,False,nofill,0.0
2024-05-03 13:30:00-04:00,406.31,411.45,411.59,411.45,414.31,32.0,22,1d+1h+4h,0.596,False,nofill,0.0
2024-05-03 14:30:00-04:00,406.54,411.45,411.58,411.45,414.18,32.0,22,1d+1h+4h,0.569,False,nofill,0.0
2024-05-03 15:30:00-04:00,406.84,411.45,411.57,411.45,414.06,32.0,22,1d+1h+4h,0.534,False,nofill,0.0
2024-05-06 09:30:00-04:00,408.2,411.45,411.58,411.45,414.09,32.0,22,1d+1h+4h,0.381,False,nofill,0.0
2024-05-06 10:30:00-04:00,409.49,411.45,411.58,411.45,414.15,32.0,22,1d+1h+4h,0.229,True,target,0.5640737862823819
2024-05-06 11:30:00-04:00,410.01,411.45,411.57,411.45,414.02,32.0,22,1d+1h+4h,0.169,True,target,0.5344233569653634
2024-05-06 12:30:00-04:00,410.44,411.45,411.57,411.45,413.93,32.0,22,1d+1h+4h,0.118,True,target,0.512438797503223
2024-05-06 13:30:00-04:00,412.24,419.09,419.21,419.09,421.54,30.8,20,1d+1h+4h,0.802,False,nofill,0.0
2024-05-06 14:30:00-04:00,412.16,419.09,419.2,419.09,421.42,30.8,20,1d+1h+4h,0.811,False,nofill,0.0
2024-05-06 15:30:00-04:00,413.64,419.09,419.2,419.09,421.41,30.8,20,1d+1h+4h,0.638,False,nofill,0.0
2024-05-07 09:30:00-04:00,411.7,420.82,420.93,420.82,423.21,28.2,17,1d+1h+4h,1.095,False,nofill,0.0
2024-05-07 10:30:00-04:00,412.49,420.82,420.93,420.82,423.15,28.2,17,1d+1h+4h,1.001,False,nofill,0.0
2024-05-07 11:30:00-04:00,412.35,420.82,420.93,420.82,423.06,28.2,17,1d+1h+4h,1.017,False,nofill,0.0
2024-05-07 12:30:00-04:00,412.26,420.82,420.92,420.82,422.97,28.2,17,1d+1h+4h,1.028,False,nofill,0.0
2024-05-07 13:30:00-04:00,410.9,411.45,411.55,411.45,413.57,32.0,22,1d+1h+4h,0.066,False,nofill,0.0
2024-05-07 14:30:00-04:00,409.94,411.45,411.55,411.45,413.5,32.0,22,1d+1h+4h,0.182,True,scratch,-0.08373402196985014
2024-05-07 15:30:00-04:00,409.17,411.45,411.55,411.45,413.46,32.0,22,1d+1h+4h,0.274,True,scratch,-0.08323441689145339
2024-05-08 09:30:00-04:00,410.74,411.45,411.55,411.45,413.64,29.0,21,1d+1h+4h,0.087,True,scratch,-0.0852735580408992
2024-05-08 10:30:00-04:00,412.13,420.73,420.83,420.73,422.9,28.2,17,1d+1h+4h,1.059,False,nofill,0.0
2024-05-08 11:30:00-04:00,411.41,420.82,420.92,420.82,422.91,28.2,17,1d+1h+4h,1.159,False,nofill,0.0
2024-05-08 12:30:00-04:00,410.96,411.45,411.55,411.45,413.46,29.0,21,1d+1h+4h,0.06,True,scratch,-0.08327277189937865
2024-05-08 13:30:00-04:00,411.23,420.82,420.91,420.82,422.77,28.2,17,1d+1h+4h,1.181,False,nofill,0.0
2024-05-08 14:30:00-04:00,410.66,411.45,411.54,411.45,413.32,30.0,22,1d+1h+4h,0.098,True,scratch,-0.08161551802146061
2024-05-08 15:30:00-04:00,410.47,411.45,411.54,411.45,413.27,30.0,22,1d+1h+4h,0.121,True,scratch,-0.08098973871888404
2024-05-09 09:30:00-04:00,410.72,411.45,411.54,411.45,413.3,30.0,22,1d+1h+4h,0.093,True,scratch,-0.08141451753506113
2024-05-09 10:30:00-04:00,412.51,420.82,420.91,420.82,422.68,28.2,17,1d+1h+4h,1.067,False,nofill,0.0
2024-05-09 11:30:00-04:00,411.02,411.45,411.54,411.45,413.31,30.0,22,1d+1h+4h,0.055,True,scratch,-0.08149112118188695
2024-05-09 12:30:00-04:00,412.01,420.73,420.82,420.73,422.56,28.2,17,1d+1h+4h,1.119,False,nofill,0.0
2024-05-09 13:30:00-04:00,411.88,420.82,420.9,420.82,422.58,28.2,17,1d+1h+4h,1.148,False,nofill,0.0
2024-05-09 14:30:00-04:00,412.28,420.82,420.9,420.82,422.51,28.2,17,1d+1h+4h,1.096,False,nofill,0.0
2024-05-09 15:30:00-04:00,412.29,420.82,420.9,420.82,422.43,28.2,17,1d+1h+4h,1.095,False,nofill,0.0
2024-05-10 09:30:00-04:00,413.22,420.73,420.81,420.73,422.5,28.2,17,1d+1h+4h,1.003,False,nofill,0.0
2024-05-10 10:30:00-04:00,413.8,420.73,420.81,420.73,422.47,28.2,17,1d+1h+4h,0.925,False,nofill,0.0
2024-05-10 11:30:00-04:00,413.81,420.73,420.81,420.73,422.46,28.2,17,1d+1h+4h,0.924,False,nofill,0.0
2024-05-10 12:30:00-04:00,414.01,420.73,420.81,420.73,422.4,28.2,17,1d+1h+4h,0.898,False,nofill,0.0
2024-05-10 13:30:00-04:00,414.68,420.73,420.81,420.73,422.38,28.2,17,1d+1h+4h,0.808,False,nofill,0.0
2024-05-10 14:30:00-04:00,414.75,420.73,420.81,420.73,422.33,28.2,17,1d+1h+4h,0.799,False,nofill,0.0
2024-05-10 15:30:00-04:00,414.64,420.73,420.8,420.73,422.28,28.2,17,1d+1h+4h,0.814,False,nofill,0.0
2024-05-13 09:30:00-04:00,413.12,420.73,420.83,420.73,422.73,28.2,17,1d+1h+4h,1.018,False,nofill,0.0
2024-05-13 10:30:00-04:00,413.86,420.73,420.82,420.73,422.71,28.2,17,1d+1h+4h,0.919,False,nofill,0.0
2024-05-13 11:30:00-04:00,415.28,420.73,420.82,420.73,422.72,28.2,17,1d+1h+4h,0.729,False,nofill,0.0
2024-05-13 12:30:00-04:00,414.8,419.01,419.11,419.01,421.03,28.8,20,1d+1h+4h,0.563,False,nofill,0.0
2024-05-13 13:30:00-04:00,414.42,419.01,419.1,419.01,420.99,28.8,20,1d+1h+4h,0.614,False,nofill,0.0
2024-05-13 14:30:00-04:00,414.04,419.09,419.18,419.09,420.99,28.8,20,1d+1h+4h,0.675,False,nofill,0.0
2024-05-13 15:30:00-04:00,413.75,419.09,419.18,419.09,420.92,28.8,20,1d+1h+4h,0.714,False,nofill,0.0
2024-05-14 09:30:00-04:00,415.48,419.09,419.19,419.09,421.09,28.8,20,1d+1h+4h,0.49,False,nofill,0.0
2024-05-14 10:30:00-04:00,414.56,419.09,419.18,419.09,421.08,28.8,20,1d+1h+4h,0.615,False,nofill,0.0
2024-05-14 11:30:00-04:00,412.22,419.09,419.19,419.09,421.12,28.8,20,1d+1h+4h,0.933,False,nofill,0.0
2024-05-14 12:30:00-04:00,413.32,419.09,419.18,419.09,421.08,28.8,20,1d+1h+4h,0.784,False,nofill,0.0
2024-05-14 13:30:00-04:00,415.18,419.09,419.19,419.09,421.09,30.6,21,1d+1h+4h,0.531,True,target,0.39443171489945694
2024-05-14 14:30:00-04:00,416.95,419.01,419.11,419.01,421.06,30.6,21,1d+1h+4h,0.28,True,target,0.40446371040951945
2024-05-14 15:30:00-04:00,416.42,419.01,419.1,419.01,420.97,30.6,21,1d+1h+4h,0.352,True,target,0.3847493166854177
2024-05-15 09:30:00-04:00,419.39,419.77,419.87,419.77,421.89,29.0,19,1d+1h+4h,0.051,True,target,0.42074504183049477
2024-05-15 10:30:00-04:00,421.26,421.63,421.73,421.63,423.77,17.8,11,1d+1h+4h,0.051,True,scratch,-0.08416648966591556
2024-05-15 11:30:00-04:00,421.43,422.05,422.15,422.05,424.14,17.8,11,1d+1h+4h,0.084,True,scratch,-0.08359628247854856
2024-05-15 12:30:00-04:00,422.57,429.37,429.47,429.37,431.43,17.8,13,1h+4h,0.919,False,nofill,0.0
2024-05-15 13:30:00-04:00,423.54,429.37,429.47,429.37,431.39,17.8,13,1h+4h,0.788,False,nofill,0.0
2024-05-15 14:30:00-04:00,423.41,429.37,429.46,429.37,431.3,17.8,13,1h+4h,0.806,False,nofill,0.0
2024-05-15 15:30:00-04:00,423.15,429.37,429.46,429.37,431.24,17.8,13,1h+4h,0.841,False,nofill,0.0
2024-05-16 09:30:00-04:00,423.86,429.37,429.47,429.37,431.38,17.8,13,1h+4h,0.763,False,nofill,0.0
2024-05-16 10:30:00-04:00,424.12,429.37,429.46,429.37,431.36,17.8,13,1h+4h,0.726,False,nofill,0.0
2024-05-16 11:30:00-04:00,422.4,429.37,429.47,429.37,431.42,17.8,13,1h+4h,0.966,False,nofill,0.0
2024-05-16 12:30:00-04:00,421.92,429.37,429.46,429.37,431.35,17.8,13,1h+4h,1.031,False,nofill,0.0
2024-05-16 13:30:00-04:00,421.65,422.05,422.14,422.05,423.97,17.8,11,1d+1h+4h,0.055,True,scratch,-0.08161098085229801
2024-05-16 14:30:00-04:00,421.63,422.05,422.14,422.05,423.89,17.8,11,1d+1h+4h,0.058,True,scratch,-0.08073419632174117
2024-05-16 15:30:00-04:00,420.93,421.61,421.7,421.61,423.43,17.8,11,1d+1h+4h,0.095,True,scratch,-0.08046839226646396
2024-05-17 09:30:00-04:00,419.72,420.39,420.49,420.39,422.44,25.2,16,1d+1h+4h,0.094,False,nofill,0.0
2024-05-17 10:30:00-04:00,419.56,420.39,420.49,420.39,422.45,25.2,16,1d+1h+4h,0.118,False,nofill,0.0
2024-05-17 11:30:00-04:00,419.33,419.71,419.8,419.71,421.67,28.0,18,1d+1h+4h,0.054,True,scratch,-0.0821794561514877
2024-05-17 12:30:00-04:00,419.09,419.65,419.74,419.65,421.55,29.0,19,1d+1h+4h,0.08,True,scratch,-0.08148552328566261
2024-05-17 13:30:00-04:00,418.74,419.65,419.74,419.65,421.53,29.0,19,1d+1h+4h,0.129,True,scratch,-0.0812166384572044
2024-05-17 14:30:00-04:00,420.16,421.17,421.26,421.17,423.03,24.6,15,1d+1h+4h,0.143,True,target,0.3598965083345007
2024-05-17 15:30:00-04:00,420.24,421.17,421.26,421.17,422.97,24.6,15,1d+1h+4h,0.132,True,target,0.34600644223687915
2024-05-20 09:30:00-04:00,424.91,429.37,429.47,429.37,431.55,17.8,13,1h+4h,0.635,False,nofill,0.0
2024-05-20 10:30:00-04:00,424.48,429.37,429.47,429.37,431.54,17.8,13,1h+4h,0.696,False,nofill,0.0
2024-05-20 11:30:00-04:00,425.08,429.37,429.47,429.37,431.43,17.8,13,1h+4h,0.611,False,nofill,0.0
2024-05-20 12:30:00-04:00,424.69,427.73,427.83,427.73,429.75,18.0,14,1h+4h,0.433,False,nofill,0.0
2024-05-20 13:30:00-04:00,424.94,427.73,427.82,427.73,429.7,18.0,14,1h+4h,0.398,True,target,0.3778699974313682
2024-05-20 14:30:00-04:00,424.96,427.73,427.82,427.73,429.62,18.0,14,1h+4h,0.394,True,target,0.36128183817256687
2024-05-20 15:30:00-04:00,425.43,427.73,427.82,427.73,429.57,18.0,14,1h+4h,0.327,True,target,0.3485975706621458
2024-05-21 09:30:00-04:00,428.77,429.37,429.47,429.37,431.37,17.8,13,1h+4h,0.085,True,target,0.3839468423626258
2024-05-21 10:30:00-04:00,429.67,430.82,430.92,430.82,432.82,6.6,5,1h+4h,0.162,True,scratch,-0.08207257230916642
2024-05-21 12:30:00-04:00,430.3,430.82,430.92,430.82,432.88,6.6,5,1h+4h,0.074,False,nofill,0.0
2024-05-21 13:30:00-04:00,429.3,429.86,429.96,429.86,431.9,9.4,7,1h+4h,0.079,True,target,0.39152027666591316
2024-05-21 14:30:00-04:00,428.93,429.37,429.46,429.37,431.35,17.8,13,1h+4h,0.062,True,target,0.37953130646315447
2024-05-21 15:30:00-04:00,429.07,429.86,429.95,429.86,431.8,9.4,7,1h+4h,0.111,True,target,0.36959049246652054
2024-05-22 11:30:00-04:00,429.86,430.82,430.91,430.82,432.81,6.6,5,1h+4h,0.138,False,nofill,0.0
2024-05-22 13:30:00-04:00,427.8,429.37,429.47,429.37,431.4,18.8,14,1h+4h,0.225,True,target,0.39099151418091616
2024-05-22 14:30:00-04:00,428.18,429.37,429.46,429.37,431.36,18.8,14,1h+4h,0.171,True,target,0.3802237936245012
2024-05-23 12:30:00-04:00,430.1,430.82,430.92,430.82,432.99,7.6,6,1h+4h,0.102,False,nofill,0.0
2024-05-23 13:30:00-04:00,427.08,427.73,427.84,427.73,429.99,19.0,15,1h+4h,0.092,False,nofill,0.0
2024-05-23 14:30:00-04:00,425.97,427.73,427.84,427.73,429.96,19.0,15,1h+4h,0.25,True,target,0.4368560745614536
2024-05-23 15:30:00-04:00,427.15,427.73,427.83,427.73,429.91,19.0,15,1h+4h,0.082,True,target,0.42606449153004267
2024-05-24 09:30:00-04:00,427.01,429.37,429.48,429.37,431.62,18.8,14,1h+4h,0.337,True,scratch,-0.08495533567153268
2024-05-24 10:30:00-04:00,429.25,429.86,429.97,429.86,432.16,10.4,8,1h+4h,0.087,True,scratch,-0.08546102470157191
2024-05-24 11:30:00-04:00,430.11,430.82,430.93,430.82,433.07,7.6,6,1h+4h,0.101,True,scratch,-0.08480784737455727
2024-05-24 12:30:00-04:00,430.27,430.82,430.92,430.82,432.99,7.6,6,1h+4h,0.079,True,scratch,-0.08396245065732666
2024-05-24 13:30:00-04:00,430.41,430.82,430.92,430.82,432.93,7.6,6,1h+4h,0.059,False,nofill,0.0
2024-05-24 14:30:00-04:00,429.82,430.82,430.92,430.82,432.88,7.6,6,1h+4h,0.143,False,nofill,0.0
2024-05-24 15:30:00-04:00,430.13,430.82,430.91,430.82,432.8,7.6,6,1h+4h,0.099,False,nofill,0.0
2024-05-28 09:30:00-04:00,428.45,429.37,429.47,429.37,431.52,19.8,15,1h+4h,0.135,False,nofill,0.0
2024-05-28 10:30:00-04:00,428.44,429.37,429.47,429.37,431.49,19.8,15,1h+4h,0.137,False,nofill,0.0
2024-05-28 11:30:00-04:00,428.91,429.37,429.47,429.37,431.41,19.8,15,1h+4h,0.068,True,scratch,-0.08256884864670244
2024-05-28 12:30:00-04:00,429.06,429.86,429.95,429.86,431.82,11.4,9,1h+4h,0.118,True,scratch,-0.08168539629457294
2024-05-28 13:30:00-04:00,428.72,429.37,429.46,429.37,431.26,19.8,15,1h+4h,0.096,True,scratch,-0.08092708315571295
2024-05-28 14:30:00-04:00,428.83,429.37,429.46,429.37,431.25,19.8,15,1h+4h,0.079,True,scratch,-0.0808189829261674
2024-05-28 15:30:00-04:00,430.32,430.82,430.91,430.82,432.71,8.6,7,1h+4h,0.074,False,nofill,0.0
2024-05-29 09:30:00-04:00,430.14,430.82,430.92,430.82,432.93,8.6,7,1h+4h,0.102,True,scratch,-0.08323211097398531
2024-05-29 10:30:00-04:00,429.24,429.86,429.96,429.86,431.97,11.4,9,1h+4h,0.093,True,scratch,-0.08328817527110122
2024-05-29 11:30:00-04:00,430.28,430.82,430.92,430.82,432.88,8.6,7,1h+4h,0.081,True,scratch,-0.08270598332137391
2024-05-29 12:30:00-04:00,430.19,430.82,430.92,430.82,432.82,8.6,7,1h+4h,0.094,False,nofill,0.0
2024-05-29 13:30:00-04:00,430.1,430.82,430.91,430.82,432.76,8.6,7,1h+4h,0.107,False,nofill,0.0
2024-05-29 14:30:00-04:00,430.0,430.82,430.91,430.82,432.7,8.6,7,1h+4h,0.123,False,nofill,0.0
2024-05-29 15:30:00-04:00,429.51,429.86,429.95,429.86,431.71,11.4,9,1h+4h,0.052,False,nofill,0.0
2024-05-30 09:30:00-04:00,420.27,420.82,420.94,420.82,423.42,25.4,15,1d+1h+4h,0.076,False,nofill,0.0
2024-05-30 10:30:00-04:00,419.15,419.65,419.78,419.65,422.27,31.8,21,1d+1h+4h,0.069,True,scratch,-0.08968030536641303
2024-05-30 11:30:00-04:00,419.14,419.65,419.77,419.65,422.18,31.8,21,1d+1h+4h,0.071,True,scratch,-0.08863915456620575
2024-05-30 12:30:00-04:00,419.54,420.82,420.94,420.82,423.26,25.4,15,1d+1h+4h,0.176,False,nofill,0.0
2024-05-30 13:30:00-04:00,418.14,419.08,419.2,419.08,421.47,35.4,25,1d+1h+4h,0.13,False,nofill,0.0
2024-05-30 14:30:00-04:00,416.71,419.09,419.2,419.09,421.46,35.4,25,1d+1h+4h,0.329,False,nofill,0.0
2024-05-30 15:30:00-04:00,414.64,419.08,419.2,419.08,421.48,35.4,25,1d+1h+4h,0.613,False,nofill,0.0
2024-05-31 09:30:00-04:00,410.19,419.09,419.22,419.09,421.81,35.4,25,1d+1h+4h,1.173,False,nofill,0.0
2024-05-31 10:30:00-04:00,406.83,419.09,419.23,419.09,421.93,35.4,25,1d+1h+4h,1.615,False,nofill,0.0
2024-05-31 11:30:00-04:00,405.46,419.09,419.23,419.09,421.93,35.4,25,1d+1h+4h,1.796,False,nofill,0.0
2024-05-31 12:30:00-04:00,406.61,419.01,419.14,419.01,421.81,35.4,25,1d+1h+4h,1.634,False,nofill,0.0
2024-05-31 13:30:00-04:00,405.41,419.09,419.22,419.09,421.81,35.4,25,1d+1h+4h,1.802,False,nofill,0.0
2024-05-31 14:30:00-04:00,407.33,419.09,419.22,419.09,421.82,35.4,25,1d+1h+4h,1.55,False,nofill,0.0
2024-05-31 15:30:00-04:00,415.31,419.09,419.24,419.09,422.3,35.4,25,1d+1h+4h,0.498,False,nofill,0.0
2024-06-03 09:30:00-04:00,414.15,419.09,419.25,419.09,422.35,35.4,25,1d+1h+4h,0.652,False,nofill,0.0
2024-06-03 10:30:00-04:00,412.46,419.01,419.17,419.01,422.32,35.4,25,1d+1h+4h,0.864,False,nofill,0.0
2024-06-03 11:30:00-04:00,409.09,419.08,419.25,419.08,422.45,35.4,25,1d+1h+4h,1.32,False,nofill,0.0
2024-06-03 12:30:00-04:00,410.91,419.09,419.25,419.09,422.36,35.4,25,1d+1h+4h,1.08,False,nofill,0.0
2024-06-03 13:30:00-04:00,410.8,419.09,419.24,419.09,422.26,35.4,25,1d+1h+4h,1.094,False,nofill,0.0
2024-06-03 14:30:00-04:00,411.83,419.08,419.23,419.08,422.15,35.4,25,1d+1h+4h,0.958,False,nofill,0.0
2024-06-03 15:30:00-04:00,413.65,419.08,419.23,419.08,422.11,35.4,25,1d+1h+4h,0.718,False,nofill,0.0
2024-06-04 09:30:00-04:00,412.55,419.09,419.24,419.09,422.2,35.4,25,1d+1h+4h,0.871,False,nofill,0.0
2024-06-04 10:30:00-04:00,412.21,419.08,419.23,419.08,422.11,35.4,25,1d+1h+4h,0.916,False,nofill,0.0
2024-06-04 11:30:00-04:00,412.4,419.09,419.23,419.09,421.98,35.4,25,1d+1h+4h,0.891,False,nofill,0.0
2024-06-04 12:30:00-04:00,413.47,419.08,419.22,419.08,421.86,35.4,25,1d+1h+4h,0.748,False,nofill,0.0
2024-06-04 13:30:00-04:00,415.21,419.09,419.22,419.09,421.85,35.4,25,1d+1h+4h,0.517,False,nofill,0.0
2024-06-04 14:30:00-04:00,414.27,419.09,419.22,419.09,421.83,35.4,25,1d+1h+4h,0.642,True,target,0.561807516942725
2024-06-04 15:30:00-04:00,416.07,419.09,419.22,419.09,421.82,35.4,25,1d+1h+4h,0.402,True,target,0.5594543849050115
2024-06-05 09:30:00-04:00,418.1,419.08,419.21,419.08,421.81,35.4,25,1d+1h+4h,0.131,True,target,0.5594045874935061
2024-06-05 10:30:00-04:00,420.55,421.17,421.3,421.17,423.91,24.6,15,1d+1h+4h,0.083,True,target,0.5585693609947429
2024-06-05 11:30:00-04:00,421.67,426.82,426.95,426.82,429.48,23.0,17,1d+1h+4h,0.684,False,nofill,0.0
2024-06-05 12:30:00-04:00,422.86,427.18,427.3,427.18,429.79,23.0,17,1d+1h+4h,0.573,False,nofill,0.0
2024-06-05 13:30:00-04:00,423.01,427.28,427.4,427.28,429.77,23.0,17,1d+1h+4h,0.567,False,nofill,0.0
2024-06-05 14:30:00-04:00,422.79,427.18,427.29,427.18,429.56,23.0,17,1d+1h+4h,0.583,False,nofill,0.0
2024-06-05 15:30:00-04:00,424.04,427.73,427.84,427.73,430.08,23.0,17,1d+1h+4h,0.49,False,nofill,0.0
2024-06-06 09:30:00-04:00,423.44,427.73,427.84,427.73,430.12,23.0,17,1d+1h+4h,0.585,False,nofill,0.0
2024-06-06 10:30:00-04:00,421.4,427.73,427.84,427.73,430.11,23.0,17,1d+1h+4h,0.864,False,nofill,0.0
2024-06-06 11:30:00-04:00,422.98,427.73,427.84,427.73,430.14,23.0,17,1d+1h+4h,0.648,False,nofill,0.0
2024-06-06 12:30:00-04:00,423.1,427.13,427.24,427.13,429.45,24.0,18,1d+1h+4h,0.551,False,nofill,0.0
2024-06-06 13:30:00-04:00,423.29,427.13,427.24,427.13,429.39,24.0,18,1d+1h+4h,0.524,False,nofill,0.0
2024-06-06 14:30:00-04:00,423.64,427.13,427.23,427.13,429.3,24.0,18,1d+1h+4h,0.476,False,nofill,0.0
2024-06-06 15:30:00-04:00,424.49,427.13,427.23,427.13,429.25,24.0,18,1d+1h+4h,0.36,False,nofill,0.0
2024-06-07 09:30:00-04:00,424.1,427.13,427.23,427.13,429.28,23.0,17,1d+1h+4h,0.431,False,nofill,0.0
2024-06-07 10:30:00-04:00,425.0,427.73,427.83,427.73,429.89,23.0,17,1d+1h+4h,0.388,False,nofill,0.0
2024-06-07 11:30:00-04:00,425.26,427.13,427.23,427.13,429.21,23.0,17,1d+1h+4h,0.266,False,nofill,0.0
2024-06-07 12:30:00-04:00,425.8,427.13,427.23,427.13,429.19,23.0,17,1d+1h+4h,0.19,False,nofill,0.0
2024-06-07 13:30:00-04:00,424.89,427.73,427.83,427.73,429.83,23.0,17,1d+1h+4h,0.404,True,scratch,-0.08335883102315034
2024-06-07 14:30:00-04:00,424.36,427.13,427.23,427.13,429.21,23.0,17,1d+1h+4h,0.394,True,scratch,-0.08315999319553624
2024-06-07 15:30:00-04:00,423.82,427.73,427.83,427.73,429.77,24.0,18,1d+1h+4h,0.556,True,scratch,-0.08269238458139538
2024-06-10 09:30:00-04:00,427.3,427.73,427.83,427.73,429.93,23.0,17,1d+1h+4h,0.063,False,nofill,0.0
2024-06-10 10:30:00-04:00,426.9,427.73,427.83,427.73,429.86,23.0,17,1d+1h+4h,0.122,False,nofill,0.0
2024-06-10 11:30:00-04:00,426.48,427.73,427.83,427.73,429.81,23.0,17,1d+1h+4h,0.183,True,scratch,-0.08310577871545322
2024-06-10 12:30:00-04:00,425.72,427.73,427.83,427.73,429.73,24.0,18,1d+1h+4h,0.294,True,scratch,-0.08228020082687859
2024-06-10 13:30:00-04:00,426.35,427.73,427.82,427.73,429.7,24.0,18,1d+1h+4h,0.202,True,scratch,-0.08190494453099717
2024-06-10 14:30:00-04:00,426.96,427.73,427.82,427.73,429.71,24.0,18,1d+1h+4h,0.113,True,scratch,-0.08199089315800157
2024-06-10 15:30:00-04:00,427.87,429.37,429.46,429.37,431.32,20.8,16,1h+4h,0.22,False,nofill,0.0
2024-06-11 09:30:00-04:00,427.34,427.73,427.83,427.73,429.74,24.0,18,1d+1h+4h,0.057,True,scratch,-0.0822913743736553
2024-06-11 10:30:00-04:00,428.06,429.37,429.46,429.37,431.32,20.8,16,1h+4h,0.191,True,target,0.37270164203111467
2024-06-11 11:30:00-04:00,427.59,429.37,429.46,429.37,431.29,20.8,16,1h+4h,0.259,True,target,0.3657329634756623
2024-06-11 12:30:00-04:00,428.23,429.37,429.46,429.37,431.29,20.8,16,1h+4h,0.166,True,target,0.3653244936482336
2024-06-11 13:30:00-04:00,430.57,430.94,431.03,430.94,432.9,8.6,7,1h+4h,0.054,True,scratch,-0.08167685994117102
2024-06-11 14:30:00-04:00,431.5,432.41,432.5,432.41,434.36,6.6,5,1h+4h,0.133,True,target,0.3682924065536719
2024-06-28 15:30:00-04:00,447.69,451.61,451.72,451.61,453.92,7.6,6,1h+4h,0.607,True,scratch,-0.08440640760197793
2024-07-16 09:30:00-04:00,448.37,451.43,451.57,451.43,454.45,11.4,9,1h+4h,0.432,False,nofill,0.0
2024-07-16 10:30:00-04:00,448.85,451.43,451.57,451.43,454.45,11.4,9,1h+4h,0.365,False,nofill,0.0
2024-07-16 11:30:00-04:00,447.74,451.43,451.57,451.43,454.39,11.4,9,1h+4h,0.522,False,nofill,0.0
2024-07-16 12:30:00-04:00,447.39,451.43,451.57,451.43,454.3,11.4,9,1h+4h,0.571,False,nofill,0.0
2024-07-16 13:30:00-04:00,447.87,451.43,451.56,451.43,454.2,11.4,9,1h+4h,0.503,False,nofill,0.0
2024-07-16 14:30:00-04:00,449.56,451.43,451.56,451.43,454.14,11.4,9,1h+4h,0.264,False,nofill,0.0
2024-07-16 15:30:00-04:00,449.49,451.43,451.55,451.43,454.02,11.4,9,1h+4h,0.274,False,nofill,0.0
2024-07-17 09:30:00-04:00,441.13,451.61,451.75,451.61,454.72,11.4,9,1h+4h,1.436,False,nofill,0.0
2024-07-17 10:30:00-04:00,441.17,451.61,451.75,451.61,454.73,11.4,9,1h+4h,1.43,False,nofill,0.0
2024-07-17 11:30:00-04:00,440.44,451.55,451.69,451.55,454.56,11.4,9,1h+4h,1.523,False,nofill,0.0
2024-07-17 12:30:00-04:00,441.93,451.61,451.75,451.61,454.56,11.4,9,1h+4h,1.326,False,nofill,0.0
2024-07-17 13:30:00-04:00,444.14,451.43,451.57,451.43,454.42,11.4,9,1h+4h,0.999,False,nofill,0.0
2024-07-17 14:30:00-04:00,444.29,451.43,451.57,451.43,454.36,11.4,9,1h+4h,0.979,False,nofill,0.0
2024-07-17 15:30:00-04:00,443.55,451.43,451.57,451.43,454.27,11.4,9,1h+4h,1.08,False,nofill,0.0
2024-07-18 09:30:00-04:00,439.79,451.55,451.7,451.55,454.65,11.4,9,1h+4h,1.569,False,nofill,0.0
2024-07-18 10:30:00-04:00,436.17,444.89,445.04,444.89,448.06,11.6,8,1d+1h+4h,1.164,False,nofill,0.0
2024-07-18 11:30:00-04:00,435.76,444.85,445.0,444.85,447.99,11.6,8,1d+1h+4h,1.212,False,nofill,0.0
2024-07-18 12:30:00-04:00,437.38,444.85,445.0,444.85,447.95,11.6,8,1d+1h+4h,0.997,False,nofill,0.0
2024-07-18 13:30:00-04:00,438.18,444.89,445.04,444.89,447.94,11.6,8,1d+1h+4h,0.895,False,nofill,0.0
2024-07-18 14:30:00-04:00,438.37,444.89,445.03,444.89,447.86,11.6,8,1d+1h+4h,0.87,False,nofill,0.0
2024-07-18 15:30:00-04:00,440.38,444.85,444.99,444.85,447.83,11.6,8,1d+1h+4h,0.596,False,nofill,0.0
2024-07-19 09:30:00-04:00,438.2,444.85,445.01,444.85,448.3,11.6,8,1d+1h+4h,0.876,False,nofill,0.0
2024-07-19 10:30:00-04:00,437.71,444.85,445.01,444.85,448.27,11.6,8,1d+1h+4h,0.939,False,nofill,0.0
2024-07-19 11:30:00-04:00,437.62,444.85,445.01,444.85,448.2,11.6,8,1d+1h+4h,0.951,False,nofill,0.0
2024-07-19 12:30:00-04:00,435.99,444.89,445.05,444.89,448.15,11.6,8,1d+1h+4h,1.171,False,nofill,0.0
2024-07-19 13:30:00-04:00,436.25,444.89,445.04,444.89,448.03,11.6,8,1d+1h+4h,1.137,False,nofill,0.0
2024-07-19 14:30:00-04:00,437.65,444.85,445.0,444.85,447.95,11.6,8,1d+1h+4h,0.947,False,nofill,0.0
2024-07-19 15:30:00-04:00,437.09,444.85,444.99,444.85,447.86,11.6,8,1d+1h+4h,1.021,False,nofill,0.0
2024-07-22 09:30:00-04:00,443.72,444.85,445.01,444.85,448.16,11.6,8,1d+1h+4h,0.149,False,nofill,0.0
2024-07-22 10:30:00-04:00,440.05,444.85,445.01,444.85,448.28,11.6,8,1d+1h+4h,0.634,False,nofill,0.0
2024-07-22 11:30:00-04:00,440.56,444.85,445.01,444.85,448.2,11.6,8,1d+1h+4h,0.566,False,nofill,0.0
2024-07-22 12:30:00-04:00,442.31,444.85,445.01,444.85,448.16,11.6,8,1d+1h+4h,0.335,False,nofill,0.0
2024-07-22 13:30:00-04:00,443.98,444.58,444.73,444.58,447.82,12.6,9,1d+1h+4h,0.079,True,scratch,-0.09465266444290688
2024-07-22 14:30:00-04:00,443.16,444.58,444.73,444.58,447.72,12.6,9,1d+1h+4h,0.187,True,scratch,-0.09360599144105919
2024-07-22 15:30:00-04:00,442.86,444.58,444.72,444.58,447.61,12.6,9,1d+1h+4h,0.227,True,scratch,-0.0923804471493872
2024-07-23 09:30:00-04:00,446.13,451.61,451.76,451.61,454.79,11.4,9,1h+4h,0.737,False,nofill,0.0
2024-07-23 10:30:00-04:00,447.96,451.55,451.71,451.55,454.82,11.4,9,1h+4h,0.484,False,nofill,0.0
2024-07-23 11:30:00-04:00,445.06,451.43,451.59,451.43,454.74,11.4,9,1h+4h,0.857,False,nofill,0.0
2024-07-23 12:30:00-04:00,444.57,451.43,451.58,451.43,454.65,11.4,9,1h+4h,0.924,False,nofill,0.0
2024-07-23 13:30:00-04:00,444.38,444.85,445.0,444.85,447.95,12.6,9,1d+1h+4h,0.063,False,nofill,0.0
2024-07-23 14:30:00-04:00,444.3,444.85,444.99,444.85,447.78,12.6,9,1d+1h+4h,0.074,False,nofill,0.0
2024-07-23 15:30:00-04:00,444.81,451.43,451.57,451.43,454.29,11.4,9,1h+4h,0.892,False,nofill,0.0
2024-07-24 09:30:00-04:00,436.68,444.58,444.74,444.58,447.85,12.6,9,1d+1h+4h,0.975,False,nofill,0.0
2024-07-24 10:30:00-04:00,431.99,444.89,445.06,444.89,448.38,12.6,9,1d+1h+4h,1.591,False,nofill,0.0
2024-07-24 11:30:00-04:00,430.75,444.89,445.05,444.89,448.3,12.6,9,1d+1h+4h,1.745,False,nofill,0.0
2024-07-24 12:30:00-04:00,429.97,431.06,431.21,431.06,434.4,13.2,10,1h+4h,0.134,False,nofill,0.0
2024-07-24 13:30:00-04:00,428.24,429.37,429.53,429.37,432.69,20.8,16,1h+4h,0.139,True,scratch,-0.09672804611735586
2024-07-24 14:30:00-04:00,428.59,429.37,429.52,429.37,432.59,20.8,16,1h+4h,0.096,True,scratch,-0.09560655412855779
2024-07-24 15:30:00-04:00,428.94,429.37,429.52,429.37,432.52,20.8,16,1h+4h,0.053,True,scratch,-0.09484052554130651
2024-07-25 09:30:00-04:00,421.14,427.28,427.46,427.28,431.12,27.8,21,1d+1h+4h,0.731,False,nofill,0.0
2024-07-25 10:30:00-04:00,423.79,427.28,427.47,427.28,431.21,27.8,21,1d+1h+4h,0.416,False,nofill,0.0
2024-07-25 11:30:00-04:00,425.06,427.28,427.47,427.28,431.3,27.8,21,1d+1h+4h,0.265,False,nofill,0.0
2024-07-25 12:30:00-04:00,425.01,427.28,427.47,427.28,431.24,27.8,21,1d+1h+4h,0.271,False,nofill,0.0
2024-07-25 13:30:00-04:00,423.26,427.28,427.47,427.28,431.18,27.8,21,1d+1h+4h,0.479,False,nofill,0.0
2024-07-25 14:30:00-04:00,422.04,427.28,427.46,427.28,431.15,27.8,21,1d+1h+4h,0.625,False,nofill,0.0
2024-07-25 15:30:00-04:00,418.4,419.08,419.27,419.08,422.99,40.4,28,1d+1h+4h,0.082,True,target,0.8263394062869578
2024-07-26 09:30:00-04:00,422.98,427.28,427.48,427.28,431.43,27.8,21,1d+1h+4h,0.5,True,scratch,-0.10614565430890899
2024-07-26 10:30:00-04:00,423.48,427.28,427.48,427.28,431.44,27.8,21,1d+1h+4h,0.441,True,scratch,-0.10626737532770658
2024-07-26 11:30:00-04:00,427.13,427.73,427.93,427.73,431.95,25.0,19,1d+1h+4h,0.07,True,scratch,-0.10688593292811355
2024-07-26 12:30:00-04:00,428.6,429.86,430.05,429.86,433.92,23.6,18,1h+4h,0.146,False,nofill,0.0
2024-07-26 13:30:00-04:00,425.39,427.28,427.47,427.28,431.3,27.8,21,1d+1h+4h,0.22,True,scratch,-0.10475156505820316
2024-07-26 14:30:00-04:00,425.5,427.28,427.46,427.28,431.16,27.8,21,1d+1h+4h,0.207,True,scratch,-0.10316592939453306
2024-07-26 15:30:00-04:00,425.49,427.28,427.46,427.28,431.07,28.8,22,1d+1h+4h,0.208,True,scratch,-0.10216925859189985
2024-07-29 09:30:00-04:00,427.27,427.73,427.91,427.73,431.51,26.0,20,1d+1h+4h,0.054,True,scratch,-0.10198411906501281
2024-07-29 10:30:00-04:00,425.84,427.28,427.46,427.28,431.03,28.8,22,1d+1h+4h,0.169,True,scratch,-0.10172220206170479
2024-07-29 11:30:00-04:00,428.02,428.7,428.88,428.7,432.52,23.8,19,1h+4h,0.08,True,scratch,-0.10236199473143692
2024-07-29 12:30:00-04:00,428.27,428.7,428.88,428.7,432.38,23.8,19,1h+4h,0.05,True,scratch,-0.10077941911091903
2024-07-29 13:30:00-04:00,426.63,427.28,427.45,427.28,430.89,28.8,22,1d+1h+4h,0.076,True,scratch,-0.10018753118653523
2024-07-29 14:30:00-04:00,427.65,428.7,428.87,428.7,432.19,23.8,19,1h+4h,0.123,True,scratch,-0.09874059008017078
2024-07-29 15:30:00-04:00,426.8,427.28,427.44,427.28,430.67,28.8,22,1d+1h+4h,0.056,True,scratch,-0.09774963005447779
2024-07-30 09:30:00-04:00,427.4,427.84,428.0,427.84,431.29,27.0,21,1d+1h+4h,0.05,False,nofill,0.0
2024-07-30 10:30:00-04:00,422.27,427.28,427.45,427.28,430.91,28.8,22,1d+1h+4h,0.574,False,nofill,0.0
2024-07-30 11:30:00-04:00,420.3,420.82,421.0,420.82,424.5,30.2,19,1d+1h+4h,0.06,True,scratch,-0.10161707722653457
2024-07-30 12:30:00-04:00,418.36,419.08,419.26,419.08,422.73,42.2,29,1d+1h+4h,0.083,True,target,0.7666626804401888
2024-07-30 13:30:00-04:00,420.8,427.89,428.06,427.89,431.56,28.8,22,1d+1h+4h,0.813,False,nofill,0.0
2024-07-30 14:30:00-04:00,420.96,427.89,428.06,427.89,431.44,28.8,22,1d+1h+4h,0.794,False,nofill,0.0
2024-07-30 15:30:00-04:00,422.42,427.28,427.45,427.28,430.94,28.8,22,1d+1h+4h,0.557,False,nofill,0.0
2024-07-31 09:30:00-04:00,417.6,419.01,419.21,419.01,423.17,43.2,30,1d+1h+4h,0.159,False,nofill,0.0
2024-07-31 10:30:00-04:00,417.87,419.01,419.21,419.01,423.18,43.2,30,1d+1h+4h,0.129,True,scratch,-0.10732244147695358
2024-07-31 11:30:00-04:00,415.72,419.09,419.29,419.09,423.2,43.2,30,1d+1h+4h,0.381,True,scratch,-0.10663995402205861
2024-07-31 12:30:00-04:00,417.0,419.09,419.28,419.09,423.17,43.2,30,1d+1h+4h,0.235,True,scratch,-0.10633793241728862
2024-07-31 13:30:00-04:00,418.45,419.01,419.21,419.01,423.13,43.2,30,1d+1h+4h,0.063,True,scratch,-0.10671307087650739
2024-07-31 14:30:00-04:00,416.2,419.01,419.21,419.01,423.23,43.2,30,1d+1h+4h,0.317,True,target,0.8976113703190514
2024-07-31 15:30:00-04:00,418.28,419.08,419.28,419.08,423.26,43.2,30,1d+1h+4h,0.091,True,scratch,-0.10737088153145447
2024-08-01 09:30:00-04:00,424.18,427.28,427.5,427.28,431.85,29.8,23,1d+1h+4h,0.336,False,nofill,0.0
2024-08-01 10:30:00-04:00,418.95,419.65,419.88,419.65,424.41,42.4,30,1d+1h+4h,0.076,True,scratch,-0.11392647404888656
2024-08-01 11:30:00-04:00,419.25,419.77,420.0,419.77,424.52,38.6,27,1d+1h+4h,0.056,False,nofill,0.0
2024-08-01 12:30:00-04:00,418.08,418.88,419.1,418.88,423.51,43.2,30,1d+1h+4h,0.086,False,nofill,0.0
2024-08-01 13:30:00-04:00,414.42,419.09,419.31,419.09,423.78,43.2,30,1d+1h+4h,0.506,False,nofill,0.0
2024-08-01 14:30:00-04:00,415.18,419.09,419.3,419.09,423.6,43.2,30,1d+1h+4h,0.423,False,nofill,0.0
2024-08-01 15:30:00-04:00,417.06,419.09,419.3,419.09,423.57,43.2,30,1d+1h+4h,0.22,False,nofill,0.0
2024-08-02 09:30:00-04:00,407.08,419.65,419.9,419.65,424.76,44.2,31,1d+1h+4h,1.328,False,nofill,0.0
2024-08-02 10:30:00-04:00,405.33,419.65,419.89,419.65,424.7,44.2,31,1d+1h+4h,1.512,False,nofill,0.0
2024-08-02 11:30:00-04:00,406.39,419.65,419.89,419.65,424.62,44.2,31,1d+1h+4h,1.4,False,nofill,0.0
2024-08-02 12:30:00-04:00,405.7,419.65,419.88,419.65,424.49,44.2,31,1d+1h+4h,1.473,False,nofill,0.0
2024-08-02 13:30:00-04:00,407.09,419.65,419.87,419.65,424.33,44.2,31,1d+1h+4h,1.327,False,nofill,0.0
2024-08-02 14:30:00-04:00,407.74,419.65,419.87,419.65,424.17,44.2,31,1d+1h+4h,1.258,False,nofill,0.0
2024-08-02 15:30:00-04:00,408.49,419.65,419.86,419.65,424.08,44.2,31,1d+1h+4h,1.179,False,nofill,0.0
2024-08-05 09:30:00-04:00,394.43,410.42,410.69,410.42,416.14,44.6,31,1d+1h+4h,1.537,False,nofill,0.0
2024-08-05 10:30:00-04:00,399.08,410.42,410.69,410.42,416.16,44.6,31,1d+1h+4h,1.09,False,nofill,0.0
2024-08-05 11:30:00-04:00,400.79,410.42,410.69,410.42,416.04,45.6,32,1d+1h+4h,0.926,False,nofill,0.0
2024-08-05 12:30:00-04:00,397.21,410.42,410.68,410.42,415.98,45.6,32,1d+1h+4h,1.27,False,nofill,0.0
2024-08-05 13:30:00-04:00,394.66,410.42,410.68,410.42,415.93,45.6,32,1d+1h+4h,1.515,False,nofill,0.0
2024-08-05 14:30:00-04:00,395.52,410.42,410.67,410.42,415.75,45.6,32,1d+1h+4h,1.433,False,nofill,0.0
2024-08-05 15:30:00-04:00,395.23,410.42,410.67,410.42,415.58,45.6,32,1d+1h+4h,1.46,False,nofill,0.0
2024-08-06 09:30:00-04:00,401.9,410.42,410.68,410.42,415.81,45.6,32,1d+1h+4h,0.82,False,nofill,0.0
2024-08-06 10:30:00-04:00,401.24,410.42,410.67,410.42,415.71,45.6,32,1d+1h+4h,0.883,False,nofill,0.0
2024-08-06 11:30:00-04:00,404.0,410.42,410.67,410.42,415.67,45.6,32,1d+1h+4h,0.618,False,nofill,0.0
2024-08-06 12:30:00-04:00,403.74,410.42,410.66,410.42,415.48,45.6,32,1d+1h+4h,0.643,False,nofill,0.0
2024-08-06 13:30:00-04:00,404.34,410.42,410.65,410.42,415.22,45.6,32,1d+1h+4h,0.585,False,nofill,0.0
2024-08-06 14:30:00-04:00,401.87,410.42,410.65,410.42,415.17,45.6,32,1d+1h+4h,0.822,False,nofill,0.0
2024-08-06 15:30:00-04:00,399.43,410.42,410.64,410.42,415.05,45.6,32,1d+1h+4h,1.057,False,nofill,0.0
2024-08-07 09:30:00-04:00,408.45,410.42,410.66,410.42,415.52,45.6,32,1d+1h+4h,0.187,False,nofill,0.0
2024-08-07 10:30:00-04:00,407.22,410.42,410.66,410.42,415.38,45.6,32,1d+1h+4h,0.304,False,nofill,0.0
2024-08-07 11:30:00-04:00,404.75,410.42,410.65,410.42,415.34,45.6,32,1d+1h+4h,0.538,False,nofill,0.0
2024-08-07 12:30:00-04:00,401.17,410.42,410.65,410.42,415.35,46.6,33,1d+1h+4h,0.878,False,nofill,0.0
2024-08-07 13:30:00-04:00,400.06,410.42,410.65,410.42,415.21,46.6,33,1d+1h+4h,0.983,False,nofill,0.0
2024-08-07 14:30:00-04:00,400.12,410.42,410.64,410.42,415.08,46.6,33,1d+1h+4h,0.977,False,nofill,0.0
2024-08-07 15:30:00-04:00,398.2,410.42,410.64,410.42,414.99,46.6,33,1d+1h+4h,1.16,False,nofill,0.0
2024-08-08 09:30:00-04:00,405.44,419.8,420.03,419.8,424.6,44.2,31,1d+1h+4h,1.393,False,nofill,0.0
2024-08-08 10:30:00-04:00,403.22,419.8,420.03,419.8,424.53,44.2,31,1d+1h+4h,1.608,False,nofill,0.0
2024-08-08 11:30:00-04:00,402.79,419.08,419.3,419.08,423.67,44.2,31,1d+1h+4h,1.58,False,nofill,0.0
2024-08-08 12:30:00-04:00,403.8,419.65,419.87,419.65,424.13,44.2,31,1d+1h+4h,1.538,False,nofill,0.0
2024-08-08 13:30:00-04:00,404.35,410.33,410.53,410.33,414.62,45.6,32,1d+1h+4h,0.58,False,nofill,0.0
2024-08-08 14:30:00-04:00,401.49,410.33,410.53,410.33,414.6,45.6,32,1d+1h+4h,0.858,False,nofill,0.0
2024-08-08 15:30:00-04:00,403.02,410.42,410.62,410.42,414.61,45.6,32,1d+1h+4h,0.718,False,nofill,0.0
2024-08-09 09:30:00-04:00,403.91,410.33,410.53,410.33,414.45,45.6,32,1d+1h+4h,0.643,False,nofill,0.0
2024-08-09 10:30:00-04:00,404.16,410.33,410.53,410.33,414.45,45.6,32,1d+1h+4h,0.618,False,nofill,0.0
2024-08-09 11:30:00-04:00,403.68,410.33,410.52,410.33,414.31,45.6,32,1d+1h+4h,0.666,False,nofill,0.0
2024-08-09 12:30:00-04:00,407.58,410.33,410.52,410.33,414.32,45.6,32,1d+1h+4h,0.276,False,nofill,0.0
2024-08-09 13:30:00-04:00,406.47,410.33,410.51,410.33,414.19,45.6,32,1d+1h+4h,0.387,False,nofill,0.0
2024-08-09 14:30:00-04:00,406.22,410.33,410.5,410.33,414.0,45.6,32,1d+1h+4h,0.412,False,nofill,0.0
2024-08-09 15:30:00-04:00,406.02,410.33,410.5,410.33,413.84,45.6,32,1d+1h+4h,0.432,False,nofill,0.0
2024-08-12 09:30:00-04:00,405.8,419.65,419.82,419.65,423.22,44.2,31,1d+1h+4h,1.446,False,nofill,0.0
2024-08-12 10:30:00-04:00,405.39,419.65,419.82,419.65,423.25,44.2,31,1d+1h+4h,1.488,False,nofill,0.0
2024-08-12 11:30:00-04:00,407.84,419.65,419.82,419.65,423.26,44.2,31,1d+1h+4h,1.233,False,nofill,0.0
2024-08-12 12:30:00-04:00,406.79,419.65,419.82,419.65,423.22,44.2,31,1d+1h+4h,1.342,False,nofill,0.0
2024-08-12 13:30:00-04:00,405.78,419.65,419.82,419.65,423.09,44.2,31,1d+1h+4h,1.448,False,nofill,0.0
2024-08-12 14:30:00-04:00,405.5,410.82,410.98,410.82,414.11,44.4,32,1d+1h+4h,0.556,True,scratch,-0.09799253210837078
2024-08-12 15:30:00-04:00,406.92,410.82,410.98,410.82,414.01,44.4,32,1d+1h+4h,0.408,True,scratch,-0.09685854484089429
2024-08-13 09:30:00-04:00,410.6,419.65,419.81,419.65,423.05,44.2,31,1d+1h+4h,0.956,False,nofill,0.0
2024-08-13 10:30:00-04:00,413.28,419.65,419.82,419.65,423.1,44.2,31,1d+1h+4h,0.673,False,nofill,0.0
2024-08-13 11:30:00-04:00,413.38,419.65,419.81,419.65,422.95,44.2,31,1d+1h+4h,0.662,False,nofill,0.0
2024-08-13 12:30:00-04:00,414.32,419.65,419.8,419.65,422.85,44.2,31,1d+1h+4h,0.563,False,nofill,0.0
2024-08-13 13:30:00-04:00,414.28,419.65,419.8,419.65,422.77,44.2,31,1d+1h+4h,0.567,False,nofill,0.0
2024-08-13 14:30:00-04:00,413.88,419.65,419.79,419.65,422.63,44.2,31,1d+1h+4h,0.61,False,nofill,0.0
2024-08-13 15:30:00-04:00,413.96,419.65,419.79,419.65,422.54,44.2,31,1d+1h+4h,0.601,False,nofill,0.0
2024-08-14 09:30:00-04:00,414.28,419.09,419.23,419.09,422.0,43.2,30,1d+1h+4h,0.525,False,nofill,0.0
2024-08-14 10:30:00-04:00,416.28,419.08,419.23,419.08,422.08,43.2,30,1d+1h+4h,0.306,False,nofill,0.0
2024-08-14 11:30:00-04:00,415.86,419.01,419.15,419.01,421.96,43.2,30,1d+1h+4h,0.344,False,nofill,0.0
2024-08-14 12:30:00-04:00,416.43,419.09,419.23,419.09,421.95,43.2,30,1d+1h+4h,0.29,False,nofill,0.0
2024-08-14 13:30:00-04:00,416.16,419.08,419.22,419.08,421.84,43.2,30,1d+1h+4h,0.319,True,scratch,-0.09127290914641151
2024-08-14 14:30:00-04:00,415.67,419.01,419.14,419.01,421.68,44.2,31,1d+1h+4h,0.365,True,scratch,-0.09028280767408026
2024-08-14 15:30:00-04:00,416.62,419.08,419.21,419.08,421.73,44.2,31,1d+1h+4h,0.269,True,scratch,-0.08996112312698035
2024-08-15 09:30:00-04:00,419.87,420.39,420.52,420.39,423.17,33.0,21,1d+1h+4h,0.059,True,scratch,-0.09139625539372753
2024-08-15 10:30:00-04:00,418.74,419.65,419.78,419.65,422.38,39.6,28,1d+1h+4h,0.104,True,scratch,-0.09086185142687109
2024-08-15 11:30:00-04:00,420.06,427.89,428.02,427.89,430.58,31.6,24,1d+1h+4h,0.884,False,nofill,0.0
2024-08-15 12:30:00-04:00,419.12,419.65,419.78,419.65,422.27,39.6,28,1d+1h+4h,0.061,True,scratch,-0.08963046872628722
2024-08-15 13:30:00-04:00,420.03,420.49,420.61,420.49,423.0,33.0,21,1d+1h+4h,0.051,True,scratch,-0.08843012048338483
2024-08-15 14:30:00-04:00,419.98,420.49,420.6,420.49,422.87,33.0,21,1d+1h+4h,0.057,True,scratch,-0.08700100929082133
2024-08-15 15:30:00-04:00,421.1,427.89,428.0,427.89,430.26,31.6,24,1d+1h+4h,0.766,False,nofill,0.0
2024-08-16 09:30:00-04:00,417.85,419.08,419.2,419.08,421.59,44.2,31,1d+1h+4h,0.145,True,scratch,-0.08836973809736026
2024-08-16 10:30:00-04:00,417.95,419.08,419.2,419.08,421.5,44.2,31,1d+1h+4h,0.133,True,scratch,-0.08738958743199632
2024-08-16 11:30:00-04:00,419.14,419.65,419.77,419.65,422.03,38.6,27,1d+1h+4h,0.06,False,nofill,0.0
2024-08-16 12:30:00-04:00,419.5,420.94,421.04,420.94,423.19,32.2,21,1d+1h+4h,0.169,False,nofill,0.0
2024-08-16 13:30:00-04:00,418.91,419.65,419.76,419.65,421.84,38.6,27,1d+1h+4h,0.087,True,scratch,-0.08483069582249092
2024-08-16 14:30:00-04:00,418.83,419.65,419.75,419.65,421.73,38.6,27,1d+1h+4h,0.097,True,scratch,-0.08358328423468953
2024-08-16 15:30:00-04:00,418.54,419.08,419.18,419.08,421.08,44.2,31,1d+1h+4h,0.064,True,scratch,-0.08268516474497778
2024-08-19 09:30:00-04:00,417.81,419.01,419.11,419.01,421.12,41.2,30,1d+1h+4h,0.145,True,scratch,-0.08396256859620754
2024-08-19 10:30:00-04:00,417.97,418.88,418.98,418.88,420.96,41.2,30,1d+1h+4h,0.11,True,scratch,-0.08365376773632471
2024-08-19 11:30:00-04:00,418.12,418.88,418.98,418.88,420.9,41.2,30,1d+1h+4h,0.091,True,scratch,-0.08289167388422225
2024-08-19 12:30:00-04:00,418.57,419.01,419.1,419.01,420.98,42.2,31,1d+1h+4h,0.053,True,target,0.3863043337347438
2024-08-19 13:30:00-04:00,419.42,419.87,419.96,419.87,421.77,35.8,25,1d+1h+4h,0.054,True,scratch,-0.08156105827360483
2024-08-19 14:30:00-04:00,419.64,420.94,421.02,420.94,422.8,32.2,21,1d+1h+4h,0.157,True,target,0.36078360237425944
2024-08-19 15:30:00-04:00,421.58,427.46,427.55,427.46,429.35,31.6,24,1d+1h+4h,0.711,False,nofill,0.0
2024-08-20 09:30:00-04:00,422.55,427.89,427.98,427.89,429.8,31.6,24,1d+1h+4h,0.668,False,nofill,0.0
2024-08-20 10:30:00-04:00,422.01,427.89,427.98,427.89,429.78,31.6,24,1d+1h+4h,0.736,False,nofill,0.0
2024-08-20 11:30:00-04:00,423.08,427.89,427.98,427.89,429.73,31.6,24,1d+1h+4h,0.602,False,nofill,0.0
2024-08-20 12:30:00-04:00,423.76,427.82,427.91,427.82,429.62,31.6,24,1d+1h+4h,0.508,False,nofill,0.0
2024-08-20 13:30:00-04:00,425.24,427.84,427.93,427.84,429.69,31.6,24,1d+1h+4h,0.325,False,nofill,0.0
2024-08-20 14:30:00-04:00,424.31,427.82,427.91,427.82,429.63,31.6,24,1d+1h+4h,0.439,False,nofill,0.0
2024-08-20 15:30:00-04:00,424.87,427.89,427.97,427.89,429.66,31.6,24,1d+1h+4h,0.378,False,nofill,0.0
2024-08-21 09:30:00-04:00,424.22,427.82,427.91,427.82,429.64,31.6,24,1d+1h+4h,0.465,False,nofill,0.0
2024-08-21 10:30:00-04:00,423.82,427.82,427.91,427.82,429.77,31.6,24,1d+1h+4h,0.517,False,nofill,0.0
2024-08-21 11:30:00-04:00,423.06,427.89,427.98,427.89,429.86,31.6,24,1d+1h+4h,0.623,False,nofill,0.0
2024-08-21 12:30:00-04:00,423.98,427.82,427.91,427.82,429.73,31.6,24,1d+1h+4h,0.496,False,nofill,0.0
2024-08-21 13:30:00-04:00,424.18,427.89,427.98,427.89,429.75,32.6,25,1d+1h+4h,0.479,False,nofill,0.0
2024-08-21 14:30:00-04:00,423.23,427.82,427.91,427.82,429.68,32.6,25,1d+1h+4h,0.592,False,nofill,0.0
2024-08-21 15:30:00-04:00,424.1,427.89,427.98,427.89,429.72,32.6,25,1d+1h+4h,0.489,False,nofill,0.0
2024-08-22 09:30:00-04:00,423.8,427.82,427.91,427.82,429.77,32.6,25,1d+1h+4h,0.499,False,nofill,0.0
2024-08-22 10:30:00-04:00,419.28,419.71,419.81,419.71,421.86,36.8,26,1d+1h+4h,0.054,True,scratch,-0.08439649686968753
2024-08-22 11:30:00-04:00,419.93,427.84,427.94,427.84,430.03,32.6,25,1d+1h+4h,0.982,False,nofill,0.0
2024-08-22 12:30:00-04:00,416.45,419.01,419.12,419.01,421.33,42.2,31,1d+1h+4h,0.318,False,nofill,0.0
2024-08-22 13:30:00-04:00,416.55,419.01,419.12,419.01,421.31,42.2,31,1d+1h+4h,0.306,True,scratch,-0.08614989645794324
2024-08-22 14:30:00-04:00,414.83,419.01,419.12,419.01,421.3,42.2,31,1d+1h+4h,0.519,True,scratch,-0.0859755204922541
2024-08-22 15:30:00-04:00,415.62,419.09,419.2,419.09,421.34,42.2,31,1d+1h+4h,0.431,True,scratch,-0.08557032325429148
2024-08-23 09:30:00-04:00,418.18,418.88,418.99,418.88,421.25,42.2,31,1d+1h+4h,0.088,False,nofill,0.0
2024-08-23 10:30:00-04:00,415.51,419.09,419.21,419.09,421.69,42.2,31,1d+1h+4h,0.449,False,nofill,0.0
2024-08-23 11:30:00-04:00,412.85,419.08,419.22,419.08,421.83,42.2,31,1d+1h+4h,0.781,False,nofill,0.0
2024-08-23 12:30:00-04:00,414.5,419.26,419.39,419.26,422.01,46.2,33,1d+1h+4h,0.596,False,nofill,0.0
2024-08-23 13:30:00-04:00,414.7,419.26,419.39,419.26,421.91,46.2,33,1d+1h+4h,0.572,False,nofill,0.0
2024-08-23 14:30:00-04:00,416.21,419.26,419.38,419.26,421.88,46.2,33,1d+1h+4h,0.382,False,nofill,0.0
2024-08-23 15:30:00-04:00,416.58,419.26,419.38,419.26,421.86,46.2,33,1d+1h+4h,0.336,False,nofill,0.0
2024-08-26 09:30:00-04:00,414.2,419.26,419.39,419.26,421.94,46.2,33,1d+1h+4h,0.646,False,nofill,0.0
2024-08-26 10:30:00-04:00,414.57,419.26,419.39,419.26,421.97,46.2,33,1d+1h+4h,0.599,False,nofill,0.0
2024-08-26 11:30:00-04:00,413.98,419.26,419.39,419.26,421.89,46.2,33,1d+1h+4h,0.675,False,nofill,0.0
2024-08-26 12:30:00-04:00,413.45,419.26,419.38,419.26,421.79,46.2,33,1d+1h+4h,0.742,False,nofill,0.0
2024-08-26 13:30:00-04:00,412.78,419.26,419.38,419.26,421.79,46.2,33,1d+1h+4h,0.828,False,nofill,0.0
2024-08-26 14:30:00-04:00,413.24,419.26,419.38,419.26,421.68,46.2,33,1d+1h+4h,0.769,False,nofill,0.0
2024-08-26 15:30:00-04:00,413.61,419.26,419.37,419.26,421.6,46.2,33,1d+1h+4h,0.722,False,nofill,0.0
2024-08-27 09:30:00-04:00,414.08,419.09,419.21,419.09,421.55,47.2,34,1d+1h+4h,0.663,False,nofill,0.0
2024-08-27 10:30:00-04:00,411.42,419.01,419.13,419.01,421.52,47.2,34,1d+1h+4h,1.004,False,nofill,0.0
2024-08-27 11:30:00-04:00,412.13,419.09,419.21,419.09,421.55,47.2,34,1d+1h+4h,0.921,False,nofill,0.0
2024-08-27 12:30:00-04:00,412.71,419.09,419.2,419.09,421.49,47.2,34,1d+1h+4h,0.844,False,nofill,0.0
2024-08-27 13:30:00-04:00,413.94,419.09,419.2,419.09,421.42,47.2,34,1d+1h+4h,0.681,False,nofill,0.0
2024-08-27 14:30:00-04:00,413.69,419.09,419.2,419.09,421.32,47.2,34,1d+1h+4h,0.715,False,nofill,0.0
2024-08-27 15:30:00-04:00,413.85,419.09,419.19,419.09,421.25,47.2,34,1d+1h+4h,0.693,False,nofill,0.0
2024-08-28 09:30:00-04:00,412.42,419.09,419.2,419.09,421.36,47.2,34,1d+1h+4h,0.883,False,nofill,0.0
2024-08-28 10:30:00-04:00,409.18,419.09,419.21,419.09,421.57,47.2,34,1d+1h+4h,1.312,False,nofill,0.0
2024-08-28 11:30:00-04:00,409.01,419.09,419.2,419.09,421.49,47.2,34,1d+1h+4h,1.334,False,nofill,0.0
2024-08-28 12:30:00-04:00,409.95,419.08,419.2,419.08,421.43,47.2,34,1d+1h+4h,1.209,False,nofill,0.0
2024-08-28 13:30:00-04:00,408.6,419.09,419.2,419.09,421.5,47.2,34,1d+1h+4h,1.388,True,scratch,-0.0873368567406052
2024-08-28 14:30:00-04:00,410.55,419.01,419.13,419.01,421.43,47.2,34,1d+1h+4h,1.12,True,target,0.48901016764755223
2024-08-28 15:30:00-04:00,410.5,419.01,419.12,419.01,421.38,47.2,34,1d+1h+4h,1.126,True,target,0.47807263959402935
2024-08-29 09:30:00-04:00,419.78,420.73,420.88,420.73,423.79,35.2,22,1d+1h+4h,0.122,True,scratch,-0.09462703199826228
2024-08-29 10:30:00-04:00,419.4,419.8,419.95,419.8,422.85,39.8,27,1d+1h+4h,0.052,True,scratch,-0.09451853169127888
2024-08-29 11:30:00-04:00,419.32,419.77,419.91,419.77,422.71,39.8,27,1d+1h+4h,0.058,True,scratch,-0.0932953395168079
2024-08-29 12:30:00-04:00,418.16,419.26,419.4,419.26,422.17,49.2,34,1d+1h+4h,0.14,False,nofill,0.0
2024-08-29 13:30:00-04:00,415.42,419.26,419.4,419.26,422.2,49.2,34,1d+1h+4h,0.49,False,nofill,0.0
2024-08-29 14:30:00-04:00,413.91,419.26,419.4,419.26,422.2,49.2,34,1d+1h+4h,0.684,False,nofill,0.0
2024-08-29 15:30:00-04:00,413.14,419.26,419.4,419.26,422.19,49.2,34,1d+1h+4h,0.782,False,nofill,0.0
2024-08-30 09:30:00-04:00,415.95,419.09,419.23,419.09,422.13,47.2,34,1d+1h+4h,0.411,False,nofill,0.0
2024-08-30 10:30:00-04:00,415.31,419.09,419.23,419.09,422.13,47.2,34,1d+1h+4h,0.494,False,nofill,0.0
2024-08-30 11:30:00-04:00,412.96,419.09,419.23,419.09,422.11,47.2,34,1d+1h+4h,0.802,False,nofill,0.0
2024-08-30 12:30:00-04:00,413.6,419.09,419.23,419.09,422.09,47.2,34,1d+1h+4h,0.718,False,nofill,0.0
2024-08-30 13:30:00-04:00,412.97,419.09,419.23,419.09,422.01,47.2,34,1d+1h+4h,0.801,True,scratch,-0.09310484662909957
2024-08-30 14:30:00-04:00,414.29,419.01,419.14,419.01,421.84,47.2,34,1d+1h+4h,0.618,True,scratch,-0.09210761143154667
2024-08-30 15:30:00-04:00,417.14,419.08,419.22,419.08,422.0,47.2,34,1d+1h+4h,0.255,True,scratch,-0.0930171083436071
2024-09-03 09:30:00-04:00,417.6,419.26,419.4,419.26,422.3,50.2,35,1d+1h+4h,0.208,False,nofill,0.0
2024-09-03 10:30:00-04:00,413.36,419.26,419.41,419.26,422.47,50.2,35,1d+1h+4h,0.738,False,nofill,0.0
2024-09-03 11:30:00-04:00,411.5,419.26,419.41,419.26,422.42,50.2,35,1d+1h+4h,0.969,False,nofill,0.0
2024-09-03 12:30:00-04:00,411.7,419.26,419.4,419.26,422.28,51.2,36,1d+1h+4h,0.945,False,nofill,0.0
2024-09-03 13:30:00-04:00,409.43,419.26,419.4,419.26,422.28,51.2,36,1d+1h+4h,1.229,False,nofill,0.0
2024-09-03 14:30:00-04:00,409.79,419.26,419.4,419.26,422.15,51.2,36,1d+1h+4h,1.184,False,nofill,0.0
2024-09-03 15:30:00-04:00,409.54,419.26,419.4,419.26,422.16,51.2,36,1d+1h+4h,1.215,False,nofill,0.0
2024-09-04 09:30:00-04:00,408.22,419.26,419.41,419.26,422.34,50.2,35,1d+1h+4h,1.396,False,nofill,0.0
2024-09-04 10:30:00-04:00,409.2,419.26,419.41,419.26,422.38,50.2,35,1d+1h+4h,1.272,False,nofill,0.0
2024-09-04 11:30:00-04:00,409.76,419.26,419.4,419.26,422.25,50.2,35,1d+1h+4h,1.201,False,nofill,0.0
2024-09-04 12:30:00-04:00,408.15,419.26,419.4,419.26,422.25,50.2,35,1d+1h+4h,1.404,False,nofill,0.0
2024-09-04 13:30:00-04:00,409.41,419.26,419.4,419.26,422.15,52.0,36,1d+1h+4h,1.245,False,nofill,0.0
2024-09-04 14:30:00-04:00,409.61,419.26,419.39,419.26,422.05,52.0,36,1d+1h+4h,1.22,False,nofill,0.0
2024-09-04 15:30:00-04:00,408.77,419.26,419.39,419.26,422.02,52.0,36,1d+1h+4h,1.326,False,nofill,0.0
2024-09-05 09:30:00-04:00,411.99,419.26,419.4,419.26,422.22,52.0,36,1d+1h+4h,0.928,False,nofill,0.0
2024-09-05 10:30:00-04:00,407.65,419.26,419.41,419.26,422.43,52.0,36,1d+1h+4h,1.482,False,nofill,0.0
2024-09-05 11:30:00-04:00,407.45,419.26,419.41,419.26,422.34,52.0,36,1d+1h+4h,1.507,False,nofill,0.0
2024-09-05 12:30:00-04:00,406.3,419.26,419.4,419.26,422.23,52.0,36,1d+1h+4h,1.655,False,nofill,0.0
2024-09-05 13:30:00-04:00,408.23,419.26,419.4,419.26,422.26,52.0,36,1d+1h+4h,1.408,False,nofill,0.0
2024-09-05 14:30:00-04:00,407.72,419.26,419.4,419.26,422.24,52.0,36,1d+1h+4h,1.473,False,nofill,0.0
2024-09-05 15:30:00-04:00,408.36,419.26,419.4,419.26,422.16,52.0,36,1d+1h+4h,1.391,False,nofill,0.0
2024-09-06 09:30:00-04:00,405.71,419.26,419.41,419.26,422.32,53.0,37,1d+1h+4h,1.7,False,nofill,0.0
2024-09-06 10:30:00-04:00,402.62,411.24,411.39,411.24,414.39,47.4,35,1d+1h+4h,1.082,False,nofill,0.0
2024-09-06 11:30:00-04:00,401.61,411.24,411.39,411.24,414.34,47.4,35,1d+1h+4h,1.208,False,nofill,0.0
2024-09-06 12:30:00-04:00,402.52,411.24,411.39,411.24,414.29,47.4,35,1d+1h+4h,1.094,False,nofill,0.0
2024-09-06 13:30:00-04:00,401.52,411.24,411.38,411.24,414.18,49.2,36,1d+1h+4h,1.22,False,nofill,0.0
2024-09-06 14:30:00-04:00,401.91,411.24,411.38,411.24,414.11,49.2,36,1d+1h+4h,1.171,False,nofill,0.0
2024-09-06 15:30:00-04:00,401.72,411.24,411.37,411.24,414.03,49.2,36,1d+1h+4h,1.195,False,nofill,0.0
2024-09-09 09:30:00-04:00,404.31,419.26,419.41,419.26,422.36,52.0,36,1d+1h+4h,1.895,False,nofill,0.0
2024-09-09 10:30:00-04:00,403.3,419.01,419.15,419.01,422.05,50.0,36,1d+1h+4h,1.992,False,nofill,0.0
2024-09-09 11:30:00-04:00,405.43,419.26,419.4,419.26,422.27,52.0,36,1d+1h+4h,1.753,False,nofill,0.0
2024-09-09 12:30:00-04:00,405.2,419.26,419.4,419.26,422.16,52.0,36,1d+1h+4h,1.782,False,nofill,0.0
2024-09-09 13:30:00-04:00,403.32,419.09,419.23,419.09,421.96,50.0,36,1d+1h+4h,1.999,False,nofill,0.0
2024-09-09 14:30:00-04:00,403.5,419.26,419.39,419.26,422.01,52.0,36,1d+1h+4h,1.998,False,nofill,0.0
2024-09-09 15:30:00-04:00,405.72,419.26,419.39,419.26,422.0,52.0,36,1d+1h+4h,1.716,False,nofill,0.0
2024-09-10 09:30:00-04:00,415.27,419.26,419.42,419.26,422.6,53.0,37,1d+1h+4h,0.494,False,nofill,0.0
2024-09-10 10:30:00-04:00,413.64,419.26,419.42,419.26,422.63,53.0,37,1d+1h+4h,0.696,False,nofill,0.0
2024-09-10 11:30:00-04:00,409.81,419.26,419.43,419.26,422.78,53.0,37,1d+1h+4h,1.171,False,nofill,0.0
2024-09-10 12:30:00-04:00,411.57,419.26,419.43,419.26,422.75,53.0,37,1d+1h+4h,0.953,False,nofill,0.0
2024-09-10 13:30:00-04:00,412.29,419.26,419.42,419.26,422.59,53.0,37,1d+1h+4h,0.864,False,nofill,0.0
2024-09-10 14:30:00-04:00,412.15,419.26,419.41,419.26,422.42,53.0,37,1d+1h+4h,0.881,False,nofill,0.0
2024-09-10 15:30:00-04:00,414.23,419.26,419.41,419.26,422.41,53.0,37,1d+1h+4h,0.623,False,nofill,0.0
2024-09-11 09:30:00-04:00,411.91,419.26,419.42,419.26,422.58,53.0,37,1d+1h+4h,0.864,False,nofill,0.0
2024-09-11 10:30:00-04:00,411.6,419.26,419.42,419.26,422.53,53.0,37,1d+1h+4h,0.9,True,target,0.6824022128552487
2024-09-11 11:30:00-04:00,415.96,419.26,419.42,419.26,422.66,53.0,37,1d+1h+4h,0.388,True,target,0.711231173538196
2024-09-11 12:30:00-04:00,417.06,419.08,419.24,419.08,422.38,53.0,37,1d+1h+4h,0.238,True,target,0.6888018216129943
2024-09-11 13:30:00-04:00,419.93,420.94,421.09,420.94,424.23,42.8,28,1d+1h+4h,0.118,True,scratch,-0.097221800135594
2024-09-11 14:30:00-04:00,421.39,427.89,428.04,427.89,431.08,34.4,26,1d+1h+4h,0.764,False,nofill,0.0
2024-09-11 15:30:00-04:00,422.94,427.28,427.43,427.28,430.51,34.4,26,1d+1h+4h,0.51,False,nofill,0.0
2024-09-12 09:30:00-04:00,421.58,427.89,428.04,427.89,431.11,34.4,26,1d+1h+4h,0.748,False,nofill,0.0
2024-09-12 10:30:00-04:00,420.53,421.61,421.77,421.61,424.77,40.2,27,1d+1h+4h,0.129,True,target,0.6530435989350325
2024-09-12 11:30:00-04:00,421.14,421.61,421.76,421.61,424.65,40.2,27,1d+1h+4h,0.056,True,target,0.625310590625161
2024-09-12 12:30:00-04:00,423.96,427.73,427.88,427.73,430.8,34.4,26,1d+1h+4h,0.447,False,nofill,0.0
2024-09-12 13:30:00-04:00,427.18,427.73,427.88,427.73,430.83,34.4,26,1d+1h+4h,0.065,True,scratch,-0.09447143235568056
2024-09-12 14:30:00-04:00,426.23,427.28,427.43,427.28,430.39,34.4,26,1d+1h+4h,0.124,True,scratch,-0.09463794891517718
2024-09-12 15:30:00-04:00,427.09,427.73,427.87,427.73,430.75,34.4,26,1d+1h+4h,0.076,True,scratch,-0.09358884057355521
2024-09-13 09:30:00-04:00,427.29,427.73,427.87,427.73,430.75,34.4,26,1d+1h+4h,0.053,True,target,0.6123611167301091
2024-09-13 10:30:00-04:00,428.47,428.91,429.05,428.91,431.9,27.4,21,1h+4h,0.053,True,scratch,-0.09315750256619904
2024-09-13 11:30:00-04:00,428.57,429.37,429.51,429.37,432.25,27.4,21,1h+4h,0.096,True,scratch,-0.09192693633700566
2024-09-13 12:30:00-04:00,431.29,444.89,445.03,444.89,447.79,12.6,9,1d+1h+4h,1.642,False,nofill,0.0
2024-09-13 13:30:00-04:00,430.46,430.94,431.07,430.94,433.76,17.0,13,1h+4h,0.058,True,scratch,-0.09112980377281588
2024-09-13 14:30:00-04:00,430.7,444.89,445.02,444.89,447.6,12.6,9,1d+1h+4h,1.713,False,nofill,0.0
2024-09-13 15:30:00-04:00,430.57,431.06,431.18,431.06,433.64,16.0,12,1h+4h,0.059,True,scratch,-0.0884904598184244
2024-09-16 09:30:00-04:00,431.15,444.89,445.02,444.89,447.68,12.6,9,1d+1h+4h,1.704,False,nofill,0.0
2024-09-16 10:30:00-04:00,431.07,444.89,445.02,444.89,447.7,12.6,9,1d+1h+4h,1.714,False,nofill,0.0
2024-09-16 11:30:00-04:00,429.74,431.06,431.19,431.06,433.84,16.0,12,1h+4h,0.163,True,scratch,-0.0907140173068921
2024-09-16 12:30:00-04:00,429.94,431.06,431.18,431.06,433.73,16.0,12,1h+4h,0.138,True,scratch,-0.08948773880874672
2024-09-16 13:30:00-04:00,430.9,444.89,445.01,444.89,447.51,12.6,9,1d+1h+4h,1.735,False,nofill,0.0
2024-09-16 14:30:00-04:00,430.55,431.06,431.17,431.06,433.55,16.0,12,1h+4h,0.063,True,target,0.4908989659865748
2024-09-16 15:30:00-04:00,431.44,444.89,445.0,444.89,447.29,12.6,9,1d+1h+4h,1.668,False,nofill,0.0
2024-09-17 09:30:00-04:00,437.66,444.85,444.99,444.85,447.86,12.6,9,1d+1h+4h,0.874,False,nofill,0.0
2024-09-17 10:30:00-04:00,435.8,444.58,444.73,444.58,447.63,12.6,9,1d+1h+4h,1.067,False,nofill,0.0
2024-09-17 11:30:00-04:00,434.02,444.58,444.73,444.58,447.66,12.6,9,1d+1h+4h,1.284,False,nofill,0.0
2024-09-17 12:30:00-04:00,434.92,441.85,442.0,441.85,444.91,14.6,9,1d+1h+4h,0.843,False,nofill,0.0
2024-09-17 13:30:00-04:00,435.37,441.85,441.99,441.85,444.88,14.6,9,1d+1h+4h,0.788,False,nofill,0.0
2024-09-17 14:30:00-04:00,434.6,441.85,441.99,441.85,444.78,14.6,9,1d+1h+4h,0.881,False,nofill,0.0
2024-09-17 15:30:00-04:00,435.16,441.85,441.98,441.85,444.65,14.6,9,1d+1h+4h,0.813,False,nofill,0.0
2024-09-18 09:30:00-04:00,432.19,441.85,441.99,441.85,444.73,14.6,9,1d+1h+4h,1.203,False,nofill,0.0
2024-09-18 10:30:00-04:00,431.9,441.85,441.98,441.85,444.64,14.6,9,1d+1h+4h,1.239,False,nofill,0.0
2024-09-18 11:30:00-04:00,432.55,441.85,441.98,441.85,444.6,14.6,9,1d+1h+4h,1.158,False,nofill,0.0
2024-09-18 12:30:00-04:00,432.56,441.85,441.98,441.85,444.5,14.6,9,1d+1h+4h,1.156,False,nofill,0.0
2024-09-18 13:30:00-04:00,434.54,441.85,441.98,441.85,444.67,16.4,10,1d+1h+4h,0.909,False,nofill,0.0
2024-09-18 14:30:00-04:00,434.42,441.85,441.99,441.85,444.79,16.4,10,1d+1h+4h,0.925,False,nofill,0.0
2024-09-18 15:30:00-04:00,430.75,441.85,442.0,441.85,444.91,16.4,10,1d+1h+4h,1.382,False,nofill,0.0
2024-09-19 09:30:00-04:00,439.58,441.85,442.02,441.85,445.48,16.4,10,1d+1h+4h,0.276,False,nofill,0.0
2024-09-19 10:30:00-04:00,439.35,441.85,442.02,441.85,445.43,16.4,10,1d+1h+4h,0.304,False,nofill,0.0
2024-09-19 11:30:00-04:00,439.4,441.85,442.01,441.85,445.26,16.4,10,1d+1h+4h,0.298,False,nofill,0.0
2024-09-19 12:30:00-04:00,438.34,441.85,442.01,441.85,445.15,17.4,11,1d+1h+4h,0.427,False,nofill,0.0
2024-09-19 13:30:00-04:00,438.94,441.85,442.0,441.85,445.07,17.4,11,1d+1h+4h,0.354,False,nofill,0.0
2024-09-19 14:30:00-04:00,438.98,441.85,442.0,441.85,444.92,17.4,11,1d+1h+4h,0.35,False,nofill,0.0
2024-09-19 15:30:00-04:00,438.68,441.85,441.99,441.85,444.82,17.4,11,1d+1h+4h,0.386,False,nofill,0.0
2024-09-20 09:30:00-04:00,435.84,441.85,441.99,441.85,444.88,17.4,11,1d+1h+4h,0.754,False,nofill,0.0
2024-09-20 10:30:00-04:00,434.77,441.85,441.99,441.85,444.83,17.4,11,1d+1h+4h,0.887,False,nofill,0.0
2024-09-20 11:30:00-04:00,437.3,441.85,441.99,441.85,444.83,17.4,11,1d+1h+4h,0.571,False,nofill,0.0
2024-09-20 12:30:00-04:00,436.89,441.85,441.99,441.85,444.71,17.4,11,1d+1h+4h,0.622,False,nofill,0.0
2024-09-20 13:30:00-04:00,436.22,441.85,441.98,441.85,444.61,17.4,11,1d+1h+4h,0.706,False,nofill,0.0
2024-09-20 14:30:00-04:00,436.28,441.85,441.98,441.85,444.52,17.4,11,1d+1h+4h,0.698,False,nofill,0.0
2024-09-20 15:30:00-04:00,435.23,441.85,441.98,441.85,444.54,17.4,11,1d+1h+4h,0.83,False,nofill,0.0
2024-09-23 09:30:00-04:00,434.46,441.85,441.99,441.85,444.71,17.4,11,1d+1h+4h,0.943,False,nofill,0.0
2024-09-23 10:30:00-04:00,435.6,441.85,441.98,441.85,444.66,17.4,11,1d+1h+4h,0.798,False,nofill,0.0
2024-09-23 11:30:00-04:00,434.54,441.85,441.98,441.85,444.64,17.4,11,1d+1h+4h,0.933,False,nofill,0.0
2024-09-23 12:30:00-04:00,432.99,441.85,441.98,441.85,444.61,17.4,11,1d+1h+4h,1.131,False,nofill,0.0
2024-09-23 13:30:00-04:00,433.64,441.85,441.98,441.85,444.5,17.4,11,1d+1h+4h,1.047,False,nofill,0.0
2024-09-23 14:30:00-04:00,433.92,441.85,441.97,441.85,444.39,17.4,11,1d+1h+4h,1.012,False,nofill,0.0
2024-09-23 15:30:00-04:00,433.37,441.85,441.97,441.85,444.3,17.4,11,1d+1h+4h,1.082,False,nofill,0.0
2024-09-24 09:30:00-04:00,426.85,427.82,427.95,427.82,430.6,35.4,27,1d+1h+4h,0.124,True,scratch,-0.09087446716945502
2024-09-24 10:30:00-04:00,429.13,429.75,429.89,429.75,432.6,26.6,21,1h+4h,0.08,True,scratch,-0.09152240444234572
2024-09-24 11:30:00-04:00,429.9,430.39,430.52,430.39,433.2,21.8,17,1h+4h,0.063,False,nofill,0.0
2024-09-24 12:30:00-04:00,428.97,429.37,429.5,429.37,432.1,32.2,25,1h+4h,0.051,False,nofill,0.0
2024-09-24 13:30:00-04:00,428.36,429.37,429.5,429.37,432.0,32.2,25,1h+4h,0.13,True,target,0.5226273417861416
2024-09-24 14:30:00-04:00,428.95,429.37,429.49,429.37,431.93,32.2,25,1h+4h,0.054,True,target,0.5077761675897685
2024-09-24 15:30:00-04:00,429.31,429.75,429.87,429.75,432.21,26.6,21,1h+4h,0.056,True,target,0.48552700032680196
2024-09-25 09:30:00-04:00,430.52,430.94,431.06,430.94,433.45,18.0,14,1h+4h,0.056,True,scratch,-0.08765700731954151
2024-09-25 10:30:00-04:00,431.72,441.85,441.97,441.85,444.29,17.4,11,1d+1h+4h,1.34,False,nofill,0.0
2024-09-25 11:30:00-04:00,431.9,441.85,441.96,441.85,444.26,17.4,11,1d+1h+4h,1.316,False,nofill,0.0
2024-09-25 12:30:00-04:00,432.15,441.85,441.96,441.85,444.21,17.4,11,1d+1h+4h,1.283,False,nofill,0.0
2024-09-25 13:30:00-04:00,431.75,441.85,441.96,441.85,444.16,17.4,11,1d+1h+4h,1.336,False,nofill,0.0
2024-09-25 14:30:00-04:00,431.94,441.85,441.96,441.85,444.08,17.4,11,1d+1h+4h,1.311,False,nofill,0.0
2024-09-25 15:30:00-04:00,432.04,441.85,441.95,441.85,443.98,17.4,11,1d+1h+4h,1.298,False,nofill,0.0
2024-09-26 09:30:00-04:00,430.82,441.85,441.95,441.85,444.03,17.4,11,1d+1h+4h,1.481,False,nofill,0.0
2024-09-26 10:30:00-04:00,430.47,430.94,431.04,430.94,433.1,18.0,14,1h+4h,0.063,True,scratch,-0.08385380604076786
2024-09-26 11:30:00-04:00,430.02,430.45,430.55,430.45,432.59,21.8,17,1h+4h,0.058,True,scratch,-0.08365372448033703
2024-09-26 12:30:00-04:00,429.65,430.39,430.49,430.39,432.47,21.8,17,1h+4h,0.099,True,scratch,-0.08300255807995871
2024-09-26 13:30:00-04:00,430.48,430.94,431.04,430.94,432.97,18.0,14,1h+4h,0.062,True,scratch,-0.0824240722796632
2024-09-26 14:30:00-04:00,430.7,441.85,441.94,441.85,443.82,17.4,11,1d+1h+4h,1.496,False,nofill,0.0
2024-09-26 15:30:00-04:00,431.31,441.85,441.94,441.85,443.76,17.4,11,1d+1h+4h,1.414,False,nofill,0.0
2024-09-27 09:30:00-04:00,431.22,441.85,441.94,441.85,443.77,17.4,11,1d+1h+4h,1.471,False,nofill,0.0
2024-09-27 10:30:00-04:00,430.21,430.82,430.91,430.82,432.71,19.0,15,1h+4h,0.084,False,nofill,0.0
2024-09-27 11:30:00-04:00,428.59,429.13,429.22,429.13,431.09,32.2,25,1h+4h,0.075,True,scratch,-0.08171948373136839
2024-09-27 12:30:00-04:00,428.78,429.37,429.46,429.37,431.28,30.4,24,1h+4h,0.081,True,scratch,-0.081194515334293
2024-09-27 13:30:00-04:00,428.62,429.13,429.22,429.13,431.02,32.2,25,1h+4h,0.071,True,scratch,-0.0809686934867937
2024-09-27 14:30:00-04:00,428.86,429.37,429.46,429.37,431.23,30.4,24,1h+4h,0.071,False,nofill,0.0
2024-09-27 15:30:00-04:00,428.03,429.13,429.22,429.13,430.97,32.2,25,1h+4h,0.152,True,scratch,-0.0803949110601998
2024-09-30 09:30:00-04:00,426.62,427.18,427.27,427.18,429.17,36.4,28,1d+1h+4h,0.079,True,scratch,-0.08215563943377857
2024-09-30 10:30:00-04:00,427.92,429.13,429.23,429.13,431.14,32.2,25,1h+4h,0.171,False,nofill,0.0
2024-09-30 11:30:00-04:00,428.65,429.13,429.23,429.13,431.14,32.2,25,1h+4h,0.068,False,nofill,0.0
2024-09-30 12:30:00-04:00,427.46,427.82,427.91,427.82,429.8,35.4,27,1d+1h+4h,0.051,True,scratch,-0.08201828616294371
2024-09-30 13:30:00-04:00,425.92,427.18,427.28,427.18,429.24,37.4,29,1d+1h+4h,0.178,True,scratch,-0.08288056753182893
2024-09-30 14:30:00-04:00,427.2,427.73,427.83,427.73,429.79,36.4,28,1d+1h+4h,0.074,True,scratch,-0.08285281121176435
2024-09-30 15:30:00-04:00,430.34,430.82,430.92,430.82,432.98,19.0,15,1h+4h,0.068,False,nofill,0.0
2024-10-01 09:30:00-04:00,421.1,427.13,427.26,427.13,429.88,37.4,29,1d+1h+4h,0.818,False,nofill,0.0
2024-10-01 10:30:00-04:00,420.03,420.82,420.95,420.82,423.6,42.0,26,1d+1h+4h,0.107,True,scratch,-0.09141344335847901
2024-10-01 11:30:00-04:00,421.82,427.18,427.31,427.18,429.96,37.4,29,1d+1h+4h,0.727,False,nofill,0.0
2024-10-01 12:30:00-04:00,420.05,420.82,420.95,420.82,423.58,42.0,26,1d+1h+4h,0.104,True,target,0.56351120997018
2024-10-01 13:30:00-04:00,423.56,427.13,427.27,427.13,429.97,37.4,29,1d+1h+4h,0.484,False,nofill,0.0
2024-10-01 14:30:00-04:00,422.68,427.18,427.31,427.18,429.92,37.4,29,1d+1h+4h,0.611,False,nofill,0.0
2024-10-01 15:30:00-04:00,420.73,421.17,421.3,421.17,423.92,41.2,26,1d+1h+4h,0.06,True,scratch,-0.09101166098421931
2024-10-02 09:30:00-04:00,419.08,419.8,419.94,419.8,422.81,47.6,32,1d+1h+4h,0.099,False,nofill,0.0
2024-10-02 10:30:00-04:00,418.93,419.8,419.94,419.8,422.72,47.6,32,1d+1h+4h,0.12,False,nofill,0.0
2024-10-02 11:30:00-04:00,419.18,419.8,419.93,419.8,422.62,47.6,32,1d+1h+4h,0.085,False,nofill,0.0
2024-10-02 12:30:00-04:00,418.2,419.01,419.14,419.01,421.79,55.0,39,1d+1h+4h,0.111,False,nofill,0.0
2024-10-02 13:30:00-04:00,417.73,419.01,419.14,419.01,421.71,55.0,39,1d+1h+4h,0.176,True,scratch,-0.09060327642684829
2024-10-02 14:30:00-04:00,418.88,419.26,419.38,419.26,421.88,48.4,34,1d+1h+4h,0.052,True,scratch,-0.08965895080558228
2024-10-02 15:30:00-04:00,417.12,419.08,419.21,419.08,421.66,55.0,39,1d+1h+4h,0.27,True,scratch,-0.08916854148279807
2024-10-03 09:30:00-04:00,416.32,419.09,419.22,419.09,421.76,54.0,38,1d+1h+4h,0.389,False,nofill,0.0
2024-10-03 10:30:00-04:00,416.77,419.09,419.22,419.09,421.74,54.0,38,1d+1h+4h,0.326,False,nofill,0.0
2024-10-03 11:30:00-04:00,417.46,419.08,419.21,419.08,421.64,54.0,38,1d+1h+4h,0.228,False,nofill,0.0
2024-10-03 12:30:00-04:00,415.54,419.09,419.21,419.09,421.7,54.0,38,1d+1h+4h,0.499,False,nofill,0.0
2024-10-03 13:30:00-04:00,416.16,419.09,419.21,419.09,421.65,54.0,38,1d+1h+4h,0.411,True,scratch,-0.0890774178325171
2024-10-03 14:30:00-04:00,415.26,419.08,419.2,419.08,421.57,54.0,38,1d+1h+4h,0.537,True,scratch,-0.08814919885635764
2024-10-03 15:30:00-04:00,416.54,419.09,419.21,419.09,421.54,54.0,38,1d+1h+4h,0.358,True,scratch,-0.08774967399723943
2024-10-04 09:30:00-04:00,415.43,419.08,419.21,419.08,421.7,52.2,37,1d+1h+4h,0.526,False,nofill,0.0
2024-10-04 10:30:00-04:00,416.15,419.08,419.21,419.08,421.76,52.2,37,1d+1h+4h,0.422,False,nofill,0.0
2024-10-04 11:30:00-04:00,417.72,418.88,419.01,418.88,421.52,52.2,37,1d+1h+4h,0.166,False,nofill,0.0
2024-10-04 12:30:00-04:00,418.14,419.01,419.13,419.01,421.57,53.2,38,1d+1h+4h,0.125,False,nofill,0.0
2024-10-04 13:30:00-04:00,417.93,418.88,419.0,418.88,421.38,53.2,38,1d+1h+4h,0.137,False,nofill,0.0
2024-10-04 14:30:00-04:00,417.12,418.88,418.99,418.88,421.28,53.2,38,1d+1h+4h,0.253,False,nofill,0.0
2024-10-04 15:30:00-04:00,416.02,419.08,419.2,419.08,421.44,53.2,38,1d+1h+4h,0.441,False,nofill,0.0
2024-10-07 09:30:00-04:00,415.82,419.01,419.12,419.01,421.41,53.2,38,1d+1h+4h,0.454,False,nofill,0.0
2024-10-07 10:30:00-04:00,415.37,419.09,419.2,419.09,421.45,53.2,38,1d+1h+4h,0.53,False,nofill,0.0
2024-10-07 11:30:00-04:00,414.42,419.08,419.2,419.08,421.4,53.2,38,1d+1h+4h,0.663,False,nofill,0.0
2024-10-07 12:30:00-04:00,413.36,419.09,419.2,419.09,421.34,53.2,38,1d+1h+4h,0.816,False,nofill,0.0
2024-10-07 13:30:00-04:00,412.39,419.09,419.19,419.09,421.28,55.0,39,1d+1h+4h,0.954,False,nofill,0.0
2024-10-07 14:30:00-04:00,410.21,418.88,418.99,418.88,421.15,55.0,39,1d+1h+4h,1.234,False,nofill,0.0
2024-10-07 15:30:00-04:00,409.66,419.01,419.12,419.01,421.22,55.0,39,1d+1h+4h,1.331,False,nofill,0.0
2024-10-08 09:30:00-04:00,412.96,418.82,418.94,418.82,421.31,55.0,39,1d+1h+4h,0.832,False,nofill,0.0
2024-10-08 10:30:00-04:00,413.55,418.82,418.94,418.82,421.28,55.0,39,1d+1h+4h,0.748,False,nofill,0.0
2024-10-08 11:30:00-04:00,414.26,419.08,419.2,419.08,421.47,55.0,39,1d+1h+4h,0.684,False,nofill,0.0
2024-10-08 12:30:00-04:00,412.88,418.82,418.94,418.82,421.22,55.0,39,1d+1h+4h,0.843,False,nofill,0.0
2024-10-08 13:30:00-04:00,413.51,419.09,419.2,419.09,421.39,55.0,39,1d+1h+4h,0.791,False,nofill,0.0
2024-10-08 14:30:00-04:00,413.9,418.88,418.99,418.88,421.09,55.0,39,1d+1h+4h,0.706,True,scratch,-0.08510779554130599
2024-10-08 15:30:00-04:00,414.78,419.08,419.19,419.08,421.28,55.0,39,1d+1h+4h,0.611,True,scratch,-0.08485142538703361
2024-10-09 09:30:00-04:00,416.79,418.88,418.99,418.88,421.15,55.0,39,1d+1h+4h,0.3,True,scratch,-0.08581214063222431
2024-10-09 10:30:00-04:00,419.14,419.55,419.66,419.55,421.9,49.4,33,1d+1h+4h,0.059,True,scratch,-0.08658225700596267
2024-10-09 11:30:00-04:00,418.59,419.01,419.12,419.01,421.38,55.0,39,1d+1h+4h,0.06,False,nofill,0.0
2024-10-09 12:30:00-04:00,418.52,418.88,418.99,418.88,421.19,55.0,39,1d+1h+4h,0.052,False,nofill,0.0
2024-10-09 13:30:00-04:00,417.8,418.88,418.99,418.88,421.17,55.0,39,1d+1h+4h,0.155,False,nofill,0.0
2024-10-09 14:30:00-04:00,417.47,418.88,418.98,418.88,421.07,56.0,40,1d+1h+4h,0.202,False,nofill,0.0
2024-10-09 15:30:00-04:00,417.46,418.88,418.98,418.88,420.98,56.0,40,1d+1h+4h,0.204,False,nofill,0.0
2024-10-10 09:30:00-04:00,415.13,418.88,418.99,418.88,421.16,55.0,39,1d+1h+4h,0.553,False,nofill,0.0
2024-10-10 10:30:00-04:00,415.99,418.88,418.99,418.88,421.16,55.0,39,1d+1h+4h,0.426,False,nofill,0.0
2024-10-10 11:30:00-04:00,416.64,418.88,418.99,418.88,421.14,55.0,39,1d+1h+4h,0.33,False,nofill,0.0
2024-10-10 12:30:00-04:00,416.14,418.88,418.98,418.88,421.08,55.0,39,1d+1h+4h,0.405,False,nofill,0.0
2024-10-10 13:30:00-04:00,415.32,418.82,418.93,418.82,420.99,56.8,40,1d+1h+4h,0.518,False,nofill,0.0
2024-10-10 14:30:00-04:00,415.34,418.82,418.92,418.82,420.89,56.8,40,1d+1h+4h,0.514,False,nofill,0.0
2024-10-10 15:30:00-04:00,415.84,418.82,418.92,418.82,420.82,56.8,40,1d+1h+4h,0.44,False,nofill,0.0
2024-10-11 09:30:00-04:00,416.86,418.88,418.98,418.88,421.02,56.8,40,1d+1h+4h,0.308,False,nofill,0.0
2024-10-11 10:30:00-04:00,415.31,418.88,418.98,418.88,421.04,56.8,40,1d+1h+4h,0.544,False,nofill,0.0
2024-10-11 11:30:00-04:00,413.85,418.88,418.98,418.88,421.08,56.8,40,1d+1h+4h,0.766,False,nofill,0.0
2024-10-11 12:30:00-04:00,414.68,418.88,418.98,418.88,421.03,56.8,40,1d+1h+4h,0.639,False,nofill,0.0
2024-10-11 13:30:00-04:00,415.22,418.88,418.98,418.88,420.95,56.8,40,1d+1h+4h,0.557,True,target,0.4092764174876917
2024-10-11 14:30:00-04:00,416.15,418.88,418.98,418.88,420.9,56.8,40,1d+1h+4h,0.416,True,target,0.39953508838515006
2024-10-11 15:30:00-04:00,416.39,418.88,418.97,418.88,420.82,56.8,40,1d+1h+4h,0.379,True,target,0.3817099324188167
2024-10-14 09:30:00-04:00,423.6,427.73,427.84,427.73,430.11,35.4,27,1d+1h+4h,0.623,False,nofill,0.0
2024-10-14 10:30:00-04:00,419.43,419.77,419.89,419.77,422.32,49.4,33,1d+1h+4h,0.051,True,scratch,-0.08889727916007173
2024-10-14 11:30:00-04:00,419.98,420.38,420.5,420.38,422.88,48.4,32,1d+1h+4h,0.06,True,scratch,-0.08829551669233826
2024-10-14 12:30:00-04:00,420.44,420.94,421.05,420.94,423.31,45.8,29,1d+1h+4h,0.075,True,scratch,-0.08683217935278043
2024-10-14 13:30:00-04:00,419.9,420.38,420.49,420.38,422.69,48.4,32,1d+1h+4h,0.072,True,scratch,-0.08610613351047736
2024-10-14 14:30:00-04:00,420.33,420.94,421.04,420.94,423.14,45.8,29,1d+1h+4h,0.091,True,scratch,-0.08491198714504211
2024-10-14 15:30:00-04:00,419.1,419.65,419.76,419.65,421.87,52.2,35,1d+1h+4h,0.083,True,scratch,-0.08516627269270494
2024-10-15 09:30:00-04:00,418.11,418.82,418.94,418.82,421.22,56.8,40,1d+1h+4h,0.107,False,nofill,0.0
2024-10-15 10:30:00-04:00,416.69,418.88,419.0,418.88,421.32,56.8,40,1d+1h+4h,0.328,False,nofill,0.0
2024-10-15 11:30:00-04:00,416.54,418.88,418.99,418.88,421.27,56.8,40,1d+1h+4h,0.351,False,nofill,0.0
2024-10-15 12:30:00-04:00,416.93,418.82,418.94,418.82,421.15,56.8,40,1d+1h+4h,0.284,False,nofill,0.0
2024-10-15 13:30:00-04:00,417.49,418.82,418.93,418.82,421.07,56.8,40,1d+1h+4h,0.2,False,nofill,0.0
2024-10-15 14:30:00-04:00,417.09,418.82,418.93,418.82,421.01,56.8,40,1d+1h+4h,0.26,False,nofill,0.0
2024-10-15 15:30:00-04:00,418.78,419.55,419.66,419.55,421.76,52.2,35,1d+1h+4h,0.115,False,nofill,0.0
2024-10-16 09:30:00-04:00,413.33,418.82,418.95,418.82,421.5,56.8,40,1d+1h+4h,0.811,False,nofill,0.0
2024-10-16 10:30:00-04:00,415.38,418.88,419.01,418.88,421.59,56.8,40,1d+1h+4h,0.516,False,nofill,0.0
2024-10-16 11:30:00-04:00,414.98,418.9,419.03,418.9,421.56,58.8,42,1d+1h+4h,0.578,False,nofill,0.0
2024-10-16 12:30:00-04:00,414.76,418.9,419.03,418.9,421.47,58.8,42,1d+1h+4h,0.611,False,nofill,0.0
2024-10-16 13:30:00-04:00,415.93,418.9,419.03,418.9,421.43,58.8,42,1d+1h+4h,0.439,True,scratch,-0.08864617065921232
2024-10-16 14:30:00-04:00,415.72,418.9,419.02,418.9,421.3,58.8,42,1d+1h+4h,0.469,True,scratch,-0.0872039062966179
2024-10-16 15:30:00-04:00,416.13,418.9,419.01,418.9,421.21,58.8,42,1d+1h+4h,0.409,True,scratch,-0.08619675041827701
2024-10-17 09:30:00-04:00,417.8,418.9,419.03,418.9,421.53,61.8,43,1d+1h+4h,0.163,False,nofill,0.0
2024-10-17 10:30:00-04:00,417.6,418.9,419.03,418.9,421.51,61.8,43,1d+1h+4h,0.193,False,nofill,0.0
2024-10-17 11:30:00-04:00,417.9,418.9,419.03,418.9,421.47,61.8,43,1d+1h+4h,0.148,False,nofill,0.0
2024-10-17 12:30:00-04:00,417.6,418.9,419.02,418.9,421.36,61.8,43,1d+1h+4h,0.193,False,nofill,0.0
2024-10-17 13:30:00-04:00,416.0,418.9,419.02,418.9,421.38,61.8,43,1d+1h+4h,0.428,True,scratch,-0.08807193930079338
2024-10-17 14:30:00-04:00,416.73,418.9,419.02,418.9,421.35,61.8,43,1d+1h+4h,0.321,True,scratch,-0.08770101225656912
2024-10-17 15:30:00-04:00,416.72,418.9,419.02,418.9,421.23,61.8,43,1d+1h+4h,0.322,True,scratch,-0.08634318134688179
2024-10-18 09:30:00-04:00,417.51,418.88,418.99,418.88,421.26,60.8,42,1d+1h+4h,0.209,False,nofill,0.0
2024-10-18 10:30:00-04:00,418.26,418.9,419.02,418.9,421.26,60.8,42,1d+1h+4h,0.099,False,nofill,0.0
2024-10-18 11:30:00-04:00,416.69,418.9,419.02,418.9,421.28,60.8,42,1d+1h+4h,0.339,False,nofill,0.0
2024-10-18 12:30:00-04:00,417.36,418.88,418.99,418.88,421.17,61.8,43,1d+1h+4h,0.233,False,nofill,0.0
2024-10-18 13:30:00-04:00,417.86,418.88,418.99,418.88,421.1,61.8,43,1d+1h+4h,0.157,False,nofill,0.0
2024-10-18 14:30:00-04:00,417.79,418.88,418.98,418.88,421.01,61.8,43,1d+1h+4h,0.167,False,nofill,0.0
2024-10-18 15:30:00-04:00,418.17,418.88,418.98,418.88,420.93,61.8,43,1d+1h+4h,0.109,False,nofill,0.0
2024-10-21 09:30:00-04:00,417.07,418.88,418.98,418.88,420.99,61.8,43,1d+1h+4h,0.281,False,nofill,0.0
2024-10-21 10:30:00-04:00,413.95,418.88,418.99,418.88,421.09,61.8,43,1d+1h+4h,0.766,False,nofill,0.0
2024-10-21 11:30:00-04:00,415.15,418.88,418.98,418.88,421.05,62.8,44,1d+1h+4h,0.58,False,nofill,0.0
2024-10-21 12:30:00-04:00,416.35,418.88,418.98,418.88,421.01,62.8,44,1d+1h+4h,0.393,False,nofill,0.0
2024-10-21 13:30:00-04:00,416.68,418.88,418.98,418.88,420.93,62.8,44,1d+1h+4h,0.341,True,target,0.40622095563644933
2024-10-21 14:30:00-04:00,417.4,418.88,418.97,418.88,420.86,62.8,44,1d+1h+4h,0.231,True,target,0.3906438518933575
2024-10-21 15:30:00-04:00,418.83,419.65,419.74,419.65,421.64,52.4,36,1d+1h+4h,0.127,True,target,0.3910231099977013
2024-10-22 09:30:00-04:00,428.07,429.13,429.25,429.13,431.75,33.2,26,1h+4h,0.155,True,scratch,-0.08904878391258197
2024-10-22 10:30:00-04:00,426.21,427.13,427.26,427.13,429.82,36.4,28,1d+1h+4h,0.134,True,scratch,-0.08991400868060273
2024-10-22 11:30:00-04:00,425.93,427.13,427.26,427.13,429.76,36.4,28,1d+1h+4h,0.175,True,target,0.5261429805606621
2024-10-22 12:30:00-04:00,427.35,427.73,427.85,427.73,430.33,35.4,27,1d+1h+4h,0.055,True,scratch,-0.08885038569745873
2024-10-22 13:30:00-04:00,429.7,430.35,430.48,430.35,433.02,23.8,19,1h+4h,0.096,True,scratch,-0.08945239015590856
2024-10-22 14:30:00-04:00,429.16,430.35,430.47,430.35,432.91,23.8,19,1h+4h,0.174,True,scratch,-0.08828620446237334
2024-10-22 15:30:00-04:00,427.46,429.13,429.25,429.13,431.7,33.2,26,1h+4h,0.244,True,scratch,-0.08842209958004332
2024-10-23 09:30:00-04:00,429.06,430.35,430.48,430.35,433.06,23.8,19,1h+4h,0.185,True,scratch,-0.08994704199924985
2024-10-23 10:30:00-04:00,428.0,429.13,429.26,429.13,431.85,33.2,26,1h+4h,0.162,True,scratch,-0.09008921901869638
2024-10-23 11:30:00-04:00,427.39,427.82,427.95,427.82,430.52,34.4,26,1d+1h+4h,0.062,False,nofill,0.0
2024-10-23 12:30:00-04:00,425.14,427.13,427.26,427.13,429.86,36.4,28,1d+1h+4h,0.286,False,nofill,0.0
2024-10-23 13:30:00-04:00,423.43,427.13,427.26,427.13,429.86,36.4,28,1d+1h+4h,0.531,False,nofill,0.0
2024-10-23 14:30:00-04:00,424.55,427.13,427.26,427.13,429.81,36.4,28,1d+1h+4h,0.37,False,nofill,0.0
2024-10-23 15:30:00-04:00,424.62,427.13,427.25,427.13,429.73,36.4,28,1d+1h+4h,0.36,False,nofill,0.0
2024-10-24 09:30:00-04:00,424.17,427.73,427.85,427.73,430.35,35.4,27,1d+1h+4h,0.53,False,nofill,0.0
2024-10-24 10:30:00-04:00,424.45,427.73,427.85,427.73,430.27,35.4,27,1d+1h+4h,0.488,False,nofill,0.0
2024-10-24 11:30:00-04:00,423.64,427.73,427.85,427.73,430.27,35.4,27,1d+1h+4h,0.608,False,nofill,0.0
2024-10-24 12:30:00-04:00,424.66,427.73,427.85,427.73,430.21,35.4,27,1d+1h+4h,0.457,False,nofill,0.0
2024-10-24 13:30:00-04:00,424.32,427.73,427.84,427.73,430.13,35.4,27,1d+1h+4h,0.508,True,target,0.474687190633416
2024-10-24 14:30:00-04:00,424.9,427.73,427.84,427.73,430.07,35.4,27,1d+1h+4h,0.421,True,target,0.4595257371152295
2024-10-24 15:30:00-04:00,424.68,427.73,427.84,427.73,429.95,35.4,27,1d+1h+4h,0.454,True,target,0.4349045926610895
2024-10-25 09:30:00-04:00,431.0,431.83,431.96,431.83,434.48,20.8,16,1h+4h,0.122,False,nofill,0.0
2024-10-25 10:30:00-04:00,430.78,431.83,431.95,431.83,434.41,20.8,16,1h+4h,0.155,False,nofill,0.0
2024-10-25 11:30:00-04:00,430.68,431.06,431.17,431.06,433.56,22.8,18,1h+4h,0.055,False,nofill,0.0
2024-10-25 12:30:00-04:00,428.47,429.13,429.25,429.13,431.63,33.2,26,1h+4h,0.097,True,scratch,-0.08770556362506232
2024-10-25 13:30:00-04:00,428.65,429.13,429.25,429.13,431.59,33.2,26,1h+4h,0.071,True,scratch,-0.08729699152228987
2024-10-25 14:30:00-04:00,428.49,429.13,429.24,429.13,431.53,33.2,26,1h+4h,0.094,True,scratch,-0.08658923511378758
2024-10-25 15:30:00-04:00,428.32,429.13,429.24,429.13,431.45,33.2,26,1h+4h,0.119,True,scratch,-0.08567015803978562
2024-10-28 09:30:00-04:00,429.83,430.35,430.47,430.35,432.79,23.8,19,1h+4h,0.078,True,scratch,-0.08690991999442677
2024-10-28 10:30:00-04:00,429.04,429.75,429.87,429.75,432.22,24.8,20,1h+4h,0.106,False,nofill,0.0
2024-10-28 11:30:00-04:00,428.5,429.37,429.48,429.37,431.75,31.4,25,1h+4h,0.131,False,nofill,0.0
2024-10-28 12:30:00-04:00,427.56,428.22,428.33,428.22,430.56,33.4,27,1h+4h,0.098,False,nofill,0.0
2024-10-28 13:30:00-04:00,427.48,428.22,428.33,428.22,430.44,33.4,27,1h+4h,0.11,True,scratch,-0.08470233301494101
2024-10-28 14:30:00-04:00,427.35,427.73,427.83,427.73,429.86,36.4,28,1d+1h+4h,0.057,True,target,0.41298904089899224
2024-10-28 15:30:00-04:00,426.71,427.73,427.83,427.73,429.79,36.4,28,1d+1h+4h,0.152,True,target,0.3975629628790722
2024-10-29 09:30:00-04:00,428.22,429.37,429.47,429.37,431.54,31.4,25,1h+4h,0.17,True,target,0.42109522475148875
2024-10-29 10:30:00-04:00,429.53,430.35,430.45,430.35,432.52,27.6,22,1h+4h,0.122,True,scratch,-0.08400809738112747
2024-10-29 11:30:00-04:00,430.02,430.82,430.92,430.82,432.93,26.6,21,1h+4h,0.119,True,target,0.40691764093025995
2024-10-29 12:30:00-04:00,431.17,431.83,431.93,431.83,433.99,24.6,19,1h+4h,0.098,True,target,0.416182926529296
2024-10-29 13:30:00-04:00,432.4,441.85,441.95,441.85,443.98,17.4,11,1d+1h+4h,1.402,False,nofill,0.0
2024-10-29 14:30:00-04:00,433.06,441.85,441.95,441.85,443.92,17.4,11,1d+1h+4h,1.304,False,nofill,0.0
2024-10-29 15:30:00-04:00,431.97,432.41,432.51,432.41,434.44,19.8,15,1h+4h,0.065,True,target,0.3866602243626227
2024-10-30 09:30:00-04:00,437.87,441.85,441.96,441.85,444.22,17.4,11,1d+1h+4h,0.592,False,nofill,0.0
2024-10-30 10:30:00-04:00,436.79,441.85,441.96,441.85,444.25,17.4,11,1d+1h+4h,0.753,False,nofill,0.0
2024-10-30 11:30:00-04:00,436.33,441.85,441.96,441.85,444.21,17.4,11,1d+1h+4h,0.821,False,nofill,0.0
2024-10-30 12:30:00-04:00,437.42,441.85,441.96,441.85,444.15,17.4,11,1d+1h+4h,0.659,False,nofill,0.0
2024-10-30 13:30:00-04:00,434.53,441.85,441.96,441.85,444.23,17.4,11,1d+1h+4h,1.089,False,nofill,0.0
2024-10-30 14:30:00-04:00,434.92,441.85,441.96,441.85,444.15,17.4,11,1d+1h+4h,1.031,False,nofill,0.0
2024-10-30 15:30:00-04:00,433.63,441.85,441.96,441.85,444.22,17.4,11,1d+1h+4h,1.223,False,nofill,0.0
2024-10-31 09:30:00-04:00,407.74,419.26,419.46,419.26,423.43,69.6,48,1d+1h+4h,1.425,False,nofill,0.0
2024-10-31 10:30:00-04:00,407.93,419.26,419.45,419.26,423.34,69.6,48,1d+1h+4h,1.401,False,nofill,0.0
2024-10-31 11:30:00-04:00,408.9,419.26,419.45,419.26,423.24,69.6,48,1d+1h+4h,1.282,False,nofill,0.0
2024-10-31 12:30:00-04:00,408.87,419.26,419.45,419.26,423.15,69.6,48,1d+1h+4h,1.285,False,nofill,0.0
2024-10-31 13:30:00-04:00,408.54,419.26,419.44,419.26,422.99,69.6,48,1d+1h+4h,1.325,False,nofill,0.0
2024-10-31 14:30:00-04:00,409.92,419.26,419.43,419.26,422.93,69.6,48,1d+1h+4h,1.155,False,nofill,0.0
2024-10-31 15:30:00-04:00,406.33,419.26,419.44,419.26,423.04,69.6,48,1d+1h+4h,1.599,False,nofill,0.0
2024-11-01 09:30:00-04:00,411.88,419.26,419.45,419.26,423.19,69.6,48,1d+1h+4h,0.905,False,nofill,0.0
2024-11-01 10:30:00-04:00,414.94,419.26,419.45,419.26,423.19,69.6,48,1d+1h+4h,0.53,False,nofill,0.0
2024-11-01 11:30:00-04:00,413.66,419.26,419.44,419.26,423.06,69.6,48,1d+1h+4h,0.687,False,nofill,0.0
2024-11-01 12:30:00-04:00,414.51,419.26,419.44,419.26,422.95,69.6,48,1d+1h+4h,0.583,False,nofill,0.0
2024-11-01 13:30:00-04:00,412.08,419.26,419.43,419.26,422.93,69.6,48,1d+1h+4h,0.881,False,nofill,0.0
2024-11-01 14:30:00-04:00,411.6,419.26,419.43,419.26,422.76,69.6,48,1d+1h+4h,0.939,False,nofill,0.0
2024-11-01 15:30:00-04:00,410.01,419.26,419.42,419.26,422.65,69.6,48,1d+1h+4h,1.135,False,nofill,0.0
2024-11-04 09:30:00-05:00,409.78,419.26,419.43,419.26,422.76,68.6,47,1d+1h+4h,1.199,False,nofill,0.0
2024-11-04 10:30:00-05:00,408.09,419.26,419.42,419.26,422.68,68.6,47,1d+1h+4h,1.412,False,nofill,0.0
2024-11-04 11:30:00-05:00,407.08,419.26,419.42,419.26,422.62,68.6,47,1d+1h+4h,1.539,False,nofill,0.0
2024-11-04 12:30:00-05:00,407.57,419.26,419.41,419.26,422.49,68.6,47,1d+1h+4h,1.478,False,nofill,0.0
2024-11-04 13:30:00-05:00,407.88,419.26,419.41,419.26,422.33,68.6,47,1d+1h+4h,1.439,False,nofill,0.0
2024-11-04 14:30:00-05:00,407.47,419.26,419.4,419.26,422.19,68.6,47,1d+1h+4h,1.491,False,nofill,0.0
2024-11-04 15:30:00-05:00,408.66,419.26,419.4,419.26,422.12,68.6,47,1d+1h+4h,1.34,False,nofill,0.0
2024-11-05 09:30:00-05:00,412.5,419.26,419.41,419.26,422.32,68.6,47,1d+1h+4h,0.865,False,nofill,0.0
2024-11-05 10:30:00-05:00,413.59,419.26,419.4,419.26,422.3,68.6,47,1d+1h+4h,0.725,False,nofill,0.0
2024-11-05 11:30:00-05:00,414.28,419.26,419.4,419.26,422.24,68.6,47,1d+1h+4h,0.636,False,nofill,0.0
2024-11-05 12:30:00-05:00,411.78,419.26,419.4,419.26,422.24,68.6,47,1d+1h+4h,0.956,False,nofill,0.0
2024-11-05 13:30:00-05:00,411.33,419.26,419.4,419.26,422.12,68.6,47,1d+1h+4h,1.014,True,scratch,-0.09244542254168708
2024-11-05 14:30:00-05:00,412.0,419.26,419.39,419.26,422.01,68.6,47,1d+1h+4h,0.928,True,scratch,-0.09123760971690986
2024-11-05 15:30:00-05:00,411.48,419.26,419.39,419.26,421.94,68.6,47,1d+1h+4h,0.994,True,scratch,-0.09036703339447838
2024-11-06 09:30:00-05:00,419.94,420.73,420.88,420.73,423.93,58.0,38,1d+1h+4h,0.099,False,nofill,0.0
2024-11-06 10:30:00-05:00,415.73,419.26,419.42,419.26,422.61,69.6,48,1d+1h+4h,0.443,False,nofill,0.0
2024-11-06 11:30:00-05:00,415.74,419.26,419.41,419.26,422.51,69.6,48,1d+1h+4h,0.442,True,scratch,-0.09691346230839004
2024-11-06 12:30:00-05:00,416.96,419.26,419.41,419.26,422.39,69.6,48,1d+1h+4h,0.288,True,scratch,-0.09550997261130734
2024-11-06 13:30:00-05:00,418.92,419.47,419.62,419.47,422.54,61.0,43,1d+1h+4h,0.07,True,scratch,-0.09472071881084787
2024-11-06 14:30:00-05:00,419.51,420.73,420.87,420.73,423.67,59.0,39,1d+1h+4h,0.153,True,target,0.6049456817312171
2024-11-06 15:30:00-05:00,420.21,420.73,420.86,420.73,423.56,59.0,39,1d+1h+4h,0.065,True,target,0.5807806131017168
2024-11-07 09:30:00-05:00,422.78,425.95,426.09,425.95,428.83,42.0,32,1d+1h+4h,0.402,True,scratch,-0.09213144443027677
2024-11-07 10:30:00-05:00,425.54,425.95,426.09,425.95,428.92,42.0,32,1d+1h+4h,0.052,True,scratch,-0.09314208437415372
2024-11-07 11:30:00-05:00,424.62,425.95,426.09,425.95,428.88,42.0,32,1d+1h+4h,0.169,True,scratch,-0.09273372994028639
2024-11-07 12:30:00-05:00,424.86,425.95,426.08,425.95,428.76,42.0,32,1d+1h+4h,0.138,True,scratch,-0.09132643469565993
2024-11-07 13:30:00-05:00,425.17,425.95,426.08,425.95,428.7,42.0,32,1d+1h+4h,0.099,True,scratch,-0.09072123988960179
2024-11-07 14:30:00-05:00,426.26,427.82,427.95,427.82,430.53,41.2,32,1d+1h+4h,0.198,False,nofill,0.0
2024-11-07 15:30:00-05:00,425.51,425.95,426.08,425.95,428.63,42.0,32,1d+1h+4h,0.056,True,scratch,-0.08991020121893456
2024-11-08 09:30:00-05:00,424.15,427.84,427.97,427.84,430.52,41.2,32,1d+1h+4h,0.482,False,nofill,0.0
2024-11-08 10:30:00-05:00,423.68,427.47,427.6,427.47,430.1,41.2,32,1d+1h+4h,0.495,False,nofill,0.0
2024-11-08 11:30:00-05:00,422.44,427.47,427.59,427.47,430.08,42.2,33,1d+1h+4h,0.658,False,nofill,0.0
2024-11-08 12:30:00-05:00,422.46,427.47,427.59,427.47,429.99,42.2,33,1d+1h+4h,0.654,False,nofill,0.0
2024-11-08 13:30:00-05:00,423.58,427.84,427.96,427.84,430.29,42.2,33,1d+1h+4h,0.556,False,nofill,0.0
2024-11-08 14:30:00-05:00,422.78,427.13,427.24,427.13,429.5,42.2,33,1d+1h+4h,0.568,False,nofill,0.0
2024-11-08 15:30:00-05:00,422.93,427.18,427.29,427.18,429.47,42.2,33,1d+1h+4h,0.555,False,nofill,0.0
2024-11-11 09:30:00-05:00,420.34,421.17,421.29,421.17,423.64,55.4,37,1d+1h+4h,0.107,False,nofill,0.0
2024-11-11 10:30:00-05:00,417.18,419.26,419.39,419.26,421.94,67.8,47,1d+1h+4h,0.269,True,scratch,-0.09044487370882814
2024-11-11 11:30:00-05:00,418.83,419.26,419.39,419.26,421.92,67.8,47,1d+1h+4h,0.056,True,scratch,-0.09014140136673898
2024-11-11 12:30:00-05:00,418.8,419.26,419.39,419.26,421.89,67.8,47,1d+1h+4h,0.06,True,scratch,-0.08980855467743964
2024-11-11 13:30:00-05:00,419.34,420.73,420.85,420.73,423.26,59.0,39,1d+1h+4h,0.18,False,nofill,0.0
2024-11-11 14:30:00-05:00,418.86,419.26,419.38,419.26,421.68,67.8,47,1d+1h+4h,0.052,True,scratch,-0.0874468889050406
2024-11-11 15:30:00-05:00,418.19,419.26,419.37,419.26,421.64,67.8,47,1d+1h+4h,0.138,True,scratch,-0.08700018334926174
2024-11-12 09:30:00-05:00,418.99,419.47,419.59,419.47,421.94,63.0,43,1d+1h+4h,0.063,True,target,0.49902679092685975
2024-11-12 10:30:00-05:00,419.52,420.73,420.84,420.73,423.14,62.0,40,1d+1h+4h,0.157,True,scratch,-0.08728349653441825
2024-11-12 11:30:00-05:00,421.1,421.61,421.73,421.61,424.0,54.4,38,1d+1h+4h,0.068,True,target,0.47934958316635523
2024-11-12 12:30:00-05:00,421.76,427.13,427.24,427.13,429.51,44.0,34,1d+1h+4h,0.699,False,nofill,0.0
2024-11-12 13:30:00-05:00,423.25,427.84,427.95,427.84,430.19,44.0,34,1d+1h+4h,0.597,False,nofill,0.0
2024-11-12 14:30:00-05:00,423.55,427.84,427.95,427.84,430.14,44.0,34,1d+1h+4h,0.558,False,nofill,0.0
2024-11-12 15:30:00-05:00,423.13,427.84,427.95,427.84,430.11,44.0,34,1d+1h+4h,0.613,False,nofill,0.0
2024-11-13 09:30:00-05:00,419.15,420.73,420.85,420.73,423.2,62.0,40,1d+1h+4h,0.2,True,target,0.49963017914276264
2024-11-13 10:30:00-05:00,422.77,425.95,426.07,425.95,428.53,45.8,35,1d+1h+4h,0.402,True,target,0.5161140210645065
2024-11-13 11:30:00-05:00,426.69,427.13,427.26,427.13,429.88,44.0,34,1d+1h+4h,0.056,True,scratch,-0.09063640470641232
2024-11-13 12:30:00-05:00,428.39,429.37,429.5,429.37,432.09,37.0,29,1h+4h,0.124,False,nofill,0.0
2024-11-13 13:30:00-05:00,427.22,427.84,427.97,427.84,430.56,44.0,34,1d+1h+4h,0.078,True,scratch,-0.09024238889969727
2024-11-13 14:30:00-05:00,425.1,425.95,426.08,425.95,428.67,45.8,35,1d+1h+4h,0.107,True,scratch,-0.09036003620260802
2024-11-13 15:30:00-05:00,425.34,425.95,426.08,425.95,428.62,45.8,35,1d+1h+4h,0.077,True,scratch,-0.08980585425294452
2024-11-14 09:30:00-05:00,426.0,427.82,427.95,427.82,430.62,45.0,35,1d+1h+4h,0.23,True,scratch,-0.09112385542875412
2024-11-14 10:30:00-05:00,425.64,427.47,427.6,427.47,430.27,45.0,35,1d+1h+4h,0.23,True,scratch,-0.09114245991798109
2024-11-14 11:30:00-05:00,427.52,428.7,428.83,428.7,431.46,40.0,32,1h+4h,0.149,False,nofill,0.0
2024-11-14 12:30:00-05:00,426.52,427.89,428.04,427.89,431.07,45.0,35,1d+1h+4h,0.173,False,nofill,0.0
2024-11-14 13:30:00-05:00,427.17,427.89,428.04,427.89,430.96,45.0,35,1d+1h+4h,0.091,False,nofill,0.0
2024-11-14 14:30:00-05:00,426.04,427.82,427.96,427.82,430.8,45.0,35,1d+1h+4h,0.225,False,nofill,0.0
2024-11-14 15:30:00-05:00,426.73,427.13,427.27,427.13,430.04,45.0,35,1d+1h+4h,0.05,False,nofill,0.0
2024-11-15 09:30:00-05:00,417.65,419.26,419.42,419.26,422.67,74.6,51,1d+1h+4h,0.194,False,nofill,0.0
2024-11-15 10:30:00-05:00,416.84,419.26,419.42,419.26,422.57,74.6,51,1d+1h+4h,0.292,False,nofill,0.0
2024-11-15 11:30:00-05:00,415.17,419.26,419.42,419.26,422.55,74.6,51,1d+1h+4h,0.493,False,nofill,0.0
2024-11-15 12:30:00-05:00,415.06,419.26,419.41,419.26,422.45,74.6,51,1d+1h+4h,0.507,False,nofill,0.0
2024-11-15 13:30:00-05:00,414.03,419.26,419.41,419.26,422.33,74.6,51,1d+1h+4h,0.631,False,nofill,0.0
2024-11-15 14:30:00-05:00,414.73,419.26,419.4,419.26,422.23,74.6,51,1d+1h+4h,0.546,False,nofill,0.0
2024-11-15 15:30:00-05:00,414.81,419.26,419.4,419.26,422.13,74.6,51,1d+1h+4h,0.537,False,nofill,0.0
2024-11-18 09:30:00-05:00,417.44,419.26,419.41,419.26,422.33,74.6,51,1d+1h+4h,0.224,False,nofill,0.0
2024-11-18 10:30:00-05:00,416.39,419.26,419.4,419.26,422.26,74.6,51,1d+1h+4h,0.353,False,nofill,0.0
2024-11-18 11:30:00-05:00,415.05,419.26,419.4,419.26,422.2,74.6,51,1d+1h+4h,0.517,False,nofill,0.0
2024-11-18 12:30:00-05:00,415.64,419.26,419.4,419.26,422.11,74.6,51,1d+1h+4h,0.445,False,nofill,0.0
2024-11-18 13:30:00-05:00,416.0,419.26,419.39,419.26,422.01,75.6,52,1d+1h+4h,0.4,False,nofill,0.0
2024-11-18 14:30:00-05:00,415.74,419.26,419.39,419.26,421.9,75.6,52,1d+1h+4h,0.432,False,nofill,0.0
2024-11-18 15:30:00-05:00,415.75,419.26,419.38,419.26,421.77,75.6,52,1d+1h+4h,0.431,False,nofill,0.0
2024-11-19 09:30:00-05:00,413.12,419.26,419.39,419.26,421.91,75.6,52,1d+1h+4h,0.767,False,nofill,0.0
2024-11-19 10:30:00-05:00,413.92,419.26,419.38,419.26,421.82,75.6,52,1d+1h+4h,0.667,False,nofill,0.0
2024-11-19 11:30:00-05:00,415.1,419.26,419.38,419.26,421.75,75.6,52,1d+1h+4h,0.519,False,nofill,0.0
2024-11-19 12:30:00-05:00,416.57,419.26,419.38,419.26,421.7,75.6,52,1d+1h+4h,0.336,False,nofill,0.0
2024-11-19 13:30:00-05:00,416.52,419.26,419.37,419.26,421.63,75.6,52,1d+1h+4h,0.341,False,nofill,0.0
2024-11-19 14:30:00-05:00,416.84,419.26,419.37,419.26,421.57,75.6,52,1d+1h+4h,0.302,False,nofill,0.0
2024-11-19 15:30:00-05:00,417.63,419.26,419.37,419.26,421.49,75.6,52,1d+1h+4h,0.204,False,nofill,0.0
2024-11-20 09:30:00-05:00,411.28,419.26,419.38,419.26,421.86,75.6,52,1d+1h+4h,1.005,False,nofill,0.0
2024-11-20 10:30:00-05:00,413.21,419.26,419.38,419.26,421.85,75.6,52,1d+1h+4h,0.762,False,nofill,0.0
2024-11-20 11:30:00-05:00,414.02,419.26,419.39,419.26,421.9,75.6,52,1d+1h+4h,0.66,False,nofill,0.0
2024-11-20 12:30:00-05:00,414.32,419.26,419.38,419.26,421.82,75.6,52,1d+1h+4h,0.622,False,nofill,0.0
2024-11-20 13:30:00-05:00,413.34,419.26,419.38,419.26,421.74,75.6,52,1d+1h+4h,0.745,True,scratch,-0.0880890989333416
2024-11-20 14:30:00-05:00,414.54,419.26,419.37,419.26,421.67,75.6,52,1d+1h+4h,0.594,True,scratch,-0.08730723372065707
2024-11-20 15:30:00-05:00,415.37,419.26,419.37,419.26,421.62,75.6,52,1d+1h+4h,0.49,True,scratch,-0.08681945004158642
2024-11-21 09:30:00-05:00,411.21,419.26,419.4,419.26,422.11,75.6,52,1d+1h+4h,1.001,False,nofill,0.0
2024-11-21 10:30:00-05:00,415.52,419.26,419.41,419.26,422.31,75.6,52,1d+1h+4h,0.465,False,nofill,0.0
2024-11-21 11:30:00-05:00,414.24,419.26,419.41,419.26,422.38,75.6,52,1d+1h+4h,0.624,False,nofill,0.0
2024-11-21 12:30:00-05:00,415.45,419.26,419.4,419.26,422.28,76.6,53,1d+1h+4h,0.474,False,nofill,0.0
2024-11-21 13:30:00-05:00,412.82,419.26,419.41,419.26,422.34,76.6,53,1d+1h+4h,0.8,False,nofill,0.0
2024-11-21 14:30:00-05:00,413.76,419.26,419.4,419.26,422.23,76.6,53,1d+1h+4h,0.684,False,nofill,0.0
2024-11-21 15:30:00-05:00,412.82,419.26,419.4,419.26,422.14,76.6,53,1d+1h+4h,0.8,False,nofill,0.0
2024-11-22 09:30:00-05:00,411.96,419.26,419.4,419.26,422.28,75.6,52,1d+1h+4h,0.922,False,nofill,0.0
2024-11-22 10:30:00-05:00,413.05,419.26,419.4,419.26,422.22,75.6,52,1d+1h+4h,0.784,False,nofill,0.0
2024-11-22 11:30:00-05:00,414.11,419.26,419.4,419.26,422.18,75.6,52,1d+1h+4h,0.651,False,nofill,0.0
2024-11-22 12:30:00-05:00,414.53,419.26,419.4,419.26,422.12,77.4,53,1d+1h+4h,0.597,False,nofill,0.0
2024-11-22 13:30:00-05:00,414.58,419.26,419.39,419.26,421.98,77.4,53,1d+1h+4h,0.591,True,scratch,-0.09081727237201243
2024-11-22 14:30:00-05:00,414.53,419.26,419.38,419.26,421.88,77.4,53,1d+1h+4h,0.597,True,scratch,-0.08968641313698011
2024-11-22 15:30:00-05:00,416.83,419.26,419.39,419.26,421.94,77.4,53,1d+1h+4h,0.307,True,scratch,-0.09040704749923023
2024-11-25 09:30:00-05:00,415.69,419.26,419.4,419.26,422.21,75.6,52,1d+1h+4h,0.458,False,nofill,0.0
2024-11-25 10:30:00-05:00,416.5,419.26,419.4,419.26,422.14,75.6,52,1d+1h+4h,0.354,False,nofill,0.0
2024-11-25 11:30:00-05:00,415.37,419.26,419.39,419.26,422.09,75.6,52,1d+1h+4h,0.499,False,nofill,0.0
2024-11-25 12:30:00-05:00,416.63,419.26,419.39,419.26,422.03,76.6,53,1d+1h+4h,0.338,False,nofill,0.0
2024-11-25 13:30:00-05:00,416.34,419.26,419.39,419.26,421.93,76.6,53,1d+1h+4h,0.375,True,target,0.5453067899872543
2024-11-25 14:30:00-05:00,416.58,419.26,419.38,419.26,421.8,76.6,53,1d+1h+4h,0.345,True,target,0.5175694078514814
2024-11-25 15:30:00-05:00,418.78,419.26,419.38,419.26,421.83,76.6,53,1d+1h+4h,0.062,True,target,0.524144737322696
2024-11-26 09:30:00-05:00,424.71,427.82,427.96,427.82,430.7,46.8,36,1d+1h+4h,0.391,False,nofill,0.0
2024-11-26 10:30:00-05:00,425.41,427.89,428.03,427.89,430.75,46.8,36,1d+1h+4h,0.312,False,nofill,0.0
2024-11-26 11:30:00-05:00,425.48,427.89,428.02,427.89,430.65,46.8,36,1d+1h+4h,0.303,True,scratch,-0.09064466139926397
2024-11-26 12:30:00-05:00,426.11,427.84,427.97,427.84,430.51,46.8,36,1d+1h+4h,0.217,True,scratch,-0.08972577557589956
2024-11-26 13:30:00-05:00,426.39,427.46,427.58,427.46,430.01,47.8,37,1d+1h+4h,0.134,True,scratch,-0.0883774124663006
2024-11-26 14:30:00-05:00,428.3,428.7,428.82,428.7,431.22,42.8,34,1h+4h,0.05,True,scratch,-0.08798764737337761
2024-11-26 15:30:00-05:00,427.67,428.67,428.79,428.67,431.13,42.8,34,1h+4h,0.126,False,nofill,0.0
2024-11-27 09:30:00-05:00,425.56,427.89,428.01,427.89,430.44,47.8,37,1d+1h+4h,0.299,False,nofill,0.0
2024-11-27 10:30:00-05:00,424.58,427.82,427.94,427.82,430.42,47.8,37,1d+1h+4h,0.416,False,nofill,0.0
2024-11-27 11:30:00-05:00,423.87,427.89,428.01,427.89,430.43,47.8,37,1d+1h+4h,0.515,False,nofill,0.0
2024-11-27 12:30:00-05:00,423.75,427.89,428.01,427.89,430.33,47.8,37,1d+1h+4h,0.53,False,nofill,0.0
2024-11-27 13:30:00-05:00,424.38,427.82,427.93,427.82,430.16,47.8,37,1d+1h+4h,0.441,False,nofill,0.0
2024-11-27 14:30:00-05:00,423.87,427.82,427.93,427.82,430.08,47.8,37,1d+1h+4h,0.506,False,nofill,0.0
2024-11-27 15:30:00-05:00,422.91,427.82,427.93,427.82,430.1,47.8,37,1d+1h+4h,0.629,False,nofill,0.0
2024-11-29 09:30:00-05:00,421.53,422.02,422.14,422.02,424.52,50.0,34,1d+1h+4h,0.063,True,target,0.5031866075533964
2024-11-29 10:30:00-05:00,423.02,427.82,427.94,427.82,430.3,49.6,38,1d+1h+4h,0.619,True,target,0.4907354411480158
2024-11-29 11:30:00-05:00,424.25,427.82,427.94,427.82,430.27,49.6,38,1d+1h+4h,0.461,True,target,0.4857316889194774
2024-12-02 09:30:00-05:00,430.58,431.06,431.2,431.06,434.04,34.2,25,1d+1h+4h,0.059,True,scratch,-0.09288328516896538
2024-12-02 10:30:00-05:00,430.3,430.82,430.96,430.82,433.78,36.2,27,1d+1h+4h,0.065,True,scratch,-0.0926950019140893
2024-12-02 11:30:00-05:00,430.92,431.68,431.82,431.68,434.58,31.4,23,1d+1h+4h,0.094,True,scratch,-0.09195940887076759
2024-12-02 12:30:00-05:00,430.74,431.68,431.81,431.68,434.46,31.4,23,1d+1h+4h,0.117,True,scratch,-0.0905890883496352
2024-12-02 13:30:00-05:00,431.29,431.83,431.96,431.83,434.51,29.6,22,1d+1h+4h,0.067,True,scratch,-0.08949226332986004
2024-12-02 14:30:00-05:00,431.57,432.0,432.12,432.0,434.56,28.6,21,1d+1h+4h,0.054,True,scratch,-0.08815040367531335
2024-12-02 15:30:00-05:00,430.97,431.68,431.8,431.68,434.18,32.4,24,1d+1h+4h,0.089,True,scratch,-0.0875135182689446
2024-12-03 09:30:00-05:00,429.66,430.82,430.94,430.82,433.43,37.2,28,1d+1h+4h,0.149,True,scratch,-0.08880305667535726
2024-12-03 10:30:00-05:00,431.4,431.83,431.95,431.83,434.44,28.6,21,1d+1h+4h,0.056,False,nofill,0.0
2024-12-03 11:30:00-05:00,430.09,430.82,430.94,430.82,433.38,37.2,28,1d+1h+4h,0.094,False,nofill,0.0
2024-12-03 12:30:00-05:00,430.0,430.82,430.94,430.82,433.28,39.0,29,1d+1h+4h,0.106,True,target,0.482869419341303
2024-12-03 13:30:00-05:00,429.56,430.82,430.94,430.82,433.32,39.0,29,1d+1h+4h,0.162,True,target,0.4926277647762989
2024-12-03 14:30:00-05:00,430.53,430.94,431.05,430.94,433.35,38.0,28,1d+1h+4h,0.053,True,target,0.47173160082059074
2024-12-03 15:30:00-05:00,431.14,431.68,431.79,431.68,434.0,34.2,25,1d+1h+4h,0.07,True,target,0.4504344400829474
2024-12-04 09:30:00-05:00,438.12,441.85,441.98,441.85,444.63,17.4,11,1d+1h+4h,0.477,False,nofill,0.0
2024-12-04 10:30:00-05:00,437.46,441.85,441.98,441.85,444.62,17.4,11,1d+1h+4h,0.562,False,nofill,0.0
2024-12-04 11:30:00-05:00,437.5,441.85,441.98,441.85,444.53,17.4,11,1d+1h+4h,0.556,False,nofill,0.0
2024-12-04 12:30:00-05:00,437.23,441.85,441.97,441.85,444.42,17.4,11,1d+1h+4h,0.591,False,nofill,0.0
2024-12-04 13:30:00-05:00,437.94,441.85,441.97,441.85,444.39,17.4,11,1d+1h+4h,0.5,False,nofill,0.0
2024-12-04 14:30:00-05:00,437.68,441.85,441.97,441.85,444.29,17.4,11,1d+1h+4h,0.533,False,nofill,0.0
2024-12-04 15:30:00-05:00,437.33,439.67,439.78,439.67,442.04,17.4,11,1d+1h+4h,0.299,True,scratch,-0.0856564173877139
2024-12-05 09:30:00-05:00,438.0,441.85,441.97,441.85,444.34,17.4,11,1d+1h+4h,0.49,True,target,0.47534330079395115
2024-12-05 10:30:00-05:00,439.64,441.85,441.97,441.85,444.31,17.4,11,1d+1h+4h,0.281,True,target,0.4696595684164029
2024-12-05 11:30:00-05:00,442.84,444.58,444.7,444.58,447.2,12.6,9,1d+1h+4h,0.221,False,nofill,0.0
2024-12-05 12:30:00-05:00,443.38,444.58,444.7,444.58,447.19,12.6,9,1d+1h+4h,0.153,False,nofill,0.0
2024-12-05 13:30:00-05:00,442.99,444.58,444.7,444.58,447.16,12.6,9,1d+1h+4h,0.202,True,scratch,-0.08757137398668347
2024-12-05 14:30:00-05:00,442.42,443.13,443.25,443.13,445.63,14.4,10,1d+1h+4h,0.09,True,scratch,-0.08681217132662233
2024-12-05 15:30:00-05:00,442.63,443.13,443.25,443.13,445.58,15.4,11,1d+1h+4h,0.063,True,scratch,-0.08632116685556301
2024-12-06 09:30:00-05:00,444.82,451.43,451.55,451.43,454.02,11.4,9,1h+4h,0.869,False,nofill,0.0
2024-12-06 10:30:00-05:00,444.32,444.85,444.97,444.85,447.42,13.6,10,1d+1h+4h,0.07,False,nofill,0.0
2024-12-06 11:30:00-05:00,442.97,444.58,444.7,444.58,447.18,13.6,10,1d+1h+4h,0.212,False,nofill,0.0
2024-12-06 12:30:00-05:00,443.28,444.58,444.7,444.58,447.12,13.6,10,1d+1h+4h,0.171,True,scratch,-0.08716239507353674
2024-12-06 13:30:00-05:00,443.06,444.58,444.69,444.58,446.99,13.6,10,1d+1h+4h,0.2,True,scratch,-0.08582325467763052
2024-12-06 14:30:00-05:00,444.28,444.66,444.77,444.66,447.03,13.6,10,1d+1h+4h,0.051,True,scratch,-0.08532144884972892
2024-12-06 15:30:00-05:00,443.52,444.58,444.69,444.58,446.88,13.6,10,1d+1h+4h,0.139,True,scratch,-0.08464761278141886
2024-12-09 09:30:00-05:00,443.74,444.58,444.7,444.58,447.07,13.6,10,1d+1h+4h,0.111,True,target,0.47237771528620964
2024-12-09 10:30:00-05:00,447.06,451.61,451.73,451.61,454.22,11.4,9,1h+4h,0.596,False,nofill,0.0
2024-12-09 11:30:00-05:00,447.27,451.61,451.73,451.61,454.24,11.4,9,1h+4h,0.569,False,nofill,0.0
2024-12-09 12:30:00-05:00,446.16,451.55,451.67,451.55,454.11,11.4,9,1h+4h,0.708,False,nofill,0.0
2024-12-09 13:30:00-05:00,446.1,451.55,451.67,451.55,454.03,11.4,9,1h+4h,0.717,False,nofill,0.0
2024-12-09 14:30:00-05:00,446.03,450.11,450.22,450.11,452.52,12.4,10,1h+4h,0.536,False,nofill,0.0
2024-12-09 15:30:00-05:00,445.9,450.11,450.22,450.11,452.47,12.4,10,1h+4h,0.553,False,nofill,0.0
2024-12-10 09:30:00-05:00,448.21,450.11,450.23,450.11,452.73,12.4,10,1h+4h,0.249,False,nofill,0.0
2024-12-10 10:30:00-05:00,446.46,450.11,450.24,450.11,452.79,12.4,10,1h+4h,0.477,False,nofill,0.0
2024-12-10 11:30:00-05:00,447.02,450.11,450.24,450.11,452.76,12.4,10,1h+4h,0.404,False,nofill,0.0
2024-12-10 12:30:00-05:00,446.0,451.43,451.56,451.43,454.09,12.4,10,1h+4h,0.711,False,nofill,0.0
2024-12-10 13:30:00-05:00,443.92,444.58,444.71,444.58,447.24,14.6,11,1d+1h+4h,0.086,True,target,0.5092994260996075
2024-12-10 14:30:00-05:00,441.89,443.13,443.26,443.13,445.8,16.4,12,1d+1h+4h,0.162,True,target,0.5130447733710852
2024-12-10 15:30:00-05:00,443.49,444.58,444.7,444.58,447.2,14.6,11,1d+1h+4h,0.143,True,target,0.5010404190903817
2024-12-11 09:30:00-05:00,447.53,449.62,449.75,449.62,452.42,12.4,10,1h+4h,0.276,True,scratch,-0.08962577355364765
2024-12-11 10:30:00-05:00,449.9,450.87,451.0,450.87,453.68,12.4,10,1h+4h,0.128,False,nofill,0.0
2024-12-11 11:30:00-05:00,449.47,450.11,450.24,450.11,452.8,12.4,10,1h+4h,0.084,False,nofill,0.0
2024-12-11 12:30:00-05:00,449.15,449.62,449.74,449.62,452.19,12.4,10,1h+4h,0.062,True,scratch,-0.08717453436332123
2024-12-11 13:30:00-05:00,448.64,449.62,449.74,449.62,452.11,12.4,10,1h+4h,0.129,True,target,0.46740520257457785
2024-12-11 14:30:00-05:00,449.09,449.62,449.74,449.62,452.05,12.4,10,1h+4h,0.07,True,target,0.45370441894470037
2024-12-11 15:30:00-05:00,449.0,449.62,449.73,449.62,451.94,12.4,10,1h+4h,0.082,True,target,0.43201768750320557
2024-12-12 09:30:00-05:00,453.0,456.16,456.28,456.16,458.69,7.6,6,1h+4h,0.419,False,nofill,0.0
2024-12-12 10:30:00-05:00,454.55,456.16,456.28,456.16,458.76,7.6,6,1h+4h,0.213,False,nofill,0.0
2024-12-12 11:30:00-05:00,454.16,456.16,456.28,456.16,458.75,7.6,6,1h+4h,0.265,False,nofill,0.0
2024-12-12 12:30:00-05:00,453.95,456.16,456.28,456.16,458.67,7.6,6,1h+4h,0.293,False,nofill,0.0
2024-12-12 13:30:00-05:00,452.36,452.75,452.87,452.75,455.23,8.6,7,1h+4h,0.052,False,nofill,0.0
2024-12-12 14:30:00-05:00,451.55,452.75,452.86,452.75,455.15,8.6,7,1h+4h,0.159,False,nofill,0.0
2024-12-12 15:30:00-05:00,449.48,450.11,450.23,450.11,452.57,12.4,10,1h+4h,0.084,True,scratch,-0.08597970350467943
2024-12-13 09:30:00-05:00,448.68,449.62,449.74,449.62,452.17,13.4,11,1h+4h,0.126,False,nofill,0.0
2024-12-13 10:30:00-05:00,447.12,449.62,449.74,449.62,452.2,13.4,11,1h+4h,0.336,False,nofill,0.0
2024-12-13 11:30:00-05:00,446.24,449.62,449.74,449.62,452.15,13.4,11,1h+4h,0.455,False,nofill,0.0
2024-12-13 12:30:00-05:00,447.43,449.62,449.74,449.62,452.11,13.4,11,1h+4h,0.295,False,nofill,0.0
2024-12-13 13:30:00-05:00,447.14,449.62,449.73,449.62,452.01,13.4,11,1h+4h,0.334,False,nofill,0.0
2024-12-13 14:30:00-05:00,447.46,449.62,449.73,449.62,451.91,13.4,11,1h+4h,0.291,False,nofill,0.0
2024-12-13 15:30:00-05:00,447.26,449.62,449.73,449.62,451.84,13.4,11,1h+4h,0.318,False,nofill,0.0
2024-12-16 09:30:00-05:00,446.4,449.62,449.73,449.62,451.98,13.4,11,1h+4h,0.437,False,nofill,0.0
2024-12-16 10:30:00-05:00,448.08,449.62,449.73,449.62,452.02,13.4,11,1h+4h,0.209,True,scratch,-0.08534278011577134
2024-12-16 11:30:00-05:00,447.95,449.62,449.73,449.62,452.0,13.4,11,1h+4h,0.226,True,scratch,-0.08514244328164944
2024-12-16 12:30:00-05:00,449.13,449.62,449.73,449.62,451.98,13.4,11,1h+4h,0.066,True,scratch,-0.08493261204438607
2024-12-16 13:30:00-05:00,449.78,450.93,451.04,450.93,453.22,12.4,10,1h+4h,0.156,True,scratch,-0.08414088705460676
2024-12-16 14:30:00-05:00,451.76,456.16,456.27,456.16,458.47,10.4,8,1h+4h,0.596,False,nofill,0.0
2024-12-16 15:30:00-05:00,451.71,456.16,456.27,456.16,458.46,10.4,8,1h+4h,0.603,False,nofill,0.0
2024-12-17 09:30:00-05:00,451.79,456.33,456.45,456.33,458.71,10.4,8,1h+4h,0.627,False,nofill,0.0
2024-12-17 10:30:00-05:00,453.62,456.33,456.45,456.33,458.8,10.4,8,1h+4h,0.375,False,nofill,0.0
2024-12-17 11:30:00-05:00,454.36,456.33,456.45,456.33,458.76,10.4,8,1h+4h,0.273,False,nofill,0.0
2024-12-17 12:30:00-05:00,453.73,456.33,456.45,456.33,458.71,10.4,8,1h+4h,0.359,False,nofill,0.0
2024-12-17 13:30:00-05:00,453.73,456.33,456.44,456.33,458.63,10.4,8,1h+4h,0.359,False,nofill,0.0
2024-12-17 14:30:00-05:00,453.92,456.33,456.44,456.33,458.56,11.4,9,1h+4h,0.333,False,nofill,0.0
2024-12-17 15:30:00-05:00,454.48,456.33,456.44,456.33,458.51,11.4,9,1h+4h,0.256,False,nofill,0.0
2024-12-18 09:30:00-05:00,450.37,450.87,451.0,450.87,453.51,15.4,11,1d+1h+4h,0.063,True,scratch,-0.0878686184775046
2024-12-18 10:30:00-05:00,452.12,456.16,456.29,456.16,458.84,11.4,9,1h+4h,0.508,False,nofill,0.0
2024-12-18 11:30:00-05:00,451.58,456.16,456.28,456.16,458.73,11.4,9,1h+4h,0.575,False,nofill,0.0
2024-12-18 12:30:00-05:00,451.54,456.16,456.28,456.16,458.65,13.2,10,1h+4h,0.58,False,nofill,0.0
2024-12-18 13:30:00-05:00,448.29,449.62,449.74,449.62,452.21,17.4,13,1d+1h+4h,0.167,False,nofill,0.0
2024-12-18 14:30:00-05:00,443.2,444.66,444.8,444.66,447.54,19.4,15,1d+1h+4h,0.183,False,nofill,0.0
2024-12-18 15:30:00-05:00,437.25,441.6,441.75,441.6,444.78,22.2,15,1d+1h+4h,0.546,True,scratch,-0.09425298313926467
2024-12-19 09:30:00-05:00,441.08,441.6,441.76,441.6,444.98,22.2,15,1d+1h+4h,0.066,True,scratch,-0.09642537313248045
2024-12-19 10:30:00-05:00,442.28,444.58,444.74,444.58,447.93,19.4,15,1d+1h+4h,0.292,False,nofill,0.0
2024-12-19 11:30:00-05:00,439.88,441.6,441.76,441.6,444.96,22.2,15,1d+1h+4h,0.218,False,nofill,0.0
2024-12-19 12:30:00-05:00,440.12,441.6,441.76,441.6,444.87,22.2,15,1d+1h+4h,0.187,False,nofill,0.0
2024-12-19 13:30:00-05:00,440.05,441.6,441.75,441.6,444.73,22.2,15,1d+1h+4h,0.197,False,nofill,0.0
2024-12-19 14:30:00-05:00,438.58,441.6,441.75,441.6,444.7,22.2,15,1d+1h+4h,0.383,False,nofill,0.0
2024-12-19 15:30:00-05:00,437.1,441.6,441.75,441.6,444.69,22.2,15,1d+1h+4h,0.571,True,scratch,-0.0932348558247087
2024-12-20 09:30:00-05:00,434.32,441.6,441.77,441.6,445.1,22.2,15,1d+1h+4h,0.869,True,scratch,-0.09770166961553528
2024-12-20 10:30:00-05:00,440.25,441.6,441.78,441.6,445.32,22.2,15,1d+1h+4h,0.161,True,scratch,-0.10005619620999662
2024-12-20 11:30:00-05:00,443.35,443.87,444.05,443.87,447.59,20.2,15,1d+1h+4h,0.062,False,nofill,0.0
2024-12-20 12:30:00-05:00,439.56,441.6,441.78,441.6,445.36,22.2,15,1d+1h+4h,0.243,False,nofill,0.0
2024-12-20 13:30:00-05:00,439.42,441.6,441.77,441.6,445.24,22.2,15,1d+1h+4h,0.261,False,nofill,0.0
2024-12-20 14:30:00-05:00,436.78,441.6,441.77,441.6,445.27,22.2,15,1d+1h+4h,0.575,False,nofill,0.0
2024-12-20 15:30:00-05:00,436.97,441.6,441.77,441.6,445.24,22.2,15,1d+1h+4h,0.553,False,nofill,0.0
2024-12-23 09:30:00-05:00,433.76,441.85,442.03,441.85,445.54,22.2,15,1d+1h+4h,0.996,False,nofill,0.0
2024-12-23 10:30:00-05:00,433.7,441.85,442.02,441.85,445.4,22.2,15,1d+1h+4h,1.004,False,nofill,0.0
2024-12-23 11:30:00-05:00,433.98,441.85,442.01,441.85,445.31,22.2,15,1d+1h+4h,0.969,False,nofill,0.0
2024-12-23 12:30:00-05:00,435.28,441.6,441.76,441.6,444.92,22.2,15,1d+1h+4h,0.778,False,nofill,0.0
2024-12-23 13:30:00-05:00,435.73,441.85,442.0,441.85,445.03,22.2,15,1d+1h+4h,0.754,False,nofill,0.0
2024-12-23 14:30:00-05:00,434.13,441.85,442.0,441.85,444.99,22.2,15,1d+1h+4h,0.951,False,nofill,0.0
2024-12-23 15:30:00-05:00,435.22,441.6,441.75,441.6,444.69,22.2,15,1d+1h+4h,0.786,False,nofill,0.0
2024-12-24 09:30:00-05:00,437.27,441.85,442.0,441.85,444.98,22.2,15,1d+1h+4h,0.578,False,nofill,0.0
2024-12-24 10:30:00-05:00,437.53,441.85,441.99,441.85,444.87,22.2,15,1d+1h+4h,0.545,False,nofill,0.0
2024-12-24 11:30:00-05:00,438.53,441.6,441.74,441.6,444.5,22.2,15,1d+1h+4h,0.388,False,nofill,0.0
2024-12-26 09:30:00-05:00,438.19,441.85,441.99,441.85,444.86,22.2,15,1d+1h+4h,0.478,False,nofill,0.0
2024-12-26 10:30:00-05:00,438.79,441.85,441.99,441.85,444.78,22.2,15,1d+1h+4h,0.399,False,nofill,0.0
2024-12-26 11:30:00-05:00,438.99,441.85,441.98,441.85,444.66,22.2,15,1d+1h+4h,0.373,False,nofill,0.0
2024-12-26 12:30:00-05:00,439.16,441.85,441.98,441.85,444.58,23.2,16,1d+1h+4h,0.352,False,nofill,0.0
2024-12-26 13:30:00-05:00,439.0,441.85,441.97,441.85,444.44,23.2,16,1d+1h+4h,0.372,False,nofill,0.0
2024-12-26 14:30:00-05:00,439.56,441.85,441.97,441.85,444.33,23.2,16,1d+1h+4h,0.299,False,nofill,0.0
2024-12-26 15:30:00-05:00,438.12,441.85,441.97,441.85,444.28,23.2,16,1d+1h+4h,0.487,False,nofill,0.0
2024-12-27 09:30:00-05:00,428.34,429.13,429.28,429.13,432.19,46.4,36,1h+4h,0.099,True,scratch,-0.09395196363239933
2024-12-27 10:30:00-05:00,429.68,430.35,430.49,430.35,433.37,40.0,30,1d+1h+4h,0.084,False,nofill,0.0
2024-12-27 11:30:00-05:00,426.84,427.46,427.61,427.46,430.52,53.4,41,1d+1h+4h,0.078,True,target,0.6203860781088366
2024-12-27 12:30:00-05:00,428.28,428.7,428.84,428.7,431.7,48.4,38,1h+4h,0.054,True,scratch,-0.09325220367402132
2024-12-27 13:30:00-05:00,429.82,430.35,430.49,430.35,433.29,40.0,30,1d+1h+4h,0.067,True,scratch,-0.09252348179892289
2024-12-27 14:30:00-05:00,429.21,429.75,429.89,429.75,432.63,43.8,33,1d+1h+4h,0.068,True,scratch,-0.09187298447841385
2024-12-27 15:30:00-05:00,430.7,431.68,431.82,431.68,434.53,35.2,26,1d+1h+4h,0.124,False,nofill,0.0
2024-12-30 09:30:00-05:00,423.26,427.47,427.63,427.47,430.77,54.4,42,1d+1h+4h,0.527,False,nofill,0.0
2024-12-30 10:30:00-05:00,425.19,427.47,427.63,427.47,430.73,54.4,42,1d+1h+4h,0.286,False,nofill,0.0
2024-12-30 11:30:00-05:00,426.54,427.46,427.61,427.46,430.6,54.4,42,1d+1h+4h,0.115,False,nofill,0.0
2024-12-30 12:30:00-05:00,426.11,427.46,427.61,427.46,430.53,54.4,42,1d+1h+4h,0.169,False,nofill,0.0
2024-12-30 13:30:00-05:00,426.6,427.46,427.6,427.46,430.42,54.4,42,1d+1h+4h,0.108,False,nofill,0.0
2024-12-30 14:30:00-05:00,426.14,427.46,427.6,427.46,430.31,54.4,42,1d+1h+4h,0.166,False,nofill,0.0
2024-12-30 15:30:00-05:00,424.82,427.53,427.66,427.53,430.34,55.4,43,1d+1h+4h,0.34,False,nofill,0.0
2024-12-31 09:30:00-05:00,425.2,427.82,427.95,427.82,430.61,55.4,43,1d+1h+4h,0.334,False,nofill,0.0
2024-12-31 10:30:00-05:00,423.48,427.47,427.6,427.47,430.27,55.4,43,1d+1h+4h,0.509,False,nofill,0.0
2024-12-31 11:30:00-05:00,422.33,427.82,427.95,427.82,430.55,55.4,43,1d+1h+4h,0.7,False,nofill,0.0
2024-12-31 12:30:00-05:00,421.93,427.47,427.6,427.47,430.16,55.4,43,1d+1h+4h,0.707,False,nofill,0.0
2024-12-31 13:30:00-05:00,422.02,427.84,427.96,427.84,430.45,55.4,43,1d+1h+4h,0.742,False,nofill,0.0
2024-12-31 14:30:00-05:00,423.19,427.89,428.01,427.89,430.43,55.4,43,1d+1h+4h,0.6,False,nofill,0.0
2024-12-31 15:30:00-05:00,421.29,421.72,421.84,421.72,424.28,61.6,42,1d+1h+4h,0.055,True,scratch,-0.08890046245119132
2025-01-02 09:30:00-05:00,423.19,427.74,427.87,427.74,430.48,57.2,44,1d+1h+4h,0.564,False,nofill,0.0
2025-01-02 10:30:00-05:00,421.48,427.74,427.87,427.74,430.51,57.2,44,1d+1h+4h,0.776,False,nofill,0.0
2025-01-02 11:30:00-05:00,418.34,419.26,419.4,419.26,422.16,82.2,57,1d+1h+4h,0.114,False,nofill,0.0
2025-01-02 12:30:00-05:00,416.23,419.26,419.4,419.26,422.21,82.2,57,1d+1h+4h,0.375,False,nofill,0.0
2025-01-02 13:30:00-05:00,417.07,419.26,419.4,419.26,422.18,82.2,57,1d+1h+4h,0.271,True,target,0.6019018736901804
2025-01-02 14:30:00-05:00,418.19,419.26,419.4,419.26,422.13,82.2,57,1d+1h+4h,0.133,True,target,0.5924140888275531
2025-01-02 15:30:00-05:00,418.69,419.26,419.39,419.26,422.01,82.2,57,1d+1h+4h,0.071,True,target,0.5642059065074756
2025-01-03 09:30:00-05:00,420.92,421.34,421.48,421.34,424.27,72.2,47,1d+1h+4h,0.053,True,scratch,-0.09309512032527056
2025-01-03 10:30:00-05:00,421.4,427.89,428.03,427.89,430.8,56.4,44,1d+1h+4h,0.823,False,nofill,0.0
2025-01-03 11:30:00-05:00,421.07,421.61,421.75,421.61,424.44,70.2,47,1d+1h+4h,0.069,True,target,0.5774327715353023
2025-01-03 12:30:00-05:00,422.66,427.82,427.95,427.82,430.57,56.4,44,1d+1h+4h,0.656,False,nofill,0.0
2025-01-03 13:30:00-05:00,423.51,427.53,427.66,427.53,430.21,56.4,44,1d+1h+4h,0.51,True,target,0.5355404353925008
2025-01-03 14:30:00-05:00,422.66,427.82,427.94,427.82,430.42,56.4,44,1d+1h+4h,0.655,True,target,0.5189055964498923
2025-01-03 15:30:00-05:00,423.35,427.53,427.65,427.53,430.12,56.4,44,1d+1h+4h,0.531,True,target,0.5159806361103358
2025-01-06 09:30:00-05:00,432.65,441.77,441.92,441.77,445.0,25.0,17,1d+1h+4h,1.128,False,nofill,0.0
2025-01-06 10:30:00-05:00,431.88,432.3,432.45,432.3,435.44,32.4,24,1d+1h+4h,0.053,False,nofill,0.0
2025-01-06 11:30:00-05:00,430.37,430.99,431.14,430.99,434.06,41.8,31,1d+1h+4h,0.077,False,nofill,0.0
2025-01-06 12:30:00-05:00,428.0,428.6,428.75,428.6,431.67,50.4,40,1h+4h,0.074,False,nofill,0.0
2025-01-06 13:30:00-05:00,427.01,427.73,427.88,427.73,430.79,58.2,45,1d+1h+4h,0.09,True,scratch,-0.09403961825095175
2025-01-06 14:30:00-05:00,426.62,427.82,427.96,427.82,430.76,58.2,45,1d+1h+4h,0.148,True,scratch,-0.09266409394921293
2025-01-06 15:30:00-05:00,428.07,428.6,428.74,428.6,431.44,50.4,40,1h+4h,0.066,True,scratch,-0.09153187105166438
2025-01-07 09:30:00-05:00,428.79,429.75,429.89,429.75,432.65,47.6,36,1d+1h+4h,0.117,False,nofill,0.0
2025-01-07 10:30:00-05:00,426.09,427.46,427.6,427.46,430.42,60.2,47,1d+1h+4h,0.167,True,scratch,-0.09296350748692062
2025-01-07 11:30:00-05:00,423.59,427.46,427.61,427.46,430.55,60.2,47,1d+1h+4h,0.472,False,nofill,0.0
2025-01-07 12:30:00-05:00,424.17,427.46,427.6,427.46,430.46,60.2,47,1d+1h+4h,0.401,False,nofill,0.0
2025-01-07 13:30:00-05:00,424.46,427.47,427.61,427.47,430.38,60.2,47,1d+1h+4h,0.367,False,nofill,0.0
2025-01-07 14:30:00-05:00,422.09,427.46,427.6,427.46,430.36,60.2,47,1d+1h+4h,0.655,False,nofill,0.0
2025-01-07 15:30:00-05:00,422.49,427.47,427.61,427.47,430.32,60.2,47,1d+1h+4h,0.607,False,nofill,0.0
2025-01-08 09:30:00-05:00,425.91,427.47,427.61,427.47,430.45,57.4,45,1d+1h+4h,0.195,False,nofill,0.0
2025-01-08 10:30:00-05:00,424.74,427.47,427.61,427.47,430.4,57.4,45,1d+1h+4h,0.341,False,nofill,0.0
2025-01-08 11:30:00-05:00,421.8,427.47,427.61,427.47,430.51,57.4,45,1d+1h+4h,0.709,False,nofill,0.0
2025-01-08 12:30:00-05:00,424.24,427.46,427.61,427.46,430.51,57.4,45,1d+1h+4h,0.402,False,nofill,0.0
2025-01-08 13:30:00-05:00,425.07,427.89,428.03,427.89,430.92,57.4,45,1d+1h+4h,0.353,False,nofill,0.0
2025-01-08 14:30:00-05:00,424.23,427.46,427.6,427.46,430.42,57.4,45,1d+1h+4h,0.404,False,nofill,0.0
2025-01-08 15:30:00-05:00,424.7,427.53,427.67,427.53,430.4,57.4,45,1d+1h+4h,0.354,False,nofill,0.0
2025-01-10 09:30:00-05:00,417.86,419.26,419.42,419.26,422.65,83.2,58,1d+1h+4h,0.172,True,scratch,-0.09840878342174397
2025-01-10 10:30:00-05:00,417.54,419.26,419.43,419.26,422.77,83.2,58,1d+1h+4h,0.212,True,target,0.7363628355829155
2025-01-10 11:30:00-05:00,418.28,419.26,419.42,419.26,422.68,83.2,58,1d+1h+4h,0.121,True,target,0.716847148002131
2025-01-10 12:30:00-05:00,422.06,427.73,427.9,427.73,431.25,62.2,47,1d+1h+4h,0.699,False,nofill,0.0
2025-01-10 13:30:00-05:00,421.67,427.73,427.89,427.73,431.19,62.2,47,1d+1h+4h,0.747,False,nofill,0.0
2025-01-10 14:30:00-05:00,420.16,420.8,420.96,420.8,424.14,74.8,48,1d+1h+4h,0.079,False,nofill,0.0
2025-01-10 15:30:00-05:00,418.9,419.47,419.63,419.47,422.72,76.6,53,1d+1h+4h,0.071,False,nofill,0.0
2025-01-13 09:30:00-05:00,414.34,419.26,419.42,419.26,422.66,83.2,58,1d+1h+4h,0.615,False,nofill,0.0
2025-01-13 10:30:00-05:00,413.5,419.26,419.42,419.26,422.62,83.2,58,1d+1h+4h,0.72,False,nofill,0.0
2025-01-13 11:30:00-05:00,414.22,419.26,419.42,419.26,422.55,83.2,58,1d+1h+4h,0.629,False,nofill,0.0
2025-01-13 12:30:00-05:00,415.0,419.26,419.41,419.26,422.46,83.2,58,1d+1h+4h,0.532,False,nofill,0.0
2025-01-13 13:30:00-05:00,416.07,419.26,419.41,419.26,422.38,83.2,58,1d+1h+4h,0.399,True,scratch,-0.09534692434064462
2025-01-13 14:30:00-05:00,416.12,419.26,419.4,419.26,422.25,83.2,58,1d+1h+4h,0.392,True,scratch,-0.0938936482760222
2025-01-13 15:30:00-05:00,417.23,419.26,419.4,419.26,422.16,83.2,58,1d+1h+4h,0.254,True,scratch,-0.09289295647476603
2025-01-14 09:30:00-05:00,416.91,419.26,419.4,419.26,422.19,83.2,58,1d+1h+4h,0.291,False,nofill,0.0
2025-01-14 10:30:00-05:00,415.74,419.26,419.4,419.26,422.18,83.2,58,1d+1h+4h,0.436,False,nofill,0.0
2025-01-14 11:30:00-05:00,415.04,419.26,419.4,419.26,422.13,83.2,58,1d+1h+4h,0.523,False,nofill,0.0
2025-01-14 12:30:00-05:00,416.2,419.26,419.4,419.26,422.12,84.2,59,1d+1h+4h,0.379,False,nofill,0.0
2025-01-14 13:30:00-05:00,417.0,419.26,419.39,419.26,422.05,84.2,59,1d+1h+4h,0.28,True,target,0.5736805688113078
2025-01-14 14:30:00-05:00,411.96,419.26,419.41,419.26,422.36,84.2,59,1d+1h+4h,0.906,True,target,0.6435019622925253
2025-01-14 15:30:00-05:00,415.68,419.26,419.41,419.26,422.46,84.2,59,1d+1h+4h,0.444,True,target,0.6657528172836713
2025-01-15 09:30:00-05:00,425.28,427.47,427.65,427.47,431.18,63.2,48,1d+1h+4h,0.262,False,nofill,0.0
2025-01-15 10:30:00-05:00,426.28,427.46,427.63,427.46,431.1,63.2,48,1d+1h+4h,0.14,False,nofill,0.0
2025-01-15 11:30:00-05:00,425.22,427.47,427.64,427.47,431.0,63.2,48,1d+1h+4h,0.269,True,scratch,-0.09923653138165234
2025-01-15 12:30:00-05:00,425.67,427.28,427.44,427.28,430.69,63.2,48,1d+1h+4h,0.192,True,scratch,-0.09798567914115486
2025-01-15 13:30:00-05:00,426.59,427.28,427.44,427.28,430.56,64.2,49,1d+1h+4h,0.082,True,scratch,-0.0964616095798787
2025-01-15 14:30:00-05:00,427.77,428.42,428.57,428.42,431.58,56.4,44,1d+1h+4h,0.078,True,scratch,-0.09509215922401948
2025-01-15 15:30:00-05:00,426.26,427.42,427.57,427.42,430.48,64.2,49,1d+1h+4h,0.139,True,scratch,-0.09406347757668909
2025-01-16 09:30:00-05:00,426.14,427.42,427.57,427.42,430.6,64.2,49,1d+1h+4h,0.158,True,scratch,-0.0953548083102218
2025-01-16 10:30:00-05:00,427.07,427.73,427.88,427.73,430.86,63.2,48,1d+1h+4h,0.081,False,nofill,0.0
2025-01-16 11:30:00-05:00,427.36,427.82,427.96,427.82,430.83,63.2,48,1d+1h+4h,0.057,True,scratch,-0.09344999635579887
2025-01-16 12:30:00-05:00,426.35,427.42,427.56,427.42,430.32,64.2,49,1d+1h+4h,0.132,True,scratch,-0.09220753858543151
2025-01-16 13:30:00-05:00,427.04,427.82,427.96,427.82,430.68,63.2,48,1d+1h+4h,0.096,True,scratch,-0.09181764178951557
2025-01-16 14:30:00-05:00,426.76,427.42,427.55,427.42,430.19,64.2,49,1d+1h+4h,0.082,True,target,0.5570219254066755
2025-01-16 15:30:00-05:00,424.54,427.42,427.55,427.42,430.19,64.2,49,1d+1h+4h,0.354,True,target,0.5566948472489619
2025-01-17 09:30:00-05:00,429.18,429.75,429.91,429.75,433.06,52.6,39,1d+1h+4h,0.069,True,scratch,-0.09663445164858064
2025-01-17 10:30:00-05:00,429.9,430.45,430.6,430.45,433.64,48.8,36,1d+1h+4h,0.067,True,scratch,-0.09521320506736819
2025-01-17 11:30:00-05:00,430.65,431.08,431.23,431.08,434.21,43.8,33,1d+1h+4h,0.052,True,scratch,-0.09448661416868731
2025-01-17 12:30:00-05:00,431.98,432.41,432.55,432.41,435.45,36.2,27,1d+1h+4h,0.052,False,nofill,0.0
2025-01-17 13:30:00-05:00,430.1,430.65,430.8,430.65,433.71,47.6,36,1d+1h+4h,0.066,True,scratch,-0.09376753342005273
2025-01-17 14:30:00-05:00,430.28,430.94,431.08,430.94,433.87,44.8,34,1d+1h+4h,0.079,True,scratch,-0.09235617720828593
2025-01-17 15:30:00-05:00,428.91,429.75,429.89,429.75,432.68,52.6,39,1d+1h+4h,0.102,True,scratch,-0.0924517329953467
2025-01-21 09:30:00-05:00,428.47,429.13,429.28,429.13,432.24,52.4,40,1d+1h+4h,0.082,True,scratch,-0.09449485630819154
2025-01-21 10:30:00-05:00,428.01,428.6,428.74,428.6,431.64,55.4,43,1d+1h+4h,0.073,True,scratch,-0.09367618156954638
2025-01-21 11:30:00-05:00,428.56,429.13,429.27,429.13,432.04,52.4,40,1d+1h+4h,0.071,True,scratch,-0.09226229132829333
2025-01-21 12:30:00-05:00,429.36,429.86,430.0,429.86,432.74,46.0,34,1d+1h+4h,0.062,False,nofill,0.0
2025-01-21 13:30:00-05:00,429.26,429.75,429.88,429.75,432.58,49.8,37,1d+1h+4h,0.061,True,target,0.5669970813173553
2025-01-21 14:30:00-05:00,429.05,429.75,429.88,429.75,432.51,49.8,37,1d+1h+4h,0.087,True,target,0.5512711423055983
2025-01-21 15:30:00-05:00,428.62,429.13,429.26,429.13,431.79,53.4,41,1d+1h+4h,0.063,True,target,0.5293554679653312
2025-01-22 09:30:00-05:00,439.76,441.6,441.76,441.6,445.06,26.0,18,1d+1h+4h,0.209,True,target,0.6863593205134189
2025-01-22 10:30:00-05:00,442.54,443.39,443.56,443.39,446.88,21.2,16,1d+1h+4h,0.097,True,target,0.688349905925123
2025-01-22 11:30:00-05:00,444.76,445.28,445.45,445.28,448.79,20.4,16,1d+1h+4h,0.059,True,scratch,-0.09747912734427988
2025-01-22 12:30:00-05:00,444.3,444.85,445.01,444.85,448.25,20.4,16,1d+1h+4h,0.063,True,scratch,-0.09631062631317855
2025-01-22 13:30:00-05:00,445.56,449.62,449.78,449.62,452.94,17.4,13,1d+1h+4h,0.462,False,nofill,0.0
2025-01-22 14:30:00-05:00,445.43,446.41,446.56,446.41,449.59,17.4,15,1h+4h,0.112,True,scratch,-0.09386992972684194
2025-01-22 15:30:00-05:00,446.16,446.75,446.9,446.75,449.88,17.4,15,1h+4h,0.067,False,nofill,0.0
2025-01-23 09:30:00-05:00,443.17,443.87,444.03,443.87,447.13,22.2,17,1d+1h+4h,0.082,True,scratch,-0.09490956446750465
2025-01-23 10:30:00-05:00,443.55,444.58,444.73,444.58,447.73,21.4,17,1d+1h+4h,0.12,False,nofill,0.0
2025-01-23 11:30:00-05:00,443.1,443.87,444.01,443.87,446.9,22.2,17,1d+1h+4h,0.09,True,scratch,-0.09240884054558807
2025-01-23 12:30:00-05:00,443.12,443.87,444.01,443.87,446.74,22.2,17,1d+1h+4h,0.089,True,scratch,-0.0907520787671312
2025-01-23 13:30:00-05:00,444.31,444.85,444.98,444.85,447.62,21.4,17,1d+1h+4h,0.063,True,scratch,-0.08960253559082698
2025-01-23 14:30:00-05:00,445.11,449.62,449.75,449.62,452.3,17.4,13,1d+1h+4h,0.529,False,nofill,0.0
2025-01-23 15:30:00-05:00,446.7,449.62,449.75,449.62,452.26,17.4,13,1d+1h+4h,0.343,False,nofill,0.0
2025-01-24 09:30:00-05:00,443.73,444.58,444.71,444.58,447.34,21.4,17,1d+1h+4h,0.102,True,scratch,-0.08955408634671036
2025-01-24 10:30:00-05:00,446.3,446.75,446.88,446.75,449.52,19.2,16,1h+4h,0.055,False,nofill,0.0
2025-01-24 11:30:00-05:00,444.82,445.28,445.41,445.28,448.01,20.2,17,1h+4h,0.055,False,nofill,0.0
2025-01-24 12:30:00-05:00,443.94,444.58,444.71,444.58,447.22,21.4,17,1d+1h+4h,0.077,False,nofill,0.0
2025-01-24 13:30:00-05:00,442.43,443.72,443.85,443.72,446.36,22.2,17,1d+1h+4h,0.156,True,scratch,-0.08824503796535099
2025-01-24 14:30:00-05:00,442.68,443.72,443.84,443.72,446.24,22.2,17,1d+1h+4h,0.126,True,scratch,-0.08701467193888979
2025-01-24 15:30:00-05:00,443.98,444.58,444.7,444.58,447.05,21.4,17,1d+1h+4h,0.072,False,nofill,0.0
2025-01-27 09:30:00-05:00,431.15,432.71,432.89,432.71,436.51,40.0,28,1d+1h+4h,0.171,True,scratch,-0.10174335562672665
2025-01-27 10:30:00-05:00,427.4,428.22,428.41,428.22,432.3,65.2,50,1d+1h+4h,0.09,True,scratch,-0.10530584053142222
2025-01-27 11:30:00-05:00,427.38,427.84,428.03,427.84,431.79,65.2,50,1d+1h+4h,0.05,True,target,0.8195306812512237
2025-01-27 12:30:00-05:00,429.42,430.45,430.64,430.45,434.36,52.6,39,1d+1h+4h,0.113,True,target,0.8039791037130151
2025-01-27 13:30:00-05:00,434.41,441.77,441.96,441.77,445.81,30.0,20,1d+1h+4h,0.805,True,scratch,-0.10348405679148076
2025-01-27 14:30:00-05:00,434.32,441.77,441.96,441.77,445.69,30.0,20,1d+1h+4h,0.815,True,scratch,-0.10222662019618856
2025-01-27 15:30:00-05:00,434.57,441.85,442.03,441.85,445.62,30.0,20,1d+1h+4h,0.796,True,scratch,-0.1005431449876637
2025-01-28 09:30:00-05:00,442.26,443.13,443.34,443.13,447.5,28.0,20,1d+1h+4h,0.089,True,target,0.8776161078118738
2025-01-28 10:30:00-05:00,442.0,442.5,442.7,442.5,446.77,30.0,20,1d+1h+4h,0.052,True,target,0.8588939997261624
2025-01-28 11:30:00-05:00,444.59,445.28,445.48,445.28,449.49,23.2,18,1d+1h+4h,0.071,True,scratch,-0.10494208234783642
2025-01-28 12:30:00-05:00,446.17,449.62,449.81,449.62,453.71,20.2,15,1d+1h+4h,0.356,False,nofill,0.0
2025-01-28 13:30:00-05:00,446.86,449.62,449.81,449.62,453.56,20.2,15,1d+1h+4h,0.285,False,nofill,0.0
2025-01-28 14:30:00-05:00,446.63,449.62,449.8,449.62,453.43,20.2,15,1d+1h+4h,0.309,False,nofill,0.0
2025-01-28 15:30:00-05:00,447.02,449.62,449.8,449.62,453.32,20.2,15,1d+1h+4h,0.268,False,nofill,0.0
2025-01-29 09:30:00-05:00,441.99,442.5,442.69,442.5,446.44,30.0,20,1d+1h+4h,0.054,True,scratch,-0.10229285721573556
2025-01-29 10:30:00-05:00,442.42,443.39,443.57,443.39,447.2,28.0,20,1d+1h+4h,0.103,True,scratch,-0.10082777782626229
2025-01-29 11:30:00-05:00,443.59,445.28,445.46,445.28,449.03,23.2,18,1d+1h+4h,0.178,True,scratch,-0.1000195144766236
2025-01-29 12:30:00-05:00,443.0,443.87,444.05,443.87,447.6,23.2,18,1d+1h+4h,0.092,True,scratch,-0.09998663273246278
2025-01-29 13:30:00-05:00,442.06,443.39,443.56,443.39,446.99,28.0,20,1d+1h+4h,0.14,True,scratch,-0.0985620151614297
2025-01-29 14:30:00-05:00,444.98,450.39,450.56,450.39,454.0,21.2,16,1d+1h+4h,0.571,False,nofill,0.0
2025-01-29 15:30:00-05:00,441.79,442.5,442.67,442.5,446.11,31.0,21,1d+1h+4h,0.075,False,nofill,0.0
2025-01-30 09:30:00-05:00,415.23,420.0,420.26,420.0,425.43,98.6,67,1d+1h+4h,0.439,False,nofill,0.0
2025-01-30 10:30:00-05:00,415.25,420.0,420.25,420.0,425.32,98.6,67,1d+1h+4h,0.438,False,nofill,0.0
2025-01-30 11:30:00-05:00,414.5,420.0,420.25,420.0,425.15,98.6,67,1d+1h+4h,0.506,False,nofill,0.0
2025-01-30 12:30:00-05:00,415.72,420.0,420.23,420.0,424.92,98.6,67,1d+1h+4h,0.394,False,nofill,0.0
2025-01-30 13:30:00-05:00,415.21,420.0,420.23,420.0,424.73,98.6,67,1d+1h+4h,0.441,True,scratch,-0.11356829550204228
2025-01-30 14:30:00-05:00,415.97,420.0,420.21,420.0,424.48,98.6,67,1d+1h+4h,0.371,True,scratch,-0.11069346218677278
2025-01-30 15:30:00-05:00,414.86,420.0,420.21,420.0,424.38,98.6,67,1d+1h+4h,0.474,True,scratch,-0.10959439083658706
2025-01-31 09:30:00-05:00,417.39,417.94,418.15,417.94,422.44,93.6,66,1d+1h+4h,0.053,True,scratch,-0.11124479374828855
2025-01-31 10:30:00-05:00,416.14,417.94,418.15,417.94,422.29,93.6,66,1d+1h+4h,0.171,True,scratch,-0.1094619268692365
2025-01-31 11:30:00-05:00,418.53,419.88,420.08,419.88,424.17,93.6,66,1d+1h+4h,0.129,False,nofill,0.0
2025-01-31 12:30:00-05:00,417.55,419.88,420.08,419.88,424.01,94.6,67,1d+1h+4h,0.222,False,nofill,0.0
2025-01-31 13:30:00-05:00,416.43,419.88,420.07,419.88,423.87,94.6,67,1d+1h+4h,0.329,False,nofill,0.0
2025-01-31 14:30:00-05:00,416.14,419.88,420.06,419.88,423.73,94.6,67,1d+1h+4h,0.357,False,nofill,0.0
2025-01-31 15:30:00-05:00,414.97,419.88,420.06,419.88,423.63,94.6,67,1d+1h+4h,0.468,False,nofill,0.0
2025-02-03 09:30:00-05:00,411.68,418.35,418.54,418.35,422.3,90.6,65,1d+1h+4h,0.653,False,nofill,0.0
2025-02-03 10:30:00-05:00,411.8,418.4,418.59,418.4,422.26,90.6,65,1d+1h+4h,0.647,False,nofill,0.0
2025-02-03 11:30:00-05:00,411.69,418.35,418.53,418.35,422.1,90.6,65,1d+1h+4h,0.652,False,nofill,0.0
2025-02-03 12:30:00-05:00,413.03,418.35,418.52,418.35,422.04,90.6,65,1d+1h+4h,0.521,False,nofill,0.0
2025-02-03 13:30:00-05:00,415.06,418.35,418.52,418.35,421.96,90.6,65,1d+1h+4h,0.322,False,nofill,0.0
2025-02-03 14:30:00-05:00,413.58,417.84,418.01,417.84,421.35,90.6,65,1d+1h+4h,0.417,False,nofill,0.0
2025-02-03 15:30:00-05:00,411.01,417.84,418.01,417.84,421.37,90.6,65,1d+1h+4h,0.669,False,nofill,0.0
2025-02-04 09:30:00-05:00,413.18,419.65,419.82,419.65,423.2,90.0,64,1d+1h+4h,0.662,False,nofill,0.0
2025-02-04 10:30:00-05:00,413.13,419.65,419.82,419.65,423.07,90.0,64,1d+1h+4h,0.667,False,nofill,0.0
2025-02-04 11:30:00-05:00,411.06,419.71,419.87,419.71,423.08,90.0,64,1d+1h+4h,0.885,False,nofill,0.0
2025-02-04 12:30:00-05:00,411.76,419.65,419.8,419.65,422.87,90.0,64,1d+1h+4h,0.807,False,nofill,0.0
2025-02-04 13:30:00-05:00,412.5,419.71,419.86,419.71,422.8,90.0,64,1d+1h+4h,0.738,False,nofill,0.0
2025-02-04 14:30:00-05:00,411.96,419.71,419.85,419.71,422.65,90.0,64,1d+1h+4h,0.793,False,nofill,0.0
2025-02-04 15:30:00-05:00,412.31,419.71,419.85,419.71,422.56,90.0,64,1d+1h+4h,0.757,False,nofill,0.0
2025-02-05 09:30:00-05:00,411.64,419.55,419.69,419.55,422.44,86.2,61,1d+1h+4h,0.849,False,nofill,0.0
2025-02-05 10:30:00-05:00,412.62,419.55,419.68,419.55,422.36,86.2,61,1d+1h+4h,0.743,False,nofill,0.0
2025-02-05 11:30:00-05:00,413.07,419.55,419.68,419.55,422.26,86.2,61,1d+1h+4h,0.695,False,nofill,0.0
2025-02-05 12:30:00-05:00,412.04,419.55,419.68,419.55,422.18,86.2,61,1d+1h+4h,0.806,False,nofill,0.0
2025-02-05 13:30:00-05:00,412.99,419.55,419.67,419.55,422.11,86.2,61,1d+1h+4h,0.704,False,nofill,0.0
2025-02-05 14:30:00-05:00,413.06,419.55,419.67,419.55,421.97,86.2,61,1d+1h+4h,0.697,False,nofill,0.0
2025-02-05 15:30:00-05:00,413.28,419.47,419.59,419.47,421.84,86.2,61,1d+1h+4h,0.664,False,nofill,0.0
2025-02-06 09:30:00-05:00,417.04,419.47,419.6,419.47,422.02,86.2,61,1d+1h+4h,0.27,False,nofill,0.0
2025-02-06 10:30:00-05:00,417.66,419.47,419.59,419.47,421.98,86.2,61,1d+1h+4h,0.201,False,nofill,0.0
2025-02-06 11:30:00-05:00,416.0,419.47,419.59,419.47,421.93,86.2,61,1d+1h+4h,0.386,False,nofill,0.0
2025-02-06 12:30:00-05:00,416.08,419.47,419.59,419.47,421.87,86.2,61,1d+1h+4h,0.376,False,nofill,0.0
2025-02-06 13:30:00-05:00,415.88,419.47,419.58,419.47,421.77,87.2,62,1d+1h+4h,0.399,False,nofill,0.0
2025-02-06 14:30:00-05:00,414.88,419.47,419.58,419.47,421.8,87.2,62,1d+1h+4h,0.51,False,nofill,0.0
2025-02-06 15:30:00-05:00,415.91,419.47,419.58,419.47,421.78,87.2,62,1d+1h+4h,0.396,False,nofill,0.0
2025-02-07 09:30:00-05:00,412.61,419.47,419.6,419.47,422.07,87.2,62,1d+1h+4h,0.754,False,nofill,0.0
2025-02-07 10:30:00-05:00,411.34,419.55,419.68,419.55,422.18,87.2,62,1d+1h+4h,0.902,False,nofill,0.0
2025-02-07 11:30:00-05:00,410.18,419.55,419.67,419.55,422.15,87.2,62,1d+1h+4h,1.029,False,nofill,0.0
2025-02-07 12:30:00-05:00,410.71,419.55,419.67,419.55,422.05,87.2,62,1d+1h+4h,0.971,False,nofill,0.0
2025-02-07 13:30:00-05:00,408.28,419.47,419.59,419.47,422.01,87.2,62,1d+1h+4h,1.229,False,nofill,0.0
2025-02-07 14:30:00-05:00,408.88,419.47,419.59,419.47,421.91,87.2,62,1d+1h+4h,1.164,False,nofill,0.0
2025-02-07 15:30:00-05:00,409.76,419.47,419.59,419.47,421.85,87.2,62,1d+1h+4h,1.067,False,nofill,0.0
2025-02-10 09:30:00-05:00,414.19,419.47,419.6,419.47,422.04,87.2,62,1d+1h+4h,0.597,False,nofill,0.0
2025-02-10 10:30:00-05:00,415.09,419.47,419.59,419.47,421.96,87.2,62,1d+1h+4h,0.496,False,nofill,0.0
2025-02-10 11:30:00-05:00,412.08,419.47,419.59,419.47,422.02,87.2,62,1d+1h+4h,0.836,False,nofill,0.0
2025-02-10 12:30:00-05:00,412.8,419.47,419.59,419.47,421.92,89.0,63,1d+1h+4h,0.754,False,nofill,0.0
2025-02-10 13:30:00-05:00,412.06,419.47,419.59,419.47,421.84,89.0,63,1d+1h+4h,0.837,False,nofill,0.0
2025-02-10 14:30:00-05:00,411.5,419.47,419.58,419.47,421.79,89.0,63,1d+1h+4h,0.901,False,nofill,0.0
2025-02-10 15:30:00-05:00,412.21,419.47,419.58,419.47,421.71,89.0,63,1d+1h+4h,0.82,False,nofill,0.0
2025-02-11 09:30:00-05:00,412.2,419.08,419.2,419.08,421.4,88.0,62,1d+1h+4h,0.815,False,nofill,0.0
2025-02-11 10:30:00-05:00,410.55,419.26,419.37,419.26,421.55,88.0,62,1d+1h+4h,1.031,False,nofill,0.0
2025-02-11 11:30:00-05:00,410.29,419.09,419.2,419.09,421.34,88.0,62,1d+1h+4h,1.042,False,nofill,0.0
2025-02-11 12:30:00-05:00,409.98,419.08,419.19,419.08,421.25,88.0,62,1d+1h+4h,1.078,False,nofill,0.0
2025-02-11 13:30:00-05:00,410.56,419.26,419.36,419.26,421.33,88.0,62,1d+1h+4h,1.03,False,nofill,0.0
2025-02-11 14:30:00-05:00,411.65,419.09,419.19,419.09,421.12,88.0,62,1d+1h+4h,0.881,False,nofill,0.0
2025-02-11 15:30:00-05:00,411.55,419.08,419.18,419.08,421.03,88.0,62,1d+1h+4h,0.892,False,nofill,0.0
2025-02-12 09:30:00-05:00,409.02,419.09,419.2,419.09,421.44,88.0,62,1d+1h+4h,1.207,False,nofill,0.0
2025-02-12 10:30:00-05:00,407.58,419.09,419.2,419.09,421.47,88.0,62,1d+1h+4h,1.38,False,nofill,0.0
2025-02-12 11:30:00-05:00,409.23,419.26,419.37,419.26,421.62,88.0,62,1d+1h+4h,1.202,False,nofill,0.0
2025-02-12 12:30:00-05:00,410.34,419.26,419.37,419.26,421.59,88.0,62,1d+1h+4h,1.069,False,nofill,0.0
2025-02-12 13:30:00-05:00,409.45,419.26,419.37,419.26,421.5,88.0,62,1d+1h+4h,1.176,False,nofill,0.0
2025-02-12 14:30:00-05:00,408.21,419.09,419.2,419.09,421.34,88.0,62,1d+1h+4h,1.304,False,nofill,0.0
2025-02-12 15:30:00-05:00,408.95,419.09,419.19,419.09,421.26,88.0,62,1d+1h+4h,1.216,False,nofill,0.0
2025-02-13 09:30:00-05:00,407.97,419.26,419.37,419.26,421.47,88.0,62,1d+1h+4h,1.399,False,nofill,0.0
2025-02-13 10:30:00-05:00,408.64,419.26,419.37,419.26,421.51,88.0,62,1d+1h+4h,1.316,False,nofill,0.0
2025-02-13 11:30:00-05:00,408.28,419.26,419.36,419.26,421.45,88.0,62,1d+1h+4h,1.36,False,nofill,0.0
2025-02-13 12:30:00-05:00,408.08,419.26,419.36,419.26,421.37,88.0,62,1d+1h+4h,1.385,False,nofill,0.0
2025-02-13 13:30:00-05:00,409.67,419.26,419.36,419.26,421.38,88.0,62,1d+1h+4h,1.188,False,nofill,0.0
2025-02-13 14:30:00-05:00,410.71,419.26,419.36,419.26,421.33,88.0,62,1d+1h+4h,1.059,False,nofill,0.0
2025-02-13 15:30:00-05:00,410.52,419.26,419.35,419.26,421.25,88.0,62,1d+1h+4h,1.083,False,nofill,0.0
2025-02-14 09:30:00-05:00,406.24,419.26,419.36,419.26,421.44,87.0,61,1d+1h+4h,1.664,False,nofill,0.0
2025-02-14 10:30:00-05:00,407.82,419.26,419.36,419.26,421.44,87.0,61,1d+1h+4h,1.462,False,nofill,0.0
2025-02-14 11:30:00-05:00,407.52,419.26,419.36,419.26,421.35,87.0,61,1d+1h+4h,1.5,False,nofill,0.0
2025-02-14 12:30:00-05:00,407.82,419.26,419.35,419.26,421.25,87.0,61,1d+1h+4h,1.462,False,nofill,0.0
2025-02-14 13:30:00-05:00,407.72,419.26,419.35,419.26,421.19,87.0,61,1d+1h+4h,1.475,False,nofill,0.0
2025-02-14 14:30:00-05:00,406.84,419.26,419.35,419.26,421.15,87.0,61,1d+1h+4h,1.587,False,nofill,0.0
2025-02-14 15:30:00-05:00,408.33,419.26,419.35,419.26,421.17,87.0,61,1d+1h+4h,1.397,False,nofill,0.0
2025-02-18 09:30:00-05:00,408.05,419.01,419.1,419.01,420.98,84.0,60,1d+1h+4h,1.451,False,nofill,0.0
2025-02-18 10:30:00-05:00,408.92,419.01,419.1,419.01,420.96,84.0,60,1d+1h+4h,1.336,False,nofill,0.0
2025-02-18 11:30:00-05:00,408.34,419.01,419.1,419.01,420.91,84.0,60,1d+1h+4h,1.413,False,nofill,0.0
2025-02-18 12:30:00-05:00,408.07,419.08,419.17,419.08,420.95,84.0,60,1d+1h+4h,1.459,False,nofill,0.0
2025-02-18 13:30:00-05:00,407.43,419.01,419.1,419.01,420.87,84.0,60,1d+1h+4h,1.533,False,nofill,0.0
2025-02-18 14:30:00-05:00,407.59,419.01,419.09,419.01,420.79,84.0,60,1d+1h+4h,1.512,False,nofill,0.0
2025-02-18 15:30:00-05:00,409.64,419.01,419.1,419.01,420.83,84.0,60,1d+1h+4h,1.24,False,nofill,0.0
2025-02-19 09:30:00-05:00,408.25,419.09,419.18,419.09,420.94,84.0,60,1d+1h+4h,1.433,False,nofill,0.0
2025-02-19 10:30:00-05:00,410.43,419.09,419.19,419.09,421.1,84.0,60,1d+1h+4h,1.145,False,nofill,0.0
2025-02-19 11:30:00-05:00,410.47,419.01,419.1,419.01,421.0,84.0,60,1d+1h+4h,1.129,False,nofill,0.0
2025-02-19 12:30:00-05:00,411.56,419.01,419.1,419.01,420.99,84.0,60,1d+1h+4h,0.984,False,nofill,0.0
2025-02-19 13:30:00-05:00,413.96,419.08,419.18,419.08,421.14,84.0,60,1d+1h+4h,0.678,False,nofill,0.0
2025-02-19 14:30:00-05:00,414.5,419.01,419.11,419.01,421.03,84.0,60,1d+1h+4h,0.596,True,scratch,-0.08292569588271848
2025-02-19 15:30:00-05:00,414.82,419.09,419.18,419.09,421.06,84.0,60,1d+1h+4h,0.564,True,scratch,-0.08233024737684946
2025-02-20 09:30:00-05:00,416.11,419.01,419.11,419.01,421.2,84.0,60,1d+1h+4h,0.386,True,scratch,-0.08479956655107479
2025-02-20 10:30:00-05:00,417.92,419.01,419.12,419.01,421.31,84.0,60,1d+1h+4h,0.145,False,nofill,0.0
2025-02-20 11:30:00-05:00,417.66,419.01,419.12,419.01,421.35,84.0,60,1d+1h+4h,0.18,False,nofill,0.0
2025-02-20 12:30:00-05:00,417.55,419.09,419.2,419.09,421.34,84.0,60,1d+1h+4h,0.205,False,nofill,0.0
2025-02-20 13:30:00-05:00,417.63,419.08,419.19,419.08,421.29,85.0,61,1d+1h+4h,0.194,False,nofill,0.0
2025-02-20 14:30:00-05:00,415.79,419.09,419.2,419.09,421.34,85.0,61,1d+1h+4h,0.44,False,nofill,0.0
2025-02-20 15:30:00-05:00,416.13,419.01,419.11,419.01,421.17,85.0,61,1d+1h+4h,0.384,False,nofill,0.0
2025-02-21 09:30:00-05:00,413.29,419.26,419.37,419.26,421.66,86.2,61,1d+1h+4h,0.777,False,nofill,0.0
2025-02-21 10:30:00-05:00,413.54,419.26,419.37,419.26,421.66,86.2,61,1d+1h+4h,0.744,False,nofill,0.0
2025-02-21 11:30:00-05:00,413.27,419.26,419.37,419.26,421.6,86.2,61,1d+1h+4h,0.779,False,nofill,0.0
2025-02-21 12:30:00-05:00,412.53,419.26,419.37,419.26,421.53,88.0,62,1d+1h+4h,0.876,False,nofill,0.0
2025-02-21 13:30:00-05:00,409.09,419.26,419.37,419.26,421.63,88.0,62,1d+1h+4h,1.323,False,nofill,0.0
2025-02-21 14:30:00-05:00,409.06,419.26,419.37,419.26,421.56,88.0,62,1d+1h+4h,1.327,False,nofill,0.0
2025-02-21 15:30:00-05:00,408.14,419.26,419.37,419.26,421.51,88.0,62,1d+1h+4h,1.447,False,nofill,0.0
2025-02-24 09:30:00-05:00,399.79,411.24,411.38,411.24,414.09,74.2,55,1d+1h+4h,1.459,False,nofill,0.0
2025-02-24 10:30:00-05:00,403.26,418.9,419.05,418.9,421.9,86.8,62,1d+1h+4h,1.994,False,nofill,0.0
2025-02-24 11:30:00-05:00,403.95,419.26,419.4,419.26,422.2,89.8,63,1d+1h+4h,1.951,False,nofill,0.0
2025-02-24 12:30:00-05:00,404.6,419.26,419.39,419.26,422.08,89.8,63,1d+1h+4h,1.868,False,nofill,0.0
2025-02-24 13:30:00-05:00,403.79,419.26,419.39,419.26,421.96,89.8,63,1d+1h+4h,1.972,False,nofill,0.0
2025-02-24 14:30:00-05:00,404.73,419.26,419.39,419.26,421.89,89.8,63,1d+1h+4h,1.852,False,nofill,0.0
2025-02-24 15:30:00-05:00,404.08,419.26,419.38,419.26,421.85,89.8,63,1d+1h+4h,1.935,False,nofill,0.0
2025-02-25 09:30:00-05:00,398.49,411.24,411.38,411.24,414.13,74.2,55,1d+1h+4h,1.634,False,nofill,0.0
2025-02-25 10:30:00-05:00,397.88,411.24,411.38,411.24,414.14,74.2,55,1d+1h+4h,1.713,False,nofill,0.0
2025-02-25 11:30:00-05:00,399.95,411.24,411.38,411.24,414.18,74.2,55,1d+1h+4h,1.447,False,nofill,0.0
2025-02-25 12:30:00-05:00,398.28,411.24,411.38,411.24,414.14,74.2,55,1d+1h+4h,1.661,False,nofill,0.0
2025-02-25 13:30:00-05:00,397.54,411.24,411.38,411.24,414.08,74.2,55,1d+1h+4h,1.757,False,nofill,0.0
2025-02-25 14:30:00-05:00,398.84,411.24,411.37,411.24,414.05,74.2,55,1d+1h+4h,1.589,False,nofill,0.0
2025-02-25 15:30:00-05:00,398.0,411.24,411.37,411.24,413.97,74.2,55,1d+1h+4h,1.698,False,nofill,0.0
2025-02-26 09:30:00-05:00,402.02,416.41,416.56,416.41,419.61,77.4,61,1d+1h+4h,1.821,False,nofill,0.0
2025-02-26 10:30:00-05:00,402.77,418.35,418.49,418.35,421.42,78.0,56,1d+1h+4h,1.971,False,nofill,0.0
2025-02-26 11:30:00-05:00,402.74,418.35,418.49,418.35,421.3,78.0,56,1d+1h+4h,1.975,False,nofill,0.0
2025-02-26 12:30:00-05:00,400.13,411.24,411.38,411.24,414.2,74.2,55,1d+1h+4h,1.406,False,nofill,0.0
2025-02-26 13:30:00-05:00,398.94,411.24,411.38,411.24,414.16,74.2,55,1d+1h+4h,1.556,False,nofill,0.0
2025-02-26 14:30:00-05:00,398.69,411.24,411.37,411.24,414.05,74.2,55,1d+1h+4h,1.588,False,nofill,0.0
2025-02-26 15:30:00-05:00,399.64,411.24,411.37,411.24,413.96,74.2,55,1d+1h+4h,1.467,False,nofill,0.0
2025-02-27 09:30:00-05:00,399.48,414.07,414.22,414.07,417.19,77.2,58,1d+1h+4h,1.758,False,nofill,0.0
2025-02-27 10:30:00-05:00,398.13,414.07,414.22,414.07,417.17,77.2,58,1d+1h+4h,1.921,False,nofill,0.0
2025-02-27 11:30:00-05:00,397.79,414.07,414.21,414.07,417.1,77.2,58,1d+1h+4h,1.962,False,nofill,0.0
2025-02-27 12:30:00-05:00,398.38,414.07,414.21,414.07,417.02,77.2,58,1d+1h+4h,1.892,False,nofill,0.0
2025-02-27 13:30:00-05:00,396.01,411.24,411.38,411.24,414.18,77.2,56,1d+1h+4h,1.835,False,nofill,0.0
2025-02-27 14:30:00-05:00,393.8,409.02,409.16,409.02,411.96,67.6,50,1d+1h+4h,1.835,False,nofill,0.0
2025-02-27 15:30:00-05:00,392.58,409.02,409.16,409.02,411.92,67.6,50,1d+1h+4h,1.981,False,nofill,0.0
2025-02-28 09:30:00-05:00,391.76,408.67,408.82,408.67,411.83,66.8,48,1d+1h+4h,1.993,False,nofill,0.0
2025-02-28 10:30:00-05:00,389.49,406.17,406.32,406.17,409.36,62.0,42,1d+1h+4h,1.966,False,nofill,0.0
2025-02-28 11:30:00-05:00,391.85,408.76,408.91,408.76,411.95,69.6,50,1d+1h+4h,1.993,False,nofill,0.0
2025-02-28 12:30:00-05:00,391.29,406.17,406.32,406.17,409.32,63.8,43,1d+1h+4h,1.754,False,nofill,0.0
2025-02-28 13:30:00-05:00,390.86,406.17,406.32,406.17,409.28,63.8,43,1d+1h+4h,1.804,False,nofill,0.0
2025-02-28 14:30:00-05:00,393.07,408.76,408.91,408.76,411.84,69.6,50,1d+1h+4h,1.849,False,nofill,0.0
2025-02-28 15:30:00-05:00,397.14,411.06,411.22,411.06,414.38,78.2,57,1d+1h+4h,1.64,False,nofill,0.0
2025-03-03 09:30:00-05:00,394.62,411.0,411.17,411.0,414.58,78.2,57,1d+1h+4h,1.866,False,nofill,0.0
2025-03-03 10:30:00-05:00,393.81,411.06,411.23,411.06,414.56,78.2,57,1d+1h+4h,1.966,False,nofill,0.0
2025-03-03 11:30:00-05:00,394.94,411.06,411.22,411.06,414.47,78.2,57,1d+1h+4h,1.837,False,nofill,0.0
2025-03-03 12:30:00-05:00,393.21,410.29,410.45,410.29,413.68,70.6,53,1d+1h+4h,1.947,False,nofill,0.0
2025-03-03 13:30:00-05:00,393.41,410.82,410.98,410.82,414.13,75.4,55,1d+1h+4h,1.985,False,nofill,0.0
2025-03-03 14:30:00-05:00,389.59,406.17,406.34,406.17,409.67,63.8,43,1d+1h+4h,1.89,False,nofill,0.0
2025-03-03 15:30:00-05:00,388.53,405.14,405.31,405.14,408.7,62.6,41,1d+1h+4h,1.893,False,nofill,0.0
2025-03-04 09:30:00-05:00,383.2,400.8,400.98,400.8,404.67,33.0,23,1d+1h+4h,1.963,False,nofill,0.0
2025-03-04 10:30:00-05:00,384.18,402.0,402.18,402.0,405.8,39.6,26,1d+1h+4h,1.987,False,nofill,0.0
2025-03-04 11:30:00-05:00,386.1,403.99,404.17,403.99,407.67,57.0,37,1d+1h+4h,1.996,False,nofill,0.0
2025-03-04 12:30:00-05:00,385.47,403.39,403.56,403.39,407.03,53.2,34,1d+1h+4h,1.999,False,nofill,0.0
2025-03-04 13:30:00-05:00,388.32,405.14,405.32,405.14,408.84,64.4,42,1d+1h+4h,1.877,False,nofill,0.0
2025-03-04 14:30:00-05:00,391.9,408.77,408.95,408.77,412.53,71.4,51,1d+1h+4h,1.882,False,nofill,0.0
2025-03-04 15:30:00-05:00,388.72,406.3,406.48,406.3,410.17,64.8,44,1d+1h+4h,1.961,False,nofill,0.0
2025-03-05 09:30:00-05:00,391.54,408.76,408.95,408.76,412.68,72.4,52,1d+1h+4h,1.862,False,nofill,0.0
2025-03-05 10:30:00-05:00,392.05,410.2,410.39,410.2,414.09,75.6,56,1d+1h+4h,1.964,False,nofill,0.0
2025-03-05 11:30:00-05:00,394.77,412.72,412.91,412.72,416.66,79.8,61,1d+1h+4h,1.941,False,nofill,0.0
2025-03-05 12:30:00-05:00,395.5,412.72,412.9,412.72,416.6,79.8,61,1d+1h+4h,1.862,False,nofill,0.0
2025-03-05 13:30:00-05:00,398.54,416.71,416.9,416.71,420.69,82.0,64,1d+1h+4h,1.965,False,nofill,0.0
2025-03-05 14:30:00-05:00,400.83,419.31,419.5,419.31,423.32,91.8,65,1d+1h+4h,1.999,False,nofill,0.0
2025-03-05 15:30:00-05:00,401.13,419.55,419.74,419.55,423.49,91.8,65,1d+1h+4h,1.992,False,nofill,0.0
2025-03-06 09:30:00-05:00,401.23,419.55,419.76,419.55,423.87,91.8,65,1d+1h+4h,1.98,False,nofill,0.0
2025-03-06 10:30:00-05:00,399.9,418.22,418.42,418.22,422.48,88.6,63,1d+1h+4h,1.98,False,nofill,0.0
2025-03-06 11:30:00-05:00,395.64,412.72,412.93,412.72,417.1,79.8,61,1d+1h+4h,1.845,False,nofill,0.0
2025-03-06 12:30:00-05:00,397.23,414.3,414.5,414.3,418.59,81.0,61,1d+1h+4h,1.845,False,nofill,0.0
2025-03-06 13:30:00-05:00,395.3,412.72,412.92,412.72,416.9,79.8,61,1d+1h+4h,1.882,False,nofill,0.0
2025-03-06 14:30:00-05:00,396.92,414.3,414.5,414.3,418.4,81.0,61,1d+1h+4h,1.878,False,nofill,0.0
2025-03-06 15:30:00-05:00,397.03,414.3,414.49,414.3,418.33,81.0,61,1d+1h+4h,1.866,False,nofill,0.0
2025-03-07 09:30:00-05:00,391.39,410.12,410.32,410.12,414.3,75.6,56,1d+1h+4h,1.994,False,nofill,0.0
2025-03-07 10:30:00-05:00,387.9,406.36,406.56,406.36,410.57,67.6,46,1d+1h+4h,1.965,False,nofill,0.0
2025-03-07 11:30:00-05:00,387.73,406.36,406.56,406.36,410.47,67.6,46,1d+1h+4h,1.983,False,nofill,0.0
2025-03-07 12:30:00-05:00,390.17,408.77,408.97,408.77,412.89,72.4,52,1d+1h+4h,1.98,False,nofill,0.0
2025-03-07 13:30:00-05:00,393.65,411.55,411.75,411.55,415.7,82.0,60,1d+1h+4h,1.905,False,nofill,0.0
2025-03-07 14:30:00-05:00,392.42,410.82,411.02,410.82,414.86,82.0,60,1d+1h+4h,1.959,False,nofill,0.0
2025-03-07 15:30:00-05:00,393.32,410.82,411.02,410.82,414.86,82.0,60,1d+1h+4h,1.863,False,nofill,0.0
2025-03-10 09:30:00-04:00,384.95,404.56,404.77,404.56,409.06,69.2,46,1d+1h+4h,1.989,False,nofill,0.0
2025-03-10 10:30:00-04:00,380.68,400.25,400.47,400.25,404.91,36.6,25,1d+1h+4h,1.985,False,nofill,0.0
2025-03-10 11:30:00-04:00,381.93,401.26,401.47,401.26,405.75,45.4,31,1d+1h+4h,1.961,False,nofill,0.0
2025-03-10 12:30:00-04:00,380.5,399.32,399.53,399.32,403.7,35.4,23,1d+1h+4h,1.909,False,nofill,0.0
2025-03-10 13:30:00-04:00,379.91,399.32,399.52,399.32,403.57,35.4,23,1d+1h+4h,1.969,False,nofill,0.0
2025-03-10 14:30:00-04:00,378.44,396.7,396.9,396.7,400.87,34.8,20,1d+1h+4h,1.852,False,nofill,0.0
2025-03-10 15:30:00-04:00,380.24,399.32,399.51,399.32,403.38,35.4,23,1d+1h+4h,1.935,False,nofill,0.0
2025-03-11 09:30:00-04:00,383.0,402.53,402.73,402.53,406.69,52.8,36,1d+1h+4h,1.993,False,nofill,0.0
2025-03-11 10:30:00-04:00,382.94,402.53,402.73,402.53,406.71,52.8,36,1d+1h+4h,1.999,False,nofill,0.0
2025-03-11 11:30:00-04:00,381.18,400.62,400.82,400.62,404.83,39.4,27,1d+1h+4h,1.985,False,nofill,0.0
2025-03-11 12:30:00-04:00,377.21,396.7,396.9,396.7,400.96,36.8,20,1d+1h+4h,1.989,False,nofill,0.0
2025-03-11 13:30:00-04:00,381.8,401.26,401.47,401.26,405.63,45.4,31,1d+1h+4h,1.986,False,nofill,0.0
2025-03-11 14:30:00-04:00,383.12,402.53,402.74,402.53,406.9,52.8,36,1d+1h+4h,1.981,False,nofill,0.0
2025-03-11 15:30:00-04:00,380.22,399.32,399.52,399.32,403.62,38.4,24,1d+1h+4h,1.95,False,nofill,0.0
2025-03-12 09:30:00-04:00,380.49,399.32,399.53,399.32,403.72,37.4,23,1d+1h+4h,1.974,False,nofill,0.0
2025-03-12 10:30:00-04:00,381.57,400.62,400.83,400.62,404.94,39.4,27,1d+1h+4h,1.997,False,nofill,0.0
2025-03-12 11:30:00-04:00,384.06,402.99,403.19,402.99,407.26,57.8,37,1d+1h+4h,1.984,False,nofill,0.0
2025-03-12 12:30:00-04:00,384.14,402.99,403.19,402.99,407.13,57.8,37,1d+1h+4h,1.975,False,nofill,0.0
2025-03-12 13:30:00-04:00,382.78,401.26,401.45,401.26,405.32,42.6,29,1d+1h+4h,1.937,False,nofill,0.0
2025-03-12 14:30:00-04:00,383.27,402.28,402.48,402.28,406.38,52.8,36,1d+1h+4h,1.993,False,nofill,0.0
2025-03-12 15:30:00-04:00,383.28,402.28,402.47,402.28,406.24,52.8,36,1d+1h+4h,1.992,False,nofill,0.0
2025-03-13 09:30:00-04:00,382.48,400.8,400.99,400.8,404.87,40.6,27,1d+1h+4h,1.947,False,nofill,0.0
2025-03-13 10:30:00-04:00,379.81,397.21,397.4,397.21,401.24,36.8,20,1d+1h+4h,1.848,False,nofill,0.0
2025-03-13 11:30:00-04:00,379.29,397.22,397.4,397.22,401.1,36.8,20,1d+1h+4h,1.905,False,nofill,0.0
2025-03-13 12:30:00-04:00,378.76,397.22,397.4,397.22,401.02,36.8,20,1d+1h+4h,1.961,False,nofill,0.0
2025-03-13 13:30:00-04:00,380.02,397.21,397.39,397.21,400.91,36.8,20,1d+1h+4h,1.827,False,nofill,0.0
2025-03-13 14:30:00-04:00,378.82,397.22,397.39,397.22,400.81,36.8,20,1d+1h+4h,1.955,False,nofill,0.0
2025-03-13 15:30:00-04:00,378.83,397.22,397.38,397.22,400.67,36.8,20,1d+1h+4h,1.953,False,nofill,0.0
2025-03-14 09:30:00-04:00,381.54,400.62,400.79,400.62,404.24,39.4,27,1d+1h+4h,1.998,False,nofill,0.0
2025-03-14 10:30:00-04:00,385.24,404.29,404.47,404.29,408.0,63.6,42,1d+1h+4h,1.995,False,nofill,0.0
2025-03-14 11:30:00-04:00,386.18,404.52,404.69,404.52,408.14,67.4,45,1d+1h+4h,1.92,False,nofill,0.0
2025-03-14 12:30:00-04:00,387.69,406.45,406.62,406.45,409.99,67.6,46,1d+1h+4h,1.964,False,nofill,0.0
2025-03-14 13:30:00-04:00,387.06,404.52,404.68,404.52,407.89,67.4,45,1d+1h+4h,1.829,False,nofill,0.0
2025-03-14 14:30:00-04:00,388.09,406.3,406.45,406.3,409.55,67.6,46,1d+1h+4h,1.907,False,nofill,0.0
2025-03-14 15:30:00-04:00,388.48,407.45,407.6,407.45,410.61,69.0,47,1d+1h+4h,1.986,False,nofill,0.0
2025-03-17 09:30:00-04:00,389.14,407.45,407.61,407.45,410.71,69.0,47,1d+1h+4h,1.953,False,nofill,0.0
2025-03-17 10:30:00-04:00,386.76,405.16,405.31,405.16,408.39,65.4,43,1d+1h+4h,1.963,False,nofill,0.0
2025-03-17 11:30:00-04:00,386.96,405.16,405.31,405.16,408.3,65.4,43,1d+1h+4h,1.942,False,nofill,0.0
2025-03-17 12:30:00-04:00,388.31,406.36,406.5,406.36,409.4,67.6,46,1d+1h+4h,1.926,False,nofill,0.0
2025-03-17 13:30:00-04:00,391.78,410.2,410.35,410.2,413.31,76.6,57,1d+1h+4h,1.966,False,nofill,0.0
2025-03-17 14:30:00-04:00,391.19,408.5,408.64,408.5,411.53,72.4,52,1d+1h+4h,1.847,False,nofill,0.0
2025-03-17 15:30:00-04:00,388.78,407.45,407.6,407.45,410.51,69.0,47,1d+1h+4h,1.992,False,nofill,0.0
2025-03-18 09:30:00-04:00,384.0,402.43,402.59,402.43,405.74,52.8,36,1d+1h+4h,1.995,False,nofill,0.0
2025-03-18 10:30:00-04:00,382.5,400.62,400.77,400.62,403.84,38.4,26,1d+1h+4h,1.961,False,nofill,0.0
2025-03-18 11:30:00-04:00,383.6,402.0,402.15,402.0,405.13,43.4,29,1d+1h+4h,1.992,False,nofill,0.0
2025-03-18 12:30:00-04:00,382.38,400.62,400.77,400.62,403.71,38.4,26,1d+1h+4h,1.974,False,nofill,0.0
2025-03-18 13:30:00-04:00,382.9,401.26,401.4,401.26,404.25,38.6,27,1d+1h+4h,1.987,False,nofill,0.0
2025-03-18 14:30:00-04:00,383.0,401.26,401.4,401.26,404.14,38.6,27,1d+1h+4h,1.976,False,nofill,0.0
2025-03-18 15:30:00-04:00,383.58,402.0,402.13,402.0,404.8,43.4,29,1d+1h+4h,1.994,False,nofill,0.0
2025-03-19 09:30:00-04:00,387.12,405.14,405.28,405.14,408.06,64.4,42,1d+1h+4h,1.999,False,nofill,0.0
2025-03-19 10:30:00-04:00,386.15,403.99,404.13,403.99,406.84,59.8,39,1d+1h+4h,1.979,False,nofill,0.0
2025-03-19 11:30:00-04:00,387.18,405.16,405.29,405.16,407.96,64.4,42,1d+1h+4h,1.995,False,nofill,0.0
2025-03-19 12:30:00-04:00,385.15,402.99,403.12,402.99,405.75,55.0,35,1d+1h+4h,1.979,False,nofill,0.0
2025-03-19 13:30:00-04:00,385.69,403.6,403.73,403.6,406.34,57.0,37,1d+1h+4h,1.987,False,nofill,0.0
2025-03-19 14:30:00-04:00,387.46,405.16,405.3,405.16,408.01,64.4,42,1d+1h+4h,1.963,False,nofill,0.0
2025-03-19 15:30:00-04:00,387.79,405.16,405.29,405.16,407.95,64.4,42,1d+1h+4h,1.927,False,nofill,0.0
2025-03-20 09:30:00-04:00,390.84,408.77,408.92,408.77,411.98,71.4,51,1d+1h+4h,1.999,False,nofill,0.0
2025-03-20 10:30:00-04:00,388.8,406.3,406.45,406.3,409.54,64.8,44,1d+1h+4h,1.951,False,nofill,0.0
2025-03-20 11:30:00-04:00,386.82,404.56,404.71,404.56,407.73,63.6,42,1d+1h+4h,1.977,False,nofill,0.0
2025-03-20 12:30:00-04:00,385.64,403.53,403.68,403.53,406.62,57.0,37,1d+1h+4h,1.994,False,nofill,0.0
2025-03-20 13:30:00-04:00,384.84,402.43,402.58,402.43,405.49,52.8,36,1d+1h+4h,1.961,False,nofill,0.0
2025-03-20 14:30:00-04:00,385.87,403.6,403.74,403.6,406.62,57.0,37,1d+1h+4h,1.976,False,nofill,0.0
2025-03-20 15:30:00-04:00,386.81,404.56,404.7,404.56,407.56,63.6,42,1d+1h+4h,1.979,False,nofill,0.0
2025-03-21 09:30:00-04:00,384.85,402.43,402.58,402.43,405.5,52.8,36,1d+1h+4h,1.962,False,nofill,0.0
2025-03-21 10:30:00-04:00,383.9,401.26,401.4,401.26,404.22,37.6,26,1d+1h+4h,1.937,False,nofill,0.0
2025-03-21 11:30:00-04:00,385.56,403.39,403.53,403.39,406.37,56.0,36,1d+1h+4h,1.99,False,nofill,0.0
2025-03-21 12:30:00-04:00,384.71,402.43,402.57,402.43,405.33,52.8,36,1d+1h+4h,1.977,False,nofill,0.0
2025-03-21 13:30:00-04:00,385.26,402.99,403.13,402.99,405.86,55.0,35,1d+1h+4h,1.978,False,nofill,0.0
2025-03-21 14:30:00-04:00,385.52,403.39,403.52,403.39,406.14,56.0,36,1d+1h+4h,1.995,False,nofill,0.0
2025-03-21 15:30:00-04:00,391.31,408.77,408.92,408.77,411.82,71.4,51,1d+1h+4h,1.948,False,nofill,0.0
2025-03-24 09:30:00-04:00,391.74,408.77,408.92,408.77,412.02,69.6,50,1d+1h+4h,1.954,False,nofill,0.0
2025-03-24 10:30:00-04:00,393.05,410.05,410.2,410.05,413.23,70.0,52,1d+1h+4h,1.951,False,nofill,0.0
2025-03-24 11:30:00-04:00,392.58,408.67,408.81,408.67,411.7,69.6,50,1d+1h+4h,1.846,False,nofill,0.0
2025-03-24 12:30:00-04:00,392.55,408.67,408.81,408.67,411.57,69.6,50,1d+1h+4h,1.849,False,nofill,0.0
2025-03-24 13:30:00-04:00,392.0,408.76,408.89,408.76,411.53,69.6,50,1d+1h+4h,1.923,False,nofill,0.0
2025-03-24 14:30:00-04:00,392.87,410.05,410.18,410.05,412.73,70.0,52,1d+1h+4h,1.971,False,nofill,0.0
2025-03-24 15:30:00-04:00,392.91,410.05,410.17,410.05,412.65,70.0,52,1d+1h+4h,1.966,False,nofill,0.0
2025-03-25 09:30:00-04:00,394.99,411.24,411.37,411.24,413.89,77.2,56,1d+1h+4h,1.944,False,nofill,0.0
2025-03-25 10:30:00-04:00,395.41,411.24,411.37,411.24,413.87,77.2,56,1d+1h+4h,1.894,False,nofill,0.0
2025-03-25 11:30:00-04:00,394.4,411.06,411.18,411.06,413.6,74.4,54,1d+1h+4h,1.993,False,nofill,0.0
2025-03-25 12:30:00-04:00,394.6,411.24,411.36,411.24,413.74,77.2,56,1d+1h+4h,1.992,False,nofill,0.0
2025-03-25 13:30:00-04:00,395.34,411.24,411.36,411.24,413.66,77.2,56,1d+1h+4h,1.903,False,nofill,0.0
2025-03-25 14:30:00-04:00,393.96,410.58,410.69,410.58,412.98,67.8,51,1d+1h+4h,1.989,False,nofill,0.0
2025-03-25 15:30:00-04:00,395.1,411.24,411.35,411.24,413.58,77.2,56,1d+1h+4h,1.931,False,nofill,0.0
2025-03-26 09:30:00-04:00,392.99,409.02,409.13,409.02,411.43,67.6,50,1d+1h+4h,1.946,False,nofill,0.0
2025-03-26 10:30:00-04:00,393.82,409.02,409.13,409.02,411.41,67.6,50,1d+1h+4h,1.845,False,nofill,0.0
2025-03-26 11:30:00-04:00,392.81,409.02,409.13,409.02,411.39,67.6,50,1d+1h+4h,1.968,False,nofill,0.0
2025-03-26 12:30:00-04:00,391.72,406.13,406.24,406.13,408.46,60.0,40,1d+1h+4h,1.75,False,nofill,0.0
2025-03-26 13:30:00-04:00,390.31,406.13,406.24,406.13,408.43,60.0,40,1d+1h+4h,1.921,False,nofill,0.0
2025-03-26 14:30:00-04:00,389.4,403.85,403.96,403.85,406.13,59.8,39,1d+1h+4h,1.755,False,nofill,0.0
2025-03-26 15:30:00-04:00,389.82,406.13,406.24,406.13,408.35,60.0,40,1d+1h+4h,1.98,False,nofill,0.0
2025-03-27 09:30:00-04:00,390.7,405.37,405.48,405.37,407.71,58.6,39,1d+1h+4h,1.836,False,nofill,0.0
2025-03-27 10:30:00-04:00,390.63,405.37,405.48,405.37,407.66,58.6,39,1d+1h+4h,1.845,False,nofill,0.0
2025-03-27 11:30:00-04:00,390.68,405.37,405.48,405.37,407.65,58.6,39,1d+1h+4h,1.839,False,nofill,0.0
2025-03-27 12:30:00-04:00,389.82,405.37,405.48,405.37,407.64,58.6,39,1d+1h+4h,1.946,False,nofill,0.0
2025-03-27 13:30:00-04:00,390.99,405.37,405.48,405.37,407.6,58.6,39,1d+1h+4h,1.8,False,nofill,0.0
2025-03-27 14:30:00-04:00,392.0,405.37,405.47,405.37,407.55,58.6,39,1d+1h+4h,1.674,False,nofill,0.0
2025-03-27 15:30:00-04:00,390.53,405.37,405.47,405.37,407.53,58.6,39,1d+1h+4h,1.858,False,nofill,0.0
2025-03-28 09:30:00-04:00,384.32,399.26,399.38,399.26,401.74,37.4,23,1d+1h+4h,1.782,False,nofill,0.0
2025-03-28 10:30:00-04:00,382.62,399.26,399.38,399.26,401.82,37.4,23,1d+1h+4h,1.986,False,nofill,0.0
2025-03-28 11:30:00-04:00,380.66,397.22,397.34,397.22,399.78,36.6,21,1d+1h+4h,1.975,False,nofill,0.0
2025-03-28 12:30:00-04:00,377.64,388.91,389.03,388.91,391.55,28.2,17,1d+1h+4h,1.344,False,nofill,0.0
2025-03-28 13:30:00-04:00,379.37,395.75,395.87,395.75,398.37,35.8,21,1d+1h+4h,1.954,False,nofill,0.0
2025-03-28 14:30:00-04:00,377.75,390.12,390.24,390.12,392.71,28.2,15,1d+1h+4h,1.476,False,nofill,0.0
2025-03-28 15:30:00-04:00,378.82,395.4,395.52,395.4,398.0,32.8,20,1d+1h+4h,1.978,False,nofill,0.0
2025-03-31 09:30:00-04:00,367.83,377.03,377.18,377.03,380.28,32.8,22,1d+1h+4h,1.069,False,nofill,0.0
2025-03-31 10:30:00-04:00,369.34,377.03,377.18,377.03,380.26,32.8,22,1d+1h+4h,0.894,False,nofill,0.0
2025-03-31 11:30:00-04:00,371.99,377.45,377.6,377.45,380.68,32.8,22,1d+1h+4h,0.635,False,nofill,0.0
2025-03-31 12:30:00-04:00,371.23,377.23,377.38,377.23,380.43,32.8,22,1d+1h+4h,0.698,False,nofill,0.0
2025-03-31 13:30:00-04:00,372.44,377.03,377.18,377.03,380.22,32.8,22,1d+1h+4h,0.534,True,target,0.7459562717858859
2025-03-31 14:30:00-04:00,372.87,376.94,377.09,376.94,380.1,32.8,22,1d+1h+4h,0.473,True,target,0.7366553286958455
2025-03-31 15:30:00-04:00,374.87,377.64,377.79,377.64,380.89,32.8,22,1d+1h+4h,0.322,True,scratch,-0.10097212551212209
2025-04-01 09:30:00-04:00,377.52,378.16,378.32,378.16,381.59,30.8,20,1d+1h+4h,0.074,True,target,0.8030279182886124
2025-04-01 10:30:00-04:00,381.11,395.4,395.57,395.4,398.93,36.8,22,1d+1h+4h,1.649,False,nofill,0.0
2025-04-01 11:30:00-04:00,380.81,395.4,395.56,395.4,398.85,36.8,22,1d+1h+4h,1.684,False,nofill,0.0
2025-04-01 12:30:00-04:00,380.87,395.4,395.56,395.4,398.76,36.8,22,1d+1h+4h,1.677,False,nofill,0.0
2025-04-01 13:30:00-04:00,378.69,395.4,395.56,395.4,398.74,36.8,22,1d+1h+4h,1.929,False,nofill,0.0
2025-04-01 14:30:00-04:00,380.42,395.4,395.56,395.4,398.67,36.8,22,1d+1h+4h,1.728,False,nofill,0.0
2025-04-01 15:30:00-04:00,382.08,399.32,399.47,399.32,402.55,37.4,23,1d+1h+4h,1.99,False,nofill,0.0
2025-04-02 09:30:00-04:00,381.5,395.4,395.56,395.4,398.84,36.8,22,1d+1h+4h,1.609,False,nofill,0.0
2025-04-02 10:30:00-04:00,382.46,399.32,399.48,399.32,402.65,37.4,23,1d+1h+4h,1.951,False,nofill,0.0
2025-04-02 11:30:00-04:00,383.26,399.32,399.48,399.32,402.64,37.4,23,1d+1h+4h,1.859,False,nofill,0.0
2025-04-02 12:30:00-04:00,383.98,401.26,401.42,401.26,404.56,37.6,26,1d+1h+4h,1.999,False,nofill,0.0
2025-04-02 13:30:00-04:00,380.45,395.4,395.56,395.4,398.73,36.8,22,1d+1h+4h,1.73,False,nofill,0.0
2025-04-02 14:30:00-04:00,382.35,399.32,399.48,399.32,402.58,37.4,23,1d+1h+4h,1.964,False,nofill,0.0
2025-04-02 15:30:00-04:00,382.11,399.32,399.47,399.32,402.5,37.4,23,1d+1h+4h,1.991,False,nofill,0.0
2025-04-03 09:30:00-04:00,373.52,377.23,377.42,377.23,381.14,33.8,23,1d+1h+4h,0.415,True,scratch,-0.10928596381128974
2025-04-03 10:30:00-04:00,374.16,377.45,377.64,377.45,381.36,33.8,23,1d+1h+4h,0.368,False,nofill,0.0
2025-04-03 11:30:00-04:00,376.84,377.44,377.62,377.44,381.3,33.8,23,1d+1h+4h,0.067,False,nofill,0.0
2025-04-03 12:30:00-04:00,375.76,377.44,377.62,377.44,381.16,33.8,23,1d+1h+4h,0.188,False,nofill,0.0
2025-04-03 13:30:00-04:00,375.46,377.45,377.62,377.45,381.06,33.8,23,1d+1h+4h,0.223,False,nofill,0.0
2025-04-03 14:30:00-04:00,374.91,377.23,377.4,377.23,380.76,33.8,23,1d+1h+4h,0.26,False,nofill,0.0
2025-04-03 15:30:00-04:00,373.73,377.23,377.39,377.23,380.69,33.8,23,1d+1h+4h,0.392,False,nofill,0.0
2025-04-04 09:30:00-04:00,370.55,375.18,375.37,375.18,379.19,35.6,26,1d+1h+4h,0.495,False,nofill,0.0
2025-04-04 10:30:00-04:00,366.78,375.13,375.34,375.13,379.41,35.6,26,1d+1h+4h,0.893,False,nofill,0.0
2025-04-04 11:30:00-04:00,364.6,375.18,375.39,375.18,379.61,35.6,26,1d+1h+4h,1.13,False,nofill,0.0
2025-04-04 12:30:00-04:00,364.5,375.18,375.39,375.18,379.53,35.6,26,1d+1h+4h,1.141,False,nofill,0.0
2025-04-04 13:30:00-04:00,362.66,375.18,375.39,375.18,379.55,35.6,26,1d+1h+4h,1.338,False,nofill,0.0
2025-04-04 14:30:00-04:00,363.27,375.18,375.39,375.18,379.55,35.6,26,1d+1h+4h,1.273,False,nofill,0.0
2025-04-04 15:30:00-04:00,359.75,375.18,375.4,375.18,379.72,35.6,26,1d+1h+4h,1.649,False,nofill,0.0
2025-04-07 09:30:00-04:00,355.25,375.13,375.43,375.13,381.32,38.6,27,1d+1h+4h,1.887,False,nofill,0.0
2025-04-07 10:30:00-04:00,353.0,368.23,368.55,368.23,374.88,33.4,23,1d+1h+4h,1.446,False,nofill,0.0
2025-04-07 11:30:00-04:00,356.02,375.06,375.37,375.06,381.67,38.6,27,1d+1h+4h,1.806,False,nofill,0.0
2025-04-07 12:30:00-04:00,359.13,375.06,375.38,375.06,381.74,38.6,27,1d+1h+4h,1.511,False,nofill,0.0
2025-04-07 13:30:00-04:00,357.92,375.13,375.45,375.13,381.68,38.6,27,1d+1h+4h,1.633,False,nofill,0.0
2025-04-07 14:30:00-04:00,355.26,375.13,375.45,375.13,381.66,38.6,27,1d+1h+4h,1.885,False,nofill,0.0
2025-04-07 15:30:00-04:00,357.75,375.13,375.44,375.13,381.5,38.6,27,1d+1h+4h,1.65,False,nofill,0.0
2025-04-08 09:30:00-04:00,372.12,394.96,395.3,394.96,402.06,42.6,27,1d+1h+4h,1.997,False,nofill,0.0
2025-04-08 10:30:00-04:00,367.0,378.87,379.2,378.87,385.89,39.6,26,1d+1h+4h,1.037,False,nofill,0.0
2025-04-08 11:30:00-04:00,364.63,378.87,379.2,378.87,385.86,39.6,26,1d+1h+4h,1.245,False,nofill,0.0
2025-04-08 12:30:00-04:00,358.46,375.18,375.51,375.18,382.18,39.6,28,1d+1h+4h,1.461,False,nofill,0.0
2025-04-08 13:30:00-04:00,358.3,375.18,375.51,375.18,382.04,39.6,28,1d+1h+4h,1.476,False,nofill,0.0
2025-04-08 14:30:00-04:00,355.91,378.16,378.49,378.16,385.15,39.6,26,1d+1h+4h,1.945,False,nofill,0.0
2025-04-08 15:30:00-04:00,355.57,378.16,378.49,378.16,385.08,39.6,26,1d+1h+4h,1.975,False,nofill,0.0
2025-04-09 09:30:00-04:00,361.04,375.58,375.92,375.58,382.74,43.6,30,1d+1h+4h,1.08,True,scratch,-0.1506375551756034
2025-04-09 10:30:00-04:00,361.04,375.58,375.91,375.58,382.6,43.6,30,1d+1h+4h,1.081,True,scratch,-0.14884468105205162
2025-04-09 11:30:00-04:00,363.75,375.68,376.01,375.68,382.59,43.6,30,1d+1h+4h,0.887,True,scratch,-0.14745061058489828
2025-04-09 12:30:00-04:00,379.06,405.14,405.53,405.14,413.19,83.8,55,1d+1h+4h,1.939,False,nofill,0.0
2025-04-09 13:30:00-04:00,385.12,411.24,411.66,411.24,420.03,106.0,76,1d+1h+4h,1.941,False,nofill,0.0
2025-04-09 14:30:00-04:00,387.84,411.24,411.65,411.24,419.91,106.0,76,1d+1h+4h,1.739,False,nofill,0.0
2025-04-09 15:30:00-04:00,390.43,417.31,417.71,417.31,425.79,118.6,85,1d+1h+4h,1.998,False,nofill,0.0
2025-04-10 09:30:00-04:00,377.77,405.92,406.34,405.92,414.75,87.8,57,1d+1h+4h,1.997,False,nofill,0.0
2025-04-10 10:30:00-04:00,377.55,405.16,405.57,405.16,413.68,86.6,57,1d+1h+4h,1.959,False,nofill,0.0
2025-04-10 11:30:00-04:00,369.57,396.14,396.55,396.14,404.82,56.2,35,1d+1h+4h,1.885,False,nofill,0.0
2025-04-10 12:30:00-04:00,374.0,402.15,402.57,402.15,410.87,73.4,47,1d+1h+4h,1.997,False,nofill,0.0
2025-04-10 13:30:00-04:00,379.54,407.31,407.72,407.31,415.9,102.2,69,1d+1h+4h,1.97,False,nofill,0.0
2025-04-10 14:30:00-04:00,379.6,407.31,407.71,407.31,415.8,102.2,69,1d+1h+4h,1.966,False,nofill,0.0
2025-04-10 15:30:00-04:00,381.14,407.31,407.71,407.31,415.63,102.2,69,1d+1h+4h,1.857,False,nofill,0.0
2025-04-11 09:30:00-04:00,379.6,407.31,407.7,407.31,415.57,99.4,67,1d+1h+4h,1.997,False,nofill,0.0
2025-04-11 10:30:00-04:00,382.57,409.76,410.15,409.76,417.88,105.8,75,1d+1h+4h,1.959,False,nofill,0.0
2025-04-11 11:30:00-04:00,386.21,412.13,412.51,412.13,420.07,108.0,78,1d+1h+4h,1.868,False,nofill,0.0
2025-04-11 12:30:00-04:00,385.43,412.13,412.49,412.13,419.74,108.0,78,1d+1h+4h,1.924,False,nofill,0.0
2025-04-11 13:30:00-04:00,388.35,415.49,415.84,415.49,422.93,114.2,85,1d+1h+4h,1.956,False,nofill,0.0
2025-04-11 14:30:00-04:00,388.4,415.49,415.82,415.49,422.54,114.2,85,1d+1h+4h,1.952,False,nofill,0.0
2025-04-11 15:30:00-04:00,387.99,415.49,415.81,415.49,422.19,114.2,85,1d+1h+4h,1.982,False,nofill,0.0
2025-04-14 09:30:00-04:00,392.93,417.8,418.12,417.8,424.42,122.6,87,1d+1h+4h,1.826,False,nofill,0.0
2025-04-14 10:30:00-04:00,388.68,415.41,415.72,415.41,422.01,112.4,84,1d+1h+4h,1.962,False,nofill,0.0
2025-04-14 11:30:00-04:00,385.81,411.24,411.55,411.24,417.76,106.0,76,1d+1h+4h,1.867,False,nofill,0.0
2025-04-14 12:30:00-04:00,386.33,411.24,411.54,411.24,417.52,106.0,76,1d+1h+4h,1.829,False,nofill,0.0
2025-04-14 13:30:00-04:00,388.48,415.26,415.55,415.26,421.33,112.4,84,1d+1h+4h,1.966,False,nofill,0.0
2025-04-14 14:30:00-04:00,389.34,415.41,415.69,415.41,421.22,112.4,84,1d+1h+4h,1.914,False,nofill,0.0
2025-04-14 15:30:00-04:00,388.05,415.26,415.53,415.26,420.84,112.4,84,1d+1h+4h,1.997,False,nofill,0.0
2025-04-15 09:30:00-04:00,386.88,412.3,412.57,412.3,417.93,105.2,76,1d+1h+4h,1.926,False,nofill,0.0
2025-04-15 10:30:00-04:00,387.88,412.3,412.56,412.3,417.73,105.2,76,1d+1h+4h,1.851,False,nofill,0.0
2025-04-15 11:30:00-04:00,388.39,412.3,412.55,412.3,417.53,105.2,76,1d+1h+4h,1.812,False,nofill,0.0
2025-04-15 12:30:00-04:00,384.79,411.06,411.31,411.06,416.22,100.2,73,1d+1h+4h,1.991,False,nofill,0.0
2025-04-15 13:30:00-04:00,385.68,412.02,412.26,412.02,416.93,100.2,73,1d+1h+4h,1.996,False,nofill,0.0
2025-04-15 14:30:00-04:00,385.49,410.58,410.8,410.58,415.26,100.2,73,1d+1h+4h,1.901,False,nofill,0.0
2025-04-15 15:30:00-04:00,385.6,411.93,412.14,411.93,416.42,100.2,73,1d+1h+4h,1.995,False,nofill,0.0
2025-04-16 09:30:00-04:00,378.64,405.16,405.39,405.16,410.06,83.8,55,1d+1h+4h,1.964,False,nofill,0.0
2025-04-16 10:30:00-04:00,379.63,406.45,406.68,406.45,411.17,88.2,57,1d+1h+4h,1.986,False,nofill,0.0
2025-04-16 11:30:00-04:00,377.36,403.99,404.21,403.99,408.62,82.4,54,1d+1h+4h,1.972,False,nofill,0.0
2025-04-16 12:30:00-04:00,377.49,403.99,404.2,403.99,408.4,82.4,54,1d+1h+4h,1.962,False,nofill,0.0
2025-04-16 13:30:00-04:00,373.13,396.36,396.57,396.36,400.87,58.0,36,1d+1h+4h,1.72,False,nofill,0.0
2025-04-16 14:30:00-04:00,368.64,394.96,395.18,394.96,399.52,52.2,33,1d+1h+4h,1.949,False,nofill,0.0
2025-04-16 15:30:00-04:00,371.61,396.36,396.58,396.36,400.88,58.0,36,1d+1h+4h,1.833,False,nofill,0.0
2025-04-17 09:30:00-04:00,370.32,396.36,396.58,396.36,400.92,58.0,36,1d+1h+4h,1.994,False,nofill,0.0
2025-04-17 10:30:00-04:00,370.4,396.36,396.58,396.36,400.88,58.0,36,1d+1h+4h,1.987,False,nofill,0.0
2025-04-17 11:30:00-04:00,371.83,396.14,396.35,396.14,400.5,58.0,36,1d+1h+4h,1.861,False,nofill,0.0
2025-04-17 12:30:00-04:00,370.3,396.36,396.56,396.36,400.59,58.0,36,1d+1h+4h,1.995,False,nofill,0.0
2025-04-17 13:30:00-04:00,370.58,396.36,396.55,396.36,400.41,58.0,36,1d+1h+4h,1.973,False,nofill,0.0
2025-04-17 14:30:00-04:00,368.41,394.25,394.44,394.25,398.26,52.2,33,1d+1h+4h,1.978,False,nofill,0.0
2025-04-17 15:30:00-04:00,367.6,393.17,393.35,393.17,397.05,46.6,29,1d+1h+4h,1.957,False,nofill,0.0
2025-04-21 09:30:00-04:00,360.24,375.68,375.88,375.68,379.89,44.6,31,1d+1h+4h,1.189,False,nofill,0.0
2025-04-21 10:30:00-04:00,359.55,375.68,375.87,375.68,379.75,44.6,31,1d+1h+4h,1.242,False,nofill,0.0
2025-04-21 11:30:00-04:00,358.26,375.68,375.87,375.68,379.61,44.6,31,1d+1h+4h,1.342,False,nofill,0.0
2025-04-21 12:30:00-04:00,358.54,375.68,375.86,375.68,379.44,44.6,31,1d+1h+4h,1.32,False,nofill,0.0
2025-04-21 13:30:00-04:00,357.36,375.68,375.85,375.68,379.33,44.6,31,1d+1h+4h,1.411,False,nofill,0.0
2025-04-21 14:30:00-04:00,357.04,375.68,375.85,375.68,379.23,44.6,31,1d+1h+4h,1.435,False,nofill,0.0
2025-04-21 15:30:00-04:00,359.14,375.68,375.85,375.68,379.18,44.6,31,1d+1h+4h,1.274,False,nofill,0.0
2025-04-22 09:30:00-04:00,362.86,375.06,375.23,375.06,378.64,42.6,31,1d+1h+4h,0.963,False,nofill,0.0
2025-04-22 10:30:00-04:00,364.23,375.06,375.23,375.06,378.6,42.6,31,1d+1h+4h,0.855,False,nofill,0.0
2025-04-22 11:30:00-04:00,367.44,391.89,392.06,391.89,395.48,45.8,27,1d+1h+4h,1.93,False,nofill,0.0
2025-04-22 12:30:00-04:00,363.64,375.06,375.23,375.06,378.71,42.6,31,1d+1h+4h,0.901,False,nofill,0.0
2025-04-22 13:30:00-04:00,365.54,375.06,375.23,375.06,378.69,42.6,31,1d+1h+4h,0.751,True,target,0.8603654701800467
2025-04-22 14:30:00-04:00,364.56,375.06,375.23,375.06,378.63,42.6,31,1d+1h+4h,0.829,True,target,0.8448577640071342
2025-04-22 15:30:00-04:00,366.74,391.89,392.06,391.89,395.44,45.8,27,1d+1h+4h,1.985,False,nofill,0.0
2025-04-23 09:30:00-04:00,378.87,404.29,404.49,404.29,408.58,77.8,51,1d+1h+4h,1.998,False,nofill,0.0
2025-04-23 10:30:00-04:00,376.8,402.0,402.21,402.0,406.31,70.6,45,1d+1h+4h,1.981,False,nofill,0.0
2025-04-23 11:30:00-04:00,375.08,396.14,396.34,396.14,400.41,58.0,36,1d+1h+4h,1.655,False,nofill,0.0
2025-04-23 12:30:00-04:00,377.0,402.0,402.2,402.0,406.19,70.6,45,1d+1h+4h,1.965,False,nofill,0.0
2025-04-23 13:30:00-04:00,375.97,401.26,401.45,401.26,405.31,63.6,42,1d+1h+4h,1.988,False,nofill,0.0
2025-04-23 14:30:00-04:00,374.33,396.14,396.33,396.14,400.12,58.0,36,1d+1h+4h,1.714,False,nofill,0.0
2025-04-23 15:30:00-04:00,374.05,396.14,396.33,396.14,400.04,58.0,36,1d+1h+4h,1.736,False,nofill,0.0
2025-04-24 09:30:00-04:00,382.96,407.31,407.51,407.31,411.61,89.8,61,1d+1h+4h,1.901,False,nofill,0.0
2025-04-24 10:30:00-04:00,383.58,407.31,407.51,407.31,411.44,89.8,61,1d+1h+4h,1.853,False,nofill,0.0
2025-04-24 11:30:00-04:00,384.58,410.12,410.31,410.12,414.14,98.2,71,1d+1h+4h,1.994,False,nofill,0.0
2025-04-24 12:30:00-04:00,385.06,410.65,410.83,410.65,414.49,98.4,72,1d+1h+4h,1.998,False,nofill,0.0
2025-04-24 13:30:00-04:00,386.23,410.65,410.83,410.65,414.35,98.4,72,1d+1h+4h,1.907,False,nofill,0.0
2025-04-24 14:30:00-04:00,385.8,410.65,410.82,410.65,414.22,98.4,72,1d+1h+4h,1.94,False,nofill,0.0
2025-04-24 15:30:00-04:00,387.27,412.3,412.47,412.3,415.81,103.2,74,1d+1h+4h,1.955,False,nofill,0.0
2025-04-25 09:30:00-04:00,386.11,410.82,411.0,410.82,414.43,97.4,71,1d+1h+4h,1.989,False,nofill,0.0
2025-04-25 10:30:00-04:00,386.98,411.0,411.17,411.0,414.54,97.4,71,1d+1h+4h,1.933,False,nofill,0.0
2025-04-25 11:30:00-04:00,388.18,412.46,412.62,412.46,415.89,99.2,72,1d+1h+4h,1.954,False,nofill,0.0
2025-04-25 12:30:00-04:00,390.56,415.02,415.18,415.02,418.45,105.8,79,1d+1h+4h,1.969,False,nofill,0.0
2025-04-25 13:30:00-04:00,390.32,415.02,415.18,415.02,418.33,105.8,79,1d+1h+4h,1.988,False,nofill,0.0
2025-04-25 14:30:00-04:00,390.51,415.02,415.17,415.02,418.19,105.8,79,1d+1h+4h,1.973,False,nofill,0.0
2025-04-25 15:30:00-04:00,391.62,415.02,415.17,415.02,418.13,105.8,79,1d+1h+4h,1.883,False,nofill,0.0
2025-04-28 09:30:00-04:00,389.44,410.82,410.98,410.82,414.04,97.4,71,1d+1h+4h,1.786,False,nofill,0.0
2025-04-28 10:30:00-04:00,388.17,410.82,410.98,410.82,414.04,97.4,71,1d+1h+4h,1.893,False,nofill,0.0
2025-04-28 11:30:00-04:00,386.99,410.82,410.98,410.82,413.98,97.4,71,1d+1h+4h,1.991,False,nofill,0.0
2025-04-28 12:30:00-04:00,387.14,410.82,410.97,410.82,413.87,97.4,71,1d+1h+4h,1.979,False,nofill,0.0
2025-04-28 13:30:00-04:00,390.93,414.87,415.01,414.87,418.0,102.0,76,1d+1h+4h,2.0,False,nofill,0.0
2025-04-28 14:30:00-04:00,391.47,415.26,415.4,415.26,418.3,102.8,78,1d+1h+4h,1.988,False,nofill,0.0
2025-04-28 15:30:00-04:00,391.16,415.0,415.14,415.0,417.97,102.0,76,1d+1h+4h,1.992,False,nofill,0.0
2025-04-29 09:30:00-04:00,393.57,415.32,415.47,415.32,418.41,99.0,75,1d+1h+4h,1.9,False,nofill,0.0
2025-04-29 10:30:00-04:00,393.16,415.32,415.46,415.32,418.36,99.0,75,1d+1h+4h,1.936,False,nofill,0.0
2025-04-29 11:30:00-04:00,393.4,415.32,415.46,415.32,418.29,99.0,75,1d+1h+4h,1.915,False,nofill,0.0
2025-04-29 12:30:00-04:00,392.61,415.5,415.64,415.5,418.44,99.0,75,1d+1h+4h,2.0,False,nofill,0.0
2025-04-29 13:30:00-04:00,394.08,415.5,415.64,415.5,418.36,99.0,75,1d+1h+4h,1.871,False,nofill,0.0
2025-04-29 14:30:00-04:00,394.0,415.5,415.63,415.5,418.23,99.0,75,1d+1h+4h,1.878,False,nofill,0.0
2025-04-29 15:30:00-04:00,393.98,415.32,415.45,415.32,417.97,99.0,75,1d+1h+4h,1.864,False,nofill,0.0
2025-04-30 09:30:00-04:00,388.5,410.29,410.44,410.29,413.47,93.6,68,1d+1h+4h,1.896,False,nofill,0.0
2025-04-30 10:30:00-04:00,390.44,412.02,412.18,412.02,415.22,95.4,69,1d+1h+4h,1.878,False,nofill,0.0
2025-04-30 11:30:00-04:00,389.4,412.02,412.17,412.02,415.13,95.4,69,1d+1h+4h,1.969,False,nofill,0.0
2025-04-30 12:30:00-04:00,390.04,412.02,412.17,412.02,415.1,95.4,69,1d+1h+4h,1.913,False,nofill,0.0
2025-04-30 13:30:00-04:00,390.58,412.02,412.17,412.02,415.1,95.4,69,1d+1h+4h,1.866,True,target,0.6509256132307017
2025-04-30 14:30:00-04:00,390.22,412.02,412.17,412.02,415.02,95.4,69,1d+1h+4h,1.897,True,target,0.6308954747681783
2025-04-30 15:30:00-04:00,392.4,415.32,415.48,415.32,418.61,99.0,75,1d+1h+4h,1.994,True,target,0.6925840615132683
2025-05-01 09:30:00-04:00,431.14,431.83,432.13,431.83,438.22,60.8,44,1d+1h+4h,0.051,True,scratch,-0.13040551844385462
2025-05-01 10:30:00-04:00,432.25,432.97,433.27,432.97,439.17,46.8,34,1d+1h+4h,0.053,False,nofill,0.0
2025-05-01 11:30:00-04:00,429.3,430.35,430.64,430.35,436.45,70.4,52,1d+1h+4h,0.077,True,scratch,-0.12735355768374035
2025-05-01 12:30:00-04:00,429.08,429.86,430.14,429.86,435.72,76.2,57,1d+1h+4h,0.057,True,scratch,-0.12485463722559098
2025-05-01 13:30:00-04:00,429.91,430.65,430.92,430.65,436.33,70.4,52,1d+1h+4h,0.054,True,scratch,-0.12274147674892211
2025-05-01 14:30:00-04:00,429.99,430.82,431.08,430.82,436.25,70.4,52,1d+1h+4h,0.061,True,target,1.1398992086904203
2025-05-01 15:30:00-04:00,425.13,425.98,426.24,425.98,431.44,85.6,62,1d+1h+4h,0.062,True,target,1.1582849857491473
2025-05-02 09:30:00-04:00,437.85,443.87,444.16,443.87,450.01,41.4,29,1d+1h+4h,0.441,False,nofill,0.0
2025-05-02 10:30:00-04:00,434.9,443.87,444.15,443.87,449.85,41.4,29,1d+1h+4h,0.658,False,nofill,0.0
2025-05-02 11:30:00-04:00,437.13,443.87,444.15,443.87,449.74,41.4,29,1d+1h+4h,0.494,False,nofill,0.0
2025-05-02 12:30:00-04:00,436.51,443.87,444.14,443.87,449.48,41.4,29,1d+1h+4h,0.54,False,nofill,0.0
2025-05-02 13:30:00-04:00,436.21,443.87,444.12,443.87,449.2,41.4,29,1d+1h+4h,0.562,False,nofill,0.0
2025-05-02 14:30:00-04:00,435.68,443.87,444.11,443.87,448.97,41.4,29,1d+1h+4h,0.6,False,nofill,0.0
2025-05-02 15:30:00-04:00,435.1,443.87,444.1,443.87,448.71,41.4,29,1d+1h+4h,0.643,False,nofill,0.0
2025-05-05 09:30:00-04:00,435.09,443.72,443.95,443.72,448.59,39.6,28,1d+1h+4h,0.655,False,nofill,0.0
2025-05-05 10:30:00-04:00,436.5,442.5,442.73,442.5,447.29,39.6,28,1d+1h+4h,0.455,False,nofill,0.0
2025-05-05 11:30:00-04:00,439.32,443.13,443.35,443.13,447.8,39.6,28,1d+1h+4h,0.289,False,nofill,0.0
2025-05-05 12:30:00-04:00,438.88,443.14,443.35,443.14,447.54,39.6,28,1d+1h+4h,0.323,False,nofill,0.0
2025-05-05 13:30:00-04:00,437.78,442.5,442.7,442.5,446.69,39.6,28,1d+1h+4h,0.358,False,nofill,0.0
2025-05-05 14:30:00-04:00,436.85,442.5,442.69,442.5,446.53,39.6,28,1d+1h+4h,0.429,False,nofill,0.0
2025-05-05 15:30:00-04:00,436.02,442.5,442.69,442.5,446.43,40.6,29,1d+1h+4h,0.492,False,nofill,0.0
2025-05-06 09:30:00-04:00,434.85,442.5,442.69,442.5,446.51,40.6,29,1d+1h+4h,0.602,False,nofill,0.0
2025-05-06 10:30:00-04:00,436.34,442.5,442.68,442.5,446.36,40.6,29,1d+1h+4h,0.485,False,nofill,0.0
2025-05-06 11:30:00-04:00,435.97,442.5,442.68,442.5,446.29,40.6,29,1d+1h+4h,0.514,False,nofill,0.0
2025-05-06 12:30:00-04:00,435.89,442.5,442.67,442.5,446.12,40.6,29,1d+1h+4h,0.521,False,nofill,0.0
2025-05-06 13:30:00-04:00,435.75,442.5,442.67,442.5,446.0,42.4,30,1d+1h+4h,0.531,False,nofill,0.0
2025-05-06 14:30:00-04:00,435.48,442.5,442.66,442.5,445.86,42.4,30,1d+1h+4h,0.553,False,nofill,0.0
2025-05-06 15:30:00-04:00,433.29,442.5,442.66,442.5,445.81,42.4,30,1d+1h+4h,0.725,False,nofill,0.0
2025-05-07 09:30:00-04:00,435.24,440.72,440.88,440.72,444.05,40.6,27,1d+1h+4h,0.446,False,nofill,0.0
2025-05-07 10:30:00-04:00,433.25,440.92,441.08,440.92,444.34,40.6,27,1d+1h+4h,0.624,False,nofill,0.0
2025-05-07 11:30:00-04:00,434.3,440.92,441.08,440.92,444.24,40.6,27,1d+1h+4h,0.538,False,nofill,0.0
2025-05-07 12:30:00-04:00,435.64,440.72,440.87,440.72,443.95,40.6,27,1d+1h+4h,0.414,False,nofill,0.0
2025-05-07 13:30:00-04:00,433.48,440.92,441.08,440.92,444.19,40.6,27,1d+1h+4h,0.605,True,scratch,-0.09529195452047112
2025-05-07 14:30:00-04:00,433.84,440.92,441.08,440.92,444.21,40.6,27,1d+1h+4h,0.576,True,scratch,-0.0954563766985439
2025-05-07 15:30:00-04:00,433.49,440.92,441.08,440.92,444.36,40.6,27,1d+1h+4h,0.604,True,scratch,-0.09706510994004214
2025-05-08 09:30:00-04:00,437.74,440.92,441.1,440.92,444.68,40.6,27,1d+1h+4h,0.262,True,scratch,-0.10057296786430969
2025-05-08 10:30:00-04:00,439.89,440.72,440.91,440.72,444.61,40.6,27,1d+1h+4h,0.068,True,scratch,-0.1019879284313352
2025-05-08 11:30:00-04:00,442.1,443.39,443.58,443.39,447.31,39.6,28,1d+1h+4h,0.107,True,scratch,-0.10199540300502852
2025-05-08 12:30:00-04:00,443.54,448.19,448.37,448.19,451.97,30.6,23,1d+1h+4h,0.383,False,nofill,0.0
2025-05-08 13:30:00-04:00,442.33,443.39,443.56,443.39,447.03,39.6,28,1d+1h+4h,0.087,False,nofill,0.0
2025-05-08 14:30:00-04:00,442.12,443.39,443.56,443.39,446.93,39.6,28,1d+1h+4h,0.105,False,nofill,0.0
2025-05-08 15:30:00-04:00,438.25,440.72,440.89,440.72,444.35,41.6,28,1d+1h+4h,0.203,False,nofill,0.0
2025-05-09 09:30:00-04:00,437.3,443.39,443.56,443.39,447.03,39.6,28,1d+1h+4h,0.525,False,nofill,0.0
2025-05-09 10:30:00-04:00,437.36,443.4,443.57,443.4,446.91,39.6,28,1d+1h+4h,0.52,False,nofill,0.0
2025-05-09 11:30:00-04:00,436.45,440.72,440.88,440.72,444.12,39.6,26,1d+1h+4h,0.368,False,nofill,0.0
2025-05-09 12:30:00-04:00,436.78,440.72,440.87,440.72,443.96,39.6,26,1d+1h+4h,0.339,False,nofill,0.0
2025-05-09 13:30:00-04:00,437.92,443.4,443.55,443.4,446.54,41.4,29,1d+1h+4h,0.472,True,scratch,-0.09369334682600705
2025-05-09 14:30:00-04:00,439.04,443.4,443.55,443.4,446.46,41.4,29,1d+1h+4h,0.375,True,scratch,-0.09280658636267036
2025-05-09 15:30:00-04:00,438.85,443.4,443.54,443.4,446.32,41.4,29,1d+1h+4h,0.392,True,scratch,-0.0912913065417742
2025-05-12 09:30:00-04:00,443.93,444.58,444.73,444.58,447.83,32.8,24,1d+1h+4h,0.056,True,target,0.6353219712827318
2025-05-12 10:30:00-04:00,443.74,444.58,444.73,444.58,447.74,32.8,24,1d+1h+4h,0.072,True,target,0.6170599433429791
2025-05-12 11:30:00-04:00,444.0,444.58,444.73,444.58,447.64,32.8,24,1d+1h+4h,0.05,True,target,0.5939883927273737
2025-05-12 12:30:00-04:00,446.32,447.85,448.0,447.85,450.94,27.8,21,1d+1h+4h,0.133,True,scratch,-0.09279856605063364
2025-05-12 13:30:00-04:00,447.9,450.11,450.25,450.11,453.11,26.8,20,1d+1h+4h,0.192,True,scratch,-0.09170499295906298
2025-05-12 14:30:00-04:00,447.0,447.85,447.99,447.85,450.77,27.8,21,1d+1h+4h,0.074,True,scratch,-0.09097105865992772
2025-05-12 15:30:00-04:00,449.16,449.96,450.11,449.96,452.93,26.8,20,1d+1h+4h,0.07,True,scratch,-0.09135800127979543
2025-05-13 09:30:00-04:00,448.76,450.11,450.26,450.11,453.26,24.0,18,1d+1h+4h,0.121,False,nofill,0.0
2025-05-13 10:30:00-04:00,448.12,450.11,450.26,450.11,453.21,24.0,18,1d+1h+4h,0.18,False,nofill,0.0
2025-05-13 11:30:00-04:00,447.81,448.38,448.52,448.38,451.37,27.8,21,1d+1h+4h,0.051,True,scratch,-0.09172610852516971
2025-05-13 12:30:00-04:00,448.5,450.11,450.25,450.11,453.01,25.0,19,1d+1h+4h,0.146,False,nofill,0.0
2025-05-13 13:30:00-04:00,447.39,448.19,448.33,448.19,451.03,28.8,22,1d+1h+4h,0.072,True,target,0.5427833811735061
2025-05-13 14:30:00-04:00,449.39,449.96,450.1,449.96,452.76,25.0,19,1d+1h+4h,0.052,True,scratch,-0.0895543268140675
2025-05-13 15:30:00-04:00,448.91,450.11,450.24,450.11,452.83,25.0,19,1d+1h+4h,0.108,True,target,0.51433485722856
2025-05-14 09:30:00-04:00,452.86,457.95,458.09,457.95,460.89,16.2,11,1d+1h+4h,0.475,False,nofill,0.0
2025-05-14 10:30:00-04:00,452.7,457.95,458.09,457.95,460.85,16.2,11,1d+1h+4h,0.491,False,nofill,0.0
2025-05-14 11:30:00-04:00,452.34,457.95,458.08,457.95,460.77,16.2,11,1d+1h+4h,0.524,False,nofill,0.0
2025-05-14 12:30:00-04:00,450.76,451.43,451.56,451.43,454.24,17.4,13,1d+1h+4h,0.062,True,scratch,-0.08957638248111577
2025-05-14 13:30:00-04:00,451.54,453.59,453.72,453.59,456.3,17.0,13,1h+4h,0.191,True,scratch,-0.08847050576136217
2025-05-14 14:30:00-04:00,451.28,453.59,453.71,453.59,456.23,17.0,13,1h+4h,0.216,True,scratch,-0.087737764135698
2025-05-14 15:30:00-04:00,452.9,453.59,453.71,453.59,456.2,17.0,13,1h+4h,0.064,True,scratch,-0.08737587226474997
2025-05-15 09:30:00-04:00,453.64,455.25,455.38,455.25,457.96,15.0,11,1h+4h,0.156,True,scratch,-0.08832014980924008
2025-05-15 10:30:00-04:00,454.93,456.16,456.29,456.16,458.92,14.2,11,1h+4h,0.119,False,nofill,0.0
2025-05-15 11:30:00-04:00,455.26,456.16,456.29,456.16,458.85,14.2,11,1h+4h,0.087,False,nofill,0.0
2025-05-15 12:30:00-04:00,456.03,457.95,458.07,457.95,460.56,13.4,9,1d+1h+4h,0.186,False,nofill,0.0
2025-05-15 13:30:00-04:00,453.6,455.25,455.38,455.25,457.93,15.0,11,1h+4h,0.16,False,nofill,0.0
2025-05-15 14:30:00-04:00,451.36,452.75,452.88,452.75,455.47,16.2,13,1h+4h,0.134,True,scratch,-0.08854735641892209
2025-05-15 15:30:00-04:00,453.05,455.25,455.38,455.25,457.95,15.0,11,1h+4h,0.213,False,nofill,0.0
2025-05-16 09:30:00-04:00,449.62,450.35,450.48,450.35,453.15,25.0,19,1d+1h+4h,0.073,True,scratch,-0.08951710552798087
2025-05-16 10:30:00-04:00,449.73,450.35,450.48,450.35,453.07,25.0,19,1d+1h+4h,0.062,True,scratch,-0.08871747645040617
2025-05-16 11:30:00-04:00,450.65,451.43,451.56,451.43,454.06,17.4,13,1d+1h+4h,0.078,True,target,0.49461681998823614
2025-05-16 12:30:00-04:00,450.54,451.43,451.55,451.43,453.95,17.4,13,1d+1h+4h,0.089,True,target,0.47208218312106975
2025-05-16 13:30:00-04:00,452.83,455.25,455.37,455.25,457.8,16.8,12,1h+4h,0.242,True,target,0.47261075367703853
2025-05-16 14:30:00-04:00,453.0,455.25,455.37,455.25,457.69,16.8,12,1h+4h,0.225,True,target,0.44991980914486085
2025-05-16 15:30:00-04:00,454.26,455.25,455.37,455.25,457.71,16.8,12,1h+4h,0.099,True,target,0.4539411608313948
2025-05-19 09:30:00-04:00,455.79,457.95,458.08,457.95,460.63,16.2,11,1d+1h+4h,0.218,True,scratch,-0.08783902623468176
2025-05-19 10:30:00-04:00,456.69,457.95,458.08,457.95,460.59,16.2,11,1d+1h+4h,0.127,True,scratch,-0.08742331332032283
2025-05-19 15:30:00-04:00,458.86,459.58,459.7,459.58,461.92,8.8,6,1d+1h+4h,0.073,False,nofill,0.0
2025-05-20 09:30:00-04:00,455.51,457.95,458.07,457.95,460.46,17.2,12,1d+1h+4h,0.256,False,nofill,0.0
2025-05-20 10:30:00-04:00,456.21,457.95,458.07,457.95,460.41,17.2,12,1d+1h+4h,0.183,False,nofill,0.0
2025-05-20 11:30:00-04:00,456.59,457.95,458.06,457.95,460.3,17.2,12,1d+1h+4h,0.143,False,nofill,0.0
2025-05-20 12:30:00-04:00,457.36,457.95,458.06,457.95,460.21,17.2,12,1d+1h+4h,0.062,True,scratch,-0.08345424246021249
2025-05-20 13:30:00-04:00,455.28,457.95,458.06,457.95,460.23,19.0,13,1d+1h+4h,0.28,True,scratch,-0.0836866937563685
2025-05-20 14:30:00-04:00,456.62,457.95,458.06,457.95,460.21,19.0,13,1d+1h+4h,0.139,True,scratch,-0.0834740707801096
2025-05-20 15:30:00-04:00,458.33,459.58,459.69,459.58,461.82,10.6,7,1d+1h+4h,0.132,False,nofill,0.0
2025-05-21 09:30:00-04:00,455.94,457.95,458.06,457.95,460.33,19.0,13,1d+1h+4h,0.216,False,nofill,0.0
2025-05-21 10:30:00-04:00,456.92,457.95,458.06,457.95,460.31,19.0,13,1d+1h+4h,0.111,False,nofill,0.0
2025-05-21 11:30:00-04:00,456.92,457.95,458.06,457.95,460.24,19.0,13,1d+1h+4h,0.111,False,nofill,0.0
2025-05-21 12:30:00-04:00,452.46,458.34,458.46,458.34,460.83,19.0,13,1d+1h+4h,0.633,False,nofill,0.0
2025-05-21 13:30:00-04:00,453.72,457.95,458.07,457.95,460.49,19.0,13,1d+1h+4h,0.454,True,scratch,-0.0863891695300878
2025-05-21 14:30:00-04:00,452.35,458.34,458.46,458.34,460.91,19.0,13,1d+1h+4h,0.644,True,scratch,-0.0866217405219083
2025-05-21 15:30:00-04:00,452.38,458.34,458.46,458.34,460.85,19.0,13,1d+1h+4h,0.641,True,scratch,-0.08607369541226984
2025-05-22 09:30:00-04:00,457.81,458.34,458.48,458.34,461.26,19.0,13,1d+1h+4h,0.058,True,scratch,-0.09033191700927867
2025-05-22 10:30:00-04:00,455.09,457.95,458.09,457.95,460.92,19.0,13,1d+1h+4h,0.312,False,nofill,0.0
2025-05-22 11:30:00-04:00,456.3,457.95,458.09,457.95,460.86,19.0,13,1d+1h+4h,0.18,False,nofill,0.0
2025-05-22 12:30:00-04:00,455.74,458.0,458.14,458.0,460.88,20.0,14,1d+1h+4h,0.246,False,nofill,0.0
2025-05-22 13:30:00-04:00,456.5,458.0,458.13,458.0,460.82,20.0,14,1d+1h+4h,0.163,False,nofill,0.0
2025-05-22 14:30:00-04:00,456.59,458.0,458.13,458.0,460.72,20.0,14,1d+1h+4h,0.154,False,nofill,0.0
2025-05-22 15:30:00-04:00,455.06,458.0,458.13,458.0,460.73,20.0,14,1d+1h+4h,0.32,False,nofill,0.0
2025-05-23 09:30:00-04:00,451.43,458.34,458.48,458.34,461.34,20.0,14,1d+1h+4h,0.773,False,nofill,0.0
2025-05-23 10:30:00-04:00,450.76,458.34,458.48,458.34,461.28,20.0,14,1d+1h+4h,0.848,False,nofill,0.0
2025-05-23 11:30:00-04:00,451.18,458.34,458.48,458.34,461.2,20.0,14,1d+1h+4h,0.801,False,nofill,0.0
2025-05-23 12:30:00-04:00,452.91,458.34,458.48,458.34,461.18,20.0,14,1d+1h+4h,0.607,False,nofill,0.0
2025-05-23 13:30:00-04:00,452.25,458.34,458.47,458.34,461.09,21.8,15,1d+1h+4h,0.681,True,scratch,-0.08855358338417663
2025-05-23 14:30:00-04:00,451.53,458.34,458.47,458.34,461.02,21.8,15,1d+1h+4h,0.762,True,scratch,-0.08781698163918827
2025-05-23 15:30:00-04:00,450.19,458.34,458.47,458.34,461.01,21.8,15,1d+1h+4h,0.911,True,scratch,-0.08767391334956187
2025-05-27 09:30:00-04:00,457.97,459.58,459.74,459.58,462.81,10.6,7,1d+1h+4h,0.178,False,nofill,0.0
2025-05-27 10:30:00-04:00,457.88,458.34,458.49,458.34,461.45,21.8,15,1d+1h+4h,0.051,True,target,0.5865486283050725
2025-05-27 11:30:00-04:00,458.28,459.58,459.73,459.58,462.6,10.6,7,1d+1h+4h,0.144,True,scratch,-0.09121120055416432
2025-05-27 12:30:00-04:00,459.08,459.58,459.72,459.58,462.47,11.6,8,1d+1h+4h,0.056,True,scratch,-0.08988574513900671
2025-05-27 13:30:00-04:00,459.63,460.2,460.33,460.2,462.97,11.6,8,1d+1h+4h,0.063,True,scratch,-0.08865119848807668
2025-05-27 14:30:00-04:00,459.43,460.2,460.33,460.2,462.84,11.6,8,1d+1h+4h,0.085,True,scratch,-0.08726237925916758
2025-05-28 09:30:00-04:00,459.6,460.2,460.33,460.2,462.83,10.6,7,1d+1h+4h,0.068,False,nofill,0.0
2025-05-28 10:30:00-04:00,459.52,460.2,460.32,460.2,462.72,10.6,7,1d+1h+4h,0.077,False,nofill,0.0
2025-05-28 11:30:00-04:00,458.86,459.58,459.7,459.58,462.03,11.6,8,1d+1h+4h,0.082,False,nofill,0.0
2025-05-28 12:30:00-04:00,457.92,459.58,459.7,459.58,461.95,11.6,8,1d+1h+4h,0.188,False,nofill,0.0
2025-05-28 13:30:00-04:00,458.56,459.58,459.69,459.58,461.89,11.6,8,1d+1h+4h,0.117,True,scratch,-0.08382037501714068
2025-05-28 14:30:00-04:00,457.85,458.34,458.45,458.34,460.63,22.8,16,1d+1h+4h,0.056,True,scratch,-0.08370375992492463
2025-05-28 15:30:00-04:00,457.38,458.34,458.45,458.34,460.56,22.8,16,1d+1h+4h,0.109,True,scratch,-0.08305276587310395
2025-05-29 09:30:00-04:00,458.77,459.58,459.7,459.58,462.02,11.6,8,1d+1h+4h,0.094,True,scratch,-0.0851974872155381
2025-05-29 10:30:00-04:00,459.27,460.2,460.31,460.2,462.59,9.6,6,1d+1h+4h,0.108,False,nofill,0.0
2025-05-29 11:30:00-04:00,458.55,459.58,459.71,459.58,462.11,11.6,8,1d+1h+4h,0.12,False,nofill,0.0
2025-05-29 12:30:00-04:00,458.54,459.58,459.7,459.58,462.02,12.6,9,1d+1h+4h,0.121,True,scratch,-0.08516052922575845
2025-05-29 13:30:00-04:00,457.51,458.34,458.45,458.34,460.72,17.2,12,1d+1h+4h,0.096,True,scratch,-0.0846557981639573
2025-05-29 14:30:00-04:00,458.08,459.58,459.69,459.58,461.88,12.6,9,1d+1h+4h,0.175,True,scratch,-0.08373997167878677
2025-05-29 15:30:00-04:00,458.45,459.58,459.69,459.58,461.89,12.6,9,1d+1h+4h,0.131,True,scratch,-0.08386759602886373
2025-05-30 09:30:00-04:00,459.42,460.2,460.31,460.2,462.54,10.6,7,1d+1h+4h,0.093,False,nofill,0.0
2025-05-30 10:30:00-04:00,459.17,460.2,460.31,460.2,462.45,10.6,7,1d+1h+4h,0.122,False,nofill,0.0
2025-05-30 11:30:00-04:00,456.47,457.14,457.25,457.14,459.5,18.0,14,1h+4h,0.079,True,scratch,-0.0845816012115419
2025-05-30 12:30:00-04:00,457.09,457.95,458.06,457.95,460.3,17.0,13,1h+4h,0.102,True,target,0.4278526058512311
2025-05-30 13:30:00-04:00,458.75,459.58,459.7,459.58,461.95,12.6,9,1d+1h+4h,0.099,True,scratch,-0.08451292489819462
2025-05-30 14:30:00-04:00,460.57,461.72,461.83,461.72,464.1,9.6,6,1d+1h+4h,0.136,False,nofill,0.0
2025-05-30 15:30:00-04:00,459.59,460.2,460.32,460.2,462.64,10.6,7,1d+1h+4h,0.072,True,scratch,-0.08516306948981311
2025-06-02 09:30:00-04:00,460.64,461.72,461.84,461.72,464.3,9.6,6,1d+1h+4h,0.132,True,scratch,-0.0865716691578644
2025-06-02 10:30:00-04:00,460.57,461.72,461.84,461.72,464.23,9.6,6,1d+1h+4h,0.14,True,scratch,-0.08583950147944552
2025-06-02 11:30:00-04:00,460.85,461.68,461.8,461.68,464.12,10.6,7,1d+1h+4h,0.101,True,scratch,-0.08516574359106466
2025-06-02 12:30:00-04:00,460.98,461.68,461.79,461.68,464.06,10.6,7,1d+1h+4h,0.085,True,scratch,-0.08451097783692685
2025-07-08 09:30:00-04:00,495.95,499.29,499.4,499.29,501.64,6.6,5,1h+4h,0.523,False,nofill,0.0
2025-07-08 10:30:00-04:00,494.88,499.29,499.4,499.29,501.7,6.6,5,1h+4h,0.691,False,nofill,0.0
2025-07-08 11:30:00-04:00,496.0,499.29,499.4,499.29,501.66,6.6,5,1h+4h,0.515,False,nofill,0.0
2025-07-08 12:30:00-04:00,495.86,499.29,499.4,499.29,501.59,6.6,5,1h+4h,0.537,False,nofill,0.0
2025-07-08 13:30:00-04:00,496.03,499.29,499.4,499.29,501.5,6.6,5,1h+4h,0.511,True,target,0.36194450295030656
2025-07-08 14:30:00-04:00,496.06,499.29,499.39,499.29,501.4,6.6,5,1h+4h,0.505,True,target,0.34174558437503055
2025-07-08 15:30:00-04:00,496.66,499.29,499.39,499.29,501.34,6.6,5,1h+4h,0.412,True,target,0.3302064986228537
2025-07-10 09:30:00-04:00,498.54,499.29,499.42,499.29,501.97,6.6,5,1h+4h,0.113,True,scratch,-0.08552339769258843
2025-07-10 10:30:00-04:00,500.06,500.76,500.89,500.76,503.45,6.6,5,1h+4h,0.105,True,scratch,-0.08557475252233271
2025-07-10 11:30:00-04:00,500.28,500.76,500.88,500.76,503.38,6.6,5,1h+4h,0.073,True,scratch,-0.08486564414195152
2025-07-23 09:30:00-04:00,502.63,508.3,508.41,508.3,510.52,7.8,5,1d+1h+4h,0.894,False,nofill,0.0
2025-07-23 10:30:00-04:00,502.4,508.3,508.4,508.3,510.47,7.8,5,1d+1h+4h,0.931,False,nofill,0.0
2025-07-23 11:30:00-04:00,503.31,508.3,508.41,508.3,510.57,7.8,5,1d+1h+4h,0.787,False,nofill,0.0
2025-07-23 12:30:00-04:00,504.2,508.3,508.41,508.3,510.51,7.8,5,1d+1h+4h,0.647,False,nofill,0.0
2025-07-23 13:30:00-04:00,505.35,508.3,508.4,508.3,510.47,7.8,5,1d+1h+4h,0.465,True,target,0.34695037444052446
2025-07-23 14:30:00-04:00,505.4,508.3,508.4,508.3,510.4,7.8,5,1d+1h+4h,0.458,True,target,0.3324108021022898
2025-07-23 15:30:00-04:00,505.97,508.3,508.4,508.3,510.37,7.8,5,1d+1h+4h,0.367,True,target,0.32783253332009377
2025-07-24 09:30:00-04:00,508.84,509.6,509.71,509.6,511.87,6.0,4,1d+1h,0.118,True,target,0.3626481819616778
2025-07-30 09:30:00-04:00,513.3,514.64,514.75,514.64,516.93,6.8,4,1d+1h+4h,0.21,False,nofill,0.0
2025-07-30 10:30:00-04:00,513.06,514.64,514.75,514.64,516.9,6.8,4,1d+1h+4h,0.247,False,nofill,0.0
2025-07-30 11:30:00-04:00,513.24,514.64,514.74,514.64,516.82,6.8,4,1d+1h+4h,0.219,False,nofill,0.0
2025-07-30 12:30:00-04:00,512.9,513.22,513.32,513.22,515.3,7.8,5,1d+1h+4h,0.05,True,scratch,-0.0792978233635
2025-07-30 13:30:00-04:00,512.74,513.22,513.31,513.22,515.24,7.8,5,1d+1h+4h,0.075,True,scratch,-0.07870407822125891
2025-07-30 14:30:00-04:00,511.25,513.22,513.32,513.22,515.39,7.8,5,1d+1h+4h,0.308,True,target,0.343196216082875
2025-07-30 15:30:00-04:00,514.18,514.64,514.75,514.64,516.94,7.8,5,1d+1h+4h,0.072,True,target,0.3661954057716743
2025-08-18 09:30:00-04:00,517.99,519.37,519.51,519.37,522.27,10.4,8,1h+4h,0.153,False,nofill,0.0
2025-08-18 10:30:00-04:00,516.68,517.55,517.69,517.55,520.38,10.4,8,1h+4h,0.097,True,scratch,-0.0860250733139667
2025-08-18 11:30:00-04:00,517.19,519.37,519.5,519.37,522.12,10.4,8,1h+4h,0.242,False,nofill,0.0
2025-08-18 12:30:00-04:00,516.36,517.55,517.68,517.55,520.26,10.4,8,1h+4h,0.132,False,nofill,0.0
2025-08-18 13:30:00-04:00,516.08,517.55,517.68,517.55,520.2,10.4,8,1h+4h,0.163,False,nofill,0.0
2025-08-18 14:30:00-04:00,514.3,517.55,517.68,517.55,520.17,10.4,8,1h+4h,0.36,False,nofill,0.0
2025-08-18 15:30:00-04:00,517.14,517.62,517.75,517.62,520.29,10.4,8,1h+4h,0.053,False,nofill,0.0
2025-08-19 09:30:00-04:00,511.22,512.07,512.21,512.07,515.02,11.8,7,1d+1h+4h,0.095,False,nofill,0.0
2025-08-19 10:30:00-04:00,509.54,511.2,511.34,511.2,514.18,15.8,9,1d+1h+4h,0.185,True,scratch,-0.08775050058297262
2025-08-19 11:30:00-04:00,510.46,511.2,511.34,511.2,514.1,15.8,9,1d+1h+4h,0.082,True,scratch,-0.08700964855337112
2025-08-19 12:30:00-04:00,511.3,512.07,512.2,512.07,514.89,11.8,7,1d+1h+4h,0.085,False,nofill,0.0
2025-08-19 13:30:00-04:00,510.7,511.2,511.33,511.2,513.95,15.8,9,1d+1h+4h,0.056,False,nofill,0.0
2025-08-19 14:30:00-04:00,508.97,511.2,511.33,511.2,513.92,15.8,9,1d+1h+4h,0.248,False,nofill,0.0
2025-08-19 15:30:00-04:00,509.74,511.2,511.33,511.2,513.85,15.8,9,1d+1h+4h,0.163,False,nofill,0.0
2025-08-20 09:30:00-04:00,507.37,511.2,511.33,511.2,514.02,16.8,10,1d+1h+4h,0.435,False,nofill,0.0
2025-08-20 10:30:00-04:00,505.83,511.2,511.33,511.2,514.02,16.8,10,1d+1h+4h,0.61,False,nofill,0.0
2025-08-20 11:30:00-04:00,506.09,511.2,511.33,511.2,514.01,16.8,10,1d+1h+4h,0.581,False,nofill,0.0
2025-08-20 12:30:00-04:00,505.92,511.2,511.33,511.2,513.94,16.8,10,1d+1h+4h,0.6,False,nofill,0.0
2025-08-20 13:30:00-04:00,505.4,511.2,511.33,511.2,513.95,16.8,10,1d+1h+4h,0.659,False,nofill,0.0
2025-08-20 14:30:00-04:00,507.0,511.2,511.33,511.2,513.96,16.8,10,1d+1h+4h,0.477,False,nofill,0.0
2025-08-20 15:30:00-04:00,505.46,511.2,511.33,511.2,513.93,16.8,10,1d+1h+4h,0.652,False,nofill,0.0
2025-08-21 09:30:00-04:00,507.52,511.2,511.34,511.2,514.1,15.8,9,1d+1h+4h,0.432,False,nofill,0.0
2025-08-21 10:30:00-04:00,506.78,511.2,511.34,511.2,514.05,15.8,9,1d+1h+4h,0.519,False,nofill,0.0
2025-08-21 11:30:00-04:00,505.39,511.2,511.33,511.2,513.98,15.8,9,1d+1h+4h,0.682,False,nofill,0.0
2025-08-21 12:30:00-04:00,504.47,511.2,511.33,511.2,513.92,15.8,9,1d+1h+4h,0.79,False,nofill,0.0
2025-08-21 13:30:00-04:00,505.24,511.2,511.33,511.2,513.85,15.8,9,1d+1h+4h,0.699,False,nofill,0.0
2025-08-21 14:30:00-04:00,506.12,511.2,511.32,511.2,513.78,15.8,9,1d+1h+4h,0.596,False,nofill,0.0
2025-08-21 15:30:00-04:00,504.15,511.2,511.32,511.2,513.75,15.8,9,1d+1h+4h,0.827,False,nofill,0.0
2025-08-22 09:30:00-04:00,508.2,511.2,511.34,511.2,514.09,15.8,9,1d+1h+4h,0.353,False,nofill,0.0
2025-08-22 10:30:00-04:00,508.3,511.2,511.34,511.2,514.08,15.8,9,1d+1h+4h,0.341,False,nofill,0.0
2025-08-22 11:30:00-04:00,506.94,511.2,511.34,511.2,514.1,15.8,9,1d+1h+4h,0.5,False,nofill,0.0
2025-08-22 12:30:00-04:00,507.86,511.2,511.34,511.2,514.04,15.8,9,1d+1h+4h,0.393,False,nofill,0.0
2025-08-22 13:30:00-04:00,507.89,511.2,511.33,511.2,513.93,16.8,10,1d+1h+4h,0.39,False,nofill,0.0
2025-08-22 14:30:00-04:00,507.1,511.2,511.33,511.2,513.83,16.8,10,1d+1h+4h,0.482,False,nofill,0.0
2025-08-22 15:30:00-04:00,507.1,511.2,511.32,511.2,513.8,16.8,10,1d+1h+4h,0.482,False,nofill,0.0
2025-08-25 09:30:00-04:00,507.21,511.2,511.33,511.2,513.89,16.8,10,1d+1h+4h,0.488,False,nofill,0.0
2025-08-25 10:30:00-04:00,507.4,511.2,511.32,511.2,513.81,16.8,10,1d+1h+4h,0.464,False,nofill,0.0
2025-08-25 11:30:00-04:00,507.25,511.2,511.32,511.2,513.7,16.8,10,1d+1h+4h,0.483,False,nofill,0.0
2025-08-25 12:30:00-04:00,505.8,511.2,511.32,511.2,513.65,16.8,10,1d+1h+4h,0.66,False,nofill,0.0
2025-08-25 13:30:00-04:00,505.5,511.2,511.31,511.2,513.56,18.6,11,1d+1h+4h,0.697,False,nofill,0.0
2025-08-25 14:30:00-04:00,505.24,511.2,511.31,511.2,513.47,18.6,11,1d+1h+4h,0.728,False,nofill,0.0
2025-08-25 15:30:00-04:00,504.38,511.2,511.31,511.2,513.41,18.6,11,1d+1h+4h,0.833,False,nofill,0.0
2025-08-26 09:30:00-04:00,504.45,511.91,512.02,511.91,514.18,15.6,10,1d+1h+4h,0.926,False,nofill,0.0
2025-08-26 10:30:00-04:00,502.7,510.67,510.78,510.67,512.92,15.6,10,1d+1h+4h,0.989,False,nofill,0.0
2025-08-26 11:30:00-04:00,502.29,502.72,502.82,502.72,504.86,17.4,11,1d+1h+4h,0.053,False,nofill,0.0
2025-08-26 12:30:00-04:00,500.38,501.03,501.13,501.03,503.17,19.0,13,1d+1h+4h,0.081,True,scratch,-0.08032710408307775
2025-08-26 13:30:00-04:00,498.82,500.7,500.8,500.7,502.83,19.0,13,1d+1h+4h,0.233,True,scratch,-0.08026181424410916
2025-08-26 14:30:00-04:00,499.83,500.7,500.8,500.7,502.8,19.0,13,1d+1h+4h,0.108,True,scratch,-0.07994653570174703
2025-08-26 15:30:00-04:00,501.93,502.72,502.83,502.72,505.03,17.4,11,1d+1h+4h,0.098,True,target,0.37743549934257103
2025-08-27 09:30:00-04:00,504.14,511.2,511.32,511.2,513.66,15.6,10,1d+1h+4h,0.882,False,nofill,0.0
2025-08-27 10:30:00-04:00,504.5,511.91,512.02,511.91,514.32,15.6,10,1d+1h+4h,0.926,False,nofill,0.0
2025-08-27 11:30:00-04:00,504.03,510.73,510.84,510.73,513.07,15.6,10,1d+1h+4h,0.837,False,nofill,0.0
2025-08-27 12:30:00-04:00,505.37,510.67,510.78,510.67,512.97,15.6,10,1d+1h+4h,0.662,False,nofill,0.0
2025-08-27 13:30:00-04:00,506.72,510.67,510.78,510.67,512.92,15.6,10,1d+1h+4h,0.493,False,nofill,0.0
2025-08-27 14:30:00-04:00,505.97,510.67,510.78,510.67,512.9,15.6,10,1d+1h+4h,0.587,False,nofill,0.0
2025-08-27 15:30:00-04:00,506.68,510.67,510.77,510.67,512.84,15.6,10,1d+1h+4h,0.499,False,nofill,0.0
2025-08-28 09:30:00-04:00,506.03,510.73,510.84,510.73,513.1,15.6,10,1d+1h+4h,0.6,False,nofill,0.0
2025-08-28 10:30:00-04:00,507.23,511.2,511.31,511.2,513.61,15.6,10,1d+1h+4h,0.507,False,nofill,0.0
2025-08-28 11:30:00-04:00,508.97,510.67,510.78,510.67,513.05,15.6,10,1d+1h+4h,0.217,False,nofill,0.0
2025-08-28 12:30:00-04:00,508.62,510.67,510.78,510.67,512.99,16.6,11,1d+1h+4h,0.261,True,scratch,-0.08159407560959231
2025-08-28 13:30:00-04:00,509.12,510.67,510.78,510.67,512.93,16.6,11,1d+1h+4h,0.198,True,scratch,-0.08099384739662652
2025-08-28 14:30:00-04:00,509.72,510.67,510.77,510.67,512.84,16.6,11,1d+1h+4h,0.122,True,scratch,-0.08021291643334205
2025-08-28 15:30:00-04:00,509.66,510.67,510.77,510.67,512.8,16.6,11,1d+1h+4h,0.129,False,nofill,0.0
2025-08-29 09:30:00-04:00,506.08,510.67,510.78,510.67,513.04,16.6,11,1d+1h+4h,0.601,False,nofill,0.0
2025-08-29 10:30:00-04:00,508.12,510.67,510.79,510.67,513.07,16.6,11,1d+1h+4h,0.334,False,nofill,0.0
2025-08-29 11:30:00-04:00,507.43,510.67,510.78,510.67,512.98,16.6,11,1d+1h+4h,0.425,False,nofill,0.0
2025-08-29 12:30:00-04:00,508.1,510.67,510.78,510.67,512.93,16.6,11,1d+1h+4h,0.337,False,nofill,0.0
2025-08-29 13:30:00-04:00,508.73,510.67,510.78,510.67,512.87,16.6,11,1d+1h+4h,0.254,False,nofill,0.0
2025-08-29 14:30:00-04:00,508.74,510.67,510.77,510.67,512.82,16.6,11,1d+1h+4h,0.253,False,nofill,0.0
2025-08-29 15:30:00-04:00,506.92,510.86,510.97,510.86,513.09,16.6,11,1d+1h+4h,0.516,False,nofill,0.0
2025-09-02 09:30:00-04:00,505.25,511.91,512.04,511.91,514.74,18.4,12,1d+1h+4h,0.855,False,nofill,0.0
2025-09-02 10:30:00-04:00,501.04,510.86,511.0,510.86,513.86,19.4,13,1d+1h+4h,1.261,False,nofill,0.0
2025-09-02 11:30:00-04:00,500.96,510.86,511.0,510.86,513.75,19.4,13,1d+1h+4h,1.271,False,nofill,0.0
2025-09-02 12:30:00-04:00,501.86,510.86,510.99,510.86,513.69,19.4,13,1d+1h+4h,1.155,False,nofill,0.0
2025-09-02 13:30:00-04:00,501.4,510.86,510.99,510.86,513.61,19.4,13,1d+1h+4h,1.215,False,nofill,0.0
2025-09-02 14:30:00-04:00,503.85,510.86,510.99,510.86,513.61,19.4,13,1d+1h+4h,0.9,False,nofill,0.0
2025-09-02 15:30:00-04:00,505.08,510.67,510.8,510.67,513.4,19.4,13,1d+1h+4h,0.718,False,nofill,0.0
2025-09-03 09:30:00-04:00,504.7,510.86,511.0,510.86,513.75,19.4,13,1d+1h+4h,0.808,False,nofill,0.0
2025-09-03 10:30:00-04:00,505.22,510.67,510.81,510.67,513.53,19.4,13,1d+1h+4h,0.716,False,nofill,0.0
2025-09-03 11:30:00-04:00,504.48,510.73,510.86,510.73,513.52,19.4,13,1d+1h+4h,0.82,False,nofill,0.0
2025-09-03 12:30:00-04:00,504.06,510.86,510.99,510.86,513.55,19.4,13,1d+1h+4h,0.893,False,nofill,0.0
2025-09-03 13:30:00-04:00,503.26,510.86,510.98,510.86,513.47,19.4,13,1d+1h+4h,0.997,False,nofill,0.0
2025-09-03 14:30:00-04:00,503.2,510.86,510.98,510.86,513.38,19.4,13,1d+1h+4h,1.005,False,nofill,0.0
2025-09-03 15:30:00-04:00,505.39,510.86,510.98,510.86,513.37,19.4,13,1d+1h+4h,0.718,False,nofill,0.0
2025-09-04 09:30:00-04:00,505.48,510.86,510.98,510.86,513.48,19.4,13,1d+1h+4h,0.724,False,nofill,0.0
2025-09-04 10:30:00-04:00,507.68,510.67,510.8,510.67,513.29,19.4,13,1d+1h+4h,0.403,False,nofill,0.0
2025-09-04 11:30:00-04:00,506.0,510.86,510.98,510.86,513.44,19.4,13,1d+1h+4h,0.654,False,nofill,0.0
2025-09-04 12:30:00-04:00,506.75,510.86,510.98,510.86,513.34,19.4,13,1d+1h+4h,0.553,False,nofill,0.0
2025-09-04 13:30:00-04:00,507.07,508.57,508.68,508.57,510.95,19.6,14,1d+1h+4h,0.202,True,scratch,-0.08227125248034817
2025-09-04 14:30:00-04:00,506.62,508.57,508.68,508.57,510.9,19.6,14,1d+1h+4h,0.263,True,scratch,-0.08179492493801677
2025-09-04 15:30:00-04:00,507.98,508.57,508.68,508.57,510.86,19.6,14,1d+1h+4h,0.079,True,scratch,-0.08140873891935296
2025-09-05 09:30:00-04:00,499.21,502.72,502.87,502.72,505.88,22.2,15,1d+1h+4h,0.424,False,nofill,0.0
2025-09-05 10:30:00-04:00,497.12,502.72,502.88,502.72,506.04,22.2,15,1d+1h+4h,0.676,False,nofill,0.0
2025-09-05 11:30:00-04:00,496.84,502.72,502.87,502.72,505.95,22.2,15,1d+1h+4h,0.709,False,nofill,0.0
2025-09-05 12:30:00-04:00,494.54,502.72,502.87,502.72,505.94,22.2,15,1d+1h+4h,0.986,False,nofill,0.0
2025-09-05 13:30:00-04:00,494.64,511.2,511.35,511.2,514.38,22.4,14,1d+1h+4h,1.998,False,nofill,0.0
2025-09-05 14:30:00-04:00,494.49,502.72,502.87,502.72,505.88,22.2,15,1d+1h+4h,0.993,False,nofill,0.0
2025-09-05 15:30:00-04:00,495.02,511.2,511.35,511.2,514.28,22.4,14,1d+1h+4h,1.953,False,nofill,0.0
2025-09-08 09:30:00-04:00,500.6,511.2,511.36,511.2,514.48,22.4,14,1d+1h+4h,1.303,False,nofill,0.0
2025-09-08 10:30:00-04:00,500.66,511.2,511.35,511.2,514.36,22.4,14,1d+1h+4h,1.296,False,nofill,0.0
2025-09-08 11:30:00-04:00,498.8,511.2,511.35,511.2,514.33,22.4,14,1d+1h+4h,1.524,False,nofill,0.0
2025-09-08 12:30:00-04:00,498.31,511.2,511.34,511.2,514.2,22.4,14,1d+1h+4h,1.584,False,nofill,0.0
2025-09-08 13:30:00-04:00,498.44,511.2,511.34,511.2,514.06,24.2,15,1d+1h+4h,1.568,False,nofill,0.0
2025-09-08 14:30:00-04:00,497.35,511.2,511.33,511.2,513.95,24.2,15,1d+1h+4h,1.702,False,nofill,0.0
2025-09-08 15:30:00-04:00,498.25,511.2,511.33,511.2,513.86,24.2,15,1d+1h+4h,1.592,False,nofill,0.0
2025-09-09 09:30:00-04:00,500.9,510.73,510.86,510.73,513.5,22.2,15,1d+1h+4h,1.247,False,nofill,0.0
2025-09-09 10:30:00-04:00,499.52,510.67,510.8,510.67,513.41,22.2,15,1d+1h+4h,1.416,False,nofill,0.0
2025-09-09 11:30:00-04:00,498.64,510.86,510.99,510.86,513.54,22.2,15,1d+1h+4h,1.551,False,nofill,0.0
2025-09-09 12:30:00-04:00,499.14,510.67,510.79,510.67,513.26,22.2,15,1d+1h+4h,1.464,False,nofill,0.0
2025-09-09 13:30:00-04:00,498.64,510.67,510.79,510.67,513.14,22.2,15,1d+1h+4h,1.527,False,nofill,0.0
2025-09-09 14:30:00-04:00,498.16,510.67,510.78,510.67,513.05,22.2,15,1d+1h+4h,1.588,False,nofill,0.0
2025-09-09 15:30:00-04:00,498.45,510.67,510.78,510.67,512.97,22.2,15,1d+1h+4h,1.552,False,nofill,0.0
2025-09-10 09:30:00-04:00,501.47,508.57,508.69,508.57,511.19,22.6,15,1d+1h+4h,0.913,False,nofill,0.0
2025-09-10 10:30:00-04:00,500.7,508.57,508.7,508.57,511.34,22.6,15,1d+1h+4h,1.012,False,nofill,0.0
2025-09-10 11:30:00-04:00,499.24,508.57,508.7,508.57,511.32,22.6,15,1d+1h+4h,1.199,False,nofill,0.0
2025-09-10 12:30:00-04:00,499.72,508.57,508.7,508.57,511.32,22.6,15,1d+1h+4h,1.139,False,nofill,0.0
2025-09-10 13:30:00-04:00,501.1,508.57,508.7,508.57,511.25,22.6,15,1d+1h+4h,0.961,False,nofill,0.0
2025-09-10 14:30:00-04:00,499.39,508.57,508.7,508.57,511.27,22.6,15,1d+1h+4h,1.181,False,nofill,0.0
2025-09-10 15:30:00-04:00,500.21,508.57,508.69,508.57,511.18,22.6,15,1d+1h+4h,1.075,False,nofill,0.0
2025-09-11 09:30:00-04:00,502.24,508.57,508.7,508.57,511.36,22.6,15,1d+1h+4h,0.833,False,nofill,0.0
2025-09-11 10:30:00-04:00,502.79,508.57,508.7,508.57,511.38,22.6,15,1d+1h+4h,0.761,False,nofill,0.0
2025-09-11 11:30:00-04:00,502.28,508.57,508.7,508.57,511.35,22.6,15,1d+1h+4h,0.828,False,nofill,0.0
2025-09-11 12:30:00-04:00,500.15,508.57,508.7,508.57,511.35,22.6,15,1d+1h+4h,1.109,False,nofill,0.0
2025-09-11 13:30:00-04:00,499.98,501.82,501.95,501.82,504.48,22.8,16,1d+1h+4h,0.242,True,target,0.4453550679175855
2025-09-11 14:30:00-04:00,500.8,501.89,502.01,501.89,504.46,22.8,16,1d+1h+4h,0.144,True,target,0.4269727660936473
2025-09-11 15:30:00-04:00,501.2,501.82,501.94,501.82,504.36,22.8,16,1d+1h+4h,0.082,True,target,0.4219789075163849
2025-09-12 09:30:00-04:00,507.14,508.57,508.71,508.57,511.47,22.6,15,1d+1h+4h,0.182,True,target,0.4817287996695896
2025-09-12 10:30:00-04:00,510.67,511.2,511.34,511.2,514.2,21.2,14,1d+1h+4h,0.067,True,scratch,-0.0878965634799278
2025-09-12 11:30:00-04:00,511.89,512.48,512.62,512.48,515.43,19.4,13,1d+1h+4h,0.075,False,nofill,0.0
2025-09-12 12:30:00-04:00,512.02,512.48,512.62,512.48,515.31,19.4,13,1d+1h+4h,0.058,False,nofill,0.0
2025-09-12 13:30:00-04:00,511.3,511.91,512.04,511.91,514.65,21.2,14,1d+1h+4h,0.077,True,scratch,-0.08547773743762255
2025-09-12 14:30:00-04:00,510.68,511.2,511.33,511.2,513.91,21.2,14,1d+1h+4h,0.066,True,scratch,-0.08519733030729615
2025-09-12 15:30:00-04:00,509.85,510.73,510.85,510.73,513.34,23.2,16,1d+1h+4h,0.112,True,scratch,-0.08427033189051247
2025-09-15 09:30:00-04:00,510.65,511.2,511.33,511.2,514.02,22.2,15,1d+1h+4h,0.07,True,target,0.46563202229286116
2025-09-15 10:30:00-04:00,512.43,513.22,513.36,513.22,516.14,15.6,10,1d+1h+4h,0.099,True,scratch,-0.08708689261226477
2025-09-15 11:30:00-04:00,512.51,513.22,513.35,513.22,516.07,15.6,10,1d+1h+4h,0.089,True,scratch,-0.0864094738804222
2025-09-15 12:30:00-04:00,511.98,512.48,512.61,512.48,515.23,20.4,14,1d+1h+4h,0.064,True,target,0.4506081359544334
2025-09-15 13:30:00-04:00,513.16,514.22,514.35,514.22,516.92,12.8,8,1d+1h+4h,0.134,True,scratch,-0.0849472190921352
2025-09-15 14:30:00-04:00,513.71,514.22,514.35,514.22,516.83,12.8,8,1d+1h+4h,0.065,True,scratch,-0.08407319029921645
2025-09-15 15:30:00-04:00,515.45,519.37,519.49,519.37,521.92,10.4,8,1h+4h,0.496,False,nofill,0.0
2025-09-16 09:30:00-04:00,513.47,514.22,514.36,514.22,517.07,12.8,8,1d+1h+4h,0.095,False,nofill,0.0
2025-09-16 10:30:00-04:00,512.57,513.22,513.35,513.22,516.01,16.6,11,1d+1h+4h,0.081,True,scratch,-0.08587929580199383
2025-09-16 11:30:00-04:00,513.29,514.22,514.35,514.22,516.93,12.8,8,1d+1h+4h,0.117,False,nofill,0.0
2025-09-16 12:30:00-04:00,513.54,514.22,514.35,514.22,516.86,12.8,8,1d+1h+4h,0.086,False,nofill,0.0
2025-09-16 13:30:00-04:00,511.44,511.91,512.04,511.91,514.55,23.2,16,1d+1h+4h,0.06,False,nofill,0.0
2025-09-16 14:30:00-04:00,510.39,510.86,510.98,510.86,513.45,24.2,17,1d+1h+4h,0.059,False,nofill,0.0
2025-09-16 15:30:00-04:00,509.15,510.6,510.72,510.6,513.15,24.2,17,1d+1h+4h,0.182,True,scratch,-0.08376418128326346
2025-09-17 09:30:00-04:00,508.21,510.67,510.8,510.67,513.41,24.2,17,1d+1h+4h,0.317,False,nofill,0.0
2025-09-17 10:30:00-04:00,507.11,510.67,510.8,510.67,513.34,24.2,17,1d+1h+4h,0.459,False,nofill,0.0
2025-09-17 11:30:00-04:00,508.66,510.67,510.8,510.67,513.28,24.2,17,1d+1h+4h,0.26,True,scratch,-0.08433015636435393
2025-09-17 12:30:00-04:00,508.49,510.67,510.79,510.67,513.17,24.2,17,1d+1h+4h,0.281,True,scratch,-0.08323412586919154
2025-09-17 13:30:00-04:00,508.87,510.67,510.8,510.67,513.27,24.2,17,1d+1h+4h,0.232,True,scratch,-0.08417947058353414
2025-09-17 14:30:00-04:00,510.82,511.91,512.04,511.91,514.67,23.2,16,1d+1h+4h,0.14,True,scratch,-0.08565163041476254
2025-09-17 15:30:00-04:00,509.91,510.67,510.8,510.67,513.41,24.2,17,1d+1h+4h,0.098,True,scratch,-0.08545507738959568
2025-09-18 09:30:00-04:00,511.64,512.07,512.21,512.07,514.93,21.4,15,1d+1h+4h,0.057,True,scratch,-0.08659500764989225
2025-09-18 10:30:00-04:00,510.52,511.2,511.34,511.2,514.09,23.2,16,1d+1h+4h,0.09,False,nofill,0.0
2025-09-18 11:30:00-04:00,508.89,510.67,510.81,510.67,513.57,24.2,17,1d+1h+4h,0.234,False,nofill,0.0
2025-09-18 12:30:00-04:00,509.21,510.67,510.8,510.67,513.47,24.2,17,1d+1h+4h,0.192,False,nofill,0.0
2025-09-18 13:30:00-04:00,508.19,511.94,512.07,511.94,514.64,24.2,17,1d+1h+4h,0.494,True,scratch,-0.0850325382304451
2025-09-18 14:30:00-04:00,508.8,510.86,510.99,510.86,513.5,24.2,17,1d+1h+4h,0.271,True,target,0.43098324595511883
2025-09-18 15:30:00-04:00,508.43,510.86,510.98,510.86,513.37,24.2,17,1d+1h+4h,0.32,True,target,0.40751506036313945
2025-09-19 09:30:00-04:00,513.11,514.22,514.36,514.22,517.04,13.8,9,1d+1h+4h,0.142,False,nofill,0.0
2025-09-19 10:30:00-04:00,512.19,513.07,513.2,513.07,515.84,17.6,12,1d+1h+4h,0.113,True,scratch,-0.08566171228279185
2025-09-19 11:30:00-04:00,512.86,513.37,513.5,513.37,516.09,17.6,12,1d+1h+4h,0.065,False,nofill,0.0
2025-09-19 12:30:00-04:00,511.69,512.48,512.61,512.48,515.13,22.4,16,1d+1h+4h,0.102,True,target,0.43078122385127315
2025-09-19 13:30:00-04:00,510.69,511.2,511.32,511.2,513.76,24.2,17,1d+1h+4h,0.065,True,scratch,-0.08382304386277406
2025-09-19 14:30:00-04:00,511.17,511.91,512.03,511.91,514.39,24.2,17,1d+1h+4h,0.095,True,target,0.40169064023898304
2025-09-19 15:30:00-04:00,518.0,519.37,519.51,519.37,522.31,10.4,8,1h+4h,0.175,False,nofill,0.0
2025-09-22 09:30:00-04:00,514.57,517.55,517.7,517.55,520.69,12.2,9,1h+4h,0.39,False,nofill,0.0
2025-09-22 10:30:00-04:00,515.04,517.55,517.7,517.55,520.62,12.2,9,1h+4h,0.329,False,nofill,0.0
2025-09-22 11:30:00-04:00,514.57,517.55,517.7,517.55,520.62,13.2,10,1h+4h,0.389,False,nofill,0.0
2025-09-22 12:30:00-04:00,515.14,517.55,517.69,517.55,520.51,13.2,10,1h+4h,0.315,False,nofill,0.0
2025-09-22 13:30:00-04:00,515.04,517.55,517.69,517.55,520.37,13.2,10,1h+4h,0.329,False,nofill,0.0
2025-09-22 14:30:00-04:00,514.43,517.55,517.68,517.55,520.34,13.2,10,1h+4h,0.408,False,nofill,0.0
2025-09-22 15:30:00-04:00,514.37,517.55,517.68,517.55,520.22,13.2,10,1h+4h,0.416,False,nofill,0.0
2025-09-23 09:30:00-04:00,511.56,511.94,512.07,511.94,514.73,25.2,18,1d+1h+4h,0.051,False,nofill,0.0
2025-09-23 10:30:00-04:00,510.91,511.91,512.04,511.91,514.57,25.2,18,1d+1h+4h,0.131,False,nofill,0.0
2025-09-23 11:30:00-04:00,510.38,510.86,510.98,510.86,513.43,25.2,18,1d+1h+4h,0.063,True,scratch,-0.0839394292925677
2025-09-23 12:30:00-04:00,509.94,510.67,510.79,510.67,513.23,25.2,18,1d+1h+4h,0.096,False,nofill,0.0
2025-09-23 13:30:00-04:00,509.99,510.73,510.85,510.73,513.21,25.2,18,1d+1h+4h,0.097,True,scratch,-0.08309572723034231
2025-09-23 14:30:00-04:00,508.76,510.86,510.98,510.86,513.41,25.2,18,1d+1h+4h,0.275,True,scratch,-0.08373021138154968
2025-09-23 15:30:00-04:00,509.62,510.67,510.79,510.67,513.14,25.2,18,1d+1h+4h,0.138,True,scratch,-0.08294714723164898
2025-09-24 09:30:00-04:00,510.05,510.73,510.86,510.73,513.41,25.2,18,1d+1h+4h,0.091,True,scratch,-0.0849789824059699
2025-09-24 10:30:00-04:00,509.58,510.73,510.86,510.73,513.36,25.2,18,1d+1h+4h,0.153,False,nofill,0.0
2025-09-24 11:30:00-04:00,508.08,510.73,510.85,510.73,513.33,25.2,18,1d+1h+4h,0.355,False,nofill,0.0
2025-09-24 12:30:00-04:00,508.01,510.86,510.98,510.86,513.4,26.2,19,1d+1h+4h,0.382,False,nofill,0.0
2025-09-24 13:30:00-04:00,508.05,510.86,510.98,510.86,513.31,26.2,19,1d+1h+4h,0.376,False,nofill,0.0
2025-09-24 14:30:00-04:00,509.21,510.73,510.85,510.73,513.16,26.2,19,1d+1h+4h,0.203,False,nofill,0.0
2025-09-24 15:30:00-04:00,509.98,510.73,510.84,510.73,513.1,26.2,19,1d+1h+4h,0.1,False,nofill,0.0
2025-09-25 09:30:00-04:00,508.16,510.73,510.85,510.73,513.3,26.2,19,1d+1h+4h,0.352,False,nofill,0.0
2025-09-25 10:30:00-04:00,507.98,510.73,510.85,510.73,513.3,26.2,19,1d+1h+4h,0.376,False,nofill,0.0
2025-09-25 11:30:00-04:00,508.08,511.91,512.03,511.91,514.38,26.2,19,1d+1h+4h,0.525,False,nofill,0.0
2025-09-25 12:30:00-04:00,507.97,511.91,512.02,511.91,514.31,26.2,19,1d+1h+4h,0.54,False,nofill,0.0
2025-09-25 13:30:00-04:00,506.82,510.73,510.84,510.73,513.08,26.2,19,1d+1h+4h,0.536,True,scratch,-0.08187842980975635
2025-09-25 14:30:00-04:00,506.52,511.94,512.05,511.94,514.22,26.2,19,1d+1h+4h,0.743,True,scratch,-0.08119357148772544
2025-09-25 15:30:00-04:00,506.96,510.73,510.83,510.73,512.93,26.2,19,1d+1h+4h,0.517,True,scratch,-0.08051131414928969
2025-09-26 09:30:00-04:00,508.34,510.73,510.85,510.73,513.3,26.2,19,1d+1h+4h,0.329,False,nofill,0.0
2025-09-26 10:30:00-04:00,508.07,511.91,512.03,511.91,514.46,26.2,19,1d+1h+4h,0.527,False,nofill,0.0
2025-09-26 11:30:00-04:00,508.27,510.73,510.85,510.73,513.25,26.2,19,1d+1h+4h,0.337,True,scratch,-0.08349713825351879
2025-09-26 12:30:00-04:00,509.46,511.91,512.03,511.91,514.38,26.2,19,1d+1h+4h,0.336,True,scratch,-0.08292228480069053
2025-09-26 13:30:00-04:00,509.86,510.73,510.85,510.73,513.18,26.2,19,1d+1h+4h,0.119,True,scratch,-0.0828275884745544
2025-09-26 14:30:00-04:00,511.66,512.07,512.19,512.07,514.5,24.4,18,1d+1h+4h,0.057,True,target,0.3915690387752635
2025-09-26 15:30:00-04:00,511.55,511.94,512.05,511.94,514.32,26.2,19,1d+1h+4h,0.054,True,target,0.381590276402366
2025-09-29 09:30:00-04:00,515.74,517.62,517.75,517.62,520.34,15.0,11,1h+4h,0.257,False,nofill,0.0
2025-09-29 10:30:00-04:00,512.97,513.37,513.5,513.37,516.15,22.6,15,1d+1h+4h,0.055,True,scratch,-0.08570159478047401
2025-09-29 11:30:00-04:00,515.26,517.55,517.68,517.55,520.32,15.0,11,1h+4h,0.312,False,nofill,0.0
2025-09-29 12:30:00-04:00,514.96,517.55,517.68,517.55,520.22,16.0,12,1h+4h,0.353,False,nofill,0.0
2025-09-29 13:30:00-04:00,514.88,517.55,517.67,517.55,520.11,16.0,12,1h+4h,0.364,False,nofill,0.0
2025-09-29 14:30:00-04:00,514.74,517.55,517.67,517.55,520.01,16.0,12,1h+4h,0.383,False,nofill,0.0
2025-09-29 15:30:00-04:00,514.68,517.55,517.66,517.55,519.92,16.0,12,1h+4h,0.391,False,nofill,0.0
2025-09-30 09:30:00-04:00,513.05,514.22,514.35,514.22,516.8,18.8,12,1d+1h+4h,0.158,True,target,0.4167800382020692
2025-09-30 10:30:00-04:00,514.65,515.06,515.19,515.06,517.81,16.6,11,1d+1h+4h,0.056,True,scratch,-0.08535104624222134
2025-09-30 11:30:00-04:00,515.86,517.55,517.68,517.55,520.27,16.0,12,1h+4h,0.227,True,scratch,-0.08499088274259714
2025-09-30 12:30:00-04:00,514.96,517.55,517.68,517.55,520.18,16.0,12,1h+4h,0.35,True,scratch,-0.0841941262050172
2025-09-30 13:30:00-04:00,516.95,517.55,517.68,517.55,520.21,16.0,12,1h+4h,0.081,True,scratch,-0.08438829633486966
2025-09-30 14:30:00-04:00,517.02,517.55,517.67,517.55,520.15,16.0,12,1h+4h,0.072,True,scratch,-0.0838723887574444
2025-09-30 15:30:00-04:00,517.95,519.3,519.42,519.3,521.84,14.2,11,1h+4h,0.182,False,nofill,0.0
2025-10-01 09:30:00-04:00,512.62,513.22,513.35,513.22,516.05,22.6,15,1d+1h+4h,0.079,True,target,0.46382792656658456
2025-10-01 10:30:00-04:00,514.51,515.06,515.2,515.06,517.91,16.6,11,1d+1h+4h,0.074,True,target,0.4662406296946031
2025-10-01 11:30:00-04:00,516.11,517.55,517.69,517.55,520.38,16.0,12,1h+4h,0.192,True,scratch,-0.08599933964295037
2025-10-01 12:30:00-04:00,518.72,519.3,519.44,519.3,522.17,14.2,11,1h+4h,0.077,True,scratch,-0.08630648756020598
2025-10-01 13:30:00-04:00,518.8,519.3,519.44,519.3,522.14,14.2,11,1h+4h,0.066,True,scratch,-0.08599981029054904
2025-10-01 14:30:00-04:00,518.74,519.3,519.43,519.3,522.06,14.2,11,1h+4h,0.074,True,scratch,-0.08524789332745586
2025-10-01 15:30:00-04:00,519.6,520.14,520.27,520.14,522.86,10.4,8,1h+4h,0.072,True,scratch,-0.08488724116986202
2025-10-02 09:30:00-04:00,516.93,517.55,517.69,517.55,520.46,16.0,12,1h+4h,0.08,True,scratch,-0.08673981598216196
2025-10-02 10:30:00-04:00,511.54,512.07,512.23,512.07,515.4,28.2,21,1d+1h+4h,0.069,True,target,0.5596027630478062
2025-10-02 11:30:00-04:00,513.86,515.06,515.22,515.06,518.45,16.6,11,1d+1h+4h,0.155,True,target,0.5650686237645086
2025-10-02 12:30:00-04:00,515.76,517.55,517.71,517.55,520.88,16.0,12,1h+4h,0.231,False,nofill,0.0
2025-10-02 13:30:00-04:00,517.38,518.07,518.22,518.07,521.3,16.0,12,1h+4h,0.089,True,scratch,-0.08965181417278645
2025-10-02 14:30:00-04:00,517.04,517.55,517.7,517.55,520.61,16.0,12,1h+4h,0.066,True,scratch,-0.08814661644829247
2025-10-02 15:30:00-04:00,515.61,517.55,517.69,517.55,520.55,16.0,12,1h+4h,0.251,True,scratch,-0.0875235231327931
2025-10-03 09:30:00-04:00,518.32,519.3,519.45,519.3,522.39,14.2,11,1h+4h,0.13,True,scratch,-0.08830779647244213
2025-10-03 10:30:00-04:00,519.63,520.14,520.28,520.14,523.15,11.4,9,1h+4h,0.067,True,scratch,-0.08749426256022819
2025-10-03 11:30:00-04:00,520.14,525.95,526.09,525.95,528.83,8.8,6,1d+1h+4h,0.766,False,nofill,0.0
2025-10-03 12:30:00-04:00,518.05,519.3,519.44,519.3,522.16,14.2,11,1h+4h,0.164,False,nofill,0.0
2025-10-03 13:30:00-04:00,518.37,519.3,519.43,519.3,522.12,14.2,11,1h+4h,0.123,True,target,0.45763953950477276
2025-10-03 14:30:00-04:00,517.72,518.29,518.42,518.29,521.03,16.0,12,1h+4h,0.075,True,target,0.442710494975862
2025-10-03 15:30:00-04:00,517.35,518.07,518.19,518.07,520.69,16.0,12,1h+4h,0.095,True,target,0.4215405755262802
2025-10-06 09:30:00-04:00,522.69,525.95,526.09,525.95,528.9,8.8,6,1d+1h+4h,0.407,False,nofill,0.0
2025-10-06 10:30:00-04:00,523.74,525.95,526.09,525.95,528.85,8.8,6,1d+1h+4h,0.276,True,target,0.4646852521759781
2025-10-06 11:30:00-04:00,523.42,525.95,526.09,525.95,528.8,8.8,6,1d+1h+4h,0.316,True,target,0.4554352603442835
2025-10-06 12:30:00-04:00,524.87,525.95,526.08,525.95,528.75,8.8,6,1d+1h+4h,0.135,True,target,0.4458962961798374
2025-10-07 09:30:00-04:00,526.33,527.49,527.63,527.49,530.6,8.8,6,1d+1h+4h,0.145,False,nofill,0.0
2025-10-07 10:30:00-04:00,524.79,525.95,526.1,525.95,529.09,8.8,6,1d+1h+4h,0.145,False,nofill,0.0
2025-10-07 11:30:00-04:00,523.29,525.95,526.1,525.95,529.06,8.8,6,1d+1h+4h,0.331,False,nofill,0.0
2025-10-07 12:30:00-04:00,522.41,525.95,526.1,525.95,529.03,8.8,6,1d+1h+4h,0.441,False,nofill,0.0
2025-10-07 13:30:00-04:00,522.35,525.95,526.09,525.95,528.91,8.8,6,1d+1h+4h,0.448,True,scratch,-0.08674473272766159
2025-10-07 14:30:00-04:00,523.78,525.95,526.09,525.95,528.85,8.8,6,1d+1h+4h,0.27,True,scratch,-0.08618338092788447
2025-10-07 15:30:00-04:00,523.97,525.95,526.08,525.95,528.72,8.8,6,1d+1h+4h,0.247,True,scratch,-0.08500750050571826
2025-10-08 09:30:00-04:00,525.14,525.95,526.09,525.95,528.81,8.8,6,1d+1h+4h,0.105,True,scratch,-0.08583862979828494
2025-10-08 10:30:00-04:00,525.03,525.95,526.08,525.95,528.74,8.8,6,1d+1h+4h,0.119,False,nofill,0.0
2025-10-08 11:30:00-04:00,524.14,525.95,526.08,525.95,528.64,8.8,6,1d+1h+4h,0.234,False,nofill,0.0
2025-10-08 12:30:00-04:00,524.29,525.95,526.07,525.95,528.54,9.8,7,1d+1h+4h,0.215,False,nofill,0.0
2025-10-08 13:30:00-04:00,524.57,525.95,526.07,525.95,528.48,9.8,7,1d+1h+4h,0.179,False,nofill,0.0
2025-10-08 14:30:00-04:00,524.13,525.95,526.07,525.95,528.4,9.8,7,1d+1h+4h,0.235,False,nofill,0.0
2025-10-08 15:30:00-04:00,524.9,525.95,526.06,525.95,528.33,9.8,7,1d+1h+4h,0.136,False,nofill,0.0
2025-10-09 09:30:00-04:00,522.4,525.95,526.07,525.95,528.54,12.8,8,1d+1h+4h,0.461,False,nofill,0.0
2025-10-09 10:30:00-04:00,519.57,520.14,520.26,520.14,522.76,14.2,11,1h+4h,0.074,False,nofill,0.0
2025-10-09 11:30:00-04:00,519.64,520.14,520.26,520.14,522.69,14.2,11,1h+4h,0.065,True,target,0.4060459605876199
2025-10-09 12:30:00-04:00,518.82,519.3,519.42,519.3,521.82,15.2,12,1h+4h,0.062,True,scratch,-0.08304214875466398
2025-10-09 13:30:00-04:00,520.23,525.95,526.07,525.95,528.39,12.8,8,1d+1h+4h,0.742,False,nofill,0.0
2025-10-09 14:30:00-04:00,520.4,525.95,526.06,525.95,528.32,12.8,8,1d+1h+4h,0.72,False,nofill,0.0
2025-10-09 15:30:00-04:00,522.07,525.95,526.06,525.95,528.28,12.8,8,1d+1h+4h,0.504,False,nofill,0.0
2025-10-10 09:30:00-04:00,522.11,525.95,526.06,525.95,528.35,12.8,8,1d+1h+4h,0.471,False,nofill,0.0
2025-10-10 10:30:00-04:00,516.89,517.73,517.86,517.73,520.37,19.0,15,1h+4h,0.103,False,nofill,0.0
2025-10-10 11:30:00-04:00,515.69,516.67,516.8,516.67,519.32,20.2,15,1d+1h+4h,0.121,False,nofill,0.0
2025-10-10 12:30:00-04:00,514.52,516.67,516.8,516.67,519.37,20.2,15,1d+1h+4h,0.265,False,nofill,0.0
2025-10-10 13:30:00-04:00,515.07,516.67,516.8,516.67,519.36,20.2,15,1d+1h+4h,0.197,False,nofill,0.0
2025-10-10 14:30:00-04:00,513.06,513.94,514.07,513.94,516.67,24.6,17,1d+1h+4h,0.108,True,scratch,-0.0853014785380024
2025-10-10 15:30:00-04:00,511.36,511.91,512.04,511.91,514.74,30.0,22,1d+1h+4h,0.068,True,scratch,-0.08631843313502419
2025-10-13 09:30:00-04:00,515.07,517.55,517.69,517.55,520.56,18.0,14,1h+4h,0.312,False,nofill,0.0
2025-10-13 10:30:00-04:00,512.84,513.37,513.52,513.37,516.45,24.6,17,1d+1h+4h,0.067,True,scratch,-0.08852592907436785
2025-10-13 11:30:00-04:00,513.79,514.22,514.37,514.22,517.24,19.8,13,1d+1h+4h,0.055,True,scratch,-0.08786232322751664
2025-10-13 12:30:00-04:00,513.21,516.41,516.55,516.41,519.33,21.2,16,1d+1h+4h,0.403,False,nofill,0.0
2025-10-13 13:30:00-04:00,514.15,516.41,516.55,516.41,519.31,21.2,16,1d+1h+4h,0.284,False,nofill,0.0
2025-10-13 14:30:00-04:00,514.03,516.41,516.54,516.41,519.23,21.2,16,1d+1h+4h,0.299,False,nofill,0.0
2025-10-13 15:30:00-04:00,513.97,516.41,516.54,516.41,519.14,21.2,16,1d+1h+4h,0.307,False,nofill,0.0
2025-10-14 09:30:00-04:00,510.69,511.2,511.35,511.2,514.33,31.0,23,1d+1h+4h,0.063,True,scratch,-0.08914847764305289
2025-10-14 10:30:00-04:00,510.68,511.2,511.35,511.2,514.27,31.0,23,1d+1h+4h,0.065,True,target,0.5120478698569686
2025-10-14 11:30:00-04:00,512.6,513.07,513.21,513.07,516.11,25.6,18,1d+1h+4h,0.058,True,scratch,-0.08821729714589832
2025-10-14 12:30:00-04:00,514.03,516.41,516.55,516.41,519.39,21.2,16,1d+1h+4h,0.296,False,nofill,0.0
2025-10-14 13:30:00-04:00,514.56,516.41,516.55,516.41,519.26,21.2,16,1d+1h+4h,0.23,True,scratch,-0.08623474640757633
2025-10-14 14:30:00-04:00,513.52,513.94,514.07,513.94,516.72,23.6,16,1d+1h+4h,0.052,True,target,0.45521535538322055
2025-10-14 15:30:00-04:00,513.71,516.41,516.54,516.41,519.23,21.2,16,1d+1h+4h,0.336,True,scratch,-0.08595023322097717
2025-10-15 09:30:00-04:00,515.9,516.41,516.55,516.41,519.29,21.2,16,1d+1h+4h,0.064,True,scratch,-0.08651368701633189
2025-10-15 10:30:00-04:00,515.88,516.41,516.55,516.41,519.25,21.2,16,1d+1h+4h,0.066,False,nofill,0.0
2025-10-15 11:30:00-04:00,514.17,516.41,516.54,516.41,519.24,21.2,16,1d+1h+4h,0.281,False,nofill,0.0
2025-10-15 12:30:00-04:00,511.05,512.07,512.21,512.07,515.04,31.0,23,1d+1h+4h,0.128,True,scratch,-0.08755609299324618
2025-10-15 13:30:00-04:00,513.17,516.41,516.55,516.41,519.36,22.2,17,1d+1h+4h,0.406,False,nofill,0.0
2025-10-15 14:30:00-04:00,514.26,516.41,516.55,516.41,519.26,22.2,17,1d+1h+4h,0.27,True,scratch,-0.08619722257415807
2025-10-15 15:30:00-04:00,513.74,516.41,516.55,516.41,519.29,22.2,17,1d+1h+4h,0.335,True,scratch,-0.08650125013635046
2025-10-16 09:30:00-04:00,514.88,516.41,516.55,516.41,519.38,22.2,17,1d+1h+4h,0.191,True,scratch,-0.08732929063262063
2025-10-16 10:30:00-04:00,514.28,516.41,516.55,516.41,519.37,22.2,17,1d+1h+4h,0.266,False,nofill,0.0
2025-10-16 11:30:00-04:00,512.24,513.07,513.21,513.07,516.02,25.6,18,1d+1h+4h,0.103,True,scratch,-0.08737470190506302
2025-10-16 12:30:00-04:00,511.64,512.07,512.21,512.07,515.06,31.0,23,1d+1h+4h,0.053,False,nofill,0.0
2025-10-16 13:30:00-04:00,508.8,510.73,510.88,510.73,513.81,32.0,24,1d+1h+4h,0.241,True,scratch,-0.08866087542025447
2025-10-16 14:30:00-04:00,509.49,510.68,510.82,510.68,513.73,32.0,24,1d+1h+4h,0.148,True,scratch,-0.08843179917938926
2025-10-16 15:30:00-04:00,511.55,512.07,512.22,512.07,515.14,31.0,23,1d+1h+4h,0.065,True,scratch,-0.08846021400746862
2025-10-17 09:30:00-04:00,511.25,512.07,512.22,512.07,515.32,31.0,23,1d+1h+4h,0.102,True,scratch,-0.09013618254094524
2025-10-17 10:30:00-04:00,509.76,511.2,511.35,511.2,514.4,32.0,24,1d+1h+4h,0.18,True,target,0.5358378160241761
2025-10-17 11:30:00-04:00,513.53,516.41,516.57,516.41,519.77,24.0,18,1d+1h+4h,0.359,False,nofill,0.0
2025-10-17 12:30:00-04:00,511.78,512.48,512.64,512.48,515.82,28.2,21,1d+1h+4h,0.087,True,target,0.5592743513599396
2025-10-17 13:30:00-04:00,514.98,516.41,516.57,516.41,519.81,24.0,18,1d+1h+4h,0.178,True,scratch,-0.0913043692465143
2025-10-17 14:30:00-04:00,515.21,516.41,516.57,516.41,519.67,24.0,18,1d+1h+4h,0.15,True,scratch,-0.09003477832797424
2025-10-17 15:30:00-04:00,513.51,516.41,516.56,516.41,519.58,24.0,18,1d+1h+4h,0.361,True,scratch,-0.08922885996455188
2025-10-20 09:30:00-04:00,516.48,517.55,517.7,517.55,520.76,21.8,17,1h+4h,0.137,True,scratch,-0.08947223136852589
2025-10-20 10:30:00-04:00,517.24,517.73,517.88,517.73,520.91,21.8,17,1h+4h,0.062,True,scratch,-0.08923103883569095
2025-10-20 11:30:00-04:00,516.57,517.55,517.7,517.55,520.62,21.8,17,1h+4h,0.125,True,scratch,-0.08818815767516197
2025-10-20 12:30:00-04:00,517.57,518.07,518.21,518.07,521.05,21.8,17,1h+4h,0.065,False,nofill,0.0
2025-10-20 13:30:00-04:00,517.64,518.07,518.2,518.07,520.89,22.8,18,1h+4h,0.055,True,scratch,-0.08585261802505073
2025-10-20 14:30:00-04:00,516.34,517.55,517.68,517.55,520.31,22.8,18,1h+4h,0.154,True,scratch,-0.08538028478711768
2025-10-20 15:30:00-04:00,516.83,517.55,517.68,517.55,520.2,22.8,18,1h+4h,0.092,True,scratch,-0.08432638573350193
2025-10-21 09:30:00-04:00,514.86,516.41,516.54,516.41,519.16,24.0,18,1d+1h+4h,0.203,True,scratch,-0.08535974800081281
2025-10-21 10:30:00-04:00,516.05,517.73,517.86,517.73,520.55,22.8,18,1h+4h,0.219,False,nofill,0.0
2025-10-21 11:30:00-04:00,515.73,516.41,516.54,516.41,519.08,24.0,18,1d+1h+4h,0.089,True,target,0.43118129444619235
2025-10-21 12:30:00-04:00,514.21,516.41,516.54,516.41,519.1,24.0,18,1d+1h+4h,0.287,True,target,0.43548293162127827
2025-10-21 13:30:00-04:00,516.02,517.63,517.76,517.63,520.34,24.6,19,1h+4h,0.211,True,target,0.4376125902895378
2025-10-21 14:30:00-04:00,517.2,517.62,517.75,517.62,520.26,24.6,19,1h+4h,0.055,True,target,0.4262103161846609
2025-10-21 15:30:00-04:00,517.74,518.29,518.41,518.29,520.85,24.6,19,1h+4h,0.072,True,target,0.40976739998774825
2025-10-22 09:30:00-04:00,523.46,525.95,526.09,525.95,528.81,12.8,8,1d+1h+4h,0.325,False,nofill,0.0
2025-10-22 10:30:00-04:00,522.71,525.95,526.09,525.95,528.91,12.8,8,1d+1h+4h,0.423,False,nofill,0.0
2025-10-22 11:30:00-04:00,523.0,525.95,526.09,525.95,528.85,12.8,8,1d+1h+4h,0.385,False,nofill,0.0
2025-10-22 12:30:00-04:00,520.55,525.95,526.09,525.95,528.9,12.8,8,1d+1h+4h,0.705,False,nofill,0.0
2025-10-22 13:30:00-04:00,519.33,519.72,519.86,519.72,522.67,18.0,14,1h+4h,0.051,True,scratch,-0.0870030369329644
2025-10-22 14:30:00-04:00,520.01,520.49,520.62,520.49,523.32,14.2,11,1h+4h,0.063,True,scratch,-0.08587561649270326
2025-10-22 15:30:00-04:00,520.48,525.95,526.08,525.95,528.68,13.8,9,1d+1h+4h,0.714,False,nofill,0.0
2025-10-23 09:30:00-04:00,521.41,525.95,526.09,525.95,528.83,13.8,9,1d+1h+4h,0.607,False,nofill,0.0
2025-10-23 10:30:00-04:00,523.16,525.95,526.08,525.95,528.77,13.8,9,1d+1h+4h,0.373,False,nofill,0.0
2025-10-23 11:30:00-04:00,522.49,525.95,526.08,525.95,528.76,13.8,9,1d+1h+4h,0.462,False,nofill,0.0
2025-10-23 12:30:00-04:00,522.06,525.95,526.08,525.95,528.67,13.8,9,1d+1h+4h,0.52,False,nofill,0.0
2025-10-23 13:30:00-04:00,523.19,525.95,526.07,525.95,528.57,15.6,10,1d+1h+4h,0.369,False,nofill,0.0
2025-10-23 14:30:00-04:00,522.57,525.95,526.07,525.95,528.48,15.6,10,1d+1h+4h,0.451,False,nofill,0.0
2025-10-23 15:30:00-04:00,520.67,525.95,526.07,525.95,528.51,15.6,10,1d+1h+4h,0.704,False,nofill,0.0
2025-10-24 09:30:00-04:00,523.12,525.95,526.08,525.95,528.65,15.6,10,1d+1h+4h,0.389,False,nofill,0.0
2025-10-24 10:30:00-04:00,523.21,525.95,526.08,525.95,528.6,15.6,10,1d+1h+4h,0.376,False,nofill,0.0
2025-10-24 11:30:00-04:00,523.94,525.95,526.07,525.95,528.54,15.6,10,1d+1h+4h,0.276,False,nofill,0.0
2025-10-24 12:30:00-04:00,523.78,525.95,526.07,525.95,528.48,15.6,10,1d+1h+4h,0.297,False,nofill,0.0
2025-10-24 13:30:00-04:00,524.82,525.95,526.07,525.95,528.41,15.6,10,1d+1h+4h,0.155,True,target,0.38473223494850384
2025-10-24 14:30:00-04:00,524.86,525.95,526.06,525.95,528.28,15.6,10,1d+1h+4h,0.15,True,target,0.3621163325163268
2025-10-24 15:30:00-04:00,523.5,525.95,526.06,525.95,528.29,15.6,10,1d+1h+4h,0.336,True,target,0.3633125687843908
2025-10-27 15:30:00-04:00,531.41,532.7,532.82,532.7,535.27,6.6,5,1h+4h,0.171,True,target,0.399945716981831
2025-10-30 09:30:00-04:00,528.52,532.7,532.93,532.7,537.54,6.6,5,1h+4h,0.444,False,nofill,0.0
2025-10-30 10:30:00-04:00,525.27,525.95,526.19,525.95,530.96,15.6,10,1d+1h+4h,0.072,True,scratch,-0.10530788187279594
2025-10-30 11:30:00-04:00,526.66,527.49,527.73,527.49,532.56,15.6,10,1d+1h+4h,0.088,False,nofill,0.0
2025-10-30 12:30:00-04:00,526.87,527.49,527.72,527.49,532.42,15.6,10,1d+1h+4h,0.065,False,nofill,0.0
2025-10-30 13:30:00-04:00,523.68,525.22,525.46,525.22,530.16,17.6,12,1d+1h+4h,0.163,True,scratch,-0.10473472302710007
2025-10-30 14:30:00-04:00,523.82,525.22,525.45,525.22,529.98,17.6,12,1d+1h+4h,0.149,True,scratch,-0.10312150769226092
2025-10-30 15:30:00-04:00,525.79,526.7,526.92,526.7,531.37,15.6,10,1d+1h+4h,0.096,True,scratch,-0.10221003214130331
2025-10-31 09:30:00-04:00,518.0,518.69,518.95,518.69,524.1,27.6,22,1h+4h,0.071,True,scratch,-0.109576501783204
2025-10-31 10:30:00-04:00,519.4,520.14,520.4,520.14,525.5,19.0,15,1h+4h,0.076,True,scratch,-0.10899238632723351
2025-10-31 11:30:00-04:00,517.69,518.29,518.54,518.29,523.61,27.6,22,1h+4h,0.062,True,scratch,-0.10877225353793651
2025-10-31 12:30:00-04:00,516.5,517.18,517.42,517.18,522.32,31.6,24,1d+1h+4h,0.07,True,scratch,-0.10726104878593379
2025-10-31 13:30:00-04:00,517.12,518.07,518.31,518.07,523.03,27.6,22,1h+4h,0.097,True,scratch,-0.10551027436735971
2025-10-31 14:30:00-04:00,518.71,519.3,519.53,519.3,524.11,24.6,19,1h+4h,0.061,True,target,0.8209255309417074
2025-10-31 15:30:00-04:00,517.82,518.69,518.91,518.69,523.35,27.6,22,1h+4h,0.089,True,scratch,-0.10273205594679702
2025-11-03 09:30:00-05:00,519.46,520.14,520.37,520.14,525.0,19.0,15,1h+4h,0.07,True,scratch,-0.10446453692577462
2025-11-03 10:30:00-05:00,518.67,519.3,519.52,519.3,523.97,27.4,21,1h+4h,0.064,True,scratch,-0.1027288108064961
2025-11-03 11:30:00-05:00,518.64,519.3,519.52,519.3,523.83,27.4,21,1h+4h,0.067,True,scratch,-0.10151035081368276
2025-11-03 12:30:00-05:00,517.45,518.07,518.28,518.07,522.47,27.6,22,1h+4h,0.064,False,nofill,0.0
2025-11-03 13:30:00-05:00,516.22,517.18,517.38,517.18,521.41,31.6,24,1d+1h+4h,0.099,False,nofill,0.0
2025-11-03 14:30:00-05:00,515.44,516.86,517.05,516.86,520.89,31.6,24,1d+1h+4h,0.145,True,scratch,-0.09712056693410576
2025-11-03 15:30:00-05:00,517.07,518.69,518.88,518.69,522.63,27.6,22,1h+4h,0.166,False,nofill,0.0
2025-11-04 09:30:00-05:00,514.63,517.18,517.39,517.18,521.53,31.6,24,1d+1h+4h,0.262,False,nofill,0.0
2025-11-04 10:30:00-05:00,513.32,517.18,517.38,517.18,521.39,31.6,24,1d+1h+4h,0.397,False,nofill,0.0
2025-11-04 11:30:00-05:00,512.47,513.04,513.23,513.04,517.11,36.0,26,1d+1h+4h,0.059,True,scratch,-0.09775695948603946
2025-11-04 12:30:00-05:00,510.24,511.2,511.39,511.2,515.22,38.0,28,1d+1h+4h,0.099,True,scratch,-0.0973767184770602
2025-11-04 13:30:00-05:00,512.34,513.04,513.23,513.04,516.98,36.0,26,1d+1h+4h,0.072,True,scratch,-0.09652871028608123
2025-11-04 14:30:00-05:00,513.76,517.18,517.36,517.18,521.04,31.6,24,1d+1h+4h,0.352,False,nofill,0.0
2025-11-04 15:30:00-05:00,514.77,517.18,517.36,517.18,520.88,31.6,24,1d+1h+4h,0.248,False,nofill,0.0
2025-11-05 09:30:00-05:00,514.25,517.18,517.36,517.18,520.89,31.6,24,1d+1h+4h,0.305,False,nofill,0.0
2025-11-05 10:30:00-05:00,510.1,511.2,511.38,511.2,515.07,38.0,28,1d+1h+4h,0.114,False,nofill,0.0
2025-11-05 11:30:00-05:00,508.73,511.69,511.87,511.69,515.42,38.0,28,1d+1h+4h,0.308,False,nofill,0.0
2025-11-05 12:30:00-05:00,508.84,511.69,511.86,511.69,515.26,38.0,28,1d+1h+4h,0.296,False,nofill,0.0
2025-11-05 13:30:00-05:00,508.43,509.01,509.17,509.01,512.45,40.8,30,1d+1h+4h,0.06,False,nofill,0.0
2025-11-05 14:30:00-05:00,507.8,508.33,508.49,508.33,511.6,41.6,30,1d+1h+4h,0.055,False,nofill,0.0
2025-11-05 15:30:00-05:00,506.99,508.33,508.48,508.33,511.48,41.6,30,1d+1h+4h,0.139,False,nofill,0.0
2025-11-06 09:30:00-05:00,501.26,508.3,508.47,508.3,511.86,41.6,30,1d+1h+4h,0.722,False,nofill,0.0
2025-11-06 10:30:00-05:00,498.2,508.33,508.51,508.33,512.06,41.6,30,1d+1h+4h,1.041,False,nofill,0.0
2025-11-06 11:30:00-05:00,497.67,508.3,508.47,508.3,511.89,41.6,30,1d+1h+4h,1.092,False,nofill,0.0
2025-11-06 12:30:00-05:00,497.6,508.3,508.47,508.3,511.78,41.6,30,1d+1h+4h,1.099,False,nofill,0.0
2025-11-06 13:30:00-05:00,499.71,508.33,508.49,508.33,511.74,41.6,30,1d+1h+4h,0.885,False,nofill,0.0
2025-11-06 14:30:00-05:00,498.82,508.3,508.46,508.3,511.62,41.6,30,1d+1h+4h,0.974,False,nofill,0.0
2025-11-06 15:30:00-05:00,497.36,508.33,508.49,508.33,511.64,41.6,30,1d+1h+4h,1.127,False,nofill,0.0
2025-11-07 09:30:00-05:00,496.03,509.01,509.18,509.01,512.54,40.8,30,1d+1h+4h,1.37,False,nofill,0.0
2025-11-07 10:30:00-05:00,495.19,508.57,508.74,508.57,512.07,40.8,30,1d+1h+4h,1.412,False,nofill,0.0
2025-11-07 11:30:00-05:00,494.86,508.57,508.73,508.57,511.93,40.8,30,1d+1h+4h,1.447,False,nofill,0.0
2025-11-07 12:30:00-05:00,495.58,509.01,509.17,509.01,512.28,40.8,30,1d+1h+4h,1.418,False,nofill,0.0
2025-11-07 13:30:00-05:00,495.77,509.01,509.16,509.01,512.2,40.8,30,1d+1h+4h,1.397,False,nofill,0.0
2025-11-07 14:30:00-05:00,496.7,509.01,509.16,509.01,512.15,40.8,30,1d+1h+4h,1.299,False,nofill,0.0
2025-11-07 15:30:00-05:00,496.92,509.01,509.16,509.01,512.13,40.8,30,1d+1h+4h,1.276,False,nofill,0.0
2025-11-10 09:30:00-05:00,504.5,509.01,509.18,509.01,512.62,40.8,30,1d+1h+4h,0.474,False,nofill,0.0
2025-11-10 10:30:00-05:00,502.08,509.01,509.18,509.01,512.59,40.8,30,1d+1h+4h,0.729,False,nofill,0.0
2025-11-10 11:30:00-05:00,501.34,509.01,509.18,509.01,512.51,40.8,30,1d+1h+4h,0.807,False,nofill,0.0
2025-11-10 12:30:00-05:00,504.47,508.57,508.74,508.57,512.07,41.8,31,1d+1h+4h,0.431,False,nofill,0.0
2025-11-10 13:30:00-05:00,504.8,508.57,508.73,508.57,511.97,41.8,31,1d+1h+4h,0.396,False,nofill,0.0
2025-11-10 14:30:00-05:00,505.81,508.57,508.73,508.57,511.88,41.8,31,1d+1h+4h,0.29,False,nofill,0.0
2025-11-10 15:30:00-05:00,506.0,508.57,508.72,508.57,511.77,41.8,31,1d+1h+4h,0.27,False,nofill,0.0
2025-11-11 09:30:00-05:00,504.73,508.57,508.72,508.57,511.81,41.8,31,1d+1h+4h,0.411,False,nofill,0.0
2025-11-11 10:30:00-05:00,503.45,509.01,509.16,509.01,512.2,41.8,31,1d+1h+4h,0.595,True,scratch,-0.08981735302012739
2025-11-11 11:30:00-05:00,504.7,509.01,509.16,509.01,512.16,41.8,31,1d+1h+4h,0.461,True,scratch,-0.08943189007927232
2025-11-11 12:30:00-05:00,506.63,509.01,509.16,509.01,512.12,41.8,31,1d+1h+4h,0.255,True,scratch,-0.0890459250112885
2025-11-11 13:30:00-05:00,509.16,511.2,511.35,511.2,514.28,38.0,28,1d+1h+4h,0.218,False,nofill,0.0
2025-11-11 14:30:00-05:00,508.92,511.69,511.83,511.69,514.62,38.0,28,1d+1h+4h,0.296,False,nofill,0.0
2025-11-11 15:30:00-05:00,508.82,511.2,511.34,511.2,514.04,38.0,28,1d+1h+4h,0.255,False,nofill,0.0
2025-11-12 09:30:00-05:00,505.7,508.57,508.71,508.57,511.54,41.8,31,1d+1h+4h,0.301,False,nofill,0.0
2025-11-12 10:30:00-05:00,501.7,508.57,508.72,508.57,511.78,41.8,31,1d+1h+4h,0.718,True,scratch,-0.09002972410822041
2025-11-12 11:30:00-05:00,501.91,508.57,508.72,508.57,511.81,41.8,31,1d+1h+4h,0.696,True,scratch,-0.0902758274363924
2025-11-12 12:30:00-05:00,508.23,509.01,509.18,509.01,512.52,41.8,31,1d+1h+4h,0.082,True,scratch,-0.09281863984548222
2025-11-12 13:30:00-05:00,509.51,511.69,511.85,511.69,515.12,39.0,29,1d+1h+4h,0.228,True,scratch,-0.09186182146785349
2025-11-12 14:30:00-05:00,510.8,511.69,511.85,511.69,515.03,39.0,29,1d+1h+4h,0.093,True,scratch,-0.09100053108335171
2025-11-12 15:30:00-05:00,511.36,511.91,512.06,511.91,515.12,38.0,28,1d+1h+4h,0.057,True,scratch,-0.08978360364461091
2025-11-13 09:30:00-05:00,511.65,513.04,513.21,513.04,516.62,37.0,27,1d+1h+4h,0.142,False,nofill,0.0
2025-11-13 10:30:00-05:00,509.92,511.69,511.86,511.69,515.29,39.0,29,1d+1h+4h,0.182,False,nofill,0.0
2025-11-13 11:30:00-05:00,509.7,511.69,511.86,511.69,515.22,39.0,29,1d+1h+4h,0.204,False,nofill,0.0
2025-11-13 12:30:00-05:00,506.93,508.3,508.47,508.3,511.82,42.6,31,1d+1h+4h,0.141,False,nofill,0.0
2025-11-13 13:30:00-05:00,504.64,508.33,508.5,508.33,511.9,42.6,31,1d+1h+4h,0.379,False,nofill,0.0
2025-11-13 14:30:00-05:00,502.78,508.3,508.47,508.3,511.89,42.6,31,1d+1h+4h,0.566,True,scratch,-0.09354111831069156
2025-11-13 15:30:00-05:00,503.37,508.3,508.47,508.3,511.8,42.6,31,1d+1h+4h,0.506,True,scratch,-0.09276870937956483
2025-11-14 09:30:00-05:00,505.42,509.01,509.2,509.01,512.92,42.8,32,1d+1h+4h,0.357,True,scratch,-0.09654116293305037
2025-11-14 10:30:00-05:00,509.5,510.73,510.92,510.73,514.71,40.0,30,1d+1h+4h,0.122,True,scratch,-0.0970288655627094
2025-11-14 11:30:00-05:00,509.64,510.73,510.92,510.73,514.67,40.0,30,1d+1h+4h,0.108,True,scratch,-0.09668118522294655
2025-11-14 12:30:00-05:00,508.01,509.01,509.19,509.01,512.86,42.8,32,1d+1h+4h,0.099,True,scratch,-0.09592057115164199
2025-11-14 13:30:00-05:00,510.44,512.55,512.73,512.55,516.36,41.6,30,1d+1h+4h,0.21,False,nofill,0.0
2025-11-14 14:30:00-05:00,510.06,512.55,512.73,512.55,516.24,41.6,30,1d+1h+4h,0.248,False,nofill,0.0
2025-11-14 15:30:00-05:00,510.39,512.55,512.72,512.55,516.1,41.6,30,1d+1h+4h,0.215,False,nofill,0.0
2025-11-17 09:30:00-05:00,507.48,508.33,508.51,508.33,512.08,42.6,31,1d+1h+4h,0.086,True,scratch,-0.09505278786584581
2025-11-17 10:30:00-05:00,507.33,508.3,508.48,508.3,511.99,42.6,31,1d+1h+4h,0.099,True,scratch,-0.09449426043336429
2025-11-17 11:30:00-05:00,510.32,511.2,511.38,511.2,514.89,40.8,30,1d+1h+4h,0.09,False,nofill,0.0
2025-11-17 12:30:00-05:00,507.99,508.57,508.74,508.57,512.24,41.8,31,1d+1h+4h,0.059,True,scratch,-0.09432668168127822
2025-11-17 13:30:00-05:00,506.89,508.3,508.47,508.3,511.94,42.6,31,1d+1h+4h,0.143,False,nofill,0.0
2025-11-17 14:30:00-05:00,506.33,508.3,508.47,508.3,511.86,42.6,31,1d+1h+4h,0.2,False,nofill,0.0
2025-11-17 15:30:00-05:00,507.48,508.33,508.49,508.33,511.76,42.6,31,1d+1h+4h,0.086,False,nofill,0.0
2025-11-18 09:30:00-05:00,493.54,508.57,508.78,508.57,512.88,49.4,35,1d+1h+4h,1.416,False,nofill,0.0
2025-11-18 10:30:00-05:00,492.23,508.57,508.79,508.57,513.11,49.4,35,1d+1h+4h,1.54,False,nofill,0.0
2025-11-18 11:30:00-05:00,488.85,508.57,508.79,508.57,513.23,49.4,35,1d+1h+4h,1.858,False,nofill,0.0
2025-11-18 12:30:00-05:00,492.13,508.57,508.8,508.57,513.3,49.4,35,1d+1h+4h,1.549,False,nofill,0.0
2025-11-18 13:30:00-05:00,493.08,508.57,508.79,508.57,513.1,49.4,35,1d+1h+4h,1.46,False,nofill,0.0
2025-11-18 14:30:00-05:00,495.26,508.57,508.78,508.57,512.96,49.4,35,1d+1h+4h,1.254,False,nofill,0.0
2025-11-18 15:30:00-05:00,493.8,508.57,508.77,508.57,512.82,49.4,35,1d+1h+4h,1.392,False,nofill,0.0
2025-11-19 09:30:00-05:00,494.7,508.57,508.78,508.57,512.98,49.4,35,1d+1h+4h,1.293,False,nofill,0.0
2025-11-19 10:30:00-05:00,489.2,508.57,508.79,508.57,513.19,49.4,35,1d+1h+4h,1.806,False,nofill,0.0
2025-11-19 11:30:00-05:00,487.37,508.57,508.79,508.57,513.12,49.4,35,1d+1h+4h,1.976,False,nofill,0.0
2025-11-19 12:30:00-05:00,486.2,507.0,507.21,507.0,511.47,48.6,33,1d+1h+4h,1.939,False,nofill,0.0
2025-11-19 13:30:00-05:00,484.34,504.49,504.7,504.49,508.87,43.4,29,1d+1h+4h,1.878,False,nofill,0.0
2025-11-19 14:30:00-05:00,487.53,508.57,508.78,508.57,513.01,49.4,35,1d+1h+4h,1.961,False,nofill,0.0
2025-11-19 15:30:00-05:00,486.98,507.0,507.21,507.0,511.34,48.6,33,1d+1h+4h,1.866,False,nofill,0.0
2025-11-20 09:30:00-05:00,492.81,508.3,508.52,508.3,512.82,50.4,36,1d+1h+4h,1.377,False,nofill,0.0
2025-11-20 10:30:00-05:00,486.67,508.33,508.56,508.33,513.07,50.4,36,1d+1h+4h,1.926,False,nofill,0.0
2025-11-20 11:30:00-05:00,481.77,503.23,503.46,503.23,508.14,46.2,31,1d+1h+4h,1.908,False,nofill,0.0
2025-11-20 12:30:00-05:00,482.0,503.23,503.46,503.23,508.1,46.2,31,1d+1h+4h,1.888,False,nofill,0.0
2025-11-20 13:30:00-05:00,479.94,502.41,502.64,502.41,507.24,41.4,27,1d+1h+4h,1.998,False,nofill,0.0
2025-11-20 14:30:00-05:00,478.98,499.29,499.51,499.29,503.94,38.2,25,1d+1h+4h,1.806,False,nofill,0.0
2025-11-20 15:30:00-05:00,478.29,499.29,499.51,499.29,503.86,38.2,25,1d+1h+4h,1.867,False,nofill,0.0
2025-11-21 09:30:00-05:00,473.32,494.56,494.79,494.56,499.52,23.4,15,1d+1h+4h,1.897,False,nofill,0.0
2025-11-21 10:30:00-05:00,471.04,493.25,493.49,493.25,498.29,19.6,12,1d+1h+4h,1.983,False,nofill,0.0
2025-11-21 11:30:00-05:00,474.26,495.81,496.05,495.81,500.93,30.0,20,1d+1h+4h,1.924,False,nofill,0.0
2025-11-21 12:30:00-05:00,472.82,494.56,494.8,494.56,499.64,23.4,15,1d+1h+4h,1.941,False,nofill,0.0
2025-11-21 13:30:00-05:00,476.57,498.51,498.75,498.51,503.55,36.4,24,1d+1h+4h,1.959,False,nofill,0.0
2025-11-21 14:30:00-05:00,473.39,495.74,495.98,495.74,500.68,30.0,20,1d+1h+4h,1.996,False,nofill,0.0
2025-11-21 15:30:00-05:00,472.22,494.56,494.79,494.56,499.4,23.4,15,1d+1h+4h,1.995,False,nofill,0.0
2025-11-24 09:30:00-05:00,472.42,494.44,494.69,494.44,499.56,23.4,15,1d+1h+4h,1.997,False,nofill,0.0
2025-11-24 10:30:00-05:00,475.33,497.0,497.24,497.0,502.03,29.0,19,1d+1h+4h,1.965,False,nofill,0.0
2025-11-24 11:30:00-05:00,475.81,495.81,496.04,495.81,500.65,29.0,19,1d+1h+4h,1.814,False,nofill,0.0
2025-11-24 12:30:00-05:00,475.32,497.0,497.22,497.0,501.6,29.0,19,1d+1h+4h,1.966,False,nofill,0.0
2025-11-24 13:30:00-05:00,474.12,495.86,496.07,495.86,500.25,29.0,19,1d+1h+4h,1.971,False,nofill,0.0
2025-11-24 14:30:00-05:00,474.3,495.86,496.06,495.86,500.03,29.0,19,1d+1h+4h,1.955,False,nofill,0.0
2025-11-24 15:30:00-05:00,473.99,495.86,496.05,495.86,499.95,29.0,19,1d+1h+4h,1.983,False,nofill,0.0
2025-11-25 09:30:00-05:00,468.38,489.72,489.94,489.72,494.24,12.6,7,1d+1h+4h,1.896,False,nofill,0.0
2025-11-25 10:30:00-05:00,472.15,494.56,494.77,494.56,499.06,23.4,15,1d+1h+4h,1.991,False,nofill,0.0
2025-11-25 11:30:00-05:00,475.99,498.17,498.39,498.17,502.72,35.4,23,1d+1h+4h,1.971,False,nofill,0.0
2025-11-25 12:30:00-05:00,476.74,499.12,499.33,499.12,503.48,38.2,25,1d+1h+4h,1.988,False,nofill,0.0
2025-11-25 13:30:00-05:00,476.38,498.51,498.71,498.51,502.67,36.4,24,1d+1h+4h,1.967,False,nofill,0.0
2025-11-25 14:30:00-05:00,477.09,499.29,499.48,499.29,503.3,38.2,25,1d+1h+4h,1.973,False,nofill,0.0
2025-11-25 15:30:00-05:00,476.93,499.29,499.48,499.29,503.18,38.2,25,1d+1h+4h,1.987,False,nofill,0.0
2025-11-26 09:30:00-05:00,483.24,504.59,504.8,504.59,509.03,46.2,31,1d+1h+4h,1.897,False,nofill,0.0
2025-11-26 10:30:00-05:00,486.79,508.33,508.54,508.33,512.74,50.4,36,1d+1h+4h,1.915,False,nofill,0.0
2025-11-26 11:30:00-05:00,486.79,508.33,508.53,508.33,512.57,50.4,36,1d+1h+4h,1.914,False,nofill,0.0
2025-11-26 12:30:00-05:00,486.83,509.31,509.51,509.31,513.41,50.4,36,1d+1h+4h,1.998,False,nofill,0.0
2025-11-26 13:30:00-05:00,486.82,509.31,509.5,509.31,513.22,50.4,36,1d+1h+4h,1.999,False,nofill,0.0
2025-11-26 14:30:00-05:00,487.25,508.3,508.48,508.3,512.09,50.4,36,1d+1h+4h,1.871,False,nofill,0.0
2025-11-26 15:30:00-05:00,485.49,506.92,507.1,506.92,510.63,48.6,33,1d+1h+4h,1.904,False,nofill,0.0
2025-11-28 09:30:00-05:00,490.58,508.3,508.49,508.3,512.22,50.4,36,1d+1h+4h,1.618,False,nofill,0.0
2025-11-28 10:30:00-05:00,491.3,508.3,508.48,508.3,512.1,50.4,36,1d+1h+4h,1.552,False,nofill,0.0
2025-11-28 11:30:00-05:00,491.14,508.3,508.47,508.3,511.94,50.4,36,1d+1h+4h,1.566,False,nofill,0.0
2025-12-01 09:30:00-05:00,486.8,507.0,507.18,507.0,510.87,48.6,33,1d+1h+4h,1.889,False,nofill,0.0
2025-12-01 10:30:00-05:00,488.3,508.57,508.75,508.57,512.41,49.4,35,1d+1h+4h,1.895,False,nofill,0.0
2025-12-01 11:30:00-05:00,488.91,508.57,508.75,508.57,512.3,49.4,35,1d+1h+4h,1.838,False,nofill,0.0
2025-12-01 12:30:00-05:00,488.66,508.57,508.74,508.57,512.1,49.4,35,1d+1h+4h,1.861,False,nofill,0.0
2025-12-01 13:30:00-05:00,487.86,508.57,508.73,508.57,511.95,49.4,35,1d+1h+4h,1.936,False,nofill,0.0
2025-12-01 14:30:00-05:00,487.81,508.57,508.72,508.57,511.8,49.4,35,1d+1h+4h,1.941,False,nofill,0.0
2025-12-01 15:30:00-05:00,486.83,507.0,507.15,507.0,510.18,48.6,33,1d+1h+4h,1.886,False,nofill,0.0
2025-12-02 09:30:00-05:00,490.52,508.33,508.49,508.33,511.67,48.4,34,1d+1h+4h,1.705,False,nofill,0.0
2025-12-02 10:30:00-05:00,489.6,508.33,508.49,508.33,511.64,48.4,34,1d+1h+4h,1.794,False,nofill,0.0
2025-12-02 11:30:00-05:00,493.21,508.33,508.49,508.33,511.74,48.4,34,1d+1h+4h,1.448,False,nofill,0.0
2025-12-02 12:30:00-05:00,490.09,508.3,508.46,508.3,511.75,48.4,34,1d+1h+4h,1.744,False,nofill,0.0
2025-12-02 13:30:00-05:00,489.85,508.3,508.46,508.3,511.62,48.4,34,1d+1h+4h,1.767,False,nofill,0.0
2025-12-02 14:30:00-05:00,490.23,508.3,508.45,508.3,511.45,48.4,34,1d+1h+4h,1.731,False,nofill,0.0
2025-12-02 15:30:00-05:00,490.06,508.3,508.45,508.3,511.4,48.4,34,1d+1h+4h,1.747,False,nofill,0.0
2025-12-03 09:30:00-05:00,478.32,499.29,499.48,499.29,503.28,38.2,25,1d+1h+4h,1.952,False,nofill,0.0
2025-12-03 10:30:00-05:00,480.13,499.29,499.49,499.29,503.45,38.2,25,1d+1h+4h,1.783,False,nofill,0.0
2025-12-03 11:30:00-05:00,482.42,502.72,502.91,502.72,506.81,41.4,27,1d+1h+4h,1.889,False,nofill,0.0
2025-12-03 12:30:00-05:00,481.7,502.72,502.91,502.72,506.69,41.4,27,1d+1h+4h,1.956,False,nofill,0.0
2025-12-03 13:30:00-05:00,481.73,502.72,502.9,502.72,506.54,41.4,27,1d+1h+4h,1.953,False,nofill,0.0
2025-12-03 14:30:00-05:00,482.33,502.72,502.89,502.72,506.38,41.4,27,1d+1h+4h,1.898,False,nofill,0.0
2025-12-03 15:30:00-05:00,477.74,498.51,498.69,498.51,502.28,32.4,22,1d+1h+4h,1.933,False,nofill,0.0
2025-12-04 09:30:00-05:00,478.04,498.17,498.35,498.17,502.02,29.6,20,1d+1h+4h,1.95,False,nofill,0.0
2025-12-04 10:30:00-05:00,478.18,498.17,498.35,498.17,501.93,29.6,20,1d+1h+4h,1.937,False,nofill,0.0
2025-12-04 11:30:00-05:00,478.28,498.17,498.34,498.17,501.77,29.6,20,1d+1h+4h,1.927,False,nofill,0.0
2025-12-04 12:30:00-05:00,478.98,499.29,499.46,499.29,502.84,32.4,22,1d+1h+4h,1.968,False,nofill,0.0
2025-12-04 13:30:00-05:00,477.21,495.81,495.98,495.81,499.29,29.0,19,1d+1h+4h,1.802,False,nofill,0.0
2025-12-04 14:30:00-05:00,479.51,500.12,500.28,500.12,503.57,33.8,23,1d+1h+4h,1.997,False,nofill,0.0
2025-12-04 15:30:00-05:00,480.82,501.03,501.19,501.03,504.36,34.6,23,1d+1h+4h,1.958,False,nofill,0.0
2025-12-05 09:30:00-05:00,483.12,502.72,502.88,502.72,506.03,38.6,25,1d+1h+4h,1.978,False,nofill,0.0
2025-12-05 10:30:00-05:00,479.28,498.51,498.67,498.51,501.91,28.4,20,1d+1h+4h,1.942,False,nofill,0.0
2025-12-05 11:30:00-05:00,480.33,500.12,500.28,500.12,503.41,33.8,23,1d+1h+4h,1.998,False,nofill,0.0
2025-12-05 12:30:00-05:00,481.36,500.92,501.07,500.92,504.09,34.6,23,1d+1h+4h,1.975,False,nofill,0.0
2025-12-05 13:30:00-05:00,481.83,500.92,501.06,500.92,503.93,34.6,23,1d+1h+4h,1.927,False,nofill,0.0
2025-12-05 14:30:00-05:00,481.94,500.92,501.05,500.92,503.78,34.6,23,1d+1h+4h,1.916,False,nofill,0.0
2025-12-05 15:30:00-05:00,483.03,502.72,502.85,502.72,505.51,38.6,25,1d+1h+4h,1.988,False,nofill,0.0
2025-12-08 09:30:00-05:00,489.08,508.33,508.48,508.33,511.49,45.6,32,1d+1h+4h,1.956,False,nofill,0.0
2025-12-08 10:30:00-05:00,491.49,508.3,508.45,508.3,511.53,45.6,32,1d+1h+4h,1.707,False,nofill,0.0
2025-12-08 11:30:00-05:00,490.64,508.3,508.45,508.3,511.38,45.6,32,1d+1h+4h,1.794,False,nofill,0.0
2025-12-08 12:30:00-05:00,490.89,508.3,508.44,508.3,511.31,45.6,32,1d+1h+4h,1.768,False,nofill,0.0
2025-12-08 13:30:00-05:00,490.39,508.3,508.44,508.3,511.22,45.6,32,1d+1h+4h,1.819,False,nofill,0.0
2025-12-08 14:30:00-05:00,489.9,508.33,508.46,508.33,511.12,45.6,32,1d+1h+4h,1.872,False,nofill,0.0
2025-12-08 15:30:00-05:00,491.12,508.3,508.43,508.3,511.06,45.6,32,1d+1h+4h,1.745,False,nofill,0.0
2025-12-09 09:30:00-05:00,490.47,509.01,509.14,509.01,511.83,44.8,32,1d+1h+4h,1.973,False,nofill,0.0
2025-12-09 10:30:00-05:00,490.72,509.01,509.14,509.01,511.72,44.8,32,1d+1h+4h,1.946,False,nofill,0.0
2025-12-09 11:30:00-05:00,489.95,508.57,508.7,508.57,511.25,44.8,32,1d+1h+4h,1.981,False,nofill,0.0
2025-12-09 12:30:00-05:00,490.38,509.01,509.13,509.01,511.57,44.8,32,1d+1h+4h,1.982,False,nofill,0.0
2025-12-09 13:30:00-05:00,490.89,509.01,509.13,509.01,511.46,44.8,32,1d+1h+4h,1.928,False,nofill,0.0
2025-12-09 14:30:00-05:00,490.96,509.01,509.12,509.01,511.39,44.8,32,1d+1h+4h,1.921,False,nofill,0.0
2025-12-09 15:30:00-05:00,492.06,508.57,508.68,508.57,510.88,44.8,32,1d+1h+4h,1.757,False,nofill,0.0
2025-12-10 09:30:00-05:00,480.39,500.12,500.27,500.12,503.27,33.8,23,1d+1h+4h,1.987,False,nofill,0.0
2025-12-10 10:30:00-05:00,480.36,500.12,500.27,500.12,503.24,33.8,23,1d+1h+4h,1.989,False,nofill,0.0
2025-12-10 11:30:00-05:00,481.6,500.92,501.06,500.92,503.94,34.6,23,1d+1h+4h,1.945,False,nofill,0.0
2025-12-10 12:30:00-05:00,477.29,494.56,494.71,494.56,497.77,29.0,19,1d+1h+4h,1.739,False,nofill,0.0
2025-12-10 13:30:00-05:00,476.47,494.56,494.71,494.56,497.78,29.0,19,1d+1h+4h,1.821,False,nofill,0.0
2025-12-10 14:30:00-05:00,478.06,494.44,494.6,494.44,497.78,29.0,19,1d+1h+4h,1.65,False,nofill,0.0
2025-12-10 15:30:00-05:00,478.52,496.81,496.97,496.81,500.12,29.0,19,1d+1h+4h,1.842,False,nofill,0.0
2025-12-11 09:30:00-05:00,480.35,500.12,500.29,500.12,503.66,33.8,23,1d+1h+4h,1.988,False,nofill,0.0
2025-12-11 10:30:00-05:00,478.95,496.81,496.97,496.81,500.27,29.0,19,1d+1h+4h,1.796,False,nofill,0.0
2025-12-11 11:30:00-05:00,480.67,500.12,500.28,500.12,503.53,33.8,23,1d+1h+4h,1.957,False,nofill,0.0
2025-12-11 12:30:00-05:00,482.01,500.92,501.09,500.92,504.43,34.6,23,1d+1h+4h,1.902,False,nofill,0.0
2025-12-11 13:30:00-05:00,485.45,503.17,503.34,503.17,506.76,39.6,26,1d+1h+4h,1.782,False,nofill,0.0
2025-12-11 14:30:00-05:00,484.38,503.17,503.33,503.17,506.62,39.6,26,1d+1h+4h,1.89,False,nofill,0.0
2025-12-11 15:30:00-05:00,483.69,503.17,503.33,503.17,506.53,39.6,26,1d+1h+4h,1.959,False,nofill,0.0
2025-12-12 09:30:00-05:00,478.44,494.44,494.61,494.44,497.96,29.0,19,1d+1h+4h,1.643,False,nofill,0.0
2025-12-12 10:30:00-05:00,477.77,494.56,494.73,494.56,498.14,29.0,19,1d+1h+4h,1.724,False,nofill,0.0
2025-12-12 11:30:00-05:00,477.76,494.56,494.72,494.56,498.02,29.0,19,1d+1h+4h,1.724,False,nofill,0.0
2025-12-12 12:30:00-05:00,478.83,494.44,494.6,494.44,497.83,29.0,19,1d+1h+4h,1.603,False,nofill,0.0
2025-12-12 13:30:00-05:00,478.95,494.44,494.6,494.44,497.68,29.0,19,1d+1h+4h,1.591,False,nofill,0.0
2025-12-12 14:30:00-05:00,478.26,494.56,494.7,494.56,497.68,29.0,19,1d+1h+4h,1.674,False,nofill,0.0
2025-12-12 15:30:00-05:00,478.47,494.44,494.59,494.44,497.46,29.0,19,1d+1h+4h,1.64,False,nofill,0.0
2025-12-15 09:30:00-05:00,473.0,490.39,490.55,490.39,493.76,23.4,13,1d+1h+4h,1.807,False,nofill,0.0
2025-12-15 10:30:00-05:00,475.26,494.44,494.6,494.44,497.78,29.0,19,1d+1h+4h,1.993,False,nofill,0.0
2025-12-15 11:30:00-05:00,474.4,493.57,493.72,493.57,496.82,25.2,16,1d+1h+4h,1.992,False,nofill,0.0
2025-12-15 12:30:00-05:00,473.62,490.39,490.54,490.39,493.56,23.4,13,1d+1h+4h,1.742,False,nofill,0.0
2025-12-15 13:30:00-05:00,474.1,490.39,490.53,490.39,493.46,23.4,13,1d+1h+4h,1.692,False,nofill,0.0
2025-12-15 14:30:00-05:00,474.62,493.57,493.71,493.57,496.5,25.2,16,1d+1h+4h,1.969,False,nofill,0.0
2025-12-15 15:30:00-05:00,474.82,493.57,493.71,493.57,496.45,25.2,16,1d+1h+4h,1.948,False,nofill,0.0
2025-12-16 09:30:00-05:00,474.01,490.39,490.53,490.39,493.38,23.4,13,1d+1h+4h,1.736,False,nofill,0.0
2025-12-16 10:30:00-05:00,473.56,490.39,490.53,490.39,493.4,23.4,13,1d+1h+4h,1.784,False,nofill,0.0
2025-12-16 11:30:00-05:00,474.32,490.39,490.53,490.39,493.36,23.4,13,1d+1h+4h,1.703,False,nofill,0.0
2025-12-16 12:30:00-05:00,473.06,490.39,490.53,490.39,493.34,23.4,13,1d+1h+4h,1.837,False,nofill,0.0
2025-12-16 13:30:00-05:00,475.23,493.57,493.71,493.57,496.54,25.2,16,1d+1h+4h,1.944,False,nofill,0.0
2025-12-16 14:30:00-05:00,476.55,494.56,494.69,494.56,497.48,29.0,19,1d+1h+4h,1.908,False,nofill,0.0
2025-12-16 15:30:00-05:00,476.24,494.56,494.69,494.56,497.41,29.0,19,1d+1h+4h,1.941,False,nofill,0.0
2025-12-17 09:30:00-05:00,477.74,494.56,494.69,494.56,497.44,29.0,19,1d+1h+4h,1.845,False,nofill,0.0
2025-12-17 10:30:00-05:00,477.1,494.56,494.69,494.56,497.43,29.0,19,1d+1h+4h,1.915,False,nofill,0.0
2025-12-17 11:30:00-05:00,477.26,494.56,494.69,494.56,497.42,29.0,19,1d+1h+4h,1.898,False,nofill,0.0
2025-12-17 12:30:00-05:00,478.55,494.56,494.69,494.56,497.38,29.0,19,1d+1h+4h,1.756,False,nofill,0.0
2025-12-17 13:30:00-05:00,478.84,494.56,494.69,494.56,497.3,29.0,19,1d+1h+4h,1.725,False,nofill,0.0
2025-12-17 14:30:00-05:00,478.19,494.56,494.68,494.56,497.24,29.0,19,1d+1h+4h,1.795,False,nofill,0.0
2025-12-17 15:30:00-05:00,476.08,494.11,494.24,494.11,496.82,25.2,16,1d+1h+4h,1.978,False,nofill,0.0
2025-12-18 09:30:00-05:00,484.74,502.72,502.87,502.72,505.93,38.6,25,1d+1h+4h,1.908,False,nofill,0.0
2025-12-18 10:30:00-05:00,487.65,502.72,502.88,502.72,505.99,38.6,25,1d+1h+4h,1.6,False,nofill,0.0
2025-12-18 11:30:00-05:00,484.93,502.72,502.88,502.72,506.16,38.6,25,1d+1h+4h,1.888,False,nofill,0.0
2025-12-18 12:30:00-05:00,486.48,502.72,502.88,502.72,506.09,38.6,25,1d+1h+4h,1.724,False,nofill,0.0
2025-12-18 13:30:00-05:00,485.55,502.72,502.88,502.72,506.04,38.6,25,1d+1h+4h,1.822,False,nofill,0.0
2025-12-18 14:30:00-05:00,484.6,502.72,502.87,502.72,505.97,38.6,25,1d+1h+4h,1.923,False,nofill,0.0
2025-12-18 15:30:00-05:00,483.88,502.72,502.87,502.72,505.9,38.6,25,1d+1h+4h,2.0,False,nofill,0.0
2025-12-19 09:30:00-05:00,485.53,502.35,502.51,502.35,505.67,36.8,24,1d+1h+4h,1.842,False,nofill,0.0
2025-12-19 10:30:00-05:00,485.17,502.35,502.51,502.35,505.63,36.8,24,1d+1h+4h,1.882,False,nofill,0.0
2025-12-19 11:30:00-05:00,485.88,502.35,502.5,502.35,505.54,36.8,24,1d+1h+4h,1.805,False,nofill,0.0
2025-12-19 12:30:00-05:00,485.25,502.35,502.49,502.35,505.4,36.8,24,1d+1h+4h,1.873,False,nofill,0.0
2025-12-19 13:30:00-05:00,484.25,502.35,502.49,502.35,505.28,36.8,24,1d+1h+4h,1.983,False,nofill,0.0
2025-12-19 14:30:00-05:00,482.93,501.03,501.17,501.03,503.9,33.6,22,1d+1h+4h,1.983,False,nofill,0.0
2025-12-19 15:30:00-05:00,486.06,502.35,502.49,502.35,505.36,36.8,24,1d+1h+4h,1.784,False,nofill,0.0
2025-12-22 09:30:00-05:00,484.6,502.32,502.47,502.32,505.57,35.8,23,1d+1h+4h,1.989,False,nofill,0.0
2025-12-22 10:30:00-05:00,485.65,502.32,502.47,502.32,505.49,35.8,23,1d+1h+4h,1.872,False,nofill,0.0
2025-12-22 11:30:00-05:00,485.85,502.32,502.47,502.32,505.39,35.8,23,1d+1h+4h,1.849,False,nofill,0.0
2025-12-22 12:30:00-05:00,485.75,502.32,502.46,502.32,505.22,35.8,23,1d+1h+4h,1.861,False,nofill,0.0
2025-12-22 13:30:00-05:00,485.88,502.32,502.45,502.32,505.08,35.8,23,1d+1h+4h,1.846,False,nofill,0.0
2025-12-22 14:30:00-05:00,484.97,502.32,502.45,502.32,504.98,35.8,23,1d+1h+4h,1.948,False,nofill,0.0
2025-12-22 15:30:00-05:00,484.85,502.32,502.44,502.32,504.87,35.8,23,1d+1h+4h,1.962,False,nofill,0.0
2025-12-23 09:30:00-05:00,485.9,502.72,502.84,502.72,505.31,34.0,22,1d+1h+4h,1.982,False,nofill,0.0
2025-12-23 10:30:00-05:00,486.81,502.72,502.84,502.72,505.23,34.0,22,1d+1h+4h,1.874,False,nofill,0.0
2025-12-23 11:30:00-05:00,486.67,502.72,502.83,502.72,505.13,34.0,22,1d+1h+4h,1.891,False,nofill,0.0
2025-12-23 12:30:00-05:00,486.48,502.72,502.83,502.72,505.01,34.0,22,1d+1h+4h,1.913,False,nofill,0.0
2025-12-23 13:30:00-05:00,487.09,502.72,502.83,502.72,504.93,34.0,22,1d+1h+4h,1.841,False,nofill,0.0
2025-12-23 14:30:00-05:00,487.28,502.72,502.82,502.72,504.81,34.0,22,1d+1h+4h,1.819,False,nofill,0.0
2025-12-23 15:30:00-05:00,486.5,502.72,502.82,502.72,504.74,34.0,22,1d+1h+4h,1.911,False,nofill,0.0
2025-12-24 09:30:00-05:00,487.8,502.72,502.82,502.72,504.83,34.0,22,1d+1h+4h,1.822,False,nofill,0.0
2025-12-24 10:30:00-05:00,488.44,502.72,502.82,502.72,504.77,34.0,22,1d+1h+4h,1.744,False,nofill,0.0
2025-12-24 11:30:00-05:00,488.61,502.72,502.81,502.72,504.69,34.0,22,1d+1h+4h,1.723,False,nofill,0.0
2025-12-26 09:30:00-05:00,486.62,501.03,501.13,501.03,503.06,31.8,21,1d+1h+4h,1.857,False,nofill,0.0
2025-12-26 10:30:00-05:00,487.34,501.03,501.12,501.03,502.99,31.8,21,1d+1h+4h,1.764,False,nofill,0.0
2025-12-26 11:30:00-05:00,487.94,500.68,500.77,500.68,502.59,31.8,21,1d+1h+4h,1.643,False,nofill,0.0
2025-12-26 12:30:00-05:00,486.8,501.03,501.12,501.03,502.93,31.8,21,1d+1h+4h,1.834,False,nofill,0.0
2025-12-26 13:30:00-05:00,487.45,501.03,501.12,501.03,502.88,31.8,21,1d+1h+4h,1.75,False,nofill,0.0
2025-12-26 14:30:00-05:00,487.22,501.03,501.11,501.03,502.8,31.8,21,1d+1h+4h,1.78,False,nofill,0.0
2025-12-26 15:30:00-05:00,487.78,500.68,500.76,500.68,502.38,31.8,21,1d+1h+4h,1.662,False,nofill,0.0
2025-12-29 09:30:00-05:00,487.36,500.92,501.01,500.92,502.77,31.8,21,1d+1h+4h,1.808,False,nofill,0.0
2025-12-29 10:30:00-05:00,485.74,500.7,500.79,500.7,502.61,31.8,21,1d+1h+4h,1.994,False,nofill,0.0
2025-12-29 11:30:00-05:00,484.94,487.83,487.92,487.83,489.69,30.0,18,1d+1h+4h,0.385,False,nofill,0.0
2025-12-29 12:30:00-05:00,485.62,487.83,487.92,487.83,489.63,31.0,19,1d+1h+4h,0.294,False,nofill,0.0
2025-12-29 13:30:00-05:00,486.33,500.68,500.76,500.68,502.45,31.8,21,1d+1h+4h,1.913,False,nofill,0.0
2025-12-29 14:30:00-05:00,487.07,500.92,501.0,500.92,502.66,31.8,21,1d+1h+4h,1.846,False,nofill,0.0
2025-12-29 15:30:00-05:00,487.1,500.92,501.0,500.92,502.6,31.8,21,1d+1h+4h,1.842,False,nofill,0.0
2025-12-30 09:30:00-05:00,487.38,500.92,501.0,500.92,502.71,31.8,21,1d+1h+4h,1.865,False,nofill,0.0
2025-12-30 10:30:00-05:00,488.58,500.68,500.77,500.68,502.54,31.8,21,1d+1h+4h,1.666,False,nofill,0.0
2025-12-30 11:30:00-05:00,488.08,500.68,500.77,500.68,502.48,31.8,21,1d+1h+4h,1.735,False,nofill,0.0
2025-12-30 12:30:00-05:00,488.21,500.68,500.76,500.68,502.4,31.8,21,1d+1h+4h,1.717,False,nofill,0.0
2025-12-30 13:30:00-05:00,488.55,500.68,500.76,500.68,502.33,31.8,21,1d+1h+4h,1.671,False,nofill,0.0
2025-12-30 14:30:00-05:00,487.8,500.92,501.0,500.92,502.55,31.8,21,1d+1h+4h,1.806,False,nofill,0.0
2025-12-30 15:30:00-05:00,487.55,500.92,500.99,500.92,502.52,31.8,21,1d+1h+4h,1.841,False,nofill,0.0
2025-12-31 09:30:00-05:00,485.66,487.83,487.91,487.83,489.54,28.2,17,1d+1h+4h,0.307,False,nofill,0.0
2025-12-31 10:30:00-05:00,485.27,487.83,487.91,487.83,489.52,28.2,17,1d+1h+4h,0.361,False,nofill,0.0
2025-12-31 11:30:00-05:00,485.1,487.83,487.91,487.83,489.48,28.2,17,1d+1h+4h,0.386,False,nofill,0.0
2025-12-31 12:30:00-05:00,485.88,487.83,487.91,487.83,489.43,28.2,17,1d+1h+4h,0.275,False,nofill,0.0
2025-12-31 13:30:00-05:00,485.73,487.83,487.9,487.83,489.39,28.2,17,1d+1h+4h,0.296,False,nofill,0.0
2025-12-31 14:30:00-05:00,483.5,487.83,487.91,487.83,489.47,28.2,17,1d+1h+4h,0.611,False,nofill,0.0
2025-12-31 15:30:00-05:00,483.65,487.85,487.93,487.85,489.46,28.2,17,1d+1h+4h,0.593,False,nofill,0.0
2026-01-02 09:30:00-05:00,475.36,487.85,487.96,487.85,490.08,32.0,20,1d+1h+4h,1.641,False,nofill,0.0
2026-01-02 10:30:00-05:00,473.15,487.85,487.96,487.85,490.25,32.0,20,1d+1h+4h,1.932,False,nofill,0.0
2026-01-02 11:30:00-05:00,473.88,487.85,487.96,487.85,490.17,32.0,20,1d+1h+4h,1.835,False,nofill,0.0
2026-01-02 12:30:00-05:00,471.86,485.0,485.11,485.0,487.32,19.6,14,1d+1h+4h,1.727,False,nofill,0.0
2026-01-02 13:30:00-05:00,472.59,485.0,485.11,485.0,487.35,19.6,14,1d+1h+4h,1.631,False,nofill,0.0
2026-01-02 14:30:00-05:00,472.52,485.0,485.11,485.0,487.3,19.6,14,1d+1h+4h,1.64,False,nofill,0.0
2026-01-02 15:30:00-05:00,472.93,487.85,487.96,487.85,490.12,32.0,20,1d+1h+4h,1.961,False,nofill,0.0
2026-01-05 09:30:00-05:00,473.07,487.85,487.97,487.85,490.32,35.0,21,1d+1h+4h,1.962,False,nofill,0.0
2026-01-05 10:30:00-05:00,474.18,487.85,487.97,487.85,490.33,35.0,21,1d+1h+4h,1.815,False,nofill,0.0
2026-01-05 11:30:00-05:00,475.4,487.85,487.97,487.85,490.3,35.0,21,1d+1h+4h,1.653,False,nofill,0.0
2026-01-05 12:30:00-05:00,474.82,487.83,487.95,487.83,490.27,35.0,21,1d+1h+4h,1.727,False,nofill,0.0
2026-01-05 13:30:00-05:00,474.72,487.83,487.94,487.83,490.2,35.0,21,1d+1h+4h,1.741,False,nofill,0.0
2026-01-05 14:30:00-05:00,473.7,487.85,487.96,487.85,490.16,35.0,21,1d+1h+4h,1.878,False,nofill,0.0
2026-01-05 15:30:00-05:00,472.92,487.85,487.96,487.85,490.18,35.0,21,1d+1h+4h,1.982,False,nofill,0.0
2026-01-06 09:30:00-05:00,471.7,485.0,485.12,485.0,487.47,22.6,15,1d+1h+4h,1.743,False,nofill,0.0
2026-01-06 10:30:00-05:00,472.22,486.59,486.71,486.59,488.97,22.6,15,1d+1h+4h,1.884,False,nofill,0.0
2026-01-06 11:30:00-05:00,472.72,487.85,487.96,487.85,490.21,35.0,21,1d+1h+4h,1.982,False,nofill,0.0
2026-01-06 12:30:00-05:00,474.18,487.85,487.97,487.85,490.27,35.0,21,1d+1h+4h,1.792,False,nofill,0.0
2026-01-06 13:30:00-05:00,476.85,487.83,487.95,487.83,490.3,35.0,21,1d+1h+4h,1.439,False,nofill,0.0
2026-01-06 14:30:00-05:00,477.2,487.83,487.95,487.83,490.25,35.0,21,1d+1h+4h,1.393,True,scratch,-0.0835605745539092
2026-01-06 15:30:00-05:00,478.07,487.83,487.94,487.83,490.2,35.0,21,1d+1h+4h,1.279,True,scratch,-0.08305421258816281
2026-01-07 09:30:00-05:00,483.41,487.85,487.98,487.85,490.58,35.0,21,1d+1h+4h,0.561,True,scratch,-0.08664897489838452
2026-01-07 10:30:00-05:00,487.73,488.3,488.45,488.3,491.32,32.2,19,1d+1h+4h,0.072,True,scratch,-0.08935309172984907
2026-01-07 11:30:00-05:00,488.23,500.68,500.82,500.68,503.63,31.8,21,1d+1h+4h,1.572,False,nofill,0.0
2026-01-07 12:30:00-05:00,488.32,500.68,500.82,500.68,503.53,31.8,21,1d+1h+4h,1.56,False,nofill,0.0
2026-01-07 13:30:00-05:00,485.49,487.83,487.97,487.83,490.75,36.0,22,1d+1h+4h,0.295,False,nofill,0.0
2026-01-07 14:30:00-05:00,484.56,487.83,487.96,487.83,490.65,36.0,22,1d+1h+4h,0.413,False,nofill,0.0
2026-01-07 15:30:00-05:00,483.5,487.85,487.98,487.85,490.58,36.0,22,1d+1h+4h,0.549,False,nofill,0.0
2026-01-08 09:30:00-05:00,478.6,487.83,487.98,487.83,490.94,36.0,22,1d+1h+4h,1.169,False,nofill,0.0
2026-01-08 10:30:00-05:00,477.59,487.85,487.99,487.85,490.86,36.0,22,1d+1h+4h,1.3,False,nofill,0.0
2026-01-08 11:30:00-05:00,477.6,487.85,487.99,487.85,490.83,36.0,22,1d+1h+4h,1.298,False,nofill,0.0
2026-01-08 12:30:00-05:00,477.58,487.85,487.99,487.85,490.75,37.8,23,1d+1h+4h,1.3,False,nofill,0.0
2026-01-08 13:30:00-05:00,476.8,487.83,487.96,487.83,490.67,37.8,23,1d+1h+4h,1.398,False,nofill,0.0
2026-01-08 14:30:00-05:00,478.26,487.85,487.98,487.85,490.65,37.8,23,1d+1h+4h,1.215,False,nofill,0.0
2026-01-08 15:30:00-05:00,478.04,487.85,487.98,487.85,490.55,37.8,23,1d+1h+4h,1.243,False,nofill,0.0
2026-01-09 09:30:00-05:00,475.78,487.85,487.99,487.85,490.8,37.8,23,1d+1h+4h,1.533,False,nofill,0.0
2026-01-09 10:30:00-05:00,476.47,487.85,487.99,487.85,490.82,37.8,23,1d+1h+4h,1.446,False,nofill,0.0
2026-01-09 11:30:00-05:00,477.55,487.83,487.97,487.83,490.74,37.8,23,1d+1h+4h,1.306,False,nofill,0.0
2026-01-09 12:30:00-05:00,476.85,487.83,487.97,487.83,490.68,37.8,23,1d+1h+4h,1.395,False,nofill,0.0
2026-01-09 13:30:00-05:00,478.44,487.83,487.96,487.83,490.66,37.8,23,1d+1h+4h,1.192,False,nofill,0.0
2026-01-09 14:30:00-05:00,479.58,487.85,487.98,487.85,490.58,37.8,23,1d+1h+4h,1.051,False,nofill,0.0
2026-01-09 15:30:00-05:00,479.2,487.85,487.97,487.85,490.46,37.8,23,1d+1h+4h,1.099,False,nofill,0.0
2026-01-12 09:30:00-05:00,478.57,487.85,487.98,487.85,490.67,40.8,24,1d+1h+4h,1.207,False,nofill,0.0
2026-01-12 10:30:00-05:00,478.79,487.85,487.98,487.85,490.59,40.8,24,1d+1h+4h,1.179,False,nofill,0.0
2026-01-12 11:30:00-05:00,478.46,487.85,487.98,487.85,490.53,40.8,24,1d+1h+4h,1.222,False,nofill,0.0
2026-01-12 12:30:00-05:00,478.53,487.85,487.97,487.85,490.4,40.8,24,1d+1h+4h,1.212,False,nofill,0.0
2026-01-12 13:30:00-05:00,479.14,487.83,487.95,487.83,490.31,40.8,24,1d+1h+4h,1.131,False,nofill,0.0
2026-01-12 14:30:00-05:00,479.24,487.85,487.97,487.85,490.27,40.8,24,1d+1h+4h,1.12,False,nofill,0.0
2026-01-12 15:30:00-05:00,477.19,487.83,487.95,487.83,490.27,40.8,24,1d+1h+4h,1.384,False,nofill,0.0
2026-01-13 09:30:00-05:00,468.24,474.1,474.24,474.1,477.08,22.2,17,1d+1h+4h,0.739,False,nofill,0.0
2026-01-13 10:30:00-05:00,468.74,474.1,474.24,474.1,477.1,22.2,17,1d+1h+4h,0.676,False,nofill,0.0
2026-01-13 11:30:00-05:00,469.71,484.83,484.97,484.83,487.82,26.6,17,1d+1h+4h,1.906,False,nofill,0.0
2026-01-13 12:30:00-05:00,468.71,474.1,474.24,474.1,477.09,22.2,17,1d+1h+4h,0.679,False,nofill,0.0
2026-01-13 13:30:00-05:00,466.84,467.88,468.03,467.88,470.89,22.4,14,1d+1h+4h,0.132,True,scratch,-0.09049381712616933
2026-01-13 14:30:00-05:00,468.24,474.1,474.24,474.1,477.04,22.2,17,1d+1h+4h,0.739,False,nofill,0.0
2026-01-13 15:30:00-05:00,470.72,484.73,484.87,484.73,487.72,26.6,17,1d+1h+4h,1.766,False,nofill,0.0
2026-01-14 09:30:00-05:00,464.69,466.96,467.12,466.96,470.3,22.4,14,1d+1h+4h,0.272,False,nofill,0.0
2026-01-14 10:30:00-05:00,463.9,466.96,467.12,466.96,470.36,22.4,14,1d+1h+4h,0.367,False,nofill,0.0
2026-01-14 11:30:00-05:00,461.62,467.91,468.07,467.91,471.34,22.4,14,1d+1h+4h,0.756,False,nofill,0.0
2026-01-14 12:30:00-05:00,460.58,468.02,468.18,468.02,471.37,22.4,14,1d+1h+4h,0.894,False,nofill,0.0
2026-01-14 13:30:00-05:00,458.83,468.02,468.18,468.02,471.33,22.4,14,1d+1h+4h,1.104,False,nofill,0.0
2026-01-14 14:30:00-05:00,458.3,467.91,468.06,467.91,471.12,22.4,14,1d+1h+4h,1.154,False,nofill,0.0
2026-01-14 15:30:00-05:00,459.38,468.02,468.17,468.02,471.16,22.4,14,1d+1h+4h,1.038,False,nofill,0.0
2026-01-15 09:30:00-05:00,458.84,468.02,468.18,468.02,471.4,22.4,14,1d+1h+4h,1.103,False,nofill,0.0
2026-01-15 10:30:00-05:00,460.05,466.96,467.12,466.96,470.36,22.4,14,1d+1h+4h,0.83,False,nofill,0.0
2026-01-15 11:30:00-05:00,459.98,466.96,467.12,466.96,470.24,22.4,14,1d+1h+4h,0.839,False,nofill,0.0
2026-01-15 12:30:00-05:00,459.47,468.02,468.17,468.02,471.15,22.4,14,1d+1h+4h,1.027,False,nofill,0.0
2026-01-15 13:30:00-05:00,456.81,457.26,457.41,457.26,460.38,23.8,17,1d+1h+4h,0.054,True,scratch,-0.09246561854394653
2026-01-15 14:30:00-05:00,456.64,457.14,457.29,457.14,460.19,23.8,17,1d+1h+4h,0.061,True,target,0.5749816411097841
2026-01-15 15:30:00-05:00,456.91,468.02,468.16,468.02,470.92,22.4,14,1d+1h+4h,1.335,False,nofill,0.0
2026-01-16 09:30:00-05:00,459.76,467.88,468.03,467.88,470.87,22.4,14,1d+1h+4h,0.99,False,nofill,0.0
2026-01-16 10:30:00-05:00,459.82,467.91,468.05,467.91,470.84,22.4,14,1d+1h+4h,0.986,False,nofill,0.0
2026-01-16 11:30:00-05:00,460.61,467.91,468.05,467.91,470.82,22.4,14,1d+1h+4h,0.89,False,nofill,0.0
2026-01-16 12:30:00-05:00,462.52,467.91,468.05,467.91,470.82,22.4,14,1d+1h+4h,0.657,False,nofill,0.0
2026-01-16 13:30:00-05:00,461.96,467.88,468.02,467.88,470.73,22.4,14,1d+1h+4h,0.722,False,nofill,0.0
2026-01-16 14:30:00-05:00,461.21,467.91,468.04,467.91,470.67,22.4,14,1d+1h+4h,0.817,False,nofill,0.0
2026-01-16 15:30:00-05:00,459.87,467.91,468.04,467.91,470.64,22.4,14,1d+1h+4h,0.98,False,nofill,0.0
2026-01-20 09:30:00-05:00,453.25,456.16,456.32,456.16,459.48,24.8,18,1d+1h+4h,0.348,True,scratch,-0.09465546181576245
2026-01-20 10:30:00-05:00,455.48,455.91,456.07,455.91,459.18,24.8,18,1d+1h+4h,0.052,True,scratch,-0.09415316622685133
2026-01-20 11:30:00-05:00,454.47,455.91,456.06,455.91,459.16,24.8,18,1d+1h+4h,0.172,False,nofill,0.0
2026-01-20 12:30:00-05:00,453.58,455.91,456.06,455.91,459.04,24.8,18,1d+1h+4h,0.278,False,nofill,0.0
2026-01-20 13:30:00-05:00,453.1,455.91,456.05,455.91,458.9,24.8,18,1d+1h+4h,0.336,False,nofill,0.0
2026-01-20 14:30:00-05:00,454.78,455.91,456.05,455.91,458.87,24.8,18,1d+1h+4h,0.135,False,nofill,0.0
2026-01-20 15:30:00-05:00,454.66,455.91,456.05,455.91,458.79,24.8,18,1d+1h+4h,0.149,False,nofill,0.0
2026-01-21 09:30:00-05:00,450.2,458.34,458.49,458.34,461.51,27.8,19,1d+1h+4h,0.915,False,nofill,0.0
2026-01-21 10:30:00-05:00,448.51,449.28,449.43,449.28,452.48,30.6,23,1d+1h+4h,0.087,False,nofill,0.0
2026-01-21 11:30:00-05:00,444.34,446.74,446.9,446.74,450.1,31.6,24,1d+1h+4h,0.27,True,scratch,-0.09581045631674723
2026-01-21 12:30:00-05:00,440.76,441.5,441.67,441.5,445.01,37.6,26,1d+1h+4h,0.083,True,target,0.6958856855219686
2026-01-21 13:30:00-05:00,441.59,442.5,442.67,442.5,445.98,36.8,24,1d+1h+4h,0.102,True,scratch,-0.09738779922287
2026-01-21 14:30:00-05:00,443.62,446.74,446.92,446.74,450.42,31.6,24,1d+1h+4h,0.351,True,scratch,-0.09917757788840964
2026-01-21 15:30:00-05:00,444.2,446.74,446.91,446.74,450.32,31.6,24,1d+1h+4h,0.285,True,scratch,-0.0980554856052307
2026-01-22 09:30:00-05:00,446.79,448.74,448.92,448.74,452.49,30.6,23,1d+1h+4h,0.219,True,scratch,-0.09974185238149635
2026-01-22 10:30:00-05:00,449.16,449.62,449.8,449.62,453.33,28.8,22,1d+1h+4h,0.052,True,target,0.7245379634796656
2026-01-22 11:30:00-05:00,449.92,450.39,450.56,450.39,453.96,27.8,21,1d+1h+4h,0.053,True,scratch,-0.09768996880099579
2026-01-22 12:30:00-05:00,451.89,458.34,458.51,458.34,461.88,27.8,19,1d+1h+4h,0.726,False,nofill,0.0
2026-01-22 13:30:00-05:00,451.73,458.34,458.5,458.34,461.73,27.8,19,1d+1h+4h,0.744,True,target,0.6447161241206922
2026-01-22 14:30:00-05:00,450.4,458.34,458.5,458.34,461.63,27.8,19,1d+1h+4h,0.895,True,target,0.6230355587447445
2026-01-22 15:30:00-05:00,451.15,458.34,458.49,458.34,461.53,27.8,19,1d+1h+4h,0.81,True,target,0.6027475387562653
2026-01-23 09:30:00-05:00,463.12,468.81,469.0,468.81,472.76,26.2,17,1d+1h+4h,0.586,True,scratch,-0.10003962768064811
2026-01-23 10:30:00-05:00,466.69,486.03,486.23,486.03,490.16,27.6,16,1d+1h+4h,1.992,False,nofill,0.0
2026-01-23 11:30:00-05:00,469.83,488.35,488.55,488.35,492.53,43.8,25,1d+1h+4h,1.908,False,nofill,0.0
2026-01-23 12:30:00-05:00,470.7,488.35,488.55,488.35,492.47,43.8,25,1d+1h+4h,1.818,False,nofill,0.0
2026-01-23 13:30:00-05:00,469.52,488.35,488.55,488.35,492.41,43.8,25,1d+1h+4h,1.94,False,nofill,0.0
2026-01-23 14:30:00-05:00,467.7,486.78,486.97,486.78,490.76,33.2,20,1d+1h+4h,1.966,False,nofill,0.0
2026-01-23 15:30:00-05:00,465.93,485.0,485.19,485.0,488.93,26.6,17,1d+1h+4h,1.965,False,nofill,0.0
2026-01-26 09:30:00-05:00,470.09,488.35,488.56,488.35,492.65,43.8,25,1d+1h+4h,1.848,False,nofill,0.0
2026-01-26 10:30:00-05:00,472.23,488.35,488.55,488.35,492.58,43.8,25,1d+1h+4h,1.631,False,nofill,0.0
2026-01-26 11:30:00-05:00,473.53,488.5,488.7,488.5,492.6,43.8,25,1d+1h+4h,1.515,False,nofill,0.0
2026-01-26 12:30:00-05:00,473.89,488.5,488.69,488.5,492.42,43.8,25,1d+1h+4h,1.478,False,nofill,0.0
2026-01-26 13:30:00-05:00,472.66,488.5,488.68,488.5,492.3,43.8,25,1d+1h+4h,1.603,False,nofill,0.0
2026-01-26 14:30:00-05:00,471.9,488.35,488.53,488.35,492.0,43.8,25,1d+1h+4h,1.665,False,nofill,0.0
2026-01-26 15:30:00-05:00,470.36,488.35,488.52,488.35,491.96,43.8,25,1d+1h+4h,1.821,False,nofill,0.0
2026-01-27 09:30:00-05:00,476.11,488.35,488.54,488.35,492.33,43.8,25,1d+1h+4h,1.215,False,nofill,0.0
2026-01-27 10:30:00-05:00,479.19,488.5,488.69,488.5,492.49,43.8,25,1d+1h+4h,0.924,False,nofill,0.0
2026-01-27 11:30:00-05:00,479.8,488.3,488.49,488.3,492.2,43.8,25,1d+1h+4h,0.844,False,nofill,0.0
2026-01-27 12:30:00-05:00,481.22,488.5,488.68,488.5,492.25,43.8,25,1d+1h+4h,0.723,False,nofill,0.0
2026-01-27 13:30:00-05:00,482.08,488.35,488.53,488.35,491.99,43.8,25,1d+1h+4h,0.623,False,nofill,0.0
2026-01-27 14:30:00-05:00,480.6,488.5,488.67,488.5,492.01,43.8,25,1d+1h+4h,0.784,False,nofill,0.0
2026-01-27 15:30:00-05:00,480.59,488.5,488.66,488.5,491.84,43.8,25,1d+1h+4h,0.785,False,nofill,0.0
2026-01-28 09:30:00-05:00,481.02,488.35,488.52,488.35,491.79,43.8,25,1d+1h+4h,0.751,False,nofill,0.0
2026-01-28 10:30:00-05:00,479.44,488.35,488.51,488.35,491.71,43.8,25,1d+1h+4h,0.913,False,nofill,0.0
2026-01-28 11:30:00-05:00,478.68,488.35,488.51,488.35,491.64,43.8,25,1d+1h+4h,0.991,False,nofill,0.0
2026-01-28 12:30:00-05:00,478.84,488.35,488.5,488.35,491.51,43.8,25,1d+1h+4h,0.975,False,nofill,0.0
2026-01-28 13:30:00-05:00,480.61,488.35,488.5,488.35,491.5,43.8,25,1d+1h+4h,0.793,False,nofill,0.0
2026-01-28 14:30:00-05:00,479.79,488.35,488.5,488.35,491.42,43.8,25,1d+1h+4h,0.877,False,nofill,0.0
2026-01-28 15:30:00-05:00,481.72,488.35,488.5,488.35,491.51,43.8,25,1d+1h+4h,0.68,False,nofill,0.0
2026-01-29 09:30:00-05:00,426.33,429.37,429.72,429.37,436.64,84.0,62,1d+1h+4h,0.227,False,nofill,0.0
2026-01-29 10:30:00-05:00,422.65,425.31,425.65,425.31,432.48,85.8,63,1d+1h+4h,0.199,True,scratch,-0.14019227619466168
2026-01-29 11:30:00-05:00,424.78,425.6,425.92,425.6,432.47,84.8,62,1d+1h+4h,0.061,True,target,1.476457053041802
2026-01-29 12:30:00-05:00,423.95,425.31,425.62,425.31,431.89,85.8,63,1d+1h+4h,0.102,True,target,1.4123268876379047
2026-01-29 13:30:00-05:00,423.82,425.31,425.61,425.31,431.56,85.8,63,1d+1h+4h,0.111,True,target,1.3377392656643394
2026-01-29 14:30:00-05:00,427.32,429.37,429.66,429.37,435.5,84.0,62,1d+1h+4h,0.154,True,target,1.2989223823234086
2026-01-29 15:30:00-05:00,433.48,441.28,441.57,441.28,447.45,50.2,33,1d+1h+4h,0.584,False,nofill,0.0
2026-01-30 09:30:00-05:00,432.88,433.6,433.9,433.6,439.86,53.6,38,1d+1h+4h,0.054,True,scratch,-0.1286077487930748
2026-01-30 10:30:00-05:00,431.25,431.94,432.23,431.94,438.12,64.6,47,1d+1h+4h,0.052,True,scratch,-0.1280470155159752
2026-01-30 11:30:00-05:00,432.07,432.83,433.12,432.83,438.82,54.6,39,1d+1h+4h,0.057,False,nofill,0.0
2026-01-30 12:30:00-05:00,431.1,431.83,432.1,431.83,437.56,64.6,47,1d+1h+4h,0.055,False,nofill,0.0
2026-01-30 13:30:00-05:00,431.06,431.83,432.09,431.83,437.33,64.6,47,1d+1h+4h,0.058,False,nofill,0.0
2026-01-30 14:30:00-05:00,427.26,428.67,428.93,428.67,434.13,83.0,61,1d+1h+4h,0.106,True,scratch,-0.12054710014216541
2026-01-30 15:30:00-05:00,430.39,431.08,431.33,431.08,436.39,71.2,52,1d+1h+4h,0.052,False,nofill,0.0
2026-02-02 09:30:00-05:00,427.76,428.91,429.17,428.91,434.31,81.2,60,1d+1h+4h,0.089,False,nofill,0.0
2026-02-02 10:30:00-05:00,425.84,429.32,429.57,429.32,434.52,81.2,60,1d+1h+4h,0.268,False,nofill,0.0
2026-02-02 11:30:00-05:00,424.9,425.57,425.81,425.57,430.55,83.8,61,1d+1h+4h,0.052,False,nofill,0.0
2026-02-02 12:30:00-05:00,424.89,425.57,425.79,425.57,430.29,83.8,61,1d+1h+4h,0.052,False,nofill,0.0
2026-02-02 13:30:00-05:00,423.95,425.6,425.81,425.6,430.08,83.8,61,1d+1h+4h,0.127,False,nofill,0.0
2026-02-02 14:30:00-05:00,424.22,425.5,425.71,425.5,429.86,83.8,61,1d+1h+4h,0.099,False,nofill,0.0
2026-02-02 15:30:00-05:00,423.31,425.57,425.77,425.57,429.74,83.8,61,1d+1h+4h,0.174,False,nofill,0.0
2026-02-03 09:30:00-05:00,412.31,417.57,417.79,417.57,422.29,121.4,87,1d+1h+4h,0.401,False,nofill,0.0
2026-02-03 10:30:00-05:00,413.22,417.57,417.79,417.57,422.2,121.4,87,1d+1h+4h,0.332,False,nofill,0.0
2026-02-03 11:30:00-05:00,411.14,417.56,417.77,417.56,422.05,121.4,87,1d+1h+4h,0.49,False,nofill,0.0
2026-02-03 12:30:00-05:00,412.35,417.57,417.78,417.57,422.0,121.4,87,1d+1h+4h,0.398,False,nofill,0.0
2026-02-03 13:30:00-05:00,410.92,417.56,417.77,417.56,421.89,121.4,87,1d+1h+4h,0.506,True,scratch,-0.10929733139849462
2026-02-03 14:30:00-05:00,409.71,417.56,417.76,417.56,421.77,121.4,87,1d+1h+4h,0.599,True,scratch,-0.10791986307123747
2026-02-03 15:30:00-05:00,411.29,417.56,417.75,417.56,421.64,121.4,87,1d+1h+4h,0.478,True,scratch,-0.10649224083560949
2026-02-04 09:30:00-05:00,417.98,420.21,420.42,420.21,424.67,115.0,79,1d+1h+4h,0.173,False,nofill,0.0
2026-02-04 10:30:00-05:00,416.51,418.05,418.26,418.05,422.49,119.6,86,1d+1h+4h,0.119,True,scratch,-0.1104984639975104
2026-02-04 11:30:00-05:00,413.3,418.02,418.23,418.02,422.4,119.6,86,1d+1h+4h,0.365,True,scratch,-0.10979459833645455
2026-02-04 12:30:00-05:00,415.43,418.02,418.23,418.02,422.34,120.6,87,1d+1h+4h,0.201,True,scratch,-0.1090531196126121
2026-02-04 13:30:00-05:00,417.41,418.09,418.29,418.09,422.35,116.8,84,1d+1h+4h,0.053,True,scratch,-0.1084765646613306
2026-02-04 14:30:00-05:00,415.16,418.05,418.25,418.05,422.27,120.6,87,1d+1h+4h,0.223,False,nofill,0.0
2026-02-04 15:30:00-05:00,414.22,418.02,418.22,418.02,422.19,120.6,87,1d+1h+4h,0.294,False,nofill,0.0
2026-02-05 09:30:00-05:00,401.71,417.8,418.04,417.8,422.9,126.4,90,1d+1h+4h,1.187,False,nofill,0.0
2026-02-05 10:30:00-05:00,404.33,417.8,418.05,417.8,422.95,126.4,90,1d+1h+4h,0.994,False,nofill,0.0
2026-02-05 11:30:00-05:00,405.69,417.8,418.04,417.8,422.79,126.4,90,1d+1h+4h,0.893,False,nofill,0.0
2026-02-05 12:30:00-05:00,401.31,417.8,418.04,417.8,422.85,126.4,90,1d+1h+4h,1.216,False,nofill,0.0
2026-02-05 13:30:00-05:00,397.86,417.8,418.04,417.8,422.82,126.4,90,1d+1h+4h,1.471,False,nofill,0.0
2026-02-05 14:30:00-05:00,393.42,417.8,418.04,417.8,422.88,126.4,90,1d+1h+4h,1.798,False,nofill,0.0
2026-02-05 15:30:00-05:00,393.6,417.8,418.03,417.8,422.68,126.4,90,1d+1h+4h,1.785,False,nofill,0.0
2026-02-06 09:30:00-05:00,395.62,417.57,417.81,417.57,422.61,122.4,88,1d+1h+4h,1.661,False,nofill,0.0
2026-02-06 10:30:00-05:00,397.44,417.6,417.84,417.6,422.68,122.4,88,1d+1h+4h,1.526,False,nofill,0.0
2026-02-06 11:30:00-05:00,397.95,417.57,417.8,417.57,422.5,122.4,88,1d+1h+4h,1.484,False,nofill,0.0
2026-02-06 12:30:00-05:00,399.48,417.56,417.79,417.56,422.45,122.4,88,1d+1h+4h,1.368,False,nofill,0.0
2026-02-06 13:30:00-05:00,399.14,417.57,417.8,417.57,422.34,122.4,88,1d+1h+4h,1.394,False,nofill,0.0
2026-02-06 14:30:00-05:00,399.66,417.56,417.77,417.56,422.07,122.4,88,1d+1h+4h,1.354,False,nofill,0.0
2026-02-06 15:30:00-05:00,400.85,417.6,417.81,417.6,421.98,122.4,88,1d+1h+4h,1.267,False,nofill,0.0
2026-02-09 09:30:00-05:00,409.92,417.6,417.83,417.6,422.42,122.4,88,1d+1h+4h,0.579,False,nofill,0.0
2026-02-09 10:30:00-05:00,412.02,417.6,417.82,417.6,422.27,122.4,88,1d+1h+4h,0.421,False,nofill,0.0
2026-02-09 11:30:00-05:00,412.27,417.6,417.81,417.6,422.04,122.4,88,1d+1h+4h,0.402,False,nofill,0.0
2026-02-09 12:30:00-05:00,411.98,417.56,417.76,417.56,421.77,122.4,88,1d+1h+4h,0.42,False,nofill,0.0
2026-02-09 13:30:00-05:00,414.5,417.6,417.8,417.6,421.71,122.4,88,1d+1h+4h,0.234,True,target,0.8770021290231522
2026-02-09 14:30:00-05:00,412.98,417.51,417.7,417.51,421.5,122.4,88,1d+1h+4h,0.341,True,target,0.8485566740917827
2026-02-09 15:30:00-05:00,413.62,417.51,417.69,417.51,421.37,122.4,88,1d+1h+4h,0.293,True,target,0.8185382545603526
2026-02-10 09:30:00-05:00,420.82,421.54,421.75,421.54,425.87,105.4,73,1d+1h+4h,0.055,True,scratch,-0.10888814491688548
2026-02-10 10:30:00-05:00,420.28,421.17,421.38,421.17,425.44,109.2,76,1d+1h+4h,0.069,False,nofill,0.0
2026-02-10 11:30:00-05:00,420.22,421.17,421.37,421.17,425.21,109.2,76,1d+1h+4h,0.073,False,nofill,0.0
2026-02-10 12:30:00-05:00,416.1,417.57,417.76,417.57,421.65,122.4,88,1d+1h+4h,0.112,False,nofill,0.0
2026-02-10 13:30:00-05:00,416.68,417.56,417.75,417.56,421.48,122.4,88,1d+1h+4h,0.067,False,nofill,0.0
2026-02-10 14:30:00-05:00,414.51,417.57,417.76,417.57,421.48,122.4,88,1d+1h+4h,0.233,False,nofill,0.0
2026-02-10 15:30:00-05:00,413.32,417.56,417.74,417.56,421.36,122.4,88,1d+1h+4h,0.324,False,nofill,0.0
2026-02-11 09:30:00-05:00,403.8,417.57,417.79,417.57,422.12,122.4,88,1d+1h+4h,1.038,False,nofill,0.0
2026-02-11 10:30:00-05:00,402.4,417.51,417.72,417.51,421.99,122.4,88,1d+1h+4h,1.14,False,nofill,0.0
2026-02-11 11:30:00-05:00,403.58,417.51,417.72,417.51,421.9,122.4,88,1d+1h+4h,1.05,False,nofill,0.0
2026-02-11 12:30:00-05:00,404.06,420.58,420.78,420.58,424.82,122.6,85,1d+1h+4h,1.245,False,nofill,0.0
2026-02-11 13:30:00-05:00,405.27,420.58,420.77,420.58,424.65,122.6,85,1d+1h+4h,1.154,False,nofill,0.0
2026-02-11 14:30:00-05:00,403.98,420.58,420.77,420.58,424.49,122.6,85,1d+1h+4h,1.252,False,nofill,0.0
2026-02-11 15:30:00-05:00,404.2,420.58,420.76,420.58,424.37,122.6,85,1d+1h+4h,1.235,False,nofill,0.0
2026-02-12 09:30:00-05:00,402.44,417.64,417.83,417.64,421.55,120.6,87,1d+1h+4h,1.179,False,nofill,0.0
2026-02-12 10:30:00-05:00,399.54,417.64,417.83,417.64,421.63,120.6,87,1d+1h+4h,1.404,False,nofill,0.0
2026-02-12 11:30:00-05:00,402.43,417.64,417.84,417.64,421.68,120.6,87,1d+1h+4h,1.18,False,nofill,0.0
2026-02-12 12:30:00-05:00,404.27,417.6,417.79,417.6,421.52,120.6,87,1d+1h+4h,1.034,False,nofill,0.0
2026-02-12 13:30:00-05:00,405.26,418.05,418.23,418.05,421.88,120.6,87,1d+1h+4h,0.991,False,nofill,0.0
2026-02-12 14:30:00-05:00,403.47,418.02,418.2,418.02,421.8,120.6,87,1d+1h+4h,1.129,False,nofill,0.0
2026-02-12 15:30:00-05:00,401.88,417.6,417.78,417.6,421.36,120.6,87,1d+1h+4h,1.219,False,nofill,0.0
2026-02-13 09:30:00-05:00,403.9,417.94,418.12,417.94,421.82,120.6,87,1d+1h+4h,1.123,False,nofill,0.0
2026-02-13 10:30:00-05:00,399.66,417.94,418.14,417.94,422.06,120.6,87,1d+1h+4h,1.462,False,nofill,0.0
2026-02-13 11:30:00-05:00,403.85,417.94,418.14,417.94,422.13,120.6,87,1d+1h+4h,1.127,False,nofill,0.0
2026-02-13 12:30:00-05:00,404.56,417.94,418.13,417.94,421.98,120.6,87,1d+1h+4h,1.07,False,nofill,0.0
2026-02-13 13:30:00-05:00,403.03,417.94,418.13,417.94,421.84,120.6,87,1d+1h+4h,1.192,False,nofill,0.0
2026-02-13 14:30:00-05:00,400.73,417.94,418.12,417.94,421.8,120.6,87,1d+1h+4h,1.376,False,nofill,0.0
2026-02-13 15:30:00-05:00,401.16,417.94,418.12,417.94,421.65,120.6,87,1d+1h+4h,1.342,False,nofill,0.0
2026-02-17 09:30:00-05:00,396.9,420.15,420.34,420.15,424.09,118.0,80,1d+1h+4h,1.923,False,nofill,0.0
2026-02-17 10:30:00-05:00,398.89,420.21,420.4,420.21,424.25,118.0,80,1d+1h+4h,1.763,False,nofill,0.0
2026-02-17 11:30:00-05:00,397.6,420.15,420.34,420.15,424.15,118.0,80,1d+1h+4h,1.865,False,nofill,0.0
2026-02-17 12:30:00-05:00,396.92,420.15,420.34,420.15,424.09,118.0,80,1d+1h+4h,1.921,False,nofill,0.0
2026-02-17 13:30:00-05:00,396.5,420.21,420.39,420.21,424.0,118.0,80,1d+1h+4h,1.96,False,nofill,0.0
2026-02-17 14:30:00-05:00,396.4,420.21,420.38,420.21,423.84,118.0,80,1d+1h+4h,1.969,False,nofill,0.0
2026-02-17 15:30:00-05:00,396.79,420.15,420.32,420.15,423.66,118.0,80,1d+1h+4h,1.932,False,nofill,0.0
2026-02-18 09:30:00-05:00,399.82,420.15,420.32,420.15,423.75,118.0,80,1d+1h+4h,1.742,False,nofill,0.0
2026-02-18 10:30:00-05:00,401.38,420.15,420.32,420.15,423.73,118.0,80,1d+1h+4h,1.608,False,nofill,0.0
2026-02-18 11:30:00-05:00,401.12,420.15,420.32,420.15,423.58,118.0,80,1d+1h+4h,1.63,False,nofill,0.0
2026-02-18 12:30:00-05:00,401.22,420.15,420.31,420.15,423.42,118.0,80,1d+1h+4h,1.622,False,nofill,0.0
2026-02-18 13:30:00-05:00,400.58,420.15,420.3,420.15,423.31,118.0,80,1d+1h+4h,1.677,False,nofill,0.0
2026-02-18 14:30:00-05:00,399.37,420.15,420.3,420.15,423.23,118.0,80,1d+1h+4h,1.78,False,nofill,0.0
2026-02-18 15:30:00-05:00,399.52,420.15,420.29,420.15,423.1,118.0,80,1d+1h+4h,1.767,False,nofill,0.0
2026-02-19 09:30:00-05:00,400.6,420.15,420.31,420.15,423.38,116.0,78,1d+1h+4h,1.716,False,nofill,0.0
2026-02-19 10:30:00-05:00,400.09,420.15,420.3,420.15,423.28,116.0,78,1d+1h+4h,1.761,False,nofill,0.0
2026-02-19 11:30:00-05:00,399.07,420.0,420.15,420.0,423.05,116.0,78,1d+1h+4h,1.837,False,nofill,0.0
2026-02-19 12:30:00-05:00,398.2,420.15,420.3,420.15,423.15,116.0,78,1d+1h+4h,1.927,False,nofill,0.0
2026-02-19 13:30:00-05:00,397.68,420.15,420.29,420.15,423.03,116.0,78,1d+1h+4h,1.973,False,nofill,0.0
2026-02-19 14:30:00-05:00,397.26,420.0,420.13,420.0,422.75,116.0,78,1d+1h+4h,1.996,False,nofill,0.0
2026-02-19 15:30:00-05:00,398.41,420.0,420.13,420.0,422.69,116.0,78,1d+1h+4h,1.895,False,nofill,0.0
2026-02-20 09:30:00-05:00,396.81,417.51,417.64,417.51,420.31,105.2,78,1d+1h+4h,1.894,False,nofill,0.0
2026-02-20 10:30:00-05:00,397.56,417.57,417.71,417.57,420.47,105.2,78,1d+1h+4h,1.831,False,nofill,0.0
2026-02-20 11:30:00-05:00,396.86,417.51,417.65,417.51,420.49,105.2,78,1d+1h+4h,1.889,False,nofill,0.0
2026-02-20 12:30:00-05:00,396.98,417.51,417.65,417.51,420.4,105.2,78,1d+1h+4h,1.878,False,nofill,0.0
2026-02-20 13:30:00-05:00,396.89,417.51,417.65,417.51,420.38,105.2,78,1d+1h+4h,1.886,False,nofill,0.0
2026-02-20 14:30:00-05:00,396.82,417.51,417.64,417.51,420.26,105.2,78,1d+1h+4h,1.893,False,nofill,0.0
2026-02-20 15:30:00-05:00,397.25,417.57,417.7,417.57,420.22,105.2,78,1d+1h+4h,1.859,False,nofill,0.0
2026-02-23 09:30:00-05:00,388.43,410.65,410.8,410.65,413.87,93.6,68,1d+1h+4h,1.992,False,nofill,0.0
2026-02-23 10:30:00-05:00,386.56,408.29,408.45,408.29,411.59,82.8,60,1d+1h+4h,1.948,False,nofill,0.0
2026-02-23 11:30:00-05:00,386.44,408.29,408.44,408.29,411.49,82.8,60,1d+1h+4h,1.959,False,nofill,0.0
2026-02-23 12:30:00-05:00,386.78,408.1,408.25,408.1,411.22,82.8,60,1d+1h+4h,1.911,False,nofill,0.0
2026-02-23 13:30:00-05:00,386.17,408.29,408.43,408.29,411.3,82.8,60,1d+1h+4h,1.983,False,nofill,0.0
2026-02-23 14:30:00-05:00,383.27,404.56,404.7,404.56,407.6,78.8,52,1d+1h+4h,1.908,False,nofill,0.0
2026-02-23 15:30:00-05:00,384.52,406.78,406.92,406.78,409.72,81.4,55,1d+1h+4h,1.995,False,nofill,0.0
2026-02-24 09:30:00-05:00,388.22,408.1,408.26,408.1,411.4,81.8,59,1d+1h+4h,1.823,False,nofill,0.0
2026-02-24 10:30:00-05:00,386.68,408.29,408.44,408.29,411.53,81.8,59,1d+1h+4h,1.982,False,nofill,0.0
2026-02-24 11:30:00-05:00,386.44,408.2,408.35,408.2,411.33,81.8,59,1d+1h+4h,1.995,False,nofill,0.0
2026-02-24 12:30:00-05:00,386.4,408.2,408.34,408.2,411.23,81.8,59,1d+1h+4h,1.999,False,nofill,0.0
2026-02-24 13:30:00-05:00,387.5,408.29,408.43,408.29,411.29,81.8,59,1d+1h+4h,1.906,False,nofill,0.0
2026-02-24 14:30:00-05:00,388.16,408.1,408.24,408.1,410.99,81.8,59,1d+1h+4h,1.829,False,nofill,0.0
2026-02-24 15:30:00-05:00,389.0,410.6,410.73,410.6,413.37,93.6,68,1d+1h+4h,1.981,False,nofill,0.0
2026-02-25 09:30:00-05:00,398.94,420.0,420.16,420.0,423.36,113.0,77,1d+1h+4h,1.913,False,nofill,0.0
2026-02-25 10:30:00-05:00,397.49,418.05,418.21,418.05,421.44,105.2,76,1d+1h+4h,1.867,False,nofill,0.0
2026-02-25 11:30:00-05:00,397.33,418.05,418.2,418.05,421.32,105.2,76,1d+1h+4h,1.882,False,nofill,0.0
2026-02-25 12:30:00-05:00,398.74,420.0,420.15,420.0,423.2,113.0,77,1d+1h+4h,1.931,False,nofill,0.0
2026-02-25 13:30:00-05:00,398.7,420.0,420.15,420.0,423.08,113.0,77,1d+1h+4h,1.934,False,nofill,0.0
2026-02-25 14:30:00-05:00,400.96,420.0,420.15,420.0,423.09,113.0,77,1d+1h+4h,1.729,False,nofill,0.0
2026-02-25 15:30:00-05:00,400.49,420.0,420.14,420.0,423.0,113.0,77,1d+1h+4h,1.772,False,nofill,0.0
2026-02-26 09:30:00-05:00,401.67,420.0,420.16,420.0,423.32,112.0,76,1d+1h+4h,1.69,False,nofill,0.0
2026-02-26 10:30:00-05:00,400.98,420.0,420.16,420.0,423.42,112.0,76,1d+1h+4h,1.753,False,nofill,0.0
2026-02-26 11:30:00-05:00,400.9,420.0,420.16,420.0,423.35,112.0,76,1d+1h+4h,1.761,False,nofill,0.0
2026-02-26 12:30:00-05:00,400.17,420.0,420.16,420.0,423.29,112.0,76,1d+1h+4h,1.828,False,nofill,0.0
2026-02-26 13:30:00-05:00,401.28,420.0,420.16,420.0,423.26,112.0,76,1d+1h+4h,1.726,False,nofill,0.0
2026-02-26 14:30:00-05:00,401.31,420.0,420.15,420.0,423.17,112.0,76,1d+1h+4h,1.723,False,nofill,0.0
2026-02-26 15:30:00-05:00,401.81,420.0,420.14,420.0,423.01,112.0,76,1d+1h+4h,1.677,False,nofill,0.0
2026-02-27 09:30:00-05:00,394.15,415.49,415.66,415.49,419.17,95.4,73,1d+1h+4h,1.955,False,nofill,0.0
2026-02-27 10:30:00-05:00,393.84,415.5,415.67,415.5,419.16,95.4,73,1d+1h+4h,1.984,False,nofill,0.0
2026-02-27 11:30:00-05:00,394.84,415.49,415.66,415.49,419.04,95.4,73,1d+1h+4h,1.892,False,nofill,0.0
2026-02-27 12:30:00-05:00,394.11,415.5,415.66,415.5,418.95,95.4,73,1d+1h+4h,1.96,False,nofill,0.0
2026-02-27 13:30:00-05:00,393.03,410.52,410.68,410.52,413.84,93.6,68,1d+1h+4h,1.602,False,nofill,0.0
2026-02-27 14:30:00-05:00,393.8,415.5,415.66,415.5,418.78,95.4,73,1d+1h+4h,1.988,False,nofill,0.0
2026-02-27 15:30:00-05:00,392.68,410.58,410.74,410.58,413.92,93.6,68,1d+1h+4h,1.64,False,nofill,0.0
2026-03-02 09:30:00-05:00,398.57,420.0,420.18,420.0,423.78,113.0,77,1d+1h+4h,1.969,False,nofill,0.0
2026-03-02 10:30:00-05:00,397.09,417.56,417.74,417.56,421.31,105.2,78,1d+1h+4h,1.881,False,nofill,0.0
2026-03-02 11:30:00-05:00,400.2,420.0,420.18,420.0,423.85,113.0,77,1d+1h+4h,1.819,False,nofill,0.0
2026-03-02 12:30:00-05:00,400.29,420.0,420.17,420.0,423.67,113.0,77,1d+1h+4h,1.811,False,nofill,0.0
2026-03-02 13:30:00-05:00,399.85,420.0,420.17,420.0,423.57,113.0,77,1d+1h+4h,1.851,False,nofill,0.0
2026-03-02 14:30:00-05:00,397.24,417.51,417.68,417.51,421.04,105.2,78,1d+1h+4h,1.862,False,nofill,0.0
2026-03-02 15:30:00-05:00,398.39,420.0,420.16,420.0,423.44,113.0,77,1d+1h+4h,1.985,False,nofill,0.0
2026-03-03 09:30:00-05:00,393.76,415.41,415.59,415.41,419.1,97.2,74,1d+1h+4h,1.949,False,nofill,0.0
2026-03-03 10:30:00-05:00,400.13,420.0,420.19,420.0,423.92,113.0,77,1d+1h+4h,1.789,False,nofill,0.0
2026-03-03 11:30:00-05:00,401.92,420.0,420.18,420.0,423.88,113.0,77,1d+1h+4h,1.628,False,nofill,0.0
2026-03-03 12:30:00-05:00,404.59,419.88,420.07,419.88,423.83,113.0,77,1d+1h+4h,1.377,False,nofill,0.0
2026-03-03 13:30:00-05:00,405.76,419.88,420.06,419.88,423.74,113.0,77,1d+1h+4h,1.271,False,nofill,0.0
2026-03-03 14:30:00-05:00,403.72,419.88,420.06,419.88,423.71,113.0,77,1d+1h+4h,1.455,False,nofill,0.0
2026-03-03 15:30:00-05:00,403.78,419.88,420.06,419.88,423.57,113.0,77,1d+1h+4h,1.45,False,nofill,0.0
2026-03-04 09:30:00-05:00,405.32,420.0,420.19,420.0,423.9,113.0,77,1d+1h+4h,1.325,False,nofill,0.0
2026-03-04 10:30:00-05:00,405.63,420.0,420.18,420.0,423.81,113.0,77,1d+1h+4h,1.297,False,nofill,0.0
2026-03-04 11:30:00-05:00,407.27,420.0,420.18,420.0,423.86,113.0,77,1d+1h+4h,1.149,False,nofill,0.0
2026-03-04 12:30:00-05:00,410.07,420.0,420.19,420.0,423.91,113.0,77,1d+1h+4h,0.897,False,nofill,0.0
2026-03-04 13:30:00-05:00,409.02,420.0,420.18,420.0,423.81,113.0,77,1d+1h+4h,0.991,False,nofill,0.0
2026-03-04 14:30:00-05:00,407.98,420.0,420.18,420.0,423.75,113.0,77,1d+1h+4h,1.085,False,nofill,0.0
2026-03-04 15:30:00-05:00,405.0,420.0,420.18,420.0,423.72,113.0,77,1d+1h+4h,1.354,False,nofill,0.0
2026-03-05 09:30:00-05:00,407.36,420.0,420.19,420.0,424.0,112.0,76,1d+1h+4h,1.171,False,nofill,0.0
2026-03-05 10:30:00-05:00,406.64,420.0,420.19,420.0,423.95,112.0,76,1d+1h+4h,1.237,False,nofill,0.0
2026-03-05 11:30:00-05:00,409.29,420.0,420.19,420.0,424.06,112.0,76,1d+1h+4h,0.992,False,nofill,0.0
2026-03-05 12:30:00-05:00,408.54,420.0,420.19,420.0,423.99,112.0,76,1d+1h+4h,1.061,False,nofill,0.0
2026-03-05 13:30:00-05:00,409.25,420.0,420.18,420.0,423.87,112.0,76,1d+1h+4h,0.996,False,nofill,0.0
2026-03-05 14:30:00-05:00,409.9,420.0,420.18,420.0,423.8,112.0,76,1d+1h+4h,0.935,False,nofill,0.0
2026-03-05 15:30:00-05:00,410.72,420.0,420.18,420.0,423.69,112.0,76,1d+1h+4h,0.859,False,nofill,0.0
2026-03-06 09:30:00-05:00,411.35,419.88,420.06,419.88,423.62,104.2,73,1d+1h+4h,0.824,False,nofill,0.0
2026-03-06 10:30:00-05:00,412.07,419.87,420.05,419.87,423.61,104.2,73,1d+1h+4h,0.754,False,nofill,0.0
2026-03-06 11:30:00-05:00,410.69,419.87,420.04,419.87,423.54,104.2,73,1d+1h+4h,0.887,False,nofill,0.0
2026-03-06 12:30:00-05:00,409.79,419.87,420.04,419.87,423.46,104.2,73,1d+1h+4h,0.974,False,nofill,0.0
2026-03-06 13:30:00-05:00,409.93,419.87,420.03,419.87,423.33,104.2,73,1d+1h+4h,0.96,False,nofill,0.0
2026-03-06 14:30:00-05:00,409.34,419.87,420.03,419.87,423.26,104.2,73,1d+1h+4h,1.018,False,nofill,0.0
2026-03-06 15:30:00-05:00,408.62,419.88,420.04,419.88,423.15,104.2,73,1d+1h+4h,1.088,False,nofill,0.0
2026-03-09 09:30:00-04:00,405.07,419.55,419.71,419.55,422.97,102.4,72,1d+1h+4h,1.435,False,nofill,0.0
2026-03-09 10:30:00-04:00,408.56,419.65,419.82,419.65,423.17,102.4,72,1d+1h+4h,1.1,False,nofill,0.0
2026-03-09 11:30:00-04:00,406.88,419.65,419.82,419.65,423.08,102.4,72,1d+1h+4h,1.266,False,nofill,0.0
2026-03-09 12:30:00-04:00,405.18,419.75,419.91,419.75,423.14,102.4,72,1d+1h+4h,1.445,False,nofill,0.0
2026-03-09 13:30:00-04:00,405.01,419.74,419.89,419.74,422.97,102.4,72,1d+1h+4h,1.46,False,nofill,0.0
2026-03-09 14:30:00-04:00,407.89,419.77,419.93,419.77,423.03,102.4,72,1d+1h+4h,1.178,False,nofill,0.0
2026-03-09 15:30:00-04:00,409.45,419.71,419.87,419.71,422.99,102.4,72,1d+1h+4h,1.017,False,nofill,0.0
2026-03-10 09:30:00-04:00,404.41,419.71,419.88,419.71,423.3,102.4,72,1d+1h+4h,1.548,False,nofill,0.0
2026-03-10 10:30:00-04:00,406.06,419.65,419.82,419.65,423.18,102.4,72,1d+1h+4h,1.375,False,nofill,0.0
2026-03-10 11:30:00-04:00,407.26,419.74,419.9,419.74,423.18,102.4,72,1d+1h+4h,1.263,False,nofill,0.0
2026-03-10 12:30:00-04:00,406.38,419.71,419.87,419.71,423.06,102.4,72,1d+1h+4h,1.349,False,nofill,0.0
2026-03-10 13:30:00-04:00,405.66,419.75,419.91,419.75,423.03,102.4,72,1d+1h+4h,1.425,False,nofill,0.0
2026-03-10 14:30:00-04:00,404.7,419.65,419.8,419.65,422.86,102.4,72,1d+1h+4h,1.513,False,nofill,0.0
2026-03-10 15:30:00-04:00,405.76,419.65,419.8,419.65,422.75,102.4,72,1d+1h+4h,1.405,False,nofill,0.0
2026-03-11 09:30:00-04:00,404.45,419.65,419.81,419.65,422.96,102.4,72,1d+1h+4h,1.566,False,nofill,0.0
2026-03-11 10:30:00-04:00,402.73,419.65,419.81,419.65,422.98,102.4,72,1d+1h+4h,1.743,False,nofill,0.0
2026-03-11 11:30:00-04:00,403.28,419.65,419.8,419.65,422.87,102.4,72,1d+1h+4h,1.686,False,nofill,0.0
2026-03-11 12:30:00-04:00,404.25,419.65,419.8,419.65,422.75,102.4,72,1d+1h+4h,1.587,False,nofill,0.0
2026-03-11 13:30:00-04:00,403.64,419.65,419.79,419.65,422.7,102.4,72,1d+1h+4h,1.65,False,nofill,0.0
2026-03-11 14:30:00-04:00,403.8,419.65,419.79,419.65,422.58,102.4,72,1d+1h+4h,1.633,False,nofill,0.0
2026-03-11 15:30:00-04:00,404.82,419.65,419.79,419.65,422.48,102.4,72,1d+1h+4h,1.528,False,nofill,0.0
2026-03-12 09:30:00-04:00,403.52,419.31,419.45,419.31,422.23,98.6,69,1d+1h+4h,1.693,False,nofill,0.0
2026-03-12 10:30:00-04:00,403.65,419.55,419.69,419.55,422.52,98.6,69,1d+1h+4h,1.705,False,nofill,0.0
2026-03-12 11:30:00-04:00,404.92,419.55,419.69,419.55,422.5,98.6,69,1d+1h+4h,1.569,False,nofill,0.0
2026-03-12 12:30:00-04:00,404.32,419.31,419.45,419.31,422.2,98.6,69,1d+1h+4h,1.607,False,nofill,0.0
2026-03-12 13:30:00-04:00,403.05,419.31,419.45,419.31,422.16,98.6,69,1d+1h+4h,1.743,False,nofill,0.0
2026-03-12 14:30:00-04:00,403.84,419.31,419.44,419.31,422.07,98.6,69,1d+1h+4h,1.659,False,nofill,0.0
2026-03-12 15:30:00-04:00,401.89,419.31,419.44,419.31,422.04,98.6,69,1d+1h+4h,1.868,False,nofill,0.0
2026-03-13 09:30:00-04:00,401.02,419.55,419.69,419.55,422.47,99.6,70,1d+1h+4h,1.969,False,nofill,0.0
2026-03-13 10:30:00-04:00,397.84,410.82,410.97,410.82,413.91,89.8,65,1d+1h+4h,1.38,False,nofill,0.0
2026-03-13 11:30:00-04:00,396.46,410.82,410.97,410.82,413.9,89.8,65,1d+1h+4h,1.526,False,nofill,0.0
2026-03-13 12:30:00-04:00,396.59,410.82,410.97,410.82,413.82,89.8,65,1d+1h+4h,1.513,False,nofill,0.0
2026-03-13 13:30:00-04:00,396.07,410.82,410.97,410.82,413.78,89.8,65,1d+1h+4h,1.568,False,nofill,0.0
2026-03-13 14:30:00-04:00,394.59,410.82,410.96,410.82,413.72,89.8,65,1d+1h+4h,1.725,False,nofill,0.0
2026-03-13 15:30:00-04:00,395.61,410.82,410.96,410.82,413.63,89.8,65,1d+1h+4h,1.617,False,nofill,0.0
2026-03-16 09:30:00-04:00,397.32,412.32,412.46,412.32,415.17,86.4,64,1d+1h+4h,1.638,False,nofill,0.0
2026-03-16 10:30:00-04:00,397.71,412.32,412.45,412.32,415.11,86.4,64,1d+1h+4h,1.596,False,nofill,0.0
2026-03-16 11:30:00-04:00,397.98,412.32,412.45,412.32,415.06,86.4,64,1d+1h+4h,1.567,False,nofill,0.0
2026-03-16 12:30:00-04:00,398.82,412.32,412.45,412.32,415.01,86.4,64,1d+1h+4h,1.475,False,nofill,0.0
2026-03-16 13:30:00-04:00,398.9,412.32,412.45,412.32,414.95,86.4,64,1d+1h+4h,1.466,False,nofill,0.0
2026-03-16 14:30:00-04:00,399.84,418.13,418.25,418.13,420.72,89.4,65,1d+1h+4h,1.997,False,nofill,0.0
2026-03-16 15:30:00-04:00,399.96,418.22,418.34,418.22,420.72,89.6,64,1d+1h+4h,1.995,False,nofill,0.0
2026-03-17 09:30:00-04:00,400.38,418.22,418.35,418.22,420.96,86.6,63,1d+1h+4h,1.989,False,nofill,0.0
2026-03-17 10:30:00-04:00,399.07,411.61,411.74,411.61,414.32,85.8,63,1d+1h+4h,1.397,False,nofill,0.0
2026-03-17 11:30:00-04:00,398.56,411.61,411.74,411.61,414.26,85.8,63,1d+1h+4h,1.454,False,nofill,0.0
2026-03-17 12:30:00-04:00,399.81,417.56,417.68,417.56,420.16,86.6,65,1d+1h+4h,1.978,False,nofill,0.0
2026-03-17 13:30:00-04:00,398.8,411.61,411.73,411.61,414.12,85.8,63,1d+1h+4h,1.428,False,nofill,0.0
2026-03-17 14:30:00-04:00,398.81,411.61,411.72,411.61,414.01,85.8,63,1d+1h+4h,1.426,False,nofill,0.0
2026-03-17 15:30:00-04:00,399.5,411.61,411.72,411.61,413.91,85.8,63,1d+1h+4h,1.35,False,nofill,0.0
2026-03-18 09:30:00-04:00,394.62,411.61,411.73,411.61,414.13,85.8,63,1d+1h+4h,1.903,False,nofill,0.0
2026-03-18 10:30:00-04:00,395.75,411.61,411.73,411.61,414.08,85.8,63,1d+1h+4h,1.776,False,nofill,0.0
2026-03-18 11:30:00-04:00,393.83,411.61,411.73,411.61,414.09,85.8,63,1d+1h+4h,1.991,False,nofill,0.0
2026-03-18 12:30:00-04:00,392.74,410.12,410.24,410.12,412.54,79.8,59,1d+1h+4h,1.946,False,nofill,0.0
2026-03-18 13:30:00-04:00,393.72,411.24,411.36,411.24,413.67,85.0,61,1d+1h+4h,1.961,False,nofill,0.0
2026-03-18 14:30:00-04:00,392.32,410.12,410.23,410.12,412.53,79.8,59,1d+1h+4h,1.993,False,nofill,0.0
2026-03-18 15:30:00-04:00,391.68,406.3,406.41,406.3,408.65,79.2,54,1d+1h+4h,1.638,False,nofill,0.0
2026-03-19 09:30:00-04:00,388.77,406.12,406.24,406.12,408.64,77.2,52,1d+1h+4h,1.999,False,nofill,0.0
2026-03-19 10:30:00-04:00,389.31,406.2,406.32,406.2,408.73,78.2,53,1d+1h+4h,1.946,False,nofill,0.0
2026-03-19 11:30:00-04:00,388.95,406.13,406.25,406.13,408.58,78.2,53,1d+1h+4h,1.979,False,nofill,0.0
2026-03-19 12:30:00-04:00,387.93,404.56,404.67,404.56,406.96,76.2,51,1d+1h+4h,1.916,False,nofill,0.0
2026-03-19 13:30:00-04:00,387.63,404.56,404.67,404.56,406.87,76.2,51,1d+1h+4h,1.951,False,nofill,0.0
2026-03-19 14:30:00-04:00,388.43,404.56,404.67,404.56,406.95,76.2,51,1d+1h+4h,1.858,False,nofill,0.0
2026-03-19 15:30:00-04:00,388.88,406.2,406.31,406.2,408.54,78.2,53,1d+1h+4h,1.996,False,nofill,0.0
2026-03-20 09:30:00-04:00,385.68,402.99,403.12,402.99,405.66,66.6,45,1d+1h+4h,1.991,False,nofill,0.0
2026-03-20 10:30:00-04:00,383.4,396.36,396.49,396.36,399.08,49.0,31,1d+1h+4h,1.491,False,nofill,0.0
2026-03-20 11:30:00-04:00,384.6,396.36,396.49,396.36,399.05,49.0,31,1d+1h+4h,1.353,False,nofill,0.0
2026-03-20 12:30:00-04:00,383.37,396.36,396.49,396.36,399.0,49.0,31,1d+1h+4h,1.494,False,nofill,0.0
2026-03-20 13:30:00-04:00,382.44,396.36,396.48,396.36,398.92,49.0,31,1d+1h+4h,1.601,False,nofill,0.0
2026-03-20 14:30:00-04:00,382.1,396.36,396.48,396.36,398.83,49.0,31,1d+1h+4h,1.641,False,nofill,0.0
2026-03-20 15:30:00-04:00,381.87,396.36,396.48,396.36,398.82,49.0,31,1d+1h+4h,1.667,False,nofill,0.0
2026-03-23 09:30:00-04:00,385.49,402.28,402.41,402.28,404.97,57.8,41,1d+1h+4h,1.983,False,nofill,0.0
2026-03-23 10:30:00-04:00,386.72,403.11,403.24,403.11,405.77,66.6,45,1d+1h+4h,1.936,False,nofill,0.0
2026-03-23 11:30:00-04:00,382.53,396.36,396.49,396.36,399.17,49.0,31,1d+1h+4h,1.634,False,nofill,0.0
2026-03-23 12:30:00-04:00,382.32,396.36,396.49,396.36,399.12,49.0,31,1d+1h+4h,1.659,False,nofill,0.0
2026-03-23 13:30:00-04:00,382.47,396.36,396.49,396.36,399.06,49.0,31,1d+1h+4h,1.641,False,nofill,0.0
2026-03-23 14:30:00-04:00,382.95,396.36,396.48,396.36,398.96,49.0,31,1d+1h+4h,1.584,False,nofill,0.0
2026-03-23 15:30:00-04:00,382.98,396.36,396.48,396.36,398.87,49.0,31,1d+1h+4h,1.581,False,nofill,0.0
2026-03-24 09:30:00-04:00,372.81,390.07,390.22,390.07,393.19,45.0,25,1d+1h+4h,1.995,False,nofill,0.0
2026-03-24 10:30:00-04:00,373.54,390.12,390.27,390.12,393.31,46.0,26,1d+1h+4h,1.916,False,nofill,0.0
2026-03-24 11:30:00-04:00,373.95,390.15,390.3,390.15,393.27,46.0,26,1d+1h+4h,1.872,False,nofill,0.0
2026-03-24 12:30:00-04:00,372.83,390.12,390.27,390.12,393.2,46.0,26,1d+1h+4h,1.998,False,nofill,0.0
2026-03-24 13:30:00-04:00,373.92,390.15,390.29,390.15,393.14,46.0,26,1d+1h+4h,1.876,False,nofill,0.0
2026-03-24 14:30:00-04:00,373.97,390.15,390.29,390.15,393.1,46.0,26,1d+1h+4h,1.87,False,nofill,0.0
2026-03-24 15:30:00-04:00,372.75,390.0,390.14,390.0,392.91,45.0,25,1d+1h+4h,1.993,False,nofill,0.0
2026-03-25 09:30:00-04:00,373.74,390.12,390.26,390.12,393.15,46.0,26,1d+1h+4h,1.913,False,nofill,0.0
2026-03-25 10:30:00-04:00,371.42,378.16,378.31,378.16,381.31,38.8,24,1d+1h+4h,0.788,False,nofill,0.0
2026-03-25 11:30:00-04:00,370.88,378.16,378.3,378.16,381.2,38.8,24,1d+1h+4h,0.851,False,nofill,0.0
2026-03-25 12:30:00-04:00,371.39,378.16,378.3,378.16,381.08,39.8,25,1d+1h+4h,0.791,False,nofill,0.0
2026-03-25 13:30:00-04:00,370.03,378.16,378.29,378.16,380.99,39.8,25,1d+1h+4h,0.949,False,nofill,0.0
2026-03-25 14:30:00-04:00,370.39,378.16,378.29,378.16,380.87,39.8,25,1d+1h+4h,0.907,False,nofill,0.0
2026-03-25 15:30:00-04:00,371.03,378.16,378.28,378.16,380.77,39.8,25,1d+1h+4h,0.833,False,nofill,0.0
2026-03-26 09:30:00-04:00,371.94,388.91,389.04,388.91,391.74,41.0,25,1d+1h+4h,1.966,False,nofill,0.0
2026-03-26 10:30:00-04:00,369.98,378.16,378.3,378.16,381.0,39.8,25,1d+1h+4h,0.948,False,nofill,0.0
2026-03-26 11:30:00-04:00,367.42,378.16,378.3,378.16,381.03,39.8,25,1d+1h+4h,1.244,False,nofill,0.0
2026-03-26 12:30:00-04:00,368.44,378.16,378.29,378.16,380.94,39.8,25,1d+1h+4h,1.126,False,nofill,0.0
2026-03-26 13:30:00-04:00,366.39,378.16,378.29,378.16,380.91,39.8,25,1d+1h+4h,1.364,False,nofill,0.0
2026-03-26 14:30:00-04:00,365.55,378.16,378.29,378.16,380.83,39.8,25,1d+1h+4h,1.461,False,nofill,0.0
2026-03-26 15:30:00-04:00,365.75,378.16,378.28,378.16,380.73,39.8,25,1d+1h+4h,1.438,False,nofill,0.0
2026-03-27 09:30:00-04:00,358.35,375.68,375.83,375.68,378.75,36.6,27,1d+1h+4h,1.995,False,nofill,0.0
2026-03-27 10:30:00-04:00,360.44,375.58,375.72,375.58,378.62,36.6,27,1d+1h+4h,1.742,False,nofill,0.0
2026-03-27 11:30:00-04:00,359.97,375.58,375.72,375.58,378.54,36.6,27,1d+1h+4h,1.797,False,nofill,0.0
2026-03-27 12:30:00-04:00,358.94,375.58,375.72,375.58,378.44,36.6,27,1d+1h+4h,1.916,False,nofill,0.0
2026-03-27 13:30:00-04:00,358.8,375.68,375.81,375.68,378.43,36.6,27,1d+1h+4h,1.943,False,nofill,0.0
2026-03-27 14:30:00-04:00,357.5,368.2,368.33,368.2,370.93,36.4,26,1d+1h+4h,1.232,False,nofill,0.0
2026-03-27 15:30:00-04:00,356.65,368.23,368.36,368.23,370.87,36.4,26,1d+1h+4h,1.333,False,nofill,0.0
2026-03-30 09:30:00-04:00,362.49,378.16,378.3,378.16,381.06,40.8,26,1d+1h+4h,1.799,False,nofill,0.0
2026-03-30 10:30:00-04:00,362.99,378.16,378.3,378.16,381.07,40.8,26,1d+1h+4h,1.741,False,nofill,0.0
2026-03-30 11:30:00-04:00,362.0,378.16,378.3,378.16,381.11,40.8,26,1d+1h+4h,1.855,False,nofill,0.0
2026-03-30 12:30:00-04:00,359.78,375.58,375.72,375.58,378.56,36.6,27,1d+1h+4h,1.814,False,nofill,0.0
2026-03-30 13:30:00-04:00,357.89,368.23,368.37,368.23,371.16,36.4,26,1d+1h+4h,1.187,False,nofill,0.0
2026-03-30 14:30:00-04:00,356.98,368.03,368.17,368.03,371.05,36.4,26,1d+1h+4h,1.269,False,nofill,0.0
2026-03-30 15:30:00-04:00,358.76,375.58,375.72,375.58,378.59,36.6,27,1d+1h+4h,1.931,False,nofill,0.0
2026-03-31 09:30:00-04:00,365.45,378.16,378.33,378.16,381.66,42.8,28,1d+1h+4h,1.4,False,nofill,0.0
2026-03-31 10:30:00-04:00,364.25,378.16,378.32,378.16,381.6,42.8,28,1d+1h+4h,1.532,False,nofill,0.0
2026-03-31 11:30:00-04:00,365.05,378.16,378.32,378.16,381.46,42.8,28,1d+1h+4h,1.444,False,nofill,0.0
2026-03-31 12:30:00-04:00,368.88,378.16,378.33,378.16,381.7,42.8,28,1d+1h+4h,1.022,False,nofill,0.0
2026-03-31 13:30:00-04:00,369.85,378.16,378.32,378.16,381.6,42.8,28,1d+1h+4h,0.915,False,nofill,0.0
2026-03-31 14:30:00-04:00,371.09,378.16,378.32,378.16,381.53,42.8,28,1d+1h+4h,0.779,False,nofill,0.0
2026-03-31 15:30:00-04:00,370.16,378.16,378.32,378.16,381.52,42.8,28,1d+1h+4h,0.881,False,nofill,0.0
2026-04-01 09:30:00-04:00,371.51,389.17,389.34,389.17,392.73,41.0,25,1d+1h+4h,1.997,False,nofill,0.0
2026-04-01 10:30:00-04:00,371.24,388.91,389.07,388.91,392.39,41.0,25,1d+1h+4h,1.998,False,nofill,0.0
2026-04-01 11:30:00-04:00,372.61,390.15,390.31,390.15,393.54,48.8,28,1d+1h+4h,1.983,False,nofill,0.0
2026-04-01 12:30:00-04:00,371.89,389.17,389.32,389.17,392.39,41.0,25,1d+1h+4h,1.954,False,nofill,0.0
2026-04-01 13:30:00-04:00,369.06,378.16,378.31,378.16,381.38,40.8,26,1d+1h+4h,1.029,False,nofill,0.0
2026-04-01 14:30:00-04:00,369.28,378.16,378.31,378.16,381.24,40.8,26,1d+1h+4h,1.003,False,nofill,0.0
2026-04-01 15:30:00-04:00,369.45,378.16,378.3,378.16,381.09,40.8,26,1d+1h+4h,0.985,False,nofill,0.0
2026-04-02 09:30:00-04:00,366.7,378.16,378.31,378.16,381.28,40.8,26,1d+1h+4h,1.289,False,nofill,0.0
2026-04-02 10:30:00-04:00,370.81,378.16,378.31,378.16,381.4,40.8,26,1d+1h+4h,0.827,False,nofill,0.0
2026-04-02 11:30:00-04:00,369.75,378.16,378.31,378.16,381.31,40.8,26,1d+1h+4h,0.947,False,nofill,0.0
2026-04-02 12:30:00-04:00,371.58,389.17,389.32,389.17,392.28,41.0,25,1d+1h+4h,1.979,False,nofill,0.0
2026-04-02 13:30:00-04:00,371.05,378.16,378.3,378.16,381.15,40.8,26,1d+1h+4h,0.8,False,nofill,0.0
2026-04-02 14:30:00-04:00,372.58,390.15,390.29,390.15,393.11,48.8,28,1d+1h+4h,1.977,False,nofill,0.0
2026-04-02 15:30:00-04:00,373.5,390.15,390.29,390.15,393.02,48.8,28,1d+1h+4h,1.873,False,nofill,0.0
2026-04-06 09:30:00-04:00,372.65,388.91,389.05,388.91,391.89,41.0,25,1d+1h+4h,1.901,False,nofill,0.0
2026-04-06 10:30:00-04:00,371.37,378.16,378.3,378.16,381.07,39.8,25,1d+1h+4h,0.794,False,nofill,0.0
2026-04-06 11:30:00-04:00,372.0,388.91,389.04,388.91,391.7,41.0,25,1d+1h+4h,1.976,False,nofill,0.0
2026-04-06 12:30:00-04:00,372.26,388.91,389.04,388.91,391.67,41.0,25,1d+1h+4h,1.946,False,nofill,0.0
2026-04-06 13:30:00-04:00,372.93,390.0,390.13,390.0,392.73,44.0,24,1d+1h+4h,1.996,False,nofill,0.0
2026-04-06 14:30:00-04:00,372.41,388.91,389.03,388.91,391.54,41.0,25,1d+1h+4h,1.929,False,nofill,0.0
2026-04-06 15:30:00-04:00,372.86,389.85,389.97,389.85,392.39,41.0,23,1d+1h+4h,1.986,False,nofill,0.0
2026-04-07 09:30:00-04:00,369.74,375.58,375.71,375.58,378.31,40.4,30,1d+1h+4h,0.696,False,nofill,0.0
2026-04-07 10:30:00-04:00,368.12,375.68,375.81,375.68,378.48,40.4,30,1d+1h+4h,0.901,False,nofill,0.0
2026-04-07 11:30:00-04:00,370.71,375.58,375.71,375.58,378.4,40.4,30,1d+1h+4h,0.58,False,nofill,0.0
2026-04-07 12:30:00-04:00,370.32,375.68,375.81,375.68,378.38,40.4,30,1d+1h+4h,0.639,False,nofill,0.0
2026-04-07 13:30:00-04:00,370.25,375.58,375.71,375.58,378.22,42.2,31,1d+1h+4h,0.635,True,target,0.6087926149699996
2026-04-07 14:30:00-04:00,370.85,375.58,375.71,375.58,378.25,42.2,31,1d+1h+4h,0.564,True,target,0.6172614381275032
2026-04-07 15:30:00-04:00,372.27,375.68,375.81,375.68,378.33,42.2,31,1d+1h+4h,0.406,True,target,0.6108910472091944
2026-04-08 09:30:00-04:00,378.7,395.4,395.56,395.4,398.81,50.0,32,1d+1h+4h,1.907,False,nofill,0.0
2026-04-08 10:30:00-04:00,377.43,390.15,390.31,390.15,393.51,48.8,28,1d+1h+4h,1.452,False,nofill,0.0
2026-04-08 11:30:00-04:00,378.03,395.4,395.56,395.4,398.66,50.0,32,1d+1h+4h,1.983,False,nofill,0.0
2026-04-08 12:30:00-04:00,376.76,390.15,390.3,390.15,393.35,48.8,28,1d+1h+4h,1.529,False,nofill,0.0
2026-04-08 13:30:00-04:00,374.4,390.15,390.3,390.15,393.35,48.8,28,1d+1h+4h,1.798,False,nofill,0.0
2026-04-08 14:30:00-04:00,371.47,375.68,375.83,375.68,378.88,42.2,31,1d+1h+4h,0.481,False,nofill,0.0
2026-04-08 15:30:00-04:00,374.3,390.15,390.3,390.15,393.35,48.8,28,1d+1h+4h,1.809,False,nofill,0.0
2026-04-09 09:30:00-04:00,367.56,375.68,375.85,375.68,379.2,42.2,31,1d+1h+4h,0.938,False,nofill,0.0
2026-04-09 10:30:00-04:00,368.87,375.58,375.75,375.58,379.06,42.2,31,1d+1h+4h,0.776,False,nofill,0.0
2026-04-09 11:30:00-04:00,371.31,375.58,375.75,375.58,379.08,42.2,31,1d+1h+4h,0.493,False,nofill,0.0
2026-04-09 12:30:00-04:00,371.88,375.68,375.84,375.68,379.07,42.2,31,1d+1h+4h,0.44,False,nofill,0.0
2026-04-09 13:30:00-04:00,369.57,375.58,375.74,375.58,379.02,42.2,31,1d+1h+4h,0.695,False,nofill,0.0
2026-04-09 14:30:00-04:00,372.27,375.58,375.74,375.58,379.0,42.2,31,1d+1h+4h,0.383,False,nofill,0.0
2026-04-09 15:30:00-04:00,373.01,390.31,390.47,390.31,393.6,46.0,26,1d+1h+4h,2.0,False,nofill,0.0
2026-04-10 09:30:00-04:00,372.95,375.68,375.84,375.68,379.08,42.2,31,1d+1h+4h,0.324,False,nofill,0.0
2026-04-10 10:30:00-04:00,372.18,375.68,375.84,375.68,379.03,42.2,31,1d+1h+4h,0.415,False,nofill,0.0
2026-04-10 11:30:00-04:00,372.19,375.68,375.84,375.68,378.96,42.2,31,1d+1h+4h,0.414,False,nofill,0.0
2026-04-10 12:30:00-04:00,370.92,375.68,375.83,375.68,378.83,43.2,32,1d+1h+4h,0.564,False,nofill,0.0
2026-04-10 13:30:00-04:00,370.36,375.58,375.72,375.58,378.59,43.2,32,1d+1h+4h,0.619,True,target,0.7033358849254379
2026-04-10 14:30:00-04:00,371.48,375.64,375.78,375.64,378.57,43.2,32,1d+1h+4h,0.493,True,target,0.6809071658895993
2026-04-10 15:30:00-04:00,370.87,375.58,375.71,375.58,378.38,43.2,32,1d+1h+4h,0.558,True,target,0.6491975834319597
2026-04-13 09:30:00-04:00,377.44,390.15,390.3,390.15,393.28,48.8,28,1d+1h+4h,1.444,False,nofill,0.0
2026-04-13 10:30:00-04:00,380.4,396.7,396.85,396.7,399.95,53.0,33,1d+1h+4h,1.852,False,nofill,0.0
2026-04-13 11:30:00-04:00,381.41,396.7,396.85,396.7,399.89,53.0,33,1d+1h+4h,1.737,False,nofill,0.0
2026-04-13 12:30:00-04:00,381.69,396.7,396.85,396.7,399.8,53.0,33,1d+1h+4h,1.705,False,nofill,0.0
2026-04-13 13:30:00-04:00,381.81,396.7,396.84,396.7,399.66,53.0,33,1d+1h+4h,1.691,False,nofill,0.0
2026-04-13 14:30:00-04:00,382.35,396.7,396.83,396.7,399.53,53.0,33,1d+1h+4h,1.63,False,nofill,0.0
2026-04-13 15:30:00-04:00,384.37,396.7,396.83,396.7,399.5,53.0,33,1d+1h+4h,1.401,False,nofill,0.0
2026-04-14 09:30:00-04:00,392.55,410.12,410.28,410.12,413.48,79.8,59,1d+1h+4h,1.972,False,nofill,0.0
2026-04-14 10:30:00-04:00,391.64,406.3,406.46,406.3,409.66,79.2,54,1d+1h+4h,1.646,False,nofill,0.0
2026-04-14 11:30:00-04:00,394.33,411.24,411.4,411.24,414.58,85.0,61,1d+1h+4h,1.898,False,nofill,0.0
2026-04-14 12:30:00-04:00,394.16,411.0,411.15,411.0,414.19,85.0,61,1d+1h+4h,1.891,False,nofill,0.0
2026-04-14 13:30:00-04:00,391.26,406.3,406.46,406.3,409.59,79.2,54,1d+1h+4h,1.689,True,scratch,-0.0985360556467807
2026-04-14 14:30:00-04:00,392.28,406.3,406.45,406.3,409.47,79.2,54,1d+1h+4h,1.573,True,scratch,-0.0970999483090984
2026-04-14 15:30:00-04:00,393.11,410.82,410.97,410.82,413.89,82.2,59,1d+1h+4h,1.988,False,nofill,0.0
2026-04-15 09:30:00-04:00,406.09,419.71,419.89,419.71,423.59,102.4,72,1d+1h+4h,1.392,False,nofill,0.0
2026-04-15 10:30:00-04:00,407.91,419.71,419.89,419.71,423.57,102.4,72,1d+1h+4h,1.206,False,nofill,0.0
2026-04-15 11:30:00-04:00,409.18,419.65,419.83,419.65,423.45,102.4,72,1d+1h+4h,1.07,False,nofill,0.0
2026-04-15 12:30:00-04:00,409.74,419.71,419.89,419.71,423.42,102.4,72,1d+1h+4h,1.019,False,nofill,0.0
2026-04-15 13:30:00-04:00,412.42,419.65,419.83,419.65,423.35,102.4,72,1d+1h+4h,0.739,True,scratch,-0.1019651686259282
2026-04-15 14:30:00-04:00,413.22,419.71,419.88,419.71,423.3,102.4,72,1d+1h+4h,0.663,True,scratch,-0.1006187850587259
2026-04-15 15:30:00-04:00,411.27,419.65,419.82,419.65,423.17,102.4,72,1d+1h+4h,0.856,True,scratch,-0.09984624859675773
2026-04-16 09:30:00-04:00,414.91,419.65,419.84,419.65,423.57,102.4,72,1d+1h+4h,0.485,True,scratch,-0.10441664934635053
2026-04-16 10:30:00-04:00,416.57,419.71,419.9,419.71,423.67,102.4,72,1d+1h+4h,0.321,True,scratch,-0.10484922162585786
2026-04-16 11:30:00-04:00,419.31,420.38,420.57,420.38,424.38,98.8,66,1d+1h+4h,0.11,False,nofill,0.0
2026-04-16 12:30:00-04:00,419.08,419.65,419.83,419.65,423.53,102.4,72,1d+1h+4h,0.058,True,scratch,-0.103966785768006
2026-04-16 13:30:00-04:00,417.48,419.65,419.83,419.65,423.49,102.4,72,1d+1h+4h,0.222,True,target,0.8090764283649854
2026-04-16 14:30:00-04:00,418.35,419.65,419.83,419.65,423.38,103.4,73,1d+1h+4h,0.133,True,target,0.7851030840382078
2026-04-16 15:30:00-04:00,420.04,420.56,420.73,420.56,424.23,99.0,67,1d+1h+4h,0.053,True,target,0.769637266750256
2026-04-17 09:30:00-04:00,425.84,427.53,427.71,427.53,431.4,68.0,52,1d+1h+4h,0.171,True,scratch,-0.10301620547691348
2026-04-17 10:30:00-04:00,430.32,430.82,431.01,430.82,434.84,58.2,43,1d+1h+4h,0.051,False,nofill,0.0
2026-04-17 11:30:00-04:00,428.61,429.13,429.32,429.13,433.14,64.8,50,1d+1h+4h,0.053,True,scratch,-0.10437784894118396
2026-04-17 12:30:00-04:00,423.85,424.39,424.59,424.39,428.57,69.6,52,1d+1h+4h,0.055,True,scratch,-0.10685281639120081
2026-04-17 13:30:00-04:00,420.93,421.61,421.82,421.61,425.84,95.2,64,1d+1h+4h,0.069,True,scratch,-0.1076411058574589
2026-04-17 14:30:00-04:00,422.64,424.41,424.6,424.41,428.49,69.6,52,1d+1h+4h,0.179,False,nofill,0.0
2026-04-17 15:30:00-04:00,422.6,424.41,424.6,424.41,428.32,69.6,52,1d+1h+4h,0.183,False,nofill,0.0
2026-04-20 09:30:00-04:00,419.5,420.58,420.77,420.58,424.67,98.0,66,1d+1h+4h,0.112,False,nofill,0.0
2026-04-20 10:30:00-04:00,418.15,419.65,419.84,419.65,423.71,103.4,73,1d+1h+4h,0.155,True,scratch,-0.1059600712483788
2026-04-20 11:30:00-04:00,418.85,419.65,419.84,419.65,423.59,103.4,73,1d+1h+4h,0.083,True,scratch,-0.10464035923619663
2026-04-20 12:30:00-04:00,419.16,419.65,419.83,419.65,423.43,103.4,73,1d+1h+4h,0.051,False,nofill,0.0
2026-04-20 13:30:00-04:00,418.62,419.65,419.82,419.65,423.26,103.4,73,1d+1h+4h,0.106,True,target,0.7592921764541627
2026-04-20 14:30:00-04:00,417.33,419.65,419.82,419.65,423.15,103.4,73,1d+1h+4h,0.24,True,target,0.733934112906498
2026-04-20 15:30:00-04:00,418.11,419.65,419.81,419.65,423.01,103.4,73,1d+1h+4h,0.159,True,target,0.700533918166113
2026-04-21 09:30:00-04:00,425.12,426.28,426.46,426.28,430.01,68.2,53,1d+1h+4h,0.119,True,scratch,-0.10156259787053035
2026-04-21 10:30:00-04:00,424.7,426.28,426.46,426.28,430.06,68.2,53,1d+1h+4h,0.164,True,scratch,-0.10215776212173511
2026-04-21 11:30:00-04:00,424.95,426.28,426.46,426.28,429.98,68.2,53,1d+1h+4h,0.137,True,scratch,-0.10122124790498122
2026-04-21 12:30:00-04:00,424.76,426.28,426.45,426.28,429.94,68.2,53,1d+1h+4h,0.157,True,scratch,-0.1008452234564694
2026-04-21 13:30:00-04:00,425.79,426.28,426.45,426.28,429.84,69.2,54,1d+1h+4h,0.051,True,scratch,-0.09975981414952484
2026-04-21 14:30:00-04:00,426.46,427.73,427.89,427.73,431.18,69.0,53,1d+1h+4h,0.131,True,target,0.7077855980692327
2026-04-21 15:30:00-04:00,424.25,426.28,426.44,426.28,429.73,69.2,54,1d+1h+4h,0.209,True,target,0.7097735889956214
2026-04-22 09:30:00-04:00,431.12,431.68,431.86,431.68,435.45,51.4,39,1d+1h+4h,0.057,True,scratch,-0.10157029104828075
2026-04-22 10:30:00-04:00,432.14,432.71,432.89,432.71,436.42,48.6,35,1d+1h+4h,0.059,True,scratch,-0.10080850003330033
2026-04-22 11:30:00-04:00,431.71,432.71,432.88,432.71,436.29,48.6,35,1d+1h+4h,0.103,False,nofill,0.0
2026-04-22 12:30:00-04:00,431.31,432.0,432.17,432.0,435.47,49.4,37,1d+1h+4h,0.071,True,scratch,-0.09823417144432245
2026-04-22 13:30:00-04:00,430.78,431.58,431.74,431.58,434.9,51.4,39,1d+1h+4h,0.082,True,scratch,-0.09662828853471694
2026-04-22 14:30:00-04:00,431.9,432.71,432.86,432.71,435.91,49.6,36,1d+1h+4h,0.083,True,scratch,-0.09520453407697582
2026-04-22 15:30:00-04:00,432.68,433.19,433.34,433.19,436.3,45.8,33,1d+1h+4h,0.053,False,nofill,0.0
2026-04-23 09:30:00-04:00,418.82,419.88,420.08,419.88,424.05,108.0,76,1d+1h+4h,0.101,True,scratch,-0.10726566573263652
2026-04-23 10:30:00-04:00,422.5,423.5,423.7,423.5,427.75,75.8,55,1d+1h+4h,0.095,False,nofill,0.0
2026-04-23 11:30:00-04:00,417.93,419.88,420.09,419.88,424.22,108.0,76,1d+1h+4h,0.185,False,nofill,0.0
2026-04-23 12:30:00-04:00,415.2,419.87,420.07,419.87,424.17,108.0,76,1d+1h+4h,0.443,False,nofill,0.0
2026-04-23 13:30:00-04:00,415.09,419.87,420.08,419.87,424.19,108.0,76,1d+1h+4h,0.453,True,scratch,-0.1089170682593954
2026-04-23 14:30:00-04:00,416.34,419.87,420.07,419.87,424.07,108.0,76,1d+1h+4h,0.335,True,scratch,-0.1076059165551202
2026-04-23 15:30:00-04:00,415.75,419.88,420.07,419.88,423.91,108.0,76,1d+1h+4h,0.392,True,scratch,-0.1056145137767861
2026-04-24 09:30:00-04:00,417.65,419.8,420.0,419.8,423.98,106.2,75,1d+1h+4h,0.206,True,scratch,-0.10735090078021203
2026-04-24 10:30:00-04:00,419.88,420.73,420.92,420.73,424.82,102.0,70,1d+1h+4h,0.081,True,scratch,-0.10624250492400344
2026-04-24 11:30:00-04:00,418.77,419.8,419.99,419.8,423.88,106.2,75,1d+1h+4h,0.099,True,target,0.863678835930104
2026-04-24 12:30:00-04:00,418.82,419.8,419.98,419.8,423.67,106.2,75,1d+1h+4h,0.094,True,target,0.81811929470752
2026-04-24 13:30:00-04:00,422.0,422.59,422.78,422.59,426.45,81.0,57,1d+1h+4h,0.057,True,scratch,-0.1033688903947616
2026-04-24 14:30:00-04:00,423.61,428.67,428.85,428.67,432.44,73.6,56,1d+1h+4h,0.484,False,nofill,0.0
2026-04-24 15:30:00-04:00,424.58,428.6,428.77,428.6,432.23,73.6,56,1d+1h+4h,0.385,False,nofill,0.0
2026-04-27 09:30:00-04:00,424.62,429.37,429.56,429.37,433.31,73.6,54,1d+1h+4h,0.456,False,nofill,0.0
2026-04-27 10:30:00-04:00,422.89,429.37,429.56,429.37,433.28,73.6,54,1d+1h+4h,0.622,False,nofill,0.0
2026-04-27 11:30:00-04:00,423.62,426.09,426.27,426.09,429.9,74.0,58,1d+1h+4h,0.237,True,scratch,-0.10253640805449882
2026-04-27 12:30:00-04:00,425.08,426.07,426.25,426.07,429.76,74.0,58,1d+1h+4h,0.095,True,scratch,-0.10115711445554121
2026-04-27 13:30:00-04:00,426.64,428.6,428.77,428.6,432.16,73.6,56,1d+1h+4h,0.188,False,nofill,0.0
2026-04-27 14:30:00-04:00,424.66,426.07,426.24,426.07,429.59,74.0,58,1d+1h+4h,0.135,True,scratch,-0.09924553320816987
2026-04-27 15:30:00-04:00,425.06,426.07,426.23,426.07,429.49,74.0,58,1d+1h+4h,0.097,True,scratch,-0.09813295601301952
2026-04-28 09:30:00-04:00,426.39,428.63,428.8,428.63,432.27,73.6,56,1d+1h+4h,0.219,True,scratch,-0.10033965806061085
2026-04-28 10:30:00-04:00,425.8,428.63,428.8,428.63,432.16,73.6,56,1d+1h+4h,0.276,True,scratch,-0.09921373973676983
2026-04-28 11:30:00-04:00,428.5,429.13,429.3,429.13,432.64,71.6,54,1d+1h+4h,0.062,False,nofill,0.0
2026-04-28 12:30:00-04:00,428.73,429.32,429.49,429.32,432.72,70.6,53,1d+1h+4h,0.058,True,scratch,-0.09759338268261475
2026-04-28 13:30:00-04:00,426.61,428.63,428.79,428.63,431.99,73.6,56,1d+1h+4h,0.197,True,scratch,-0.09722776588622084
2026-04-28 14:30:00-04:00,429.0,429.75,429.91,429.75,433.09,69.8,51,1d+1h+4h,0.074,True,scratch,-0.09695143653309923
2026-04-28 15:30:00-04:00,429.36,430.35,430.5,430.35,433.55,69.8,51,1d+1h+4h,0.097,False,nofill,0.0
2026-04-29 09:30:00-04:00,425.2,428.6,428.77,428.6,432.14,73.6,56,1d+1h+4h,0.335,False,nofill,0.0
2026-04-29 10:30:00-04:00,424.36,428.6,428.76,428.6,432.02,73.6,56,1d+1h+4h,0.418,False,nofill,0.0
2026-04-29 11:30:00-04:00,422.01,422.65,422.82,422.65,426.1,82.0,58,1d+1h+4h,0.063,True,scratch,-0.09873550104850803
2026-04-29 12:30:00-04:00,423.16,428.6,428.76,428.6,432.01,74.6,57,1d+1h+4h,0.536,False,nofill,0.0
2026-04-29 13:30:00-04:00,423.66,428.6,428.76,428.6,431.9,74.6,57,1d+1h+4h,0.487,False,nofill,0.0
2026-04-29 14:30:00-04:00,424.98,428.6,428.75,428.6,431.85,74.6,57,1d+1h+4h,0.357,False,nofill,0.0
2026-04-29 15:30:00-04:00,424.64,428.6,428.75,428.6,431.77,74.6,57,1d+1h+4h,0.39,False,nofill,0.0
2026-04-30 09:30:00-04:00,401.65,420.0,420.23,420.0,424.78,118.0,80,1d+1h+4h,1.623,False,nofill,0.0
2026-04-30 10:30:00-04:00,403.05,420.0,420.23,420.0,424.88,118.0,80,1d+1h+4h,1.499,False,nofill,0.0
2026-04-30 11:30:00-04:00,400.94,420.0,420.23,420.0,424.76,118.0,80,1d+1h+4h,1.686,False,nofill,0.0
2026-04-30 12:30:00-04:00,401.02,420.0,420.22,420.0,424.69,118.0,80,1d+1h+4h,1.679,False,nofill,0.0
2026-04-30 13:30:00-04:00,406.16,420.0,420.23,420.0,424.75,118.0,80,1d+1h+4h,1.225,False,nofill,0.0
2026-04-30 14:30:00-04:00,408.34,420.0,420.22,420.0,424.62,118.0,80,1d+1h+4h,1.031,False,nofill,0.0
2026-04-30 15:30:00-04:00,407.78,420.0,420.21,420.0,424.49,118.0,80,1d+1h+4h,1.081,False,nofill,0.0
2026-05-01 09:30:00-04:00,412.3,420.0,420.23,420.0,424.8,115.0,79,1d+1h+4h,0.69,False,nofill,0.0
2026-05-01 10:30:00-04:00,414.59,420.0,420.23,420.0,424.74,115.0,79,1d+1h+4h,0.485,False,nofill,0.0
2026-05-01 11:30:00-04:00,414.32,419.87,420.09,419.87,424.58,115.0,79,1d+1h+4h,0.497,False,nofill,0.0
2026-05-01 12:30:00-04:00,414.48,420.0,420.21,420.0,424.51,115.0,79,1d+1h+4h,0.495,False,nofill,0.0
2026-05-01 13:30:00-04:00,415.59,420.0,420.21,420.0,424.34,115.0,79,1d+1h+4h,0.395,True,scratch,-0.10918619628113024
2026-05-01 14:30:00-04:00,416.23,419.88,420.08,419.88,424.06,116.0,80,1d+1h+4h,0.327,True,scratch,-0.10729990607046824
2026-05-01 15:30:00-04:00,414.51,419.87,420.07,419.87,424.02,116.0,80,1d+1h+4h,0.48,True,scratch,-0.10697164659335678
2026-05-04 09:30:00-04:00,419.88,420.56,420.78,420.56,425.16,107.6,74,1d+1h+4h,0.061,False,nofill,0.0
2026-05-04 10:30:00-04:00,415.9,420.0,420.22,420.0,424.65,115.0,79,1d+1h+4h,0.37,False,nofill,0.0
2026-05-04 11:30:00-04:00,415.71,420.0,420.22,420.0,424.57,115.0,79,1d+1h+4h,0.387,False,nofill,0.0
2026-05-04 12:30:00-04:00,414.58,420.0,420.21,420.0,424.44,116.0,80,1d+1h+4h,0.49,False,nofill,0.0
2026-05-04 13:30:00-04:00,414.68,420.0,420.2,420.0,424.22,116.0,80,1d+1h+4h,0.48,False,nofill,0.0
2026-05-04 14:30:00-04:00,413.17,420.0,420.2,420.0,424.13,116.0,80,1d+1h+4h,0.617,False,nofill,0.0
2026-05-04 15:30:00-04:00,413.71,420.0,420.19,420.0,423.97,116.0,80,1d+1h+4h,0.568,False,nofill,0.0
2026-05-05 09:30:00-04:00,410.6,420.0,420.2,420.0,424.24,115.0,79,1d+1h+4h,0.866,False,nofill,0.0
2026-05-05 10:30:00-04:00,411.3,420.0,420.19,420.0,424.08,115.0,79,1d+1h+4h,0.802,False,nofill,0.0
2026-05-05 11:30:00-04:00,409.78,420.0,420.19,420.0,424.0,115.0,79,1d+1h+4h,0.942,False,nofill,0.0
2026-05-05 12:30:00-04:00,410.14,420.0,420.18,420.0,423.82,115.0,79,1d+1h+4h,0.908,False,nofill,0.0
2026-05-05 13:30:00-04:00,410.0,420.0,420.17,420.0,423.64,116.8,80,1d+1h+4h,0.922,False,nofill,0.0
2026-05-05 14:30:00-04:00,412.6,420.0,420.17,420.0,423.65,116.8,80,1d+1h+4h,0.682,False,nofill,0.0
2026-05-05 15:30:00-04:00,411.27,420.0,420.17,420.0,423.52,116.8,80,1d+1h+4h,0.804,False,nofill,0.0
2026-05-06 09:30:00-04:00,416.03,420.0,420.2,420.0,424.11,117.8,81,1d+1h+4h,0.36,False,nofill,0.0
2026-05-06 10:30:00-04:00,413.41,420.0,420.2,420.0,424.22,117.8,81,1d+1h+4h,0.598,False,nofill,0.0
2026-05-06 11:30:00-04:00,414.2,420.0,420.2,420.0,424.13,117.8,81,1d+1h+4h,0.526,False,nofill,0.0
2026-05-06 12:30:00-04:00,413.45,420.0,420.19,420.0,423.99,117.8,81,1d+1h+4h,0.594,False,nofill,0.0
2026-05-06 13:30:00-04:00,413.86,420.0,420.18,420.0,423.85,118.8,82,1d+1h+4h,0.557,True,target,0.811165892029031
2026-05-06 14:30:00-04:00,413.28,420.0,420.17,420.0,423.67,118.8,82,1d+1h+4h,0.61,True,target,0.7722324549247039
2026-05-06 15:30:00-04:00,413.76,420.0,420.17,420.0,423.55,118.8,82,1d+1h+4h,0.566,True,target,0.7438907987024734
2026-05-07 09:30:00-04:00,424.24,426.63,426.84,426.63,430.99,81.6,62,1d+1h+4h,0.212,False,nofill,0.0
2026-05-07 10:30:00-04:00,424.55,426.63,426.83,426.63,430.97,81.6,62,1d+1h+4h,0.185,False,nofill,0.0
2026-05-07 11:30:00-04:00,424.88,426.63,426.83,426.63,430.92,81.6,62,1d+1h+4h,0.155,False,nofill,0.0
2026-05-07 12:30:00-04:00,421.21,422.02,422.22,422.02,426.32,104.8,72,1d+1h+4h,0.072,True,scratch,-0.10850854964024048
2026-05-07 13:30:00-04:00,423.19,426.63,426.83,426.63,430.86,82.6,63,1d+1h+4h,0.306,False,nofill,0.0
2026-05-07 14:30:00-04:00,421.5,422.4,422.6,422.4,426.58,103.0,73,1d+1h+4h,0.08,False,nofill,0.0
2026-05-07 15:30:00-04:00,420.99,421.61,421.81,421.61,425.65,108.4,74,1d+1h+4h,0.056,False,nofill,0.0
2026-05-08 09:30:00-04:00,415.83,420.0,420.2,420.0,424.2,118.8,82,1d+1h+4h,0.382,False,nofill,0.0
2026-05-08 10:30:00-04:00,416.92,420.0,420.2,420.0,424.11,118.8,82,1d+1h+4h,0.282,False,nofill,0.0
2026-05-08 11:30:00-04:00,415.82,420.0,420.19,420.0,423.95,118.8,82,1d+1h+4h,0.383,False,nofill,0.0
2026-05-08 12:30:00-04:00,417.2,420.0,420.18,420.0,423.82,118.8,82,1d+1h+4h,0.257,False,nofill,0.0
2026-05-08 13:30:00-04:00,416.04,420.0,420.18,420.0,423.7,118.8,82,1d+1h+4h,0.363,False,nofill,0.0
2026-05-08 14:30:00-04:00,414.83,420.0,420.17,420.0,423.58,118.8,82,1d+1h+4h,0.474,False,nofill,0.0
2026-05-08 15:30:00-04:00,415.15,420.0,420.17,420.0,423.47,118.8,82,1d+1h+4h,0.444,False,nofill,0.0
2026-05-11 09:30:00-04:00,410.67,420.0,420.19,420.0,423.95,117.8,81,1d+1h+4h,0.862,False,nofill,0.0
2026-05-11 10:30:00-04:00,411.88,420.0,420.19,420.0,423.91,117.8,81,1d+1h+4h,0.751,False,nofill,0.0
2026-05-11 11:30:00-04:00,410.91,420.0,420.18,420.0,423.76,117.8,81,1d+1h+4h,0.84,False,nofill,0.0
2026-05-11 12:30:00-04:00,409.1,420.0,420.18,420.0,423.69,117.8,81,1d+1h+4h,1.008,False,nofill,0.0
2026-05-11 13:30:00-04:00,411.38,420.0,420.17,420.0,423.64,117.8,81,1d+1h+4h,0.797,False,nofill,0.0
2026-05-11 14:30:00-04:00,411.58,420.0,420.17,420.0,423.52,117.8,81,1d+1h+4h,0.778,False,nofill,0.0
2026-05-11 15:30:00-04:00,412.68,420.0,420.16,420.0,423.37,117.8,81,1d+1h+4h,0.677,False,nofill,0.0
2026-05-12 09:30:00-04:00,409.01,420.0,420.18,420.0,423.8,116.0,80,1d+1h+4h,1.029,False,nofill,0.0
2026-05-12 10:30:00-04:00,408.33,420.0,420.17,420.0,423.66,116.0,80,1d+1h+4h,1.093,False,nofill,0.0
2026-05-12 11:30:00-04:00,409.5,420.0,420.17,420.0,423.59,116.0,80,1d+1h+4h,0.984,False,nofill,0.0
2026-05-12 12:30:00-04:00,408.88,420.0,420.17,420.0,423.53,116.0,80,1d+1h+4h,1.041,False,nofill,0.0
2026-05-12 13:30:00-04:00,408.35,420.0,420.16,420.0,423.41,116.0,80,1d+1h+4h,1.091,False,nofill,0.0
2026-05-12 14:30:00-04:00,408.95,420.0,420.16,420.0,423.3,116.0,80,1d+1h+4h,1.035,False,nofill,0.0
2026-05-12 15:30:00-04:00,407.76,420.0,420.15,420.0,423.2,116.0,80,1d+1h+4h,1.147,False,nofill,0.0
2026-05-13 09:30:00-04:00,403.04,418.42,418.59,418.42,421.9,112.6,81,1d+1h+4h,1.48,False,nofill,0.0
2026-05-13 10:30:00-04:00,403.29,418.42,418.58,418.42,421.82,112.6,81,1d+1h+4h,1.456,False,nofill,0.0
2026-05-13 11:30:00-04:00,405.66,418.42,418.58,418.42,421.79,112.6,81,1d+1h+4h,1.229,False,nofill,0.0
2026-05-13 12:30:00-04:00,404.09,418.42,418.58,418.42,421.72,112.6,81,1d+1h+4h,1.379,False,nofill,0.0
2026-05-13 13:30:00-04:00,405.35,418.42,418.57,418.42,421.61,112.6,81,1d+1h+4h,1.258,False,nofill,0.0
2026-05-13 14:30:00-04:00,404.6,418.42,418.57,418.42,421.51,112.6,81,1d+1h+4h,1.33,False,nofill,0.0
2026-05-13 15:30:00-04:00,405.12,418.42,418.57,418.42,421.41,112.6,81,1d+1h+4h,1.28,False,nofill,0.0
2026-05-14 09:30:00-04:00,408.86,418.42,418.58,418.42,421.8,112.6,81,1d+1h+4h,0.917,False,nofill,0.0
2026-05-14 10:30:00-04:00,411.38,418.42,418.59,418.42,421.92,112.6,81,1d+1h+4h,0.675,False,nofill,0.0
2026-05-14 11:30:00-04:00,407.72,418.42,418.59,418.42,422.01,112.6,81,1d+1h+4h,1.026,False,nofill,0.0
2026-05-14 12:30:00-04:00,409.08,418.42,418.59,418.42,421.89,112.6,81,1d+1h+4h,0.896,False,nofill,0.0
2026-05-14 13:30:00-04:00,409.17,418.42,418.58,418.42,421.77,112.6,81,1d+1h+4h,0.887,True,target,0.7011472122806284
2026-05-14 14:30:00-04:00,408.97,418.42,418.58,418.42,421.63,112.6,81,1d+1h+4h,0.906,True,target,0.6691334870121857
2026-05-14 15:30:00-04:00,409.47,418.42,418.57,418.42,421.46,112.6,81,1d+1h+4h,0.858,True,target,0.6298360389958679
2026-05-15 09:30:00-04:00,418.47,420.0,420.17,420.0,423.54,118.8,82,1d+1h+4h,0.139,True,target,0.7410544889839388
2026-05-15 10:30:00-04:00,423.37,426.63,426.81,426.63,430.5,87.4,65,1d+1h+4h,0.296,True,scratch,-0.10315865267052082
2026-05-15 11:30:00-04:00,426.04,426.63,426.82,426.63,430.67,87.4,65,1d+1h+4h,0.053,True,scratch,-0.10503281780089857
2026-05-15 12:30:00-04:00,425.96,426.63,426.82,426.63,430.57,87.4,65,1d+1h+4h,0.061,True,scratch,-0.10398952906442993
2026-05-15 13:30:00-04:00,425.9,426.63,426.81,426.63,430.48,87.4,65,1d+1h+4h,0.066,False,nofill,0.0
2026-05-15 14:30:00-04:00,423.91,426.63,426.81,426.63,430.4,87.4,65,1d+1h+4h,0.246,False,nofill,0.0
2026-05-15 15:30:00-04:00,422.04,422.59,422.78,422.59,426.44,89.6,64,1d+1h+4h,0.05,True,scratch,-0.10321579198194764
2026-05-18 09:30:00-04:00,421.9,422.48,422.68,422.48,426.69,94.4,68,1d+1h+4h,0.054,True,scratch,-0.10735688863517945
2026-05-18 10:30:00-04:00,417.63,420.0,420.2,420.0,424.3,118.8,82,1d+1h+4h,0.217,True,target,0.915058222952081
2026-05-18 11:30:00-04:00,417.92,420.0,420.2,420.0,424.2,118.8,82,1d+1h+4h,0.191,True,target,0.8902734208033225
2026-05-18 12:30:00-04:00,423.01,428.42,428.63,428.42,432.71,88.0,64,1d+1h+4h,0.496,False,nofill,0.0
2026-05-18 13:30:00-04:00,423.83,428.42,428.62,428.42,432.6,88.0,64,1d+1h+4h,0.421,True,scratch,-0.1064137110133756
2026-05-18 14:30:00-04:00,422.45,428.42,428.62,428.42,432.55,88.0,64,1d+1h+4h,0.547,True,scratch,-0.10577878374423699
2026-05-18 15:30:00-04:00,423.66,428.42,428.61,428.42,432.38,88.0,64,1d+1h+4h,0.437,True,scratch,-0.10392406419047484
2026-05-19 09:30:00-04:00,425.04,426.63,426.84,426.63,430.98,88.4,66,1d+1h+4h,0.141,False,nofill,0.0
2026-05-19 10:30:00-04:00,421.04,421.61,421.83,421.61,426.03,108.4,74,1d+1h+4h,0.051,True,scratch,-0.10984768463269123
2026-05-19 11:30:00-04:00,417.72,420.0,420.21,420.0,424.43,121.8,83,1d+1h+4h,0.203,False,nofill,0.0
2026-05-19 12:30:00-04:00,418.79,420.0,420.2,420.0,424.3,121.8,83,1d+1h+4h,0.107,False,nofill,0.0
2026-05-19 13:30:00-04:00,419.16,420.0,420.2,420.0,424.11,121.8,83,1d+1h+4h,0.074,False,nofill,0.0
2026-05-19 14:30:00-04:00,418.23,420.0,420.19,420.0,423.99,121.8,83,1d+1h+4h,0.157,False,nofill,0.0
2026-05-19 15:30:00-04:00,417.56,420.0,420.18,420.0,423.85,121.8,83,1d+1h+4h,0.216,False,nofill,0.0
2026-05-20 09:30:00-04:00,413.79,420.0,420.19,420.0,424.04,121.8,83,1d+1h+4h,0.553,False,nofill,0.0
2026-05-20 10:30:00-04:00,416.4,420.0,420.19,420.0,424.08,121.8,83,1d+1h+4h,0.32,True,scratch,-0.10614857582842419
2026-05-20 11:30:00-04:00,418.42,420.0,420.19,420.0,424.0,121.8,83,1d+1h+4h,0.14,True,scratch,-0.10531471085205579
2026-05-20 12:30:00-04:00,419.34,420.0,420.19,420.0,423.93,121.8,83,1d+1h+4h,0.058,True,scratch,-0.10449794155331649
2026-05-20 13:30:00-04:00,420.45,421.02,421.2,421.02,424.84,109.6,76,1d+1h+4h,0.051,True,scratch,-0.10314225623394568
2026-05-20 14:30:00-04:00,420.46,421.06,421.23,421.06,424.72,108.6,75,1d+1h+4h,0.053,True,scratch,-0.10136034450807241
2026-05-20 15:30:00-04:00,421.06,421.63,421.8,421.63,425.17,108.4,74,1d+1h+4h,0.051,True,scratch,-0.09989346475856031
2026-05-21 09:30:00-04:00,417.32,419.88,420.07,419.88,423.96,119.8,83,1d+1h+4h,0.229,False,nofill,0.0
2026-05-21 10:30:00-04:00,418.78,419.87,420.06,419.87,423.86,119.8,83,1d+1h+4h,0.097,True,scratch,-0.10519443737446732
2026-05-21 11:30:00-04:00,417.19,419.87,420.05,419.87,423.73,119.8,83,1d+1h+4h,0.239,True,scratch,-0.10376690096817187
2026-05-21 12:30:00-04:00,417.43,419.87,420.05,419.87,423.61,119.8,83,1d+1h+4h,0.218,True,scratch,-0.10236918326125277
2026-05-21 13:30:00-04:00,418.96,419.88,420.06,419.88,423.57,119.8,83,1d+1h+4h,0.082,True,scratch,-0.10183820256288723
2026-05-21 14:30:00-04:00,418.95,419.88,420.05,419.88,423.45,119.8,83,1d+1h+4h,0.083,True,scratch,-0.1003785549279268
2026-05-21 15:30:00-04:00,419.04,419.87,420.04,419.87,423.36,119.8,83,1d+1h+4h,0.074,True,scratch,-0.09952521980539641
2026-05-22 09:30:00-04:00,416.7,420.0,420.18,420.0,423.85,118.8,82,1d+1h+4h,0.301,True,scratch,-0.10353451151754456
2026-05-22 10:30:00-04:00,419.38,420.0,420.18,420.0,423.8,118.8,82,1d+1h+4h,0.056,True,scratch,-0.10304865827818199
2026-05-22 11:30:00-04:00,419.61,420.21,420.39,420.21,423.91,112.2,77,1d+1h+4h,0.055,False,nofill,0.0
2026-05-22 12:30:00-04:00,418.81,420.0,420.17,420.0,423.57,118.8,82,1d+1h+4h,0.108,False,nofill,0.0
2026-05-22 13:30:00-04:00,418.82,420.0,420.17,420.0,423.47,118.8,82,1d+1h+4h,0.108,False,nofill,0.0
2026-05-22 14:30:00-04:00,418.3,420.0,420.16,420.0,423.34,118.8,82,1d+1h+4h,0.155,False,nofill,0.0
2026-05-22 15:30:00-04:00,418.58,420.0,420.15,420.0,423.17,118.8,82,1d+1h+4h,0.129,False,nofill,0.0
2026-05-26 09:30:00-04:00,418.98,420.0,420.16,420.0,423.44,116.0,80,1d+1h+4h,0.095,False,nofill,0.0
2026-05-26 10:30:00-04:00,415.22,420.0,420.17,420.0,423.57,116.0,80,1d+1h+4h,0.448,False,nofill,0.0
2026-05-26 11:30:00-04:00,415.99,420.0,420.17,420.0,423.47,116.0,80,1d+1h+4h,0.376,False,nofill,0.0
2026-05-26 12:30:00-04:00,413.66,420.0,420.16,420.0,423.44,116.0,80,1d+1h+4h,0.595,False,nofill,0.0
2026-05-26 13:30:00-04:00,415.12,420.0,420.16,420.0,423.4,116.0,80,1d+1h+4h,0.458,False,nofill,0.0
2026-05-26 14:30:00-04:00,415.74,420.0,420.16,420.0,423.26,116.0,80,1d+1h+4h,0.399,False,nofill,0.0
2026-05-26 15:30:00-04:00,416.15,420.0,420.15,420.0,423.11,116.0,80,1d+1h+4h,0.361,False,nofill,0.0
2026-05-27 09:30:00-04:00,415.06,418.65,418.81,418.65,422.03,112.0,80,1d+1h+4h,0.346,False,nofill,0.0
2026-05-27 10:30:00-04:00,412.85,418.82,418.99,418.82,422.19,112.0,80,1d+1h+4h,0.576,False,nofill,0.0
2026-05-27 11:30:00-04:00,412.77,418.67,418.82,418.67,421.87,113.0,81,1d+1h+4h,0.569,False,nofill,0.0
2026-05-27 12:30:00-04:00,411.44,418.88,419.03,418.88,422.06,113.0,81,1d+1h+4h,0.718,False,nofill,0.0
2026-05-27 13:30:00-04:00,412.72,418.67,418.82,418.67,421.73,113.0,81,1d+1h+4h,0.574,True,target,0.6354148643470836
2026-05-27 14:30:00-04:00,413.41,418.65,418.79,418.65,421.65,113.0,81,1d+1h+4h,0.505,True,target,0.6217451287791054
2026-05-27 15:30:00-04:00,412.69,418.67,418.81,418.67,421.57,113.0,81,1d+1h+4h,0.577,True,target,0.5992764674891626
2026-05-28 09:30:00-04:00,425.26,428.42,428.61,428.42,432.38,93.8,67,1d+1h+4h,0.292,False,nofill,0.0
2026-05-28 10:30:00-04:00,424.75,428.42,428.61,428.42,432.36,93.8,67,1d+1h+4h,0.339,True,scratch,-0.10376695432959826
2026-05-28 11:30:00-04:00,425.84,428.42,428.61,428.42,432.27,93.8,67,1d+1h+4h,0.238,True,scratch,-0.10275510096702245
2026-05-28 12:30:00-04:00,425.81,428.42,428.61,428.42,432.29,94.8,68,1d+1h+4h,0.241,True,scratch,-0.10288932432030995
2026-05-28 13:30:00-04:00,426.5,428.42,428.6,428.42,432.26,94.8,68,1d+1h+4h,0.177,True,target,0.7929156667365156
2026-05-28 14:30:00-04:00,426.03,428.42,428.6,428.42,432.11,94.8,68,1d+1h+4h,0.221,True,target,0.7593230109112614
2026-05-28 15:30:00-04:00,427.02,428.42,428.59,428.42,432.0,94.8,68,1d+1h+4h,0.129,True,target,0.7357874941907427
2026-05-29 09:30:00-04:00,439.89,443.4,443.62,443.4,447.96,45.4,31,1d+1h+4h,0.3,True,scratch,-0.1089205982185315
2026-05-29 10:30:00-04:00,443.64,448.19,448.41,448.19,452.87,40.2,31,1d+1h+4h,0.388,False,nofill,0.0
2026-05-29 11:30:00-04:00,442.65,443.39,443.61,443.39,447.92,45.4,31,1d+1h+4h,0.063,True,scratch,-0.10858482902404987
2026-05-29 12:30:00-04:00,443.63,448.19,448.4,448.19,452.58,40.2,31,1d+1h+4h,0.389,True,target,0.8713591297351053
2026-05-29 13:30:00-04:00,442.72,443.39,443.59,443.39,447.63,46.4,32,1d+1h+4h,0.057,True,scratch,-0.10551784201118242
2026-05-29 14:30:00-04:00,443.53,448.19,448.39,448.19,452.31,41.2,32,1d+1h+4h,0.398,True,target,0.8151693801294435
2026-05-29 15:30:00-04:00,448.64,449.96,450.18,449.96,454.38,36.4,28,1d+1h+4h,0.113,True,target,0.8735904551120832
2026-06-01 09:30:00-04:00,461.8,469.51,469.77,469.51,474.94,34.8,22,1d+1h+4h,0.641,False,nofill,0.0
2026-06-01 10:30:00-04:00,460.58,469.51,469.77,469.51,474.87,34.8,22,1d+1h+4h,0.742,False,nofill,0.0
2026-06-01 11:30:00-04:00,461.76,469.51,469.76,469.51,474.84,34.8,22,1d+1h+4h,0.644,False,nofill,0.0
2026-06-01 12:30:00-04:00,460.28,469.51,469.76,469.51,474.67,34.8,22,1d+1h+4h,0.767,False,nofill,0.0
2026-06-01 13:30:00-04:00,460.87,469.51,469.75,469.51,474.56,34.8,22,1d+1h+4h,0.718,False,nofill,0.0
2026-06-01 14:30:00-04:00,463.77,486.69,486.93,486.69,491.69,47.6,28,1d+1h+4h,1.906,False,nofill,0.0
2026-06-01 15:30:00-04:00,460.57,469.51,469.75,469.51,474.46,34.8,22,1d+1h+4h,0.743,False,nofill,0.0
2026-06-02 09:30:00-04:00,444.23,446.16,446.44,446.16,452.04,43.2,32,1d+1h+4h,0.153,False,nofill,0.0
2026-06-02 10:30:00-04:00,443.57,446.16,446.43,446.16,451.83,43.2,32,1d+1h+4h,0.206,False,nofill,0.0
2026-06-02 11:30:00-04:00,445.78,447.85,448.11,447.85,453.35,41.2,32,1d+1h+4h,0.164,False,nofill,0.0
2026-06-02 12:30:00-04:00,444.47,446.16,446.42,446.16,451.53,43.2,32,1d+1h+4h,0.134,False,nofill,0.0
2026-06-02 13:30:00-04:00,442.09,443.39,443.64,443.39,448.61,48.4,34,1d+1h+4h,0.103,False,nofill,0.0
2026-06-02 14:30:00-04:00,441.69,442.5,442.74,442.5,447.53,49.4,35,1d+1h+4h,0.064,False,nofill,0.0
2026-06-02 15:30:00-04:00,441.29,442.5,442.73,442.5,447.27,49.4,35,1d+1h+4h,0.096,False,nofill,0.0
2026-06-03 09:30:00-04:00,430.82,431.58,431.83,431.58,436.82,82.8,58,1d+1h+4h,0.059,False,nofill,0.0
2026-06-03 10:30:00-04:00,427.74,428.91,429.16,428.91,434.2,104.4,74,1d+1h+4h,0.091,False,nofill,0.0
2026-06-03 11:30:00-04:00,425.48,428.91,429.15,428.91,434.02,104.4,74,1d+1h+4h,0.266,False,nofill,0.0
2026-06-03 12:30:00-04:00,425.46,428.91,429.14,428.91,433.77,104.4,74,1d+1h+4h,0.267,False,nofill,0.0
2026-06-03 13:30:00-04:00,428.15,428.91,429.14,428.91,433.67,104.4,74,1d+1h+4h,0.059,True,scratch,-0.11272723671972296
2026-06-03 14:30:00-04:00,427.83,428.91,429.13,428.91,433.45,104.4,74,1d+1h+4h,0.084,True,scratch,-0.11028341245138407
2026-06-03 15:30:00-04:00,427.58,428.91,429.12,428.91,433.27,104.4,74,1d+1h+4h,0.103,True,scratch,-0.10831333457457237
2026-06-04 09:30:00-04:00,430.14,430.82,431.04,430.82,435.51,91.4,65,1d+1h+4h,0.054,True,scratch,-0.11175705386076151
2026-06-04 10:30:00-04:00,430.29,430.94,431.16,430.94,435.49,88.6,63,1d+1h+4h,0.051,False,nofill,0.0
2026-06-04 11:30:00-04:00,427.77,428.91,429.12,428.91,433.36,103.4,73,1d+1h+4h,0.09,False,nofill,0.0
2026-06-04 12:30:00-04:00,426.93,428.91,429.12,428.91,433.23,103.4,73,1d+1h+4h,0.156,False,nofill,0.0
2026-06-04 13:30:00-04:00,427.71,428.91,429.11,428.91,433.06,103.4,73,1d+1h+4h,0.094,True,scratch,-0.10597194019230649
2026-06-04 14:30:00-04:00,427.68,428.91,429.1,428.91,432.91,103.4,73,1d+1h+4h,0.097,True,scratch,-0.10436787966691119
2026-06-04 15:30:00-04:00,428.08,428.91,429.09,428.91,432.73,104.4,74,1d+1h+4h,0.065,True,scratch,-0.1023960985689909
2026-06-05 09:30:00-04:00,423.06,428.91,429.11,428.91,433.04,105.4,75,1d+1h+4h,0.455,False,nofill,0.0
2026-06-05 10:30:00-04:00,422.25,422.92,423.11,422.92,426.94,114.4,82,1d+1h+4h,0.052,False,nofill,0.0
2026-06-05 11:30:00-04:00,419.8,420.49,420.68,420.49,424.48,128.6,89,1d+1h+4h,0.053,True,scratch,-0.10516018935748939
2026-06-05 12:30:00-04:00,419.69,420.49,420.67,420.49,424.36,128.6,89,1d+1h+4h,0.062,True,scratch,-0.10377486625778864
2026-06-05 13:30:00-04:00,418.29,420.49,420.67,420.49,424.36,128.6,89,1d+1h+4h,0.171,False,nofill,0.0
2026-06-05 14:30:00-04:00,416.39,418.05,418.23,418.05,421.94,137.2,100,1d+1h+4h,0.129,False,nofill,0.0
2026-06-05 15:30:00-04:00,416.68,418.02,418.2,418.02,421.75,137.2,100,1d+1h+4h,0.105,False,nofill,0.0
2026-06-08 09:30:00-04:00,412.74,417.94,418.13,417.94,421.84,134.2,99,1d+1h+4h,0.415,False,nofill,0.0
2026-06-08 10:30:00-04:00,411.42,417.94,418.12,417.94,421.73,134.2,99,1d+1h+4h,0.519,False,nofill,0.0
2026-06-08 11:30:00-04:00,410.49,417.94,418.11,417.94,421.59,134.2,99,1d+1h+4h,0.594,False,nofill,0.0
2026-06-08 12:30:00-04:00,410.01,417.94,418.11,417.94,421.5,134.2,99,1d+1h+4h,0.632,False,nofill,0.0
2026-06-08 13:30:00-04:00,412.27,417.94,418.11,417.94,421.48,134.2,99,1d+1h+4h,0.452,False,nofill,0.0
2026-06-08 14:30:00-04:00,412.29,417.94,418.1,417.94,421.33,134.2,99,1d+1h+4h,0.45,False,nofill,0.0
2026-06-08 15:30:00-04:00,411.74,417.94,418.1,417.94,421.24,134.2,99,1d+1h+4h,0.494,False,nofill,0.0
2026-06-09 09:30:00-04:00,409.48,417.94,418.1,417.94,421.36,134.2,99,1d+1h+4h,0.67,False,nofill,0.0
2026-06-09 10:30:00-04:00,403.72,417.94,418.11,417.94,421.61,134.2,99,1d+1h+4h,1.127,False,nofill,0.0
2026-06-09 11:30:00-04:00,401.13,417.94,418.11,417.94,421.6,134.2,99,1d+1h+4h,1.332,False,nofill,0.0
2026-06-09 12:30:00-04:00,401.69,417.94,418.11,417.94,421.61,134.2,99,1d+1h+4h,1.288,False,nofill,0.0
2026-06-09 13:30:00-04:00,403.64,417.94,418.11,417.94,421.53,134.2,99,1d+1h+4h,1.133,False,nofill,0.0
2026-06-09 14:30:00-04:00,402.75,417.94,418.11,417.94,421.42,134.2,99,1d+1h+4h,1.204,False,nofill,0.0
2026-06-09 15:30:00-04:00,403.1,417.94,418.1,417.94,421.39,134.2,99,1d+1h+4h,1.176,False,nofill,0.0
2026-06-10 09:30:00-04:00,402.99,418.35,418.53,418.35,422.12,130.4,94,1d+1h+4h,1.251,False,nofill,0.0
2026-06-10 10:30:00-04:00,401.65,418.22,418.39,418.22,421.88,130.4,94,1d+1h+4h,1.35,False,nofill,0.0
2026-06-10 11:30:00-04:00,402.67,418.13,418.3,418.13,421.73,130.4,94,1d+1h+4h,1.259,False,nofill,0.0
2026-06-10 12:30:00-04:00,401.74,418.35,418.52,418.35,421.86,130.4,94,1d+1h+4h,1.353,False,nofill,0.0
2026-06-10 13:30:00-04:00,401.15,418.2,418.36,418.2,421.6,130.4,94,1d+1h+4h,1.389,False,nofill,0.0
2026-06-10 14:30:00-04:00,398.36,418.13,418.29,418.13,421.51,130.4,94,1d+1h+4h,1.61,False,nofill,0.0
2026-06-10 15:30:00-04:00,397.26,418.35,418.5,418.35,421.64,130.4,94,1d+1h+4h,1.717,False,nofill,0.0
2026-06-11 09:30:00-04:00,389.71,410.12,410.3,410.12,413.86,126.4,88,1d+1h+4h,1.652,False,nofill,0.0
2026-06-11 10:30:00-04:00,387.94,410.33,410.51,410.33,414.17,126.4,88,1d+1h+4h,1.812,False,nofill,0.0
2026-06-11 11:30:00-04:00,387.98,410.33,410.51,410.33,414.14,126.4,88,1d+1h+4h,1.809,False,nofill,0.0
2026-06-11 12:30:00-04:00,387.55,410.21,410.4,410.21,414.1,126.4,88,1d+1h+4h,1.834,False,nofill,0.0
2026-06-11 13:30:00-04:00,388.81,410.25,410.43,410.25,414.08,126.4,88,1d+1h+4h,1.736,False,nofill,0.0
2026-06-11 14:30:00-04:00,387.24,410.25,410.43,410.25,414.0,126.4,88,1d+1h+4h,1.863,False,nofill,0.0
2026-06-11 15:30:00-04:00,390.03,410.12,410.3,410.12,413.92,126.4,88,1d+1h+4h,1.626,False,nofill,0.0
2026-06-12 09:30:00-04:00,384.07,408.1,408.3,408.1,412.33,119.0,81,1d+1h+4h,1.978,False,nofill,0.0
2026-06-12 10:30:00-04:00,388.9,410.2,410.41,410.2,414.58,126.4,88,1d+1h+4h,1.754,False,nofill,0.0
2026-06-12 11:30:00-04:00,387.9,410.2,410.41,410.2,414.45,126.4,88,1d+1h+4h,1.836,False,nofill,0.0
2026-06-12 12:30:00-04:00,388.2,410.29,410.48,410.29,414.38,126.4,88,1d+1h+4h,1.819,False,nofill,0.0
2026-06-12 13:30:00-04:00,387.54,410.2,410.39,410.2,414.14,126.4,88,1d+1h+4h,1.866,False,nofill,0.0
2026-06-12 14:30:00-04:00,389.42,410.2,410.39,410.2,414.03,126.4,88,1d+1h+4h,1.711,False,nofill,0.0
2026-06-12 15:30:00-04:00,390.67,410.2,410.38,410.2,413.9,126.4,88,1d+1h+4h,1.608,False,nofill,0.0
2026-06-15 09:30:00-04:00,398.33,418.18,418.38,418.18,422.28,130.4,94,1d+1h+4h,1.645,False,nofill,0.0
2026-06-15 10:30:00-04:00,398.49,418.2,418.39,418.2,422.15,130.4,94,1d+1h+4h,1.634,False,nofill,0.0
2026-06-15 11:30:00-04:00,401.58,418.22,418.41,418.22,422.15,130.4,94,1d+1h+4h,1.38,False,nofill,0.0
2026-06-15 12:30:00-04:00,399.48,418.21,418.39,418.21,422.09,130.4,94,1d+1h+4h,1.552,False,nofill,0.0
2026-06-15 13:30:00-04:00,398.98,418.2,418.38,418.2,421.88,130.4,94,1d+1h+4h,1.594,False,nofill,0.0
2026-06-15 14:30:00-04:00,398.45,418.22,418.39,418.22,421.76,130.4,94,1d+1h+4h,1.639,False,nofill,0.0
2026-06-15 15:30:00-04:00,399.97,418.18,418.34,418.18,421.64,130.4,94,1d+1h+4h,1.509,False,nofill,0.0
2026-06-16 09:30:00-04:00,393.1,410.2,410.39,410.2,414.1,126.4,88,1d+1h+4h,1.444,False,nofill,0.0
2026-06-16 10:30:00-04:00,393.42,410.2,410.38,410.2,413.96,126.4,88,1d+1h+4h,1.417,False,nofill,0.0
2026-06-16 11:30:00-04:00,391.84,410.2,410.38,410.2,413.89,126.4,88,1d+1h+4h,1.55,False,nofill,0.0
2026-06-16 12:30:00-04:00,391.5,410.2,410.37,410.2,413.71,126.4,88,1d+1h+4h,1.579,False,nofill,0.0
2026-06-16 13:30:00-04:00,392.12,410.25,410.41,410.25,413.63,126.4,88,1d+1h+4h,1.53,False,nofill,0.0
2026-06-16 14:30:00-04:00,393.12,410.2,410.36,410.2,413.45,126.4,88,1d+1h+4h,1.442,False,nofill,0.0
2026-06-16 15:30:00-04:00,393.92,410.21,410.36,410.21,413.33,126.4,88,1d+1h+4h,1.375,False,nofill,0.0
2026-06-17 09:30:00-04:00,387.38,410.2,410.37,410.2,413.64,126.4,88,1d+1h+4h,1.874,False,nofill,0.0
2026-06-17 10:30:00-04:00,385.42,408.1,408.26,408.1,411.52,119.0,81,1d+1h+4h,1.862,False,nofill,0.0
2026-06-17 11:30:00-04:00,385.38,409.68,409.83,409.68,412.96,119.0,83,1d+1h+4h,1.995,False,nofill,0.0
2026-06-17 12:30:00-04:00,384.89,408.1,408.25,408.1,411.3,119.0,81,1d+1h+4h,1.906,False,nofill,0.0
2026-06-17 13:30:00-04:00,383.02,407.01,407.16,407.01,410.23,118.2,77,1d+1h+4h,1.97,False,nofill,0.0
2026-06-17 14:30:00-04:00,379.03,403.11,403.27,403.11,406.48,100.8,68,1d+1h+4h,1.977,False,nofill,0.0
2026-06-17 15:30:00-04:00,378.87,403.11,403.27,403.11,406.56,100.8,68,1d+1h+4h,1.99,False,nofill,0.0
2026-06-18 09:30:00-04:00,377.22,400.42,400.6,400.42,404.1,78.0,52,1d+1h+4h,1.952,False,nofill,0.0
2026-06-18 10:30:00-04:00,375.16,396.36,396.54,396.36,400.05,75.4,47,1d+1h+4h,1.783,False,nofill,0.0
2026-06-18 11:30:00-04:00,378.6,402.15,402.33,402.15,405.85,91.6,62,1d+1h+4h,1.982,False,nofill,0.0
2026-06-18 12:30:00-04:00,379.7,403.39,403.56,403.39,407.04,101.6,68,1d+1h+4h,1.993,False,nofill,0.0
2026-06-18 13:30:00-04:00,377.62,400.42,400.59,400.42,404.03,78.0,52,1d+1h+4h,1.918,False,nofill,0.0
2026-06-18 14:30:00-04:00,378.03,401.75,401.91,401.75,405.21,90.6,61,1d+1h+4h,1.996,False,nofill,0.0
2026-06-18 15:30:00-04:00,379.05,402.15,402.31,402.15,405.58,91.6,62,1d+1h+4h,1.943,False,nofill,0.0
2026-06-22 09:30:00-04:00,373.63,396.4,396.58,396.4,400.2,75.4,47,1d+1h+4h,1.886,False,nofill,0.0
2026-06-22 10:30:00-04:00,371.19,395.0,395.18,395.0,398.82,74.2,49,1d+1h+4h,1.972,False,nofill,0.0
2026-06-22 11:30:00-04:00,368.41,392.16,392.34,392.16,396.02,69.0,45,1d+1h+4h,1.967,False,nofill,0.0
2026-06-22 12:30:00-04:00,368.99,392.16,392.34,392.16,395.86,69.0,45,1d+1h+4h,1.919,False,nofill,0.0
2026-06-22 13:30:00-04:00,370.36,392.16,392.33,392.16,395.75,69.0,45,1d+1h+4h,1.806,False,nofill,0.0
2026-06-22 14:30:00-04:00,369.75,392.16,392.32,392.16,395.61,69.0,45,1d+1h+4h,1.856,False,nofill,0.0
2026-06-22 15:30:00-04:00,367.18,390.93,391.09,390.93,394.38,60.4,38,1d+1h+4h,1.967,False,nofill,0.0
2026-06-23 09:30:00-04:00,376.28,396.36,396.55,396.36,400.26,75.4,47,1d+1h+4h,1.685,False,nofill,0.0
2026-06-23 10:30:00-04:00,372.96,396.4,396.59,396.4,400.36,75.4,47,1d+1h+4h,1.967,False,nofill,0.0
2026-06-23 11:30:00-04:00,373.17,396.4,396.59,396.4,400.23,75.4,47,1d+1h+4h,1.95,False,nofill,0.0
2026-06-23 12:30:00-04:00,373.02,396.4,396.58,396.4,400.04,75.4,47,1d+1h+4h,1.963,False,nofill,0.0
2026-06-23 13:30:00-04:00,373.2,396.36,396.53,396.36,399.88,75.4,47,1d+1h+4h,1.943,False,nofill,0.0
2026-06-23 14:30:00-04:00,373.95,396.4,396.57,396.4,399.82,75.4,47,1d+1h+4h,1.884,False,nofill,0.0
2026-06-23 15:30:00-04:00,373.9,396.4,396.56,396.4,399.78,75.4,47,1d+1h+4h,1.888,False,nofill,0.0
2026-06-24 09:30:00-04:00,374.8,396.7,396.88,396.7,400.43,75.4,47,1d+1h+4h,1.814,False,nofill,0.0
2026-06-24 10:30:00-04:00,374.91,396.7,396.88,396.7,400.39,75.4,47,1d+1h+4h,1.805,False,nofill,0.0
2026-06-24 11:30:00-04:00,373.12,396.36,396.53,396.36,399.94,75.4,47,1d+1h+4h,1.925,False,nofill,0.0
2026-06-24 12:30:00-04:00,370.91,395.0,395.17,395.0,398.52,74.2,49,1d+1h+4h,1.996,False,nofill,0.0
2026-06-24 13:30:00-04:00,370.61,394.57,394.73,394.57,397.99,73.6,48,1d+1h+4h,1.985,False,nofill,0.0
2026-06-24 14:30:00-04:00,368.45,392.16,392.32,392.16,395.56,69.0,45,1d+1h+4h,1.964,False,nofill,0.0
2026-06-24 15:30:00-04:00,365.45,389.36,389.52,389.36,392.81,57.6,36,1d+1h+4h,1.981,False,nofill,0.0
2026-06-25 09:30:00-04:00,359.88,379.32,379.5,379.32,383.19,56.4,38,1d+1h+4h,1.572,False,nofill,0.0
2026-06-25 10:30:00-04:00,356.06,379.32,379.51,379.32,383.38,56.4,38,1d+1h+4h,1.881,False,nofill,0.0
2026-06-25 11:30:00-04:00,352.41,374.72,374.91,374.72,378.81,56.2,41,1d+1h+4h,1.804,False,nofill,0.0
2026-06-25 12:30:00-04:00,351.62,374.72,374.91,374.72,378.65,56.2,41,1d+1h+4h,1.868,False,nofill,0.0
2026-06-25 13:30:00-04:00,357.72,379.32,379.52,379.32,383.61,58.2,39,1d+1h+4h,1.746,False,nofill,0.0
2026-06-25 14:30:00-04:00,352.62,374.72,374.93,374.72,379.12,56.2,41,1d+1h+4h,1.787,False,nofill,0.0
2026-06-25 15:30:00-04:00,352.69,374.72,374.93,374.72,379.05,56.2,41,1d+1h+4h,1.781,False,nofill,0.0
2026-06-26 09:30:00-04:00,367.07,392.16,392.41,392.16,397.31,73.0,47,1d+1h+4h,1.904,False,nofill,0.0
2026-06-26 10:30:00-04:00,370.42,396.4,396.65,396.4,401.59,81.2,52,1d+1h+4h,1.971,False,nofill,0.0
2026-06-26 11:30:00-04:00,367.98,394.32,394.56,394.32,399.43,73.6,48,1d+1h+4h,1.998,False,nofill,0.0
2026-06-26 12:30:00-04:00,369.91,396.14,396.38,396.14,401.12,81.2,52,1d+1h+4h,1.99,False,nofill,0.0
2026-06-26 13:30:00-04:00,370.45,396.4,396.64,396.4,401.27,81.2,52,1d+1h+4h,1.97,False,nofill,0.0
2026-06-26 14:30:00-04:00,370.03,396.36,396.58,396.36,401.08,81.2,52,1d+1h+4h,1.998,False,nofill,0.0
2026-06-26 15:30:00-04:00,371.36,396.4,396.64,396.4,401.28,81.2,52,1d+1h+4h,1.9,False,nofill,0.0
2026-06-29 09:30:00-04:00,376.24,403.6,403.85,403.6,408.81,112.2,75,1d+1h+4h,1.996,False,nofill,0.0
2026-06-29 10:30:00-04:00,373.28,400.62,400.87,400.62,405.89,90.4,60,1d+1h+4h,1.994,False,nofill,0.0
2026-06-29 11:30:00-04:00,368.17,395.0,395.25,395.0,400.33,82.0,54,1d+1h+4h,1.957,False,nofill,0.0
2026-06-29 12:30:00-04:00,369.63,395.0,395.25,395.0,400.27,82.0,54,1d+1h+4h,1.851,False,nofill,0.0
2026-06-29 13:30:00-04:00,368.02,395.0,395.24,395.0,400.09,82.0,54,1d+1h+4h,1.968,False,nofill,0.0
2026-06-29 14:30:00-04:00,367.43,394.83,395.06,394.83,399.73,79.2,52,1d+1h+4h,1.999,False,nofill,0.0
2026-06-29 15:30:00-04:00,368.5,395.0,395.22,395.0,399.71,82.0,54,1d+1h+4h,1.933,False,nofill,0.0
2026-06-30 09:30:00-04:00,371.96,396.4,396.63,396.4,401.17,81.2,52,1d+1h+4h,1.851,False,nofill,0.0
2026-06-30 10:30:00-04:00,370.59,396.4,396.63,396.4,401.16,81.2,52,1d+1h+4h,1.955,False,nofill,0.0
2026-06-30 11:30:00-04:00,370.92,396.4,396.62,396.4,400.94,81.2,52,1d+1h+4h,1.93,False,nofill,0.0
2026-06-30 12:30:00-04:00,371.37,396.14,396.35,396.14,400.57,81.2,52,1d+1h+4h,1.876,False,nofill,0.0
2026-06-30 13:30:00-04:00,370.78,396.4,396.6,396.4,400.6,81.2,52,1d+1h+4h,1.94,False,nofill,0.0
2026-06-30 14:30:00-04:00,371.2,396.14,396.33,396.14,400.19,81.2,52,1d+1h+4h,1.888,False,nofill,0.0
2026-06-30 15:30:00-04:00,372.84,396.36,396.55,396.36,400.37,81.2,52,1d+1h+4h,1.781,False,nofill,0.0
2026-07-01 09:30:00-04:00,382.3,407.49,407.7,407.49,411.99,134.2,91,1d+1h+4h,1.882,False,nofill,0.0
2026-07-01 10:30:00-04:00,386.72,409.84,410.06,409.84,414.5,136.0,94,1d+1h+4h,1.727,False,nofill,0.0
2026-07-01 11:30:00-04:00,385.62,409.84,410.06,409.84,414.4,136.0,94,1d+1h+4h,1.808,False,nofill,0.0
2026-07-01 12:30:00-04:00,387.83,409.84,410.05,409.84,414.29,136.0,94,1d+1h+4h,1.644,False,nofill,0.0
2026-07-01 13:30:00-04:00,388.13,409.84,410.04,409.84,414.14,136.0,94,1d+1h+4h,1.621,False,nofill,0.0
2026-07-01 14:30:00-04:00,385.18,409.84,410.04,409.84,414.08,136.0,94,1d+1h+4h,1.841,False,nofill,0.0
2026-07-01 15:30:00-04:00,384.22,409.84,410.04,409.84,413.99,136.0,94,1d+1h+4h,1.913,False,nofill,0.0
2026-07-02 09:30:00-04:00,388.66,412.46,412.67,412.46,416.77,130.4,92,1d+1h+4h,1.826,False,nofill,0.0
2026-07-02 10:30:00-04:00,387.76,409.84,410.05,409.84,414.16,130.4,90,1d+1h+4h,1.693,False,nofill,0.0
2026-07-02 11:30:00-04:00,390.91,412.46,412.66,412.46,416.72,130.4,92,1d+1h+4h,1.653,False,nofill,0.0
2026-07-02 12:30:00-04:00,391.74,417.8,418.0,417.8,421.99,137.0,101,1d+1h+4h,1.998,False,nofill,0.0
2026-07-02 13:30:00-04:00,390.95,412.46,412.65,412.46,416.53,130.4,92,1d+1h+4h,1.65,False,nofill,0.0
2026-07-02 14:30:00-04:00,391.2,412.46,412.65,412.46,416.39,130.4,92,1d+1h+4h,1.63,False,nofill,0.0
2026-07-02 15:30:00-04:00,389.62,412.46,412.64,412.46,416.25,130.4,92,1d+1h+4h,1.752,False,nofill,0.0
2026-07-06 09:30:00-04:00,384.1,408.29,408.49,408.29,412.44,128.6,87,1d+1h+4h,1.894,False,nofill,0.0
2026-07-06 10:30:00-04:00,386.77,410.05,410.25,410.05,414.23,129.2,90,1d+1h+4h,1.823,False,nofill,0.0
2026-07-06 11:30:00-04:00,384.03,408.29,408.49,408.29,412.42,128.6,87,1d+1h+4h,1.9,False,nofill,0.0
2026-07-06 12:30:00-04:00,385.81,410.05,410.24,410.05,414.06,129.2,90,1d+1h+4h,1.898,False,nofill,0.0
2026-07-06 13:30:00-04:00,386.34,410.05,410.24,410.05,413.96,129.2,90,1d+1h+4h,1.857,False,nofill,0.0
2026-07-06 14:30:00-04:00,386.31,410.05,410.23,410.05,413.77,129.2,90,1d+1h+4h,1.859,False,nofill,0.0
2026-07-06 15:30:00-04:00,386.9,410.05,410.22,410.05,413.6,129.2,90,1d+1h+4h,1.813,False,nofill,0.0
2026-07-07 09:30:00-04:00,393.92,417.94,418.13,417.94,421.88,134.2,99,1d+1h+4h,1.924,False,nofill,0.0
2026-07-07 10:30:00-04:00,393.38,417.94,418.13,417.94,421.86,134.2,99,1d+1h+4h,1.967,False,nofill,0.0
2026-07-07 11:30:00-04:00,394.06,417.94,418.12,417.94,421.72,134.2,99,1d+1h+4h,1.912,False,nofill,0.0
2026-07-07 12:30:00-04:00,393.6,417.94,418.11,417.94,421.59,134.2,99,1d+1h+4h,1.95,False,nofill,0.0
2026-07-07 13:30:00-04:00,391.82,410.05,410.22,410.05,413.58,129.2,90,1d+1h+4h,1.46,False,nofill,0.0
2026-07-07 14:30:00-04:00,389.5,410.05,410.22,410.05,413.53,129.2,90,1d+1h+4h,1.646,False,nofill,0.0
2026-07-07 15:30:00-04:00,388.83,410.05,410.21,410.05,413.42,129.2,90,1d+1h+4h,1.699,False,nofill,0.0
2026-07-08 09:30:00-04:00,382.26,406.36,406.54,406.36,410.06,110.2,73,1d+1h+4h,1.987,False,nofill,0.0
2026-07-08 10:30:00-04:00,382.06,406.31,406.48,406.31,409.9,107.2,72,1d+1h+4h,1.999,False,nofill,0.0
2026-07-08 11:30:00-04:00,382.49,406.71,406.88,406.71,410.15,115.2,76,1d+1h+4h,1.997,False,nofill,0.0
2026-07-08 12:30:00-04:00,383.49,406.78,406.94,406.78,410.13,118.2,77,1d+1h+4h,1.92,False,nofill,0.0
2026-07-08 13:30:00-04:00,383.83,406.78,406.93,406.78,409.97,118.2,77,1d+1h+4h,1.892,False,nofill,0.0
2026-07-08 14:30:00-04:00,383.47,406.78,406.93,406.78,409.88,118.2,77,1d+1h+4h,1.922,False,nofill,0.0
2026-07-08 15:30:00-04:00,383.05,406.78,406.92,406.78,409.74,118.2,77,1d+1h+4h,1.956,False,nofill,0.0
2026-07-09 09:30:00-04:00,376.54,400.12,400.28,400.12,403.59,79.8,53,1d+1h+4h,1.953,False,nofill,0.0
2026-07-09 10:30:00-04:00,380.12,404.19,404.36,404.19,407.74,104.8,70,1d+1h+4h,1.994,False,nofill,0.0
2026-07-09 11:30:00-04:00,379.67,403.6,403.76,403.6,407.01,102.6,69,1d+1h+4h,1.983,False,nofill,0.0
2026-07-09 12:30:00-04:00,380.83,404.56,404.72,404.56,407.86,105.6,70,1d+1h+4h,1.966,False,nofill,0.0
2026-07-09 13:30:00-04:00,380.64,404.56,404.71,404.56,407.7,105.6,70,1d+1h+4h,1.982,False,nofill,0.0
2026-07-09 14:30:00-04:00,382.38,406.45,406.6,406.45,409.51,108.4,72,1d+1h+4h,1.994,False,nofill,0.0
2026-07-09 15:30:00-04:00,384.35,408.1,408.24,408.1,411.12,119.0,81,1d+1h+4h,1.968,False,nofill,0.0
2026-07-10 09:30:00-04:00,384.32,406.78,406.94,406.78,410.21,118.2,77,1d+1h+4h,1.88,False,nofill,0.0
2026-07-10 10:30:00-04:00,382.91,406.78,406.94,406.78,410.2,118.2,77,1d+1h+4h,1.998,False,nofill,0.0
2026-07-10 11:30:00-04:00,384.6,406.78,406.94,406.78,410.12,118.2,77,1d+1h+4h,1.856,False,nofill,0.0
2026-07-10 12:30:00-04:00,384.15,406.78,406.93,406.78,410.0,118.2,77,1d+1h+4h,1.894,False,nofill,0.0
2026-07-10 13:30:00-04:00,385.06,406.78,406.93,406.78,409.93,118.2,77,1d+1h+4h,1.818,False,nofill,0.0
2026-07-10 14:30:00-04:00,385.12,406.78,406.92,406.78,409.77,118.2,77,1d+1h+4h,1.813,False,nofill,0.0
2026-07-10 15:30:00-04:00,385.08,406.78,406.92,406.78,409.62,118.2,77,1d+1h+4h,1.816,False,nofill,0.0
2026-07-13 09:30:00-04:00,385.6,408.0,408.15,408.0,411.16,118.0,80,1d+1h+4h,1.903,False,nofill,0.0
2026-07-13 10:30:00-04:00,391.04,410.25,410.41,410.25,413.61,126.4,88,1d+1h+4h,1.632,False,nofill,0.0
2026-07-13 11:30:00-04:00,392.29,410.25,410.41,410.25,413.53,126.4,88,1d+1h+4h,1.526,False,nofill,0.0
2026-07-13 12:30:00-04:00,392.54,410.25,410.4,410.25,413.45,126.4,88,1d+1h+4h,1.505,False,nofill,0.0
2026-07-13 13:30:00-04:00,392.37,410.25,410.4,410.25,413.33,126.4,88,1d+1h+4h,1.519,False,nofill,0.0
2026-07-13 14:30:00-04:00,390.37,410.25,410.4,410.25,413.35,126.4,88,1d+1h+4h,1.689,False,nofill,0.0
2026-07-13 15:30:00-04:00,390.98,410.25,410.39,410.25,413.28,126.4,88,1d+1h+4h,1.637,False,nofill,0.0
2026-07-14 09:30:00-04:00,384.66,408.01,408.19,408.01,411.75,118.0,80,1d+1h+4h,1.977,False,nofill,0.0
2026-07-14 10:30:00-04:00,385.85,407.92,408.1,407.92,411.64,118.0,80,1d+1h+4h,1.869,False,nofill,0.0
2026-07-14 11:30:00-04:00,386.62,410.21,410.38,410.21,413.85,126.4,88,1d+1h+4h,1.997,False,nofill,0.0
2026-07-14 12:30:00-04:00,386.74,410.25,410.42,410.25,413.78,126.4,88,1d+1h+4h,1.99,False,nofill,0.0
2026-07-14 13:30:00-04:00,386.9,410.25,410.41,410.25,413.63,126.4,88,1d+1h+4h,1.977,False,nofill,0.0
2026-07-14 14:30:00-04:00,386.13,407.97,408.13,407.97,411.26,118.0,80,1d+1h+4h,1.849,False,nofill,0.0
2026-07-14 15:30:00-04:00,384.95,407.97,408.12,407.97,411.14,118.0,80,1d+1h+4h,1.949,False,nofill,0.0
2026-07-15 09:30:00-04:00,395.04,418.2,418.39,418.2,422.09,130.4,94,1d+1h+4h,1.935,False,nofill,0.0
2026-07-15 10:30:00-04:00,396.75,418.2,418.39,418.2,422.13,130.4,94,1d+1h+4h,1.792,False,nofill,0.0
2026-07-15 11:30:00-04:00,397.66,418.2,418.39,418.2,422.09,130.4,94,1d+1h+4h,1.717,False,nofill,0.0
2026-07-15 12:30:00-04:00,396.44,418.2,418.39,418.2,422.09,130.4,94,1d+1h+4h,1.818,False,nofill,0.0
2026-07-15 13:30:00-04:00,396.52,418.2,418.38,418.2,421.95,130.4,94,1d+1h+4h,1.812,False,nofill,0.0
2026-07-15 14:30:00-04:00,395.56,418.22,418.39,418.22,421.88,130.4,94,1d+1h+4h,1.893,False,nofill,0.0
2026-07-15 15:30:00-04:00,395.62,418.22,418.39,418.22,421.75,130.4,94,1d+1h+4h,1.888,False,nofill,0.0
2026-07-16 09:30:00-04:00,395.98,418.22,418.4,418.22,421.99,130.4,94,1d+1h+4h,1.837,False,nofill,0.0
2026-07-16 10:30:00-04:00,398.93,418.2,418.38,418.2,421.98,130.4,94,1d+1h+4h,1.592,False,nofill,0.0
2026-07-16 11:30:00-04:00,400.72,418.18,418.37,418.18,422.08,130.4,94,1d+1h+4h,1.442,False,nofill,0.0
2026-07-16 12:30:00-04:00,403.75,418.22,418.41,418.22,422.13,130.4,94,1d+1h+4h,1.195,False,nofill,0.0
2026-07-16 13:30:00-04:00,404.06,418.18,418.36,418.18,422.01,130.4,94,1d+1h+4h,1.166,False,nofill,0.0
2026-07-16 14:30:00-04:00,401.75,418.21,418.39,418.21,422.09,130.4,94,1d+1h+4h,1.36,False,nofill,0.0
2026-07-16 15:30:00-04:00,401.12,418.22,418.4,418.22,422.04,130.4,94,1d+1h+4h,1.412,False,nofill,0.0
2026-07-17 09:30:00-04:00,392.93,410.2,410.41,410.2,414.49,126.4,88,1d+1h+4h,1.43,False,nofill,0.0
2026-07-17 10:30:00-04:00,391.14,410.29,410.49,410.29,414.58,126.4,88,1d+1h+4h,1.586,False,nofill,0.0
2026-07-17 11:30:00-04:00,392.62,410.29,410.49,410.29,414.42,126.4,88,1d+1h+4h,1.463,False,nofill,0.0
2026-07-17 12:30:00-04:00,394.66,418.18,418.37,418.18,422.21,130.4,94,1d+1h+4h,1.947,False,nofill,0.0
2026-07-17 13:30:00-04:00,394.8,418.2,418.38,418.2,422.05,130.4,94,1d+1h+4h,1.938,False,nofill,0.0
2026-07-17 14:30:00-04:00,395.62,418.2,418.38,418.2,421.9,130.4,94,1d+1h+4h,1.87,False,nofill,0.0
2026-07-17 15:30:00-04:00,393.77,417.84,418.01,417.84,421.44,128.4,96,1d+1h+4h,1.993,False,nofill,0.0
2026-07-20 09:30:00-04:00,394.32,418.35,418.53,418.35,422.11,130.4,94,1d+1h+4h,1.972,False,nofill,0.0
2026-07-20 10:30:00-04:00,397.75,418.35,418.53,418.35,422.14,130.4,94,1d+1h+4h,1.692,False,nofill,0.0
2026-07-20 11:30:00-04:00,401.49,418.35,418.53,418.35,422.22,130.4,94,1d+1h+4h,1.384,False,nofill,0.0
2026-07-20 12:30:00-04:00,401.89,418.35,418.53,418.35,422.17,130.4,94,1d+1h+4h,1.351,False,nofill,0.0
2026-07-20 13:30:00-04:00,401.96,418.22,418.39,418.22,421.89,130.4,94,1d+1h+4h,1.335,False,nofill,0.0
2026-07-20 14:30:00-04:00,401.23,418.35,418.52,418.35,421.93,130.4,94,1d+1h+4h,1.405,False,nofill,0.0
2026-07-20 15:30:00-04:00,402.51,418.13,418.3,418.13,421.61,130.4,94,1d+1h+4h,1.283,False,nofill,0.0
2026-07-21 09:30:00-04:00,401.08,418.13,418.31,418.13,421.82,127.4,93,1d+1h+4h,1.453,False,nofill,0.0
2026-07-21 10:30:00-04:00,398.74,418.22,418.39,418.22,421.89,127.4,93,1d+1h+4h,1.66,False,nofill,0.0
2026-07-21 11:30:00-04:00,398.02,418.13,418.3,418.13,421.74,127.4,93,1d+1h+4h,1.714,False,nofill,0.0
2026-07-21 12:30:00-04:00,399.46,418.21,418.38,418.21,421.71,127.4,93,1d+1h+4h,1.598,False,nofill,0.0
2026-07-21 13:30:00-04:00,398.79,418.22,418.38,418.22,421.56,127.4,93,1d+1h+4h,1.656,False,nofill,0.0
2026-07-21 14:30:00-04:00,399.51,418.21,418.36,418.21,421.44,127.4,93,1d+1h+4h,1.594,False,nofill,0.0
2026-07-21 15:30:00-04:00,397.64,418.22,418.37,418.22,421.4,127.4,93,1d+1h+4h,1.754,False,nofill,0.0
2026-07-22 09:30:00-04:00,389.68,410.2,410.39,410.2,414.02,126.4,88,1d+1h+4h,1.726,False,nofill,0.0
2026-07-22 10:30:00-04:00,389.63,410.25,410.43,410.25,413.96,126.4,88,1d+1h+4h,1.733,False,nofill,0.0
2026-07-22 11:30:00-04:00,389.02,410.2,410.37,410.2,413.77,126.4,88,1d+1h+4h,1.781,False,nofill,0.0
2026-07-22 12:30:00-04:00,387.81,410.2,410.37,410.2,413.7,126.4,88,1d+1h+4h,1.882,False,nofill,0.0
2026-07-22 13:30:00-04:00,388.57,410.2,410.37,410.2,413.57,126.4,88,1d+1h+4h,1.818,False,nofill,0.0
2026-07-22 14:30:00-04:00,389.42,410.2,410.36,410.2,413.46,126.4,88,1d+1h+4h,1.747,False,nofill,0.0
2026-07-22 15:30:00-04:00,390.28,410.2,410.36,410.2,413.42,126.4,88,1d+1h+4h,1.675,False,nofill,0.0
2026-07-23 09:30:00-04:00,383.22,406.78,406.95,406.78,410.43,124.0,80,1d+1h+4h,1.951,False,nofill,0.0
2026-07-23 10:30:00-04:00,378.6,402.28,402.47,402.28,406.17,96.6,63,1d+1h+4h,1.962,False,nofill,0.0
2026-07-23 11:30:00-04:00,380.63,404.56,404.74,404.56,408.42,112.4,74,1d+1h+4h,1.982,False,nofill,0.0
2026-07-23 12:30:00-04:00,381.46,404.56,404.74,404.56,408.32,112.4,74,1d+1h+4h,1.913,False,nofill,0.0
2026-07-23 13:30:00-04:00,381.61,404.52,404.69,404.52,408.09,112.4,74,1d+1h+4h,1.897,False,nofill,0.0
2026-07-23 14:30:00-04:00,380.98,404.52,404.68,404.52,407.95,112.4,74,1d+1h+4h,1.95,False,nofill,0.0
2026-07-23 15:30:00-04:00,381.43,404.56,404.72,404.56,407.97,112.4,74,1d+1h+4h,1.916,False,nofill,0.0
2026-07-24 09:30:00-04:00,381.7,404.1,404.28,404.1,407.89,111.6,74,1d+1h+4h,1.896,False,nofill,0.0
2026-07-24 10:30:00-04:00,385.22,407.97,408.15,407.97,411.82,123.8,83,1d+1h+4h,1.927,False,nofill,0.0
2026-07-24 11:30:00-04:00,385.15,407.92,408.1,407.92,411.66,123.8,83,1d+1h+4h,1.928,False,nofill,0.0
2026-07-24 12:30:00-04:00,384.18,407.01,407.18,407.01,410.61,122.2,79,1d+1h+4h,1.933,False,nofill,0.0
2026-07-24 13:30:00-04:00,383.95,407.01,407.17,407.01,410.45,122.2,79,1d+1h+4h,1.953,False,nofill,0.0
2026-07-24 14:30:00-04:00,383.4,407.01,407.17,407.01,410.32,122.2,79,1d+1h+4h,1.999,False,nofill,0.0
2026-07-24 15:30:00-04:00,381.74,404.1,404.25,404.1,407.34,111.6,74,1d+1h+4h,1.893,False,nofill,0.0
2026-07-27 09:30:00-04:00,390.36,410.2,410.39,410.2,414.09,126.4,88,1d+1h+4h,1.674,False,nofill,0.0
2026-07-27 10:30:00-04:00,393.52,410.2,410.39,410.2,414.16,126.4,88,1d+1h+4h,1.407,False,nofill,0.0
2026-07-27 11:30:00-04:00,390.46,410.2,410.4,410.2,414.21,126.4,88,1d+1h+4h,1.665,False,nofill,0.0
2026-07-27 12:30:00-04:00,391.55,410.2,410.39,410.2,414.07,126.4,88,1d+1h+4h,1.574,False,nofill,0.0
2026-07-27 13:30:00-04:00,392.72,410.25,410.43,410.25,414.04,126.4,88,1d+1h+4h,1.479,False,nofill,0.0
2026-07-27 14:30:00-04:00,391.34,410.2,410.38,410.2,413.94,126.4,88,1d+1h+4h,1.591,False,nofill,0.0
2026-07-27 15:30:00-04:00,389.13,410.25,410.42,410.25,413.92,126.4,88,1d+1h+4h,1.781,False,nofill,0.0
2026-07-28 09:30:00-04:00,395.52,418.13,418.33,418.13,422.37,127.4,93,1d+1h+4h,1.915,False,nofill,0.0
2026-07-28 10:30:00-04:00,399.96,418.21,418.42,418.21,422.56,127.4,93,1d+1h+4h,1.545,False,nofill,0.0
2026-07-28 11:30:00-04:00,398.11,418.13,418.34,418.13,422.48,127.4,93,1d+1h+4h,1.695,False,nofill,0.0
2026-07-28 12:30:00-04:00,398.07,418.13,418.33,418.13,422.28,127.4,93,1d+1h+4h,1.699,False,nofill,0.0
2026-07-28 13:30:00-04:00,397.53,418.13,418.32,418.13,422.17,127.4,93,1d+1h+4h,1.744,False,nofill,0.0
2026-07-28 14:30:00-04:00,392.87,410.21,410.41,410.21,414.37,126.4,88,1d+1h+4h,1.468,False,nofill,0.0
2026-07-28 15:30:00-04:00,393.47,410.25,410.44,410.25,414.22,126.4,88,1d+1h+4h,1.421,False,nofill,0.0
2026-07-29 09:30:00-04:00,392.49,410.2,410.4,410.2,414.31,126.4,88,1d+1h+4h,1.494,False,nofill,0.0
2026-07-29 10:30:00-04:00,394.64,418.22,418.41,418.22,422.29,130.4,94,1d+1h+4h,1.989,False,nofill,0.0
2026-07-29 11:30:00-04:00,395.66,418.21,418.4,418.21,422.21,130.4,94,1d+1h+4h,1.902,False,nofill,0.0
2026-07-29 12:30:00-04:00,396.16,418.22,418.41,418.22,422.2,130.4,94,1d+1h+4h,1.86,False,nofill,0.0
2026-07-29 13:30:00-04:00,398.66,418.21,418.4,418.21,422.18,130.4,94,1d+1h+4h,1.649,True,target,0.8430922910067196
2026-07-29 14:30:00-04:00,395.97,418.21,418.4,418.21,422.3,130.4,94,1d+1h+4h,1.876,True,target,0.871218566561871
2026-07-29 15:30:00-04:00,392.4,410.2,410.41,410.2,414.53,126.4,88,1d+1h+4h,1.502,True,target,0.9420855346919277
2026-07-30 09:30:00-04:00,449.89,468.81,469.21,468.81,477.27,44.4,28,1d+1h+4h,1.192,False,nofill,0.0
2026-07-30 10:30:00-04:00,444.49,446.75,447.15,446.75,455.25,52.0,38,1d+1h+4h,0.142,True,target,1.7495411808130301
2026-07-30 11:30:00-04:00,455.29,486.78,487.2,486.78,495.58,52.6,31,1d+1h+4h,1.984,False,nofill,0.0
2026-07-30 12:30:00-04:00,455.95,486.78,487.18,486.78,495.22,52.6,31,1d+1h+4h,1.943,False,nofill,0.0
2026-07-30 13:30:00-04:00,458.17,489.72,490.1,489.72,497.8,55.0,33,1d+1h+4h,1.988,False,nofill,0.0
2026-07-30 14:30:00-04:00,456.76,486.78,487.15,486.78,494.56,52.6,31,1d+1h+4h,1.892,False,nofill,0.0
2026-07-30 15:30:00-04:00,451.48,468.81,469.18,468.81,476.53,44.4,28,1d+1h+4h,1.092,False,nofill,0.0
2026-07-31 09:30:00-04:00,453.32,468.81,469.2,468.81,476.99,45.4,29,1d+1h+4h,0.969,False,nofill,0.0
2026-07-31 10:30:00-04:00,457.82,489.72,490.11,489.72,497.93,55.0,33,1d+1h+4h,1.995,False,nofill,0.0
2026-07-31 11:30:00-04:00,463.66,489.67,490.06,489.67,497.91,55.0,33,1d+1h+4h,1.628,False,nofill,0.0
2026-07-31 12:30:00-04:00,463.6,489.67,490.05,489.67,497.57,55.0,33,1d+1h+4h,1.631,False,nofill,0.0
2026-07-31 13:30:00-04:00,462.93,489.7,490.06,489.7,497.32,55.0,33,1d+1h+4h,1.675,True,scratch,-0.1339909375412507
2026-07-31 14:30:00-04:00,462.19,489.72,490.07,489.72,497.0,55.0,33,1d+1h+4h,1.722,True,scratch,-0.1306340849827614
2026-07-31 15:30:00-04:00,464.92,489.7,490.04,489.7,496.85,55.0,33,1d+1h+4h,1.55,True,scratch,-0.12940042153301023
2026-08-03 09:30:00-04:00,484.79,508.57,508.98,508.57,517.19,67.6,46,1d+1h+4h,1.419,False,nofill,0.0
2026-08-03 10:30:00-04:00,485.62,508.57,508.97,508.57,517.03,67.6,46,1d+1h+4h,1.369,False,nofill,0.0
2026-08-03 11:30:00-04:00,487.53,508.57,508.96,508.57,516.82,67.6,46,1d+1h+4h,1.255,False,nofill,0.0
2026-08-03 12:30:00-04:00,489.11,508.57,508.94,508.57,516.42,67.6,46,1d+1h+4h,1.161,False,nofill,0.0
2026-08-03 13:30:00-04:00,490.67,508.57,508.93,508.57,516.1,67.6,46,1d+1h+4h,1.068,False,nofill,0.0
2026-08-03 14:30:00-04:00,490.04,508.57,508.92,508.57,515.82,67.6,46,1d+1h+4h,1.105,False,nofill,0.0
2026-08-03 15:30:00-04:00,487.6,508.57,508.9,508.57,515.55,67.6,46,1d+1h+4h,1.251,False,nofill,0.0
2026-08-04 09:30:00-04:00,493.7,510.86,511.23,510.86,518.59,68.0,46,1d+1h+4h,1.009,False,nofill,0.0
2026-08-04 10:30:00-04:00,498.62,510.86,511.22,510.86,518.48,68.0,46,1d+1h+4h,0.719,False,nofill,0.0
2026-08-04 11:30:00-04:00,495.94,510.88,511.23,510.88,518.17,68.0,46,1d+1h+4h,0.878,False,nofill,0.0
2026-08-04 12:30:00-04:00,495.26,510.88,511.21,510.88,517.81,68.0,46,1d+1h+4h,0.918,False,nofill,0.0
2026-08-04 13:30:00-04:00,497.33,510.88,511.2,510.88,517.55,68.0,46,1d+1h+4h,0.797,False,nofill,0.0
2026-08-04 14:30:00-04:00,496.84,510.88,511.18,510.88,517.21,68.0,46,1d+1h+4h,0.825,False,nofill,0.0
2026-08-04 15:30:00-04:00,492.82,510.88,511.18,510.88,517.13,68.0,46,1d+1h+4h,1.062,False,nofill,0.0
2026-08-05 09:30:00-04:00,489.55,508.57,508.89,508.57,515.2,67.6,46,1d+1h+4h,1.14,False,nofill,0.0
2026-08-05 10:30:00-04:00,492.44,508.57,508.87,508.57,514.96,67.6,46,1d+1h+4h,0.966,False,nofill,0.0
2026-08-05 11:30:00-04:00,489.02,508.57,508.87,508.57,514.86,67.6,46,1d+1h+4h,1.171,False,nofill,0.0
2026-08-05 12:30:00-04:00,488.34,508.57,508.86,508.57,514.57,67.6,46,1d+1h+4h,1.212,False,nofill,0.0
2026-08-05 13:30:00-04:00,489.8,508.57,508.85,508.57,514.5,67.6,46,1d+1h+4h,1.125,False,nofill,0.0
2026-08-05 14:30:00-04:00,489.96,508.57,508.84,508.57,514.22,67.6,46,1d+1h+4h,1.115,False,nofill,0.0
2026-08-05 15:30:00-04:00,487.46,508.57,508.84,508.57,514.14,67.6,46,1d+1h+4h,1.265,False,nofill,0.0
2026-08-06 09:30:00-04:00,496.59,508.57,508.86,508.57,514.57,67.6,46,1d+1h+4h,0.726,False,nofill,0.0
2026-08-06 10:30:00-04:00,496.47,508.57,508.85,508.57,514.47,67.6,46,1d+1h+4h,0.733,False,nofill,0.0
2026-08-06 11:30:00-04:00,494.75,508.57,508.84,508.57,514.22,67.6,46,1d+1h+4h,0.837,False,nofill,0.0
2026-08-06 12:30:00-04:00,496.41,508.57,508.83,508.57,514.09,67.6,46,1d+1h+4h,0.737,False,nofill,0.0
2026-08-06 13:30:00-04:00,497.34,508.57,508.82,508.57,513.87,67.6,46,1d+1h+4h,0.68,False,nofill,0.0
2026-08-06 14:30:00-04:00,498.88,508.57,508.81,508.57,513.69,67.6,46,1d+1h+4h,0.587,False,nofill,0.0
2026-08-06 15:30:00-04:00,499.86,508.57,508.81,508.57,513.64,67.6,46,1d+1h+4h,0.528,False,nofill,0.0
2026-08-07 09:30:00-04:00,504.1,509.66,509.91,509.66,514.83,64.8,44,1d+1h+4h,0.352,False,nofill,0.0
2026-08-07 10:30:00-04:00,502.03,509.63,509.87,509.63,514.67,64.8,44,1d+1h+4h,0.481,False,nofill,0.0
2026-08-07 11:30:00-04:00,503.0,509.6,509.83,509.6,514.44,64.8,44,1d+1h+4h,0.418,False,nofill,0.0
2026-08-07 12:30:00-04:00,499.76,509.6,509.83,509.6,514.43,64.8,44,1d+1h+4h,0.623,False,nofill,0.0
2026-08-07 13:30:00-04:00,499.69,509.6,509.82,509.6,514.24,64.8,44,1d+1h+4h,0.628,True,scratch,-0.10333583374533273
2026-08-07 14:30:00-04:00,501.18,509.66,509.88,509.66,514.2,64.8,44,1d+1h+4h,0.537,True,scratch,-0.10239086490365645
2026-08-07 15:30:00-04:00,499.89,509.6,509.81,509.6,513.99,64.8,44,1d+1h+4h,0.615,True,scratch,-0.1009281469208867
2026-08-10 09:30:00-04:00,512.43,513.22,513.46,513.22,518.26,57.2,40,1d+1h+4h,0.05,True,scratch,-0.10670070511222818
2026-08-10 10:30:00-04:00,509.49,510.35,510.59,510.35,515.48,62.2,43,1d+1h+4h,0.055,True,scratch,-0.10779135406010498
2026-08-10 11:30:00-04:00,509.84,510.67,510.91,510.67,515.59,62.2,43,1d+1h+4h,0.053,False,nofill,0.0
2026-08-10 12:30:00-04:00,508.32,509.6,509.83,509.6,514.45,64.8,44,1d+1h+4h,0.082,False,nofill,0.0
2026-08-10 13:30:00-04:00,505.01,509.6,509.83,509.6,514.4,64.8,44,1d+1h+4h,0.294,False,nofill,0.0
2026-08-10 14:30:00-04:00,504.34,509.66,509.89,509.66,514.42,64.8,44,1d+1h+4h,0.34,False,nofill,0.0
2026-08-10 15:30:00-04:00,505.97,509.6,509.82,509.6,514.24,64.8,44,1d+1h+4h,0.232,False,nofill,0.0
2026-08-11 09:30:00-04:00,501.5,510.36,510.59,510.36,515.15,63.2,44,1d+1h+4h,0.591,False,nofill,0.0
2026-08-11 10:30:00-04:00,501.56,510.36,510.58,510.36,515.08,63.2,44,1d+1h+4h,0.587,False,nofill,0.0
2026-08-11 11:30:00-04:00,500.74,510.24,510.46,510.24,514.81,63.2,44,1d+1h+4h,0.634,False,nofill,0.0
2026-08-11 12:30:00-04:00,502.62,510.36,510.57,510.36,514.76,63.2,44,1d+1h+4h,0.516,False,nofill,0.0
2026-08-11 13:30:00-04:00,501.98,510.36,510.56,510.36,514.57,65.0,45,1d+1h+4h,0.559,False,nofill,0.0
2026-08-11 14:30:00-04:00,502.95,510.36,510.55,510.36,514.41,65.0,45,1d+1h+4h,0.494,False,nofill,0.0
2026-08-11 15:30:00-04:00,503.81,510.36,510.55,510.36,514.29,65.0,45,1d+1h+4h,0.437,False,nofill,0.0
2026-08-12 09:30:00-04:00,495.88,510.36,510.58,510.36,514.9,65.0,45,1d+1h+4h,0.979,False,nofill,0.0
2026-08-12 10:30:00-04:00,493.2,510.36,510.57,510.36,514.85,65.0,45,1d+1h+4h,1.16,False,nofill,0.0
2026-08-12 11:30:00-04:00,493.92,510.35,510.56,510.35,514.66,65.0,45,1d+1h+4h,1.111,False,nofill,0.0
2026-08-12 12:30:00-04:00,493.23,510.36,510.56,510.36,514.5,65.0,45,1d+1h+4h,1.158,False,nofill,0.0
2026-08-12 13:30:00-04:00,492.13,510.36,510.55,510.36,514.36,65.0,45,1d+1h+4h,1.233,False,nofill,0.0
2026-08-12 14:30:00-04:00,494.26,510.35,510.54,510.35,514.28,65.0,45,1d+1h+4h,1.088,False,nofill,0.0
2026-08-12 15:30:00-04:00,492.44,510.36,510.54,510.36,514.19,65.0,45,1d+1h+4h,1.212,False,nofill,0.0
2026-08-13 09:30:00-04:00,498.47,510.36,510.56,510.36,514.59,68.0,46,1d+1h+4h,0.827,False,nofill,0.0
2026-08-13 10:30:00-04:00,493.86,510.36,510.57,510.36,514.73,68.0,46,1d+1h+4h,1.149,False,nofill,0.0
2026-08-13 11:30:00-04:00,494.69,510.36,510.56,510.36,514.58,68.0,46,1d+1h+4h,1.09,False,nofill,0.0
2026-08-13 12:30:00-04:00,494.5,510.36,510.55,510.36,514.34,68.0,46,1d+1h+4h,1.104,False,nofill,0.0
2026-08-13 13:30:00-04:00,493.14,510.35,510.53,510.35,514.17,68.0,46,1d+1h+4h,1.198,False,nofill,0.0
2026-08-13 14:30:00-04:00,497.16,510.35,510.54,510.35,514.25,68.0,46,1d+1h+4h,0.918,False,nofill,0.0
2026-08-13 15:30:00-04:00,496.81,510.35,510.53,510.35,514.17,68.0,46,1d+1h+4h,0.942,False,nofill,0.0
2026-08-14 09:30:00-04:00,498.77,510.13,510.33,510.13,514.14,64.2,43,1d+1h+4h,0.825,False,nofill,0.0
2026-08-14 10:30:00-04:00,497.65,510.13,510.32,510.13,514.01,64.2,43,1d+1h+4h,0.906,False,nofill,0.0
2026-08-14 11:30:00-04:00,497.68,510.13,510.32,510.13,513.92,64.2,43,1d+1h+4h,0.904,False,nofill,0.0
2026-08-14 12:30:00-04:00,495.81,510.13,510.31,510.13,513.81,64.2,43,1d+1h+4h,1.04,False,nofill,0.0
2026-08-14 13:30:00-04:00,495.43,510.13,510.3,510.13,513.62,64.2,43,1d+1h+4h,1.067,False,nofill,0.0
2026-08-14 14:30:00-04:00,495.36,510.13,510.29,510.13,513.45,64.2,43,1d+1h+4h,1.072,False,nofill,0.0
2026-08-14 15:30:00-04:00,495.42,510.13,510.29,510.13,513.29,64.2,43,1d+1h+4h,1.068,False,nofill,0.0
2026-08-17 09:30:00-04:00,482.58,510.24,510.42,510.24,514.13,67.0,45,1d+1h+4h,1.975,False,nofill,0.0
2026-08-17 10:30:00-04:00,484.56,510.24,510.42,510.24,514.1,67.0,45,1d+1h+4h,1.834,False,nofill,0.0
2026-08-17 11:30:00-04:00,482.66,510.24,510.42,510.24,514.03,67.0,45,1d+1h+4h,1.969,False,nofill,0.0
2026-08-17 12:30:00-04:00,479.36,507.33,507.51,507.33,511.13,59.2,42,1d+1h+4h,1.997,False,nofill,0.0
2026-08-17 13:30:00-04:00,479.44,507.33,507.5,507.33,510.97,59.2,42,1d+1h+4h,1.992,False,nofill,0.0
2026-08-17 14:30:00-04:00,481.02,507.84,508.01,507.84,511.41,62.0,44,1d+1h+4h,1.915,False,nofill,0.0
2026-08-17 15:30:00-04:00,480.54,507.79,507.96,507.79,511.24,62.0,44,1d+1h+4h,1.946,False,nofill,0.0
2026-08-18 09:30:00-04:00,481.15,507.63,507.81,507.63,511.37,62.0,44,1d+1h+4h,1.96,False,nofill,0.0
2026-08-18 10:30:00-04:00,481.97,507.63,507.81,507.63,511.32,62.0,44,1d+1h+4h,1.899,False,nofill,0.0
2026-08-18 11:30:00-04:00,482.0,507.63,507.8,507.63,511.22,62.0,44,1d+1h+4h,1.897,False,nofill,0.0
2026-08-18 12:30:00-04:00,481.7,507.63,507.79,507.63,511.06,62.0,44,1d+1h+4h,1.919,False,nofill,0.0
2026-08-18 13:30:00-04:00,482.51,507.63,507.79,507.63,510.9,62.0,44,1d+1h+4h,1.859,False,nofill,0.0
2026-08-18 14:30:00-04:00,483.17,510.13,510.29,510.13,513.36,64.2,43,1d+1h+4h,1.996,False,nofill,0.0
2026-08-18 15:30:00-04:00,481.93,507.63,507.78,507.63,510.83,62.0,44,1d+1h+4h,1.902,False,nofill,0.0
2026-08-19 09:30:00-04:00,481.86,507.63,507.79,507.63,511.0,62.0,44,1d+1h+4h,1.944,False,nofill,0.0
2026-08-19 10:30:00-04:00,483.97,507.63,507.79,507.63,511.0,62.0,44,1d+1h+4h,1.785,False,nofill,0.0
2026-08-19 11:30:00-04:00,486.88,507.63,507.8,507.63,511.18,62.0,44,1d+1h+4h,1.565,False,nofill,0.0
2026-08-19 12:30:00-04:00,483.46,507.63,507.8,507.63,511.24,62.0,44,1d+1h+4h,1.824,False,nofill,0.0
2026-08-19 13:30:00-04:00,484.04,507.63,507.8,507.63,511.11,62.0,44,1d+1h+4h,1.78,False,nofill,0.0
2026-08-19 14:30:00-04:00,483.75,507.63,507.79,507.63,510.98,62.0,44,1d+1h+4h,1.802,False,nofill,0.0
2026-08-19 15:30:00-04:00,484.48,507.63,507.78,507.63,510.87,62.0,44,1d+1h+4h,1.747,False,nofill,0.0
2026-08-20 09:30:00-04:00,482.19,507.33,507.49,507.33,510.69,53.6,38,1d+1h+4h,1.988,False,nofill,0.0
2026-08-20 10:30:00-04:00,479.86,489.67,489.83,489.67,493.05,52.4,32,1d+1h+4h,0.776,False,nofill,0.0
2026-08-20 11:30:00-04:00,481.3,489.67,489.83,489.67,492.95,52.4,32,1d+1h+4h,0.662,False,nofill,0.0
2026-08-20 12:30:00-04:00,481.94,489.67,489.83,489.67,492.96,52.4,32,1d+1h+4h,0.611,False,nofill,0.0
2026-08-20 13:30:00-04:00,481.44,489.51,489.66,489.51,492.72,54.2,33,1d+1h+4h,0.638,False,nofill,0.0
2026-08-20 14:30:00-04:00,482.06,489.67,489.82,489.67,492.75,54.2,33,1d+1h+4h,0.602,False,nofill,0.0
2026-08-20 15:30:00-04:00,481.38,489.51,489.65,489.51,492.5,54.2,33,1d+1h+4h,0.643,False,nofill,0.0
2026-08-21 09:30:00-04:00,483.32,507.84,508.0,507.84,511.14,57.0,41,1d+1h+4h,1.994,False,nofill,0.0
2026-08-21 10:30:00-04:00,483.84,508.05,508.22,508.05,511.52,57.0,41,1d+1h+4h,1.969,False,nofill,0.0
2026-08-21 11:30:00-04:00,484.27,508.05,508.21,508.05,511.43,57.0,41,1d+1h+4h,1.934,False,nofill,0.0
2026-08-21 12:30:00-04:00,484.22,508.05,508.21,508.05,511.33,57.0,41,1d+1h+4h,1.938,False,nofill,0.0
2026-08-21 13:30:00-04:00,481.3,489.51,489.67,489.51,492.82,53.2,32,1d+1h+4h,0.668,False,nofill,0.0
2026-08-21 14:30:00-04:00,482.91,507.33,507.49,507.33,510.6,53.6,38,1d+1h+4h,1.986,False,nofill,0.0
2026-08-21 15:30:00-04:00,483.35,507.84,507.99,507.84,510.99,57.0,41,1d+1h+4h,1.991,False,nofill,0.0
2026-08-24 09:30:00-04:00,485.59,508.05,508.21,508.05,511.43,54.2,39,1d+1h+4h,1.865,False,nofill,0.0
2026-08-24 10:30:00-04:00,489.34,512.12,512.28,512.12,515.58,59.2,40,1d+1h+4h,1.891,False,nofill,0.0
2026-08-24 11:30:00-04:00,489.14,512.12,512.28,512.12,515.5,59.2,40,1d+1h+4h,1.908,False,nofill,0.0
2026-08-24 12:30:00-04:00,488.78,512.12,512.28,512.12,515.39,59.2,40,1d+1h+4h,1.938,False,nofill,0.0
2026-08-24 13:30:00-04:00,488.58,512.12,512.27,512.12,515.28,59.2,40,1d+1h+4h,1.954,False,nofill,0.0
2026-08-24 14:30:00-04:00,488.71,512.12,512.27,512.12,515.19,59.2,40,1d+1h+4h,1.944,False,nofill,0.0
2026-08-24 15:30:00-04:00,487.34,510.73,510.87,510.73,513.72,57.4,39,1d+1h+4h,1.942,False,nofill,0.0
2026-08-25 09:30:00-04:00,486.96,507.79,507.94,507.79,511.0,54.2,39,1d+1h+4h,1.77,False,nofill,0.0
2026-08-25 10:30:00-04:00,489.39,512.48,512.64,512.48,515.78,55.2,38,1d+1h+4h,1.963,False,nofill,0.0
2026-08-25 11:30:00-04:00,489.48,512.48,512.63,512.48,515.64,55.2,38,1d+1h+4h,1.955,False,nofill,0.0
2026-08-25 12:30:00-04:00,489.86,512.48,512.63,512.48,515.57,55.2,38,1d+1h+4h,1.923,False,nofill,0.0
2026-08-25 13:30:00-04:00,489.96,512.48,512.63,512.48,515.67,55.2,38,1d+1h+4h,1.915,False,nofill,0.0
2026-08-25 14:30:00-04:00,490.18,512.48,512.63,512.48,515.54,55.2,38,1d+1h+4h,1.895,False,nofill,0.0
2026-08-25 15:30:00-04:00,491.5,512.12,512.26,512.12,515.13,55.2,38,1d+1h+4h,1.753,False,nofill,0.0
2026-08-26 09:30:00-04:00,493.65,511.91,512.08,511.91,515.44,55.2,38,1d+1h+4h,1.568,False,nofill,0.0
2026-08-26 10:30:00-04:00,495.0,511.91,512.07,511.91,515.36,55.2,38,1d+1h+4h,1.452,False,nofill,0.0
2026-08-26 11:30:00-04:00,493.88,511.91,512.07,511.91,515.25,55.2,38,1d+1h+4h,1.548,False,nofill,0.0
2026-08-26 12:30:00-04:00,494.74,511.91,512.06,511.91,515.1,55.2,38,1d+1h+4h,1.474,False,nofill,0.0
2026-08-26 13:30:00-04:00,494.38,512.48,512.63,512.48,515.56,55.2,38,1d+1h+4h,1.554,False,nofill,0.0
2026-08-26 14:30:00-04:00,496.14,511.91,512.06,511.91,514.97,55.2,38,1d+1h+4h,1.354,False,nofill,0.0
2026-08-26 15:30:00-04:00,496.17,511.91,512.05,511.91,514.87,55.2,38,1d+1h+4h,1.352,False,nofill,0.0
2026-08-27 09:30:00-04:00,505.06,512.12,512.31,512.12,516.02,59.2,40,1d+1h+4h,0.589,False,nofill,0.0
2026-08-27 10:30:00-04:00,500.33,512.12,512.31,512.12,516.15,59.2,40,1d+1h+4h,0.984,False,nofill,0.0
2026-08-27 11:30:00-04:00,502.36,512.12,512.31,512.12,516.2,59.2,40,1d+1h+4h,0.814,False,nofill,0.0
2026-08-27 12:30:00-04:00,503.28,512.12,512.31,512.12,516.09,59.2,40,1d+1h+4h,0.738,False,nofill,0.0
2026-08-27 13:30:00-04:00,502.5,512.12,512.31,512.12,516.15,59.2,40,1d+1h+4h,0.803,True,scratch,-0.09742798839985634
2026-08-27 14:30:00-04:00,505.5,512.12,512.31,512.12,516.19,59.2,40,1d+1h+4h,0.552,True,scratch,-0.09783324022057949
2026-08-27 15:30:00-04:00,504.88,512.12,512.31,512.12,516.03,59.2,40,1d+1h+4h,0.604,True,scratch,-0.09631800336228347
2026-08-28 09:30:00-04:00,510.72,512.12,512.32,512.12,516.37,59.2,40,1d+1h+4h,0.117,True,target,0.7300749257401762
2026-08-28 10:30:00-04:00,515.31,516.41,516.62,516.41,520.81,42.0,32,1d+1h+4h,0.091,True,scratch,-0.1005242001310469
2026-08-28 11:30:00-04:00,516.49,517.18,517.39,517.18,521.5,36.4,28,1d+1h+4h,0.057,True,scratch,-0.09971118120031264
2026-08-28 12:30:00-04:00,517.16,518.07,518.27,518.07,522.23,32.6,25,1d+1h+4h,0.076,False,nofill,0.0
2026-08-28 13:30:00-04:00,514.72,516.41,516.61,516.41,520.52,42.0,32,1d+1h+4h,0.14,False,nofill,0.0
2026-08-28 14:30:00-04:00,513.29,514.64,514.83,514.64,518.63,50.4,36,1d+1h+4h,0.112,False,nofill,0.0
2026-08-28 15:30:00-04:00,513.67,514.88,515.06,514.88,518.74,51.4,37,1d+1h+4h,0.1,False,nofill,0.0
2026-08-31 09:30:00-04:00,509.37,512.07,512.26,512.07,516.13,55.2,38,1d+1h+4h,0.231,False,nofill,0.0
2026-08-31 10:30:00-04:00,510.82,512.07,512.26,512.07,516.1,55.2,38,1d+1h+4h,0.107,False,nofill,0.0
2026-08-31 11:30:00-04:00,510.6,512.48,512.67,512.48,516.38,55.2,38,1d+1h+4h,0.161,False,nofill,0.0
2026-08-31 12:30:00-04:00,510.68,512.07,512.25,512.07,515.85,55.2,38,1d+1h+4h,0.119,False,nofill,0.0
2026-08-31 13:30:00-04:00,510.92,512.07,512.25,512.07,515.75,55.2,38,1d+1h+4h,0.098,False,nofill,0.0
2026-08-31 14:30:00-04:00,510.6,512.48,512.65,512.48,516.02,55.2,38,1d+1h+4h,0.161,False,nofill,0.0
2026-08-31 15:30:00-04:00,507.32,511.91,512.08,511.91,515.51,55.2,38,1d+1h+4h,0.392,False,nofill,0.0
2026-09-01 09:30:00-04:00,504.22,512.19,512.39,512.19,516.32,59.2,40,1d+1h+4h,0.686,False,nofill,0.0
2026-09-01 10:30:00-04:00,501.18,512.19,512.39,512.19,516.38,59.2,40,1d+1h+4h,0.948,False,nofill,0.0
2026-09-01 11:30:00-04:00,500.71,512.19,512.38,512.19,516.22,59.2,40,1d+1h+4h,0.989,False,nofill,0.0
2026-09-01 12:30:00-04:00,500.98,512.19,512.38,512.19,516.1,59.2,40,1d+1h+4h,0.966,False,nofill,0.0
2026-09-01 13:30:00-04:00,501.37,512.19,512.37,512.19,515.94,59.2,40,1d+1h+4h,0.932,False,nofill,0.0
2026-09-01 14:30:00-04:00,500.87,512.19,512.36,512.19,515.78,59.2,40,1d+1h+4h,0.975,False,nofill,0.0
2026-09-01 15:30:00-04:00,501.15,512.19,512.36,512.19,515.66,59.2,40,1d+1h+4h,0.95,False,nofill,0.0
2026-09-02 09:30:00-04:00,497.79,512.12,512.29,512.12,515.78,55.2,38,1d+1h+4h,1.268,False,nofill,0.0
2026-09-02 10:30:00-04:00,497.05,511.91,512.08,511.91,515.5,55.2,38,1d+1h+4h,1.315,False,nofill,0.0
2026-09-02 11:30:00-04:00,494.18,511.91,512.08,511.91,515.5,55.2,38,1d+1h+4h,1.569,False,nofill,0.0
2026-09-02 12:30:00-04:00,496.46,511.94,512.11,511.94,515.51,55.2,38,1d+1h+4h,1.37,False,nofill,0.0
2026-09-02 13:30:00-04:00,496.1,512.12,512.28,512.12,515.58,55.2,38,1d+1h+4h,1.417,True,scratch,-0.09210893481467197
2026-09-02 14:30:00-04:00,497.16,512.12,512.28,512.12,515.53,55.2,38,1d+1h+4h,1.324,True,scratch,-0.09161886293290733
2026-09-02 15:30:00-04:00,496.81,512.12,512.27,512.12,515.37,55.2,38,1d+1h+4h,1.355,True,scratch,-0.09019282234682402
2026-09-03 09:30:00-04:00,510.17,512.19,512.39,512.19,516.42,60.2,41,1d+1h+4h,0.171,True,scratch,-0.09925065648233033
2026-09-03 10:30:00-04:00,512.72,514.88,515.09,514.88,519.22,56.2,39,1d+1h+4h,0.182,True,scratch,-0.10008694972941656
2026-09-03 11:30:00-04:00,512.18,514.88,515.08,514.88,519.13,56.2,39,1d+1h+4h,0.228,True,scratch,-0.09928068552160774
2026-09-03 12:30:00-04:00,510.1,512.19,512.39,512.19,516.35,60.2,41,1d+1h+4h,0.177,True,scratch,-0.09862993517328889
2026-09-03 13:30:00-04:00,514.73,515.95,516.16,515.95,520.27,46.2,33,1d+1h+4h,0.103,False,nofill,0.0
2026-09-03 14:30:00-04:00,511.37,512.19,512.4,512.19,516.5,60.2,41,1d+1h+4h,0.069,False,nofill,0.0
2026-09-03 15:30:00-04:00,510.08,512.19,512.39,512.19,516.32,60.2,41,1d+1h+4h,0.178,False,nofill,0.0
2026-09-04 09:30:00-04:00,501.68,512.19,512.41,512.19,516.74,60.2,41,1d+1h+4h,0.888,False,nofill,0.0
2026-09-04 10:30:00-04:00,500.94,512.19,512.4,512.19,516.62,60.2,41,1d+1h+4h,0.951,False,nofill,0.0
2026-09-04 11:30:00-04:00,501.12,512.19,512.39,512.19,516.44,60.2,41,1d+1h+4h,0.936,False,nofill,0.0
2026-09-04 12:30:00-04:00,500.9,512.19,512.38,512.19,516.27,60.2,41,1d+1h+4h,0.954,False,nofill,0.0
2026-09-04 13:30:00-04:00,499.9,512.19,512.38,512.19,516.08,60.2,41,1d+1h+4h,1.039,False,nofill,0.0
2026-09-04 14:30:00-04:00,500.02,512.19,512.37,512.19,515.9,60.2,41,1d+1h+4h,1.029,False,nofill,0.0
2026-09-04 15:30:00-04:00,499.68,512.19,512.36,512.19,515.73,60.2,41,1d+1h+4h,1.058,False,nofill,0.0
2026-09-08 09:30:00-04:00,490.52,512.19,512.38,512.19,516.19,60.2,41,1d+1h+4h,1.859,False,nofill,0.0
2026-09-08 10:30:00-04:00,493.08,512.19,512.38,512.19,516.2,60.2,41,1d+1h+4h,1.639,False,nofill,0.0
2026-09-08 11:30:00-04:00,491.3,512.19,512.38,512.19,516.08,60.2,41,1d+1h+4h,1.792,False,nofill,0.0
2026-09-08 12:30:00-04:00,492.33,512.19,512.37,512.19,515.93,60.2,41,1d+1h+4h,1.703,False,nofill,0.0
2026-09-08 13:30:00-04:00,491.91,512.19,512.36,512.19,515.76,60.2,41,1d+1h+4h,1.739,False,nofill,0.0
2026-09-08 14:30:00-04:00,493.08,512.19,512.36,512.19,515.72,60.2,41,1d+1h+4h,1.639,False,nofill,0.0
2026-09-08 15:30:00-04:00,494.02,512.19,512.35,512.19,515.57,60.2,41,1d+1h+4h,1.558,False,nofill,0.0
2026-09-09 09:30:00-04:00,492.13,513.07,513.24,513.07,516.55,56.2,39,1d+1h+4h,1.877,False,nofill,0.0
2026-09-09 10:30:00-04:00,492.14,513.07,513.23,513.07,516.48,56.2,39,1d+1h+4h,1.876,False,nofill,0.0
2026-09-09 11:30:00-04:00,491.52,513.07,513.23,513.07,516.39,56.2,39,1d+1h+4h,1.932,False,nofill,0.0
2026-09-09 12:30:00-04:00,493.1,513.04,513.19,513.04,516.29,56.2,39,1d+1h+4h,1.787,False,nofill,0.0
2026-09-09 13:30:00-04:00,492.46,513.04,513.19,513.04,516.16,56.2,39,1d+1h+4h,1.845,False,nofill,0.0
2026-09-09 14:30:00-04:00,491.72,513.07,513.21,513.07,516.08,56.2,39,1d+1h+4h,1.914,False,nofill,0.0
2026-09-09 15:30:00-04:00,491.77,513.07,513.21,513.07,515.95,56.2,39,1d+1h+4h,1.909,False,nofill,0.0
2026-09-10 09:30:00-04:00,490.88,511.94,512.09,511.94,515.04,55.2,38,1d+1h+4h,1.92,False,nofill,0.0
2026-09-10 10:30:00-04:00,492.33,513.07,513.22,513.07,516.14,56.2,39,1d+1h+4h,1.891,False,nofill,0.0
2026-09-10 11:30:00-04:00,493.02,513.07,513.21,513.07,516.08,56.2,39,1d+1h+4h,1.828,False,nofill,0.0
2026-09-10 12:30:00-04:00,492.64,513.07,513.21,513.07,516.02,56.2,39,1d+1h+4h,1.863,False,nofill,0.0
2026-09-10 13:30:00-04:00,490.86,511.94,512.08,511.94,514.87,55.2,38,1d+1h+4h,1.921,False,nofill,0.0
2026-09-10 14:30:00-04:00,490.27,511.94,512.08,511.94,514.78,55.2,38,1d+1h+4h,1.976,False,nofill,0.0
2026-09-10 15:30:00-04:00,492.49,513.07,513.21,513.07,515.91,56.2,39,1d+1h+4h,1.876,False,nofill,0.0
2026-09-11 09:30:00-04:00,495.13,513.22,513.37,513.22,516.34,55.2,38,1d+1h+4h,1.698,False,nofill,0.0
2026-09-11 10:30:00-04:00,496.78,513.22,513.37,513.22,516.44,55.2,38,1d+1h+4h,1.543,False,nofill,0.0
2026-09-11 11:30:00-04:00,495.28,513.04,513.19,513.04,516.25,55.2,38,1d+1h+4h,1.668,False,nofill,0.0
2026-09-11 12:30:00-04:00,495.28,513.22,513.37,513.22,516.33,55.2,38,1d+1h+4h,1.684,False,nofill,0.0
2026-09-11 13:30:00-04:00,495.92,513.22,513.36,513.22,516.21,55.2,38,1d+1h+4h,1.624,False,nofill,0.0
2026-09-11 14:30:00-04:00,497.14,513.22,513.36,513.22,516.13,55.2,38,1d+1h+4h,1.51,False,nofill,0.0
