ts,close,level,buy_price,stop,target,score,n_events,tfs,dist_atr,filled,outcome,ret_pct
2023-11-22 15:30:00-05:00,191.3,191.63,191.66,191.63,192.43,6.8,4,1d+1h+4h,0.116,False,nofill,0.0
2023-11-24 09:30:00-05:00,189.46,191.63,191.67,191.63,192.52,6.8,4,1d+1h+4h,0.787,False,nofill,0.0
2023-11-24 10:30:00-05:00,189.61,191.63,191.67,191.63,192.49,6.8,4,1d+1h+4h,0.733,False,nofill,0.0
2023-11-24 11:30:00-05:00,189.54,191.63,191.67,191.63,192.46,6.8,4,1d+1h+4h,0.758,False,nofill,0.0
2023-11-27 09:30:00-05:00,189.06,191.63,191.67,191.63,192.5,6.8,4,1d+1h+4h,0.958,False,nofill,0.0
2023-11-27 10:30:00-05:00,189.5,191.63,191.67,191.63,192.48,6.8,4,1d+1h+4h,0.795,False,nofill,0.0
2023-11-27 11:30:00-05:00,190.37,191.63,191.67,191.63,192.5,6.8,4,1d+1h+4h,0.469,False,nofill,0.0
2023-11-27 12:30:00-05:00,190.36,191.63,191.67,191.63,192.47,6.8,4,1d+1h+4h,0.471,False,nofill,0.0
2023-11-27 13:30:00-05:00,190.07,191.63,191.66,191.63,192.44,6.8,4,1d+1h+4h,0.581,False,nofill,0.0
2023-11-27 14:30:00-05:00,189.84,191.63,191.66,191.63,192.42,6.8,4,1d+1h+4h,0.667,False,nofill,0.0
2023-11-27 15:30:00-05:00,189.77,190.96,191.0,190.96,191.73,6.8,4,1d+1h+4h,0.444,True,scratch,-0.07923267594195371
2023-11-28 09:30:00-05:00,189.98,190.38,190.42,190.38,191.16,7.8,5,1d+1h+4h,0.153,True,scratch,-0.07954280716756523
2023-11-28 10:30:00-05:00,190.58,190.96,191.0,190.96,191.74,6.8,4,1d+1h+4h,0.144,True,scratch,-0.07934254828746434
2023-11-28 11:30:00-05:00,190.52,190.67,190.71,190.67,191.44,6.8,4,1d+1h+4h,0.058,False,nofill,0.0
2023-11-28 12:30:00-05:00,189.97,190.38,190.42,190.38,191.15,7.8,5,1d+1h+4h,0.157,False,nofill,0.0
2023-11-28 13:30:00-05:00,189.81,190.38,190.42,190.38,191.13,7.8,5,1d+1h+4h,0.217,True,scratch,-0.07866915722738455
2023-11-28 14:30:00-05:00,189.83,191.08,191.11,191.08,191.81,9.8,5,1d+1h+4h,0.48,True,scratch,-0.07825136110226616
2023-11-28 15:30:00-05:00,190.39,191.08,191.11,191.08,191.81,9.8,5,1d+1h+4h,0.265,True,scratch,-0.07810435350787959
2023-11-29 09:30:00-05:00,190.88,191.08,191.12,191.08,191.88,9.8,5,1d+1h+4h,0.076,False,nofill,0.0
2023-11-29 10:30:00-05:00,190.1,191.08,191.12,191.08,191.9,9.8,5,1d+1h+4h,0.372,False,nofill,0.0
2023-11-29 11:30:00-05:00,189.9,191.08,191.12,191.08,191.9,9.8,5,1d+1h+4h,0.447,False,nofill,0.0
2023-11-29 12:30:00-05:00,189.5,191.08,191.12,191.08,191.89,9.8,5,1d+1h+4h,0.598,False,nofill,0.0
2023-11-29 13:30:00-05:00,189.26,191.08,191.12,191.08,191.86,9.8,5,1d+1h+4h,0.688,False,nofill,0.0
2023-11-29 14:30:00-05:00,189.02,191.08,191.12,191.08,191.83,9.8,5,1d+1h+4h,0.782,False,nofill,0.0
2023-11-29 15:30:00-05:00,189.36,191.08,191.11,191.08,191.81,9.8,5,1d+1h+4h,0.653,False,nofill,0.0
2023-11-30 09:30:00-05:00,188.83,191.08,191.12,191.08,191.89,9.8,5,1d+1h+4h,0.866,False,nofill,0.0
2023-11-30 10:30:00-05:00,188.48,191.08,191.12,191.08,191.88,9.8,5,1d+1h+4h,0.999,False,nofill,0.0
2023-11-30 11:30:00-05:00,188.35,191.08,191.12,191.08,191.85,9.8,5,1d+1h+4h,1.049,False,nofill,0.0
2023-11-30 12:30:00-05:00,188.33,191.08,191.12,191.08,191.83,9.8,5,1d+1h+4h,1.057,False,nofill,0.0
2023-11-30 13:30:00-05:00,188.79,191.08,191.12,191.08,191.82,9.8,5,1d+1h+4h,0.88,False,nofill,0.0
2023-11-30 14:30:00-05:00,188.78,191.08,191.11,191.08,191.81,9.8,5,1d+1h+4h,0.884,False,nofill,0.0
2023-11-30 15:30:00-05:00,189.98,191.08,191.12,191.08,191.87,9.8,5,1d+1h+4h,0.423,True,scratch,-0.07954412827982926
2023-12-01 09:30:00-05:00,190.06,191.08,191.12,191.08,191.9,9.8,5,1d+1h+4h,0.395,True,scratch,-0.08051847066330442
2023-12-01 10:30:00-05:00,190.83,191.08,191.12,191.08,191.93,9.8,5,1d+1h+4h,0.097,True,scratch,-0.08104976825115129
2023-12-01 11:30:00-05:00,191.44,191.63,191.67,191.63,192.48,6.8,4,1d+1h+4h,0.07,False,nofill,0.0
2023-12-01 12:30:00-05:00,191.06,191.63,191.67,191.63,192.45,6.8,4,1d+1h+4h,0.219,False,nofill,0.0
2023-12-01 13:30:00-05:00,191.28,191.63,191.66,191.63,192.43,6.8,4,1d+1h+4h,0.135,False,nofill,0.0
2023-12-01 14:30:00-05:00,191.12,191.63,191.66,191.63,192.4,6.8,4,1d+1h+4h,0.196,False,nofill,0.0
2023-12-01 15:30:00-05:00,191.26,191.56,191.6,191.56,192.32,10.6,7,1d+1h+4h,0.116,False,nofill,0.0
2023-12-04 09:30:00-05:00,188.16,190.38,190.42,190.38,191.32,11.8,7,1d+1h+4h,0.833,False,nofill,0.0
2023-12-04 10:30:00-05:00,187.97,190.32,190.36,190.32,191.26,11.8,7,1d+1h+4h,0.882,False,nofill,0.0
2023-12-04 11:30:00-05:00,188.45,190.32,190.36,190.32,191.25,11.8,7,1d+1h+4h,0.7,False,nofill,0.0
2023-12-04 12:30:00-05:00,188.55,190.32,190.36,190.32,191.21,11.8,7,1d+1h+4h,0.665,False,nofill,0.0
2023-12-04 13:30:00-05:00,188.85,190.32,190.36,190.32,191.18,11.8,7,1d+1h+4h,0.552,True,target,0.3706941515231099
2023-12-04 14:30:00-05:00,189.06,190.32,190.36,190.32,191.15,11.8,7,1d+1h+4h,0.473,True,target,0.3553098404616595
2023-12-04 15:30:00-05:00,189.45,190.32,190.36,190.32,191.14,11.8,7,1d+1h+4h,0.327,True,target,0.35114731342398287
2023-12-06 12:30:00-05:00,192.91,194.76,194.81,194.76,195.83,7.0,3,1d+1h,0.66,False,nofill,0.0
2023-12-06 13:30:00-05:00,192.78,194.76,194.81,194.76,195.79,7.0,3,1d+1h,0.705,True,scratch,-0.08517596326013122
2023-12-06 14:30:00-05:00,192.43,194.76,194.81,194.76,195.77,7.0,3,1d+1h,0.831,True,scratch,-0.08467737783232065
2023-12-06 15:30:00-05:00,192.31,194.76,194.81,194.76,195.73,7.0,3,1d+1h,0.872,True,scratch,-0.08373813866631163
2023-12-07 10:30:00-05:00,194.3,194.76,194.81,194.76,195.85,7.0,3,1d+1h,0.164,True,scratch,-0.08666428676740168
2023-12-07 12:30:00-05:00,194.43,194.76,194.81,194.76,195.81,7.0,3,1d+1h,0.118,False,nofill,0.0
2023-12-07 13:30:00-05:00,194.47,194.76,194.81,194.76,195.76,7.0,3,1d+1h,0.104,True,scratch,-0.08436318655666852
2023-12-07 14:30:00-05:00,194.17,194.76,194.81,194.76,195.71,8.0,4,1d+1h,0.211,True,scratch,-0.08327236305576413
2023-12-07 15:30:00-05:00,194.24,194.76,194.8,194.76,195.67,8.0,4,1d+1h,0.186,True,scratch,-0.08223195655606697
2023-12-11 09:30:00-05:00,192.11,194.76,194.81,194.76,195.81,8.0,4,1d+1h,0.924,False,nofill,0.0
2023-12-11 10:30:00-05:00,191.81,192.09,192.14,192.09,193.14,8.8,6,1d+1h+4h,0.098,True,target,0.4597921073530964
2023-12-11 11:30:00-05:00,192.1,194.76,194.81,194.76,195.8,8.0,4,1d+1h,0.928,False,nofill,0.0
2023-12-11 12:30:00-05:00,192.46,194.76,194.81,194.76,195.77,8.0,4,1d+1h,0.804,False,nofill,0.0
2023-12-11 13:30:00-05:00,192.79,194.76,194.81,194.76,195.73,8.0,4,1d+1h,0.686,False,nofill,0.0
2023-12-11 14:30:00-05:00,192.87,194.76,194.8,194.76,195.69,8.0,4,1d+1h,0.659,False,nofill,0.0
2023-12-11 15:30:00-05:00,193.18,194.76,194.8,194.76,195.66,8.0,4,1d+1h,0.551,False,nofill,0.0
2023-12-12 09:30:00-05:00,192.84,194.76,194.81,194.76,195.72,8.0,4,1d+1h,0.67,False,nofill,0.0
2023-12-12 10:30:00-05:00,193.24,194.76,194.81,194.76,195.72,8.0,4,1d+1h,0.529,False,nofill,0.0
2023-12-12 11:30:00-05:00,193.47,194.76,194.8,194.76,195.68,8.0,4,1d+1h,0.45,False,nofill,0.0
2023-12-12 12:30:00-05:00,193.66,194.76,194.8,194.76,195.66,8.0,4,1d+1h,0.383,False,nofill,0.0
2023-12-12 13:30:00-05:00,194.22,194.76,194.8,194.76,195.65,8.0,4,1d+1h,0.188,True,target,0.3730067825414185
2023-12-12 14:30:00-05:00,194.38,194.76,194.8,194.76,195.61,8.0,4,1d+1h,0.13,True,target,0.3572900669858825
2023-12-12 15:30:00-05:00,194.67,195.0,195.04,195.0,195.83,8.0,4,1d+1h,0.115,True,target,0.3456766096871622
2023-12-18 09:30:00-05:00,195.36,195.99,196.05,195.99,197.15,6.8,4,1d+1h+4h,0.219,True,scratch,-0.0881438733678519
2023-12-18 10:30:00-05:00,194.93,195.32,195.38,195.32,196.47,6.8,4,1d+1h+4h,0.137,True,target,0.497883794409848
2023-12-18 11:30:00-05:00,195.25,195.99,196.04,195.99,197.1,6.8,4,1d+1h+4h,0.26,True,scratch,-0.0869872583062703
2023-12-20 14:30:00-05:00,195.2,195.99,196.03,195.99,196.83,6.8,4,1d+1h+4h,0.29,True,scratch,-0.08027690664198506
2023-12-20 15:30:00-05:00,194.84,195.0,195.04,195.0,195.84,7.8,5,1d+1h+4h,0.059,True,scratch,-0.08058821132027605
2023-12-21 09:30:00-05:00,195.13,195.32,195.37,195.32,196.27,6.8,4,1d+1h+4h,0.069,False,nofill,0.0
2023-12-21 10:30:00-05:00,194.86,195.0,195.05,195.0,195.95,10.8,6,1d+1h+4h,0.05,False,nofill,0.0
2023-12-21 11:30:00-05:00,194.04,194.76,194.81,194.76,195.73,10.8,6,1d+1h+4h,0.259,False,nofill,0.0
2023-12-21 12:30:00-05:00,194.06,194.76,194.81,194.76,195.71,10.8,6,1d+1h+4h,0.251,True,scratch,-0.08326946612632335
2023-12-21 13:30:00-05:00,194.0,194.76,194.8,194.76,195.68,10.8,6,1d+1h+4h,0.273,True,scratch,-0.08246740551770548
2023-12-21 14:30:00-05:00,194.41,194.76,194.8,194.76,195.66,10.8,6,1d+1h+4h,0.127,True,scratch,-0.08207067591142758
2023-12-21 15:30:00-05:00,194.68,195.0,195.04,195.0,195.89,10.8,6,1d+1h+4h,0.115,True,scratch,-0.08165341619834621
2023-12-22 09:30:00-05:00,194.66,195.0,195.04,195.0,195.9,7.8,5,1d+1h+4h,0.121,False,nofill,0.0
2023-12-22 10:30:00-05:00,194.18,194.76,194.8,194.76,195.65,10.8,6,1d+1h+4h,0.212,False,nofill,0.0
2023-12-22 11:30:00-05:00,194.05,194.76,194.8,194.76,195.62,10.8,6,1d+1h+4h,0.257,False,nofill,0.0
2023-12-22 12:30:00-05:00,194.13,194.76,194.8,194.76,195.6,11.8,7,1d+1h+4h,0.228,False,nofill,0.0
2023-12-22 13:30:00-05:00,193.12,194.76,194.8,194.76,195.63,11.8,7,1d+1h+4h,0.595,False,nofill,0.0
2023-12-22 14:30:00-05:00,193.98,194.76,194.8,194.76,195.65,11.8,7,1d+1h+4h,0.283,False,nofill,0.0
2023-12-22 15:30:00-05:00,193.53,194.76,194.8,194.76,195.62,11.8,7,1d+1h+4h,0.446,False,nofill,0.0
2023-12-26 09:30:00-05:00,193.07,194.76,194.8,194.76,195.63,11.8,7,1d+1h+4h,0.641,False,nofill,0.0
2023-12-26 10:30:00-05:00,192.96,194.76,194.8,194.76,195.61,11.8,7,1d+1h+4h,0.681,False,nofill,0.0
2023-12-26 11:30:00-05:00,193.1,194.76,194.8,194.76,195.58,11.8,7,1d+1h+4h,0.632,False,nofill,0.0
2023-12-26 12:30:00-05:00,193.14,194.76,194.8,194.76,195.54,11.8,7,1d+1h+4h,0.615,False,nofill,0.0
2023-12-26 13:30:00-05:00,193.08,194.76,194.8,194.76,195.51,11.8,7,1d+1h+4h,0.637,False,nofill,0.0
2023-12-26 14:30:00-05:00,193.41,194.76,194.8,194.76,195.5,11.8,7,1d+1h+4h,0.511,False,nofill,0.0
2023-12-26 15:30:00-05:00,193.04,194.76,194.79,194.76,195.49,11.8,7,1d+1h+4h,0.652,False,nofill,0.0
2023-12-27 09:30:00-05:00,191.64,194.76,194.8,194.76,195.55,11.8,7,1d+1h+4h,1.192,False,nofill,0.0
2023-12-27 10:30:00-05:00,191.68,194.76,194.8,194.76,195.55,11.8,7,1d+1h+4h,1.176,False,nofill,0.0
2023-12-27 11:30:00-05:00,192.48,194.76,194.8,194.76,195.57,11.8,7,1d+1h+4h,0.871,False,nofill,0.0
2023-12-27 12:30:00-05:00,192.98,194.76,194.8,194.76,195.56,11.8,7,1d+1h+4h,0.681,False,nofill,0.0
2023-12-27 13:30:00-05:00,193.15,194.76,194.8,194.76,195.56,11.8,7,1d+1h+4h,0.615,False,nofill,0.0
2023-12-27 14:30:00-05:00,192.93,194.76,194.8,194.76,195.54,11.8,7,1d+1h+4h,0.699,False,nofill,0.0
2023-12-27 15:30:00-05:00,193.17,194.76,194.8,194.76,195.52,11.8,7,1d+1h+4h,0.607,False,nofill,0.0
2023-12-28 09:30:00-05:00,194.25,194.76,194.8,194.76,195.57,10.8,6,1d+1h+4h,0.201,False,nofill,0.0
2023-12-28 10:30:00-05:00,194.05,194.76,194.8,194.76,195.56,10.8,6,1d+1h+4h,0.28,False,nofill,0.0
2023-12-28 11:30:00-05:00,194.16,194.76,194.8,194.76,195.54,10.8,6,1d+1h+4h,0.236,False,nofill,0.0
2023-12-28 12:30:00-05:00,193.7,194.76,194.8,194.76,195.53,11.8,7,1d+1h+4h,0.418,False,nofill,0.0
2023-12-28 13:30:00-05:00,194.02,194.76,194.8,194.76,195.5,11.8,7,1d+1h+4h,0.294,False,nofill,0.0
2023-12-28 14:30:00-05:00,193.68,194.76,194.79,194.76,195.49,11.8,7,1d+1h+4h,0.428,False,nofill,0.0
2023-12-28 15:30:00-05:00,193.58,194.76,194.79,194.76,195.49,11.8,7,1d+1h+4h,0.465,False,nofill,0.0
2023-12-29 09:30:00-05:00,193.51,194.76,194.8,194.76,195.53,11.8,7,1d+1h+4h,0.491,False,nofill,0.0
2023-12-29 10:30:00-05:00,191.96,194.76,194.8,194.76,195.59,11.8,7,1d+1h+4h,1.1,False,nofill,0.0
2023-12-29 11:30:00-05:00,191.9,194.76,194.8,194.76,195.59,11.8,7,1d+1h+4h,1.124,False,nofill,0.0
2023-12-29 12:30:00-05:00,191.9,194.76,194.8,194.76,195.57,13.6,8,1d+1h+4h,1.124,False,nofill,0.0
2023-12-29 13:30:00-05:00,192.12,194.76,194.8,194.76,195.55,13.6,8,1d+1h+4h,1.037,False,nofill,0.0
2023-12-29 14:30:00-05:00,192.68,194.76,194.8,194.76,195.54,13.6,8,1d+1h+4h,0.817,False,nofill,0.0
2023-12-29 15:30:00-05:00,192.52,194.76,194.8,194.76,195.57,13.6,8,1d+1h+4h,0.88,False,nofill,0.0
2024-01-02 09:30:00-05:00,186.19,191.56,191.62,191.56,192.8,18.2,13,1d+1h+4h,1.806,False,nofill,0.0
2024-01-02 10:30:00-05:00,186.8,191.42,191.48,191.42,192.7,18.2,13,1d+1h+4h,1.552,False,nofill,0.0
2024-01-02 11:30:00-05:00,186.62,191.42,191.48,191.42,192.67,18.2,13,1d+1h+4h,1.616,False,nofill,0.0
2024-01-02 12:30:00-05:00,185.3,191.09,191.15,191.09,192.38,17.4,11,1d+1h+4h,1.949,False,nofill,0.0
2024-01-02 13:30:00-05:00,184.5,190.38,190.44,190.38,191.68,14.6,9,1d+1h+4h,1.98,False,nofill,0.0
2024-01-02 14:30:00-05:00,184.42,189.11,189.17,189.11,190.38,13.8,7,1d+1h+4h,1.579,False,nofill,0.0
2024-01-02 15:30:00-05:00,185.52,191.42,191.48,191.42,192.68,18.2,13,1d+1h+4h,1.983,False,nofill,0.0
2024-01-03 09:30:00-05:00,183.96,189.11,189.18,189.11,190.46,13.8,7,1d+1h+4h,1.758,False,nofill,0.0
2024-01-03 10:30:00-05:00,184.2,189.11,189.18,189.11,190.42,13.8,7,1d+1h+4h,1.675,False,nofill,0.0
2024-01-03 11:30:00-05:00,183.93,189.11,189.18,189.11,190.4,13.8,7,1d+1h+4h,1.767,False,nofill,0.0
2024-01-03 12:30:00-05:00,184.47,189.11,189.17,189.11,190.36,13.8,7,1d+1h+4h,1.582,False,nofill,0.0
2024-01-03 13:30:00-05:00,184.74,190.38,190.44,190.38,191.61,14.6,9,1d+1h+4h,1.923,False,nofill,0.0
2024-01-03 14:30:00-05:00,184.39,189.11,189.17,189.11,190.31,13.8,7,1d+1h+4h,1.611,False,nofill,0.0
2024-01-03 15:30:00-05:00,184.25,189.11,189.17,189.11,190.29,13.8,7,1d+1h+4h,1.658,False,nofill,0.0
2024-01-04 09:30:00-05:00,181.68,187.45,187.51,187.45,188.77,9.6,6,1d+1h+4h,1.949,False,nofill,0.0
2024-01-04 10:30:00-05:00,182.12,187.78,187.84,187.78,189.11,12.6,7,1d+1h+4h,1.909,False,nofill,0.0
2024-01-04 11:30:00-05:00,182.14,187.78,187.84,187.78,189.1,12.6,7,1d+1h+4h,1.904,False,nofill,0.0
2024-01-04 12:30:00-05:00,182.92,188.19,188.25,188.19,189.49,13.4,9,1d+1h+4h,1.781,False,nofill,0.0
2024-01-04 13:30:00-05:00,182.5,188.19,188.25,188.19,189.45,13.4,9,1d+1h+4h,1.921,False,nofill,0.0
2024-01-04 14:30:00-05:00,181.94,187.78,187.84,187.78,189.01,12.6,7,1d+1h+4h,1.972,False,nofill,0.0
2024-01-04 15:30:00-05:00,181.92,187.78,187.84,187.78,188.99,12.6,7,1d+1h+4h,1.979,False,nofill,0.0
2024-01-05 09:30:00-05:00,182.07,187.78,187.84,187.78,189.0,12.6,7,1d+1h+4h,1.947,False,nofill,0.0
2024-01-05 10:30:00-05:00,182.09,187.78,187.84,187.78,188.97,12.6,7,1d+1h+4h,1.941,False,nofill,0.0
2024-01-05 11:30:00-05:00,181.36,183.86,183.92,183.86,185.04,6.0,4,1d+1h,0.851,False,nofill,0.0
2024-01-05 12:30:00-05:00,181.74,187.52,187.57,187.52,188.66,9.6,6,1d+1h+4h,1.971,False,nofill,0.0
2024-01-05 13:30:00-05:00,181.12,183.86,183.92,183.86,185.06,6.0,4,1d+1h,0.935,False,nofill,0.0
2024-01-05 14:30:00-05:00,180.28,183.86,183.92,183.86,185.06,6.0,4,1d+1h,1.221,False,nofill,0.0
2024-01-05 15:30:00-05:00,181.17,183.86,183.92,183.86,185.05,6.0,4,1d+1h,0.918,True,target,0.5563803250663968
2024-01-08 09:30:00-05:00,183.81,188.19,188.25,188.19,189.5,16.4,10,1d+1h+4h,1.443,False,nofill,0.0
2024-01-08 10:30:00-05:00,183.24,188.19,188.25,188.19,189.46,16.4,10,1d+1h+4h,1.629,False,nofill,0.0
2024-01-08 11:30:00-05:00,183.99,188.19,188.25,188.19,189.47,16.4,10,1d+1h+4h,1.384,False,nofill,0.0
2024-01-08 12:30:00-05:00,184.12,188.19,188.25,188.19,189.41,16.4,10,1d+1h+4h,1.343,False,nofill,0.0
2024-01-08 13:30:00-05:00,184.83,188.19,188.25,188.19,189.39,16.4,10,1d+1h+4h,1.106,False,nofill,0.0
2024-01-08 14:30:00-05:00,185.22,191.09,191.15,191.09,192.26,17.4,11,1d+1h+4h,1.934,False,nofill,0.0
2024-01-08 15:30:00-05:00,185.55,191.56,191.61,191.56,192.69,18.2,13,1d+1h+4h,1.98,False,nofill,0.0
2024-01-09 09:30:00-05:00,183.52,188.19,188.25,188.19,189.45,16.4,10,1d+1h+4h,1.546,False,nofill,0.0
2024-01-09 10:30:00-05:00,184.23,188.19,188.25,188.19,189.44,16.4,10,1d+1h+4h,1.312,False,nofill,0.0
2024-01-09 11:30:00-05:00,184.44,188.19,188.25,188.19,189.4,16.4,10,1d+1h+4h,1.242,False,nofill,0.0
2024-01-09 12:30:00-05:00,184.4,188.19,188.25,188.19,189.36,16.4,10,1d+1h+4h,1.256,False,nofill,0.0
2024-01-09 13:30:00-05:00,184.32,188.19,188.24,188.19,189.33,16.4,10,1d+1h+4h,1.284,False,nofill,0.0
2024-01-09 14:30:00-05:00,184.77,188.19,188.24,188.19,189.29,16.4,10,1d+1h+4h,1.133,False,nofill,0.0
2024-01-09 15:30:00-05:00,185.11,191.09,191.14,191.09,192.17,17.4,11,1d+1h+4h,1.981,False,nofill,0.0
2024-01-10 09:30:00-05:00,184.55,190.38,190.43,190.38,191.47,14.6,9,1d+1h+4h,1.958,False,nofill,0.0
2024-01-10 10:30:00-05:00,184.51,190.38,190.43,190.38,191.45,14.6,9,1d+1h+4h,1.971,False,nofill,0.0
2024-01-10 11:30:00-05:00,184.27,189.11,189.16,189.11,190.15,13.8,7,1d+1h+4h,1.627,False,nofill,0.0
2024-01-10 12:30:00-05:00,184.38,189.11,189.16,189.11,190.11,13.8,7,1d+1h+4h,1.592,False,nofill,0.0
2024-01-10 13:30:00-05:00,185.62,191.56,191.61,191.56,192.58,18.2,13,1d+1h+4h,1.993,False,nofill,0.0
2024-01-10 14:30:00-05:00,185.82,191.63,191.67,191.63,192.63,18.2,13,1d+1h+4h,1.948,False,nofill,0.0
2024-01-10 15:30:00-05:00,186.14,191.42,191.47,191.42,192.43,18.2,13,1d+1h+4h,1.773,False,nofill,0.0
2024-01-11 09:30:00-05:00,184.37,188.19,188.25,188.19,189.39,16.4,10,1d+1h+4h,1.27,False,nofill,0.0
2024-01-11 10:30:00-05:00,184.19,188.19,188.25,188.19,189.38,16.4,10,1d+1h+4h,1.33,False,nofill,0.0
2024-01-11 11:30:00-05:00,184.05,188.19,188.24,188.19,189.34,16.4,10,1d+1h+4h,1.377,False,nofill,0.0
2024-01-11 12:30:00-05:00,184.66,188.19,188.24,188.19,189.31,16.4,10,1d+1h+4h,1.176,False,nofill,0.0
2024-01-11 13:30:00-05:00,185.52,191.42,191.47,191.42,192.54,18.2,13,1d+1h+4h,1.964,False,nofill,0.0
2024-01-11 14:30:00-05:00,185.37,191.09,191.14,191.09,192.2,17.4,11,1d+1h+4h,1.902,False,nofill,0.0
2024-01-11 15:30:00-05:00,185.58,191.56,191.61,191.56,192.62,18.2,13,1d+1h+4h,1.989,False,nofill,0.0
2024-01-12 09:30:00-05:00,185.79,191.56,191.61,191.56,192.64,18.2,13,1d+1h+4h,1.989,False,nofill,0.0
2024-01-12 10:30:00-05:00,185.88,191.63,191.68,191.63,192.69,18.2,13,1d+1h+4h,1.982,False,nofill,0.0
2024-01-12 11:30:00-05:00,185.62,191.42,191.47,191.42,192.45,18.2,13,1d+1h+4h,1.999,False,nofill,0.0
2024-01-12 12:30:00-05:00,185.79,191.56,191.61,191.56,192.55,18.2,13,1d+1h+4h,1.987,False,nofill,0.0
2024-01-12 13:30:00-05:00,185.61,191.09,191.14,191.09,192.04,17.4,11,1d+1h+4h,1.889,False,nofill,0.0
2024-01-12 14:30:00-05:00,185.52,191.09,191.13,191.09,192.0,17.4,11,1d+1h+4h,1.921,False,nofill,0.0
2024-01-12 15:30:00-05:00,185.92,191.63,191.67,191.63,192.51,18.2,13,1d+1h+4h,1.967,False,nofill,0.0
2024-01-16 09:30:00-05:00,182.76,188.19,188.25,188.19,189.39,16.4,10,1d+1h+4h,1.782,False,nofill,0.0
2024-01-16 10:30:00-05:00,183.95,188.19,188.25,188.19,189.43,16.4,10,1d+1h+4h,1.392,False,nofill,0.0
2024-01-16 11:30:00-05:00,182.42,188.19,188.25,188.19,189.48,16.4,10,1d+1h+4h,1.896,False,nofill,0.0
2024-01-16 12:30:00-05:00,182.74,188.19,188.25,188.19,189.44,16.4,10,1d+1h+4h,1.791,False,nofill,0.0
2024-01-16 13:30:00-05:00,182.46,188.19,188.25,188.19,189.41,16.4,10,1d+1h+4h,1.881,False,nofill,0.0
2024-01-16 14:30:00-05:00,183.17,188.19,188.25,188.19,189.4,16.4,10,1d+1h+4h,1.648,False,nofill,0.0
2024-01-16 15:30:00-05:00,183.61,188.19,188.25,188.19,189.35,16.4,10,1d+1h+4h,1.503,False,nofill,0.0
2024-01-17 09:30:00-05:00,181.7,187.78,187.84,187.78,189.1,15.4,9,1d+1h+4h,1.984,False,nofill,0.0
2024-01-17 10:30:00-05:00,181.8,187.78,187.84,187.78,189.07,15.4,9,1d+1h+4h,1.95,False,nofill,0.0
2024-01-17 11:30:00-05:00,182.12,188.19,188.25,188.19,189.45,16.4,10,1d+1h+4h,1.981,False,nofill,0.0
2024-01-17 12:30:00-05:00,182.12,188.19,188.25,188.19,189.41,16.4,10,1d+1h+4h,1.981,False,nofill,0.0
2024-01-17 13:30:00-05:00,182.54,188.19,188.25,188.19,189.41,16.4,10,1d+1h+4h,1.846,False,nofill,0.0
2024-01-17 14:30:00-05:00,182.21,188.19,188.25,188.19,189.37,16.4,10,1d+1h+4h,1.953,True,scratch,-0.08988445123769839
2024-01-17 15:30:00-05:00,182.66,188.19,188.24,188.19,189.34,16.4,10,1d+1h+4h,1.805,True,scratch,-0.08917082493968831
2024-01-18 09:30:00-05:00,187.45,191.42,191.49,191.42,192.87,21.2,14,1d+1h+4h,1.203,False,nofill,0.0
2024-01-18 10:30:00-05:00,188.77,191.42,191.49,191.42,192.89,21.2,14,1d+1h+4h,0.803,False,nofill,0.0
2024-01-18 11:30:00-05:00,187.93,191.42,191.49,191.42,192.87,21.2,14,1d+1h+4h,1.057,False,nofill,0.0
2024-01-18 12:30:00-05:00,186.92,191.42,191.49,191.42,192.85,21.2,14,1d+1h+4h,1.362,False,nofill,0.0
2024-01-18 13:30:00-05:00,188.92,191.42,191.49,191.42,192.9,21.2,14,1d+1h+4h,0.756,False,nofill,0.0
2024-01-18 14:30:00-05:00,188.96,191.42,191.49,191.42,192.83,21.2,14,1d+1h+4h,0.745,False,nofill,0.0
2024-01-18 15:30:00-05:00,188.73,191.42,191.48,191.42,192.76,21.2,14,1d+1h+4h,0.815,False,nofill,0.0
2024-01-19 09:30:00-05:00,189.94,191.42,191.48,191.42,192.76,21.2,14,1d+1h+4h,0.449,False,nofill,0.0
2024-01-19 10:30:00-05:00,189.91,191.42,191.48,191.42,192.71,21.2,14,1d+1h+4h,0.458,True,scratch,-0.09201239706451148
2024-01-19 11:30:00-05:00,190.32,191.42,191.48,191.42,192.7,21.2,14,1d+1h+4h,0.335,True,scratch,-0.0917748434387633
2024-01-19 12:30:00-05:00,190.94,191.42,191.48,191.42,192.66,21.2,14,1d+1h+4h,0.147,True,scratch,-0.09082768930895879
2024-01-19 13:30:00-05:00,191.47,191.72,191.78,191.72,192.95,18.2,13,1d+1h+4h,0.076,True,target,0.5501223701305458
2024-01-19 14:30:00-05:00,191.44,191.63,191.68,191.63,192.81,18.2,13,1d+1h+4h,0.058,True,target,0.5280583568563646
2024-01-19 15:30:00-05:00,191.58,191.91,191.96,191.91,193.04,15.4,11,1d+1h+4h,0.099,True,target,0.5038622118055391
2024-01-22 09:30:00-05:00,194.75,195.0,195.06,195.0,196.31,14.6,9,1d+1h+4h,0.075,True,scratch,-0.09191051229920921
2024-01-22 10:30:00-05:00,193.78,194.66,194.73,194.66,196.04,14.6,9,1d+1h+4h,0.264,False,nofill,0.0
2024-01-22 11:30:00-05:00,193.67,194.66,194.72,194.66,196.0,14.6,9,1d+1h+4h,0.298,False,nofill,0.0
2024-01-22 12:30:00-05:00,193.76,194.66,194.72,194.66,195.95,14.6,9,1d+1h+4h,0.271,False,nofill,0.0
2024-01-22 13:30:00-05:00,194.38,194.66,194.72,194.66,195.92,15.6,10,1d+1h+4h,0.084,True,scratch,-0.09072115693139482
2024-01-22 14:30:00-05:00,193.9,195.0,195.06,195.0,196.23,15.6,10,1d+1h+4h,0.33,True,scratch,-0.09005874634662181
2024-01-22 15:30:00-05:00,193.87,195.0,195.06,195.0,196.18,15.6,10,1d+1h+4h,0.339,True,scratch,-0.08875251595624745
2024-01-23 09:30:00-05:00,194.2,194.66,194.72,194.66,195.9,15.6,10,1d+1h+4h,0.144,True,scratch,-0.09026336617350417
2024-01-23 10:30:00-05:00,194.32,194.66,194.72,194.66,195.85,15.6,10,1d+1h+4h,0.105,True,scratch,-0.08914557361004993
2024-01-23 11:30:00-05:00,194.66,195.0,195.05,195.0,196.15,15.6,10,1d+1h+4h,0.104,True,scratch,-0.08807668606224395
2024-01-23 12:30:00-05:00,195.06,195.41,195.46,195.41,196.54,12.6,9,1d+1h+4h,0.11,False,nofill,0.0
2024-01-23 13:30:00-05:00,194.73,195.0,195.05,195.0,196.09,15.6,10,1d+1h+4h,0.082,True,scratch,-0.086534136709282
2024-01-23 14:30:00-05:00,194.84,195.0,195.05,195.0,196.06,15.6,10,1d+1h+4h,0.051,True,scratch,-0.08577230106314726
2024-01-23 15:30:00-05:00,195.16,195.41,195.46,195.41,196.44,12.6,9,1d+1h+4h,0.077,True,scratch,-0.08495767044105484
2024-01-24 09:30:00-05:00,196.0,197.68,197.73,197.68,198.76,7.8,5,1d+1h+4h,0.535,False,nofill,0.0
2024-01-24 10:30:00-05:00,195.4,195.75,195.8,195.75,196.83,9.8,7,1d+1h+4h,0.111,True,scratch,-0.0863414023577147
2024-01-24 11:30:00-05:00,195.75,195.99,196.04,195.99,197.04,8.8,6,1d+1h+4h,0.076,True,scratch,-0.08543932103868279
2024-01-24 12:30:00-05:00,195.66,195.99,196.04,195.99,197.03,8.8,6,1d+1h+4h,0.107,False,nofill,0.0
2024-01-24 13:30:00-05:00,194.81,195.0,195.05,195.0,196.04,15.6,10,1d+1h+4h,0.06,True,scratch,-0.08528897814232828
2024-01-24 14:30:00-05:00,194.66,195.0,195.05,195.0,196.01,15.6,10,1d+1h+4h,0.109,True,scratch,-0.08470424766227058
2024-01-24 15:30:00-05:00,194.51,194.76,194.81,194.76,195.76,15.6,10,1d+1h+4h,0.08,True,target,0.42756233417149403
2024-01-25 09:30:00-05:00,195.36,195.75,195.8,195.75,196.76,9.8,7,1d+1h+4h,0.126,True,scratch,-0.08447226512910966
2024-01-25 10:30:00-05:00,195.84,197.68,197.73,197.68,198.67,7.8,5,1d+1h+4h,0.586,False,nofill,0.0
2024-01-25 11:30:00-05:00,195.74,195.99,196.04,195.99,196.96,8.8,6,1d+1h+4h,0.08,False,nofill,0.0
2024-01-25 12:30:00-05:00,194.71,195.0,195.05,195.0,196.04,16.6,11,1d+1h+4h,0.092,False,nofill,0.0
2024-01-25 13:30:00-05:00,193.91,194.66,194.71,194.66,195.72,16.6,11,1d+1h+4h,0.239,True,scratch,-0.08585928655100439
2024-01-25 14:30:00-05:00,193.85,194.66,194.71,194.66,195.72,16.6,11,1d+1h+4h,0.257,True,scratch,-0.08587611019859054
2024-01-25 15:30:00-05:00,194.19,194.66,194.71,194.66,195.69,16.6,11,1d+1h+4h,0.15,True,scratch,-0.08503496107138409
2024-01-26 09:30:00-05:00,194.68,195.0,195.05,195.0,196.03,16.6,11,1d+1h+4h,0.101,False,nofill,0.0
2024-01-26 10:30:00-05:00,194.39,194.66,194.71,194.66,195.64,16.6,11,1d+1h+4h,0.087,False,nofill,0.0
2024-01-26 11:30:00-05:00,193.72,194.66,194.71,194.66,195.64,16.6,11,1d+1h+4h,0.302,False,nofill,0.0
2024-01-26 12:30:00-05:00,192.66,195.0,195.05,195.0,196.02,16.6,11,1d+1h+4h,0.751,False,nofill,0.0
2024-01-26 13:30:00-05:00,192.48,195.0,195.05,195.0,195.98,16.6,11,1d+1h+4h,0.811,False,nofill,0.0
2024-01-26 14:30:00-05:00,192.42,195.0,195.05,195.0,195.96,16.6,11,1d+1h+4h,0.827,False,nofill,0.0
2024-01-26 15:30:00-05:00,192.37,195.0,195.04,195.0,195.94,16.6,11,1d+1h+4h,0.845,False,nofill,0.0
2024-01-29 09:30:00-05:00,190.87,193.67,193.72,193.67,194.75,19.6,14,1d+1h+4h,0.906,False,nofill,0.0
2024-01-29 10:30:00-05:00,190.69,194.76,194.81,194.76,195.82,19.6,12,1d+1h+4h,1.316,False,nofill,0.0
2024-01-29 11:30:00-05:00,191.03,193.67,193.72,193.67,194.71,19.6,14,1d+1h+4h,0.854,False,nofill,0.0
2024-01-29 12:30:00-05:00,191.25,193.67,193.72,193.67,194.67,19.6,14,1d+1h+4h,0.783,False,nofill,0.0
2024-01-29 13:30:00-05:00,191.54,193.67,193.72,193.67,194.63,19.6,14,1d+1h+4h,0.69,False,nofill,0.0
2024-01-29 14:30:00-05:00,191.94,194.76,194.81,194.76,195.72,19.6,12,1d+1h+4h,0.914,False,nofill,0.0
2024-01-29 15:30:00-05:00,191.78,194.76,194.81,194.76,195.71,19.6,12,1d+1h+4h,0.964,False,nofill,0.0
2024-01-30 09:30:00-05:00,189.95,194.66,194.71,194.66,195.71,19.6,12,1d+1h+4h,1.483,False,nofill,0.0
2024-01-30 10:30:00-05:00,188.65,193.67,193.73,193.67,194.83,19.6,14,1d+1h+4h,1.579,False,nofill,0.0
2024-01-30 11:30:00-05:00,188.41,194.76,194.81,194.76,195.89,19.6,12,1d+1h+4h,1.999,False,nofill,0.0
2024-01-30 12:30:00-05:00,188.56,194.76,194.81,194.76,195.87,19.6,12,1d+1h+4h,1.95,False,nofill,0.0
2024-01-30 13:30:00-05:00,187.84,193.67,193.72,193.67,194.79,19.6,14,1d+1h+4h,1.834,False,nofill,0.0
2024-01-30 14:30:00-05:00,188.07,193.67,193.72,193.67,194.75,19.6,14,1d+1h+4h,1.763,False,nofill,0.0
2024-01-30 15:30:00-05:00,187.98,193.67,193.72,193.67,194.7,19.6,14,1d+1h+4h,1.791,False,nofill,0.0
2024-01-31 09:30:00-05:00,185.02,191.42,191.48,191.42,192.61,19.2,14,1d+1h+4h,1.995,False,nofill,0.0
2024-01-31 10:30:00-05:00,185.72,191.72,191.78,191.72,192.91,19.2,14,1d+1h+4h,1.871,False,nofill,0.0
2024-01-31 11:30:00-05:00,186.09,191.72,191.78,191.72,192.87,19.2,14,1d+1h+4h,1.754,False,nofill,0.0
2024-01-31 12:30:00-05:00,186.16,191.72,191.77,191.72,192.83,19.2,14,1d+1h+4h,1.732,False,nofill,0.0
2024-01-31 13:30:00-05:00,185.67,191.72,191.78,191.72,192.85,19.2,14,1d+1h+4h,1.886,False,nofill,0.0
2024-01-31 14:30:00-05:00,185.52,191.72,191.78,191.72,192.92,19.2,14,1d+1h+4h,1.933,False,nofill,0.0
2024-01-31 15:30:00-05:00,184.36,188.19,188.25,188.19,189.39,17.4,11,1d+1h+4h,1.193,False,nofill,0.0
2024-02-01 09:30:00-05:00,186.1,191.72,191.78,191.72,193.0,19.2,14,1d+1h+4h,1.754,False,nofill,0.0
2024-02-01 10:30:00-05:00,185.4,191.72,191.79,191.72,192.99,19.2,14,1d+1h+4h,1.977,False,nofill,0.0
2024-02-01 11:30:00-05:00,185.89,191.56,191.62,191.56,192.8,19.2,14,1d+1h+4h,1.771,False,nofill,0.0
2024-02-01 12:30:00-05:00,185.73,191.72,191.78,191.72,192.95,19.2,14,1d+1h+4h,1.872,False,nofill,0.0
2024-02-01 13:30:00-05:00,185.98,191.63,191.68,191.63,192.83,19.2,14,1d+1h+4h,1.765,False,nofill,0.0
2024-02-01 14:30:00-05:00,186.66,191.72,191.78,191.72,192.91,19.2,14,1d+1h+4h,1.582,False,nofill,0.0
2024-02-01 15:30:00-05:00,186.89,191.72,191.78,191.72,192.86,19.2,14,1d+1h+4h,1.509,False,nofill,0.0
2024-02-02 09:30:00-05:00,183.32,188.96,189.03,188.96,190.53,18.6,11,1d+1h+4h,1.593,False,nofill,0.0
2024-02-02 10:30:00-05:00,187.0,191.42,191.5,191.42,193.2,22.2,15,1d+1h+4h,1.247,False,nofill,0.0
2024-02-02 11:30:00-05:00,187.02,191.42,191.5,191.42,193.16,22.2,15,1d+1h+4h,1.241,False,nofill,0.0
2024-02-02 12:30:00-05:00,186.04,191.42,191.51,191.42,193.21,22.2,15,1d+1h+4h,1.52,False,nofill,0.0
2024-02-02 13:30:00-05:00,186.08,191.42,191.5,191.42,193.13,22.2,15,1d+1h+4h,1.507,False,nofill,0.0
2024-02-02 14:30:00-05:00,186.73,191.42,191.5,191.42,193.08,22.2,15,1d+1h+4h,1.324,False,nofill,0.0
2024-02-02 15:30:00-05:00,185.84,191.42,191.5,191.42,193.04,22.2,15,1d+1h+4h,1.575,False,nofill,0.0
2024-02-05 09:30:00-05:00,186.7,191.42,191.5,191.42,193.12,22.2,15,1d+1h+4h,1.337,False,nofill,0.0
2024-02-05 10:30:00-05:00,187.25,191.42,191.5,191.42,193.12,22.2,15,1d+1h+4h,1.181,False,nofill,0.0
2024-02-05 11:30:00-05:00,188.43,191.42,191.5,191.42,193.09,22.2,15,1d+1h+4h,0.847,False,nofill,0.0
2024-02-05 12:30:00-05:00,188.54,191.42,191.5,191.42,193.03,22.2,15,1d+1h+4h,0.816,False,nofill,0.0
2024-02-05 13:30:00-05:00,188.46,191.42,191.49,191.42,192.97,22.2,15,1d+1h+4h,0.837,False,nofill,0.0
2024-02-05 14:30:00-05:00,188.35,191.42,191.49,191.42,192.92,22.2,15,1d+1h+4h,0.869,False,nofill,0.0
2024-02-05 15:30:00-05:00,187.67,191.42,191.49,191.42,192.87,22.2,15,1d+1h+4h,1.062,False,nofill,0.0
2024-02-06 09:30:00-05:00,187.93,191.42,191.49,191.42,192.9,22.2,15,1d+1h+4h,1.009,False,nofill,0.0
2024-02-06 10:30:00-05:00,188.82,191.42,191.49,191.42,192.92,22.2,15,1d+1h+4h,0.753,False,nofill,0.0
2024-02-06 11:30:00-05:00,188.84,191.42,191.49,191.42,192.87,22.2,15,1d+1h+4h,0.746,False,nofill,0.0
2024-02-06 12:30:00-05:00,188.89,191.42,191.49,191.42,192.81,22.2,15,1d+1h+4h,0.732,False,nofill,0.0
2024-02-06 13:30:00-05:00,188.45,191.42,191.48,191.42,192.75,22.2,15,1d+1h+4h,0.859,False,nofill,0.0
2024-02-06 14:30:00-05:00,188.36,191.42,191.48,191.42,192.69,22.2,15,1d+1h+4h,0.886,False,nofill,0.0
2024-02-06 15:30:00-05:00,189.29,191.42,191.48,191.42,192.68,22.2,15,1d+1h+4h,0.616,False,nofill,0.0
2024-02-07 09:30:00-05:00,190.37,191.42,191.48,191.42,192.77,22.2,15,1d+1h+4h,0.31,False,nofill,0.0
2024-02-07 10:30:00-05:00,189.08,191.42,191.49,191.42,192.8,22.2,15,1d+1h+4h,0.693,False,nofill,0.0
2024-02-07 11:30:00-05:00,189.0,191.42,191.48,191.42,192.73,22.2,15,1d+1h+4h,0.717,False,nofill,0.0
2024-02-07 12:30:00-05:00,189.12,191.42,191.48,191.42,192.68,23.2,16,1d+1h+4h,0.68,False,nofill,0.0
2024-02-07 13:30:00-05:00,188.97,191.42,191.48,191.42,192.62,23.2,16,1d+1h+4h,0.723,False,nofill,0.0
2024-02-07 14:30:00-05:00,189.18,191.42,191.47,191.42,192.57,23.2,16,1d+1h+4h,0.664,False,nofill,0.0
2024-02-07 15:30:00-05:00,189.41,191.42,191.47,191.42,192.53,23.2,16,1d+1h+4h,0.594,False,nofill,0.0
2024-02-08 09:30:00-05:00,187.8,191.42,191.48,191.42,192.58,23.2,16,1d+1h+4h,1.099,False,nofill,0.0
2024-02-08 10:30:00-05:00,188.0,191.42,191.47,191.42,192.56,23.2,16,1d+1h+4h,1.036,False,nofill,0.0
2024-02-08 11:30:00-05:00,188.7,191.42,191.47,191.42,192.54,23.2,16,1d+1h+4h,0.825,False,nofill,0.0
2024-02-08 12:30:00-05:00,188.23,191.42,191.47,191.42,192.52,25.0,17,1d+1h+4h,0.968,False,nofill,0.0
2024-02-08 13:30:00-05:00,188.02,191.42,191.47,191.42,192.47,25.0,17,1d+1h+4h,1.032,False,nofill,0.0
2024-02-08 14:30:00-05:00,188.34,191.42,191.47,191.42,192.43,25.0,17,1d+1h+4h,0.934,False,nofill,0.0
2024-02-08 15:30:00-05:00,188.34,191.42,191.47,191.42,192.38,25.0,17,1d+1h+4h,0.934,False,nofill,0.0
2024-02-09 09:30:00-05:00,188.49,191.63,191.67,191.63,192.59,22.0,16,1d+1h+4h,0.98,False,nofill,0.0
2024-02-09 10:30:00-05:00,189.59,191.72,191.77,191.72,192.72,22.0,16,1d+1h+4h,0.667,False,nofill,0.0
2024-02-09 11:30:00-05:00,189.34,191.72,191.77,191.72,192.72,22.0,16,1d+1h+4h,0.744,False,nofill,0.0
2024-02-09 12:30:00-05:00,189.47,191.72,191.77,191.72,192.69,22.0,16,1d+1h+4h,0.703,False,nofill,0.0
2024-02-09 13:30:00-05:00,188.85,191.72,191.77,191.72,192.68,22.0,16,1d+1h+4h,0.898,False,nofill,0.0
2024-02-09 14:30:00-05:00,188.81,191.72,191.77,191.72,192.65,22.0,16,1d+1h+4h,0.909,False,nofill,0.0
2024-02-09 15:30:00-05:00,188.82,191.72,191.76,191.72,192.61,22.0,16,1d+1h+4h,0.906,False,nofill,0.0
2024-02-12 09:30:00-05:00,187.47,191.72,191.77,191.72,192.65,22.0,16,1d+1h+4h,1.365,False,nofill,0.0
2024-02-12 10:30:00-05:00,187.99,191.72,191.77,191.72,192.63,22.0,16,1d+1h+4h,1.198,False,nofill,0.0
2024-02-12 11:30:00-05:00,187.86,191.72,191.77,191.72,192.61,22.0,16,1d+1h+4h,1.238,False,nofill,0.0
2024-02-12 12:30:00-05:00,187.98,191.72,191.77,191.72,192.58,22.0,16,1d+1h+4h,1.203,False,nofill,0.0
2024-02-12 13:30:00-05:00,187.45,191.72,191.77,191.72,192.57,22.0,16,1d+1h+4h,1.371,False,nofill,0.0
2024-02-12 14:30:00-05:00,187.11,191.56,191.6,191.56,192.4,22.0,16,1d+1h+4h,1.427,False,nofill,0.0
2024-02-12 15:30:00-05:00,187.18,191.56,191.6,191.56,192.38,22.0,16,1d+1h+4h,1.405,False,nofill,0.0
2024-02-13 09:30:00-05:00,185.47,191.72,191.77,191.72,192.71,22.0,16,1d+1h+4h,1.984,False,nofill,0.0
2024-02-13 10:30:00-05:00,185.61,191.56,191.61,191.56,192.54,22.0,16,1d+1h+4h,1.887,False,nofill,0.0
2024-02-13 11:30:00-05:00,185.48,191.72,191.77,191.72,192.67,22.0,16,1d+1h+4h,1.983,False,nofill,0.0
2024-02-13 12:30:00-05:00,185.3,191.56,191.6,191.56,192.48,22.0,16,1d+1h+4h,1.987,False,nofill,0.0
2024-02-13 13:30:00-05:00,184.28,188.19,188.24,188.19,189.14,21.4,13,1d+1h+4h,1.239,False,nofill,0.0
2024-02-13 14:30:00-05:00,183.73,188.19,188.24,188.19,189.15,21.4,13,1d+1h+4h,1.415,False,nofill,0.0
2024-02-13 15:30:00-05:00,185.03,188.19,188.24,188.19,189.2,21.4,13,1d+1h+4h,1.002,False,nofill,0.0
2024-02-14 09:30:00-05:00,183.8,188.19,188.24,188.19,189.28,21.4,13,1d+1h+4h,1.396,False,nofill,0.0
2024-02-14 10:30:00-05:00,183.49,188.19,188.24,188.19,189.29,21.4,13,1d+1h+4h,1.494,False,nofill,0.0
2024-02-14 11:30:00-05:00,182.8,188.19,188.24,188.19,189.29,21.4,13,1d+1h+4h,1.713,False,nofill,0.0
2024-02-14 12:30:00-05:00,182.57,188.19,188.24,188.19,189.25,21.4,13,1d+1h+4h,1.787,False,nofill,0.0
2024-02-14 13:30:00-05:00,183.15,188.19,188.24,188.19,189.23,21.4,13,1d+1h+4h,1.602,False,nofill,0.0
2024-02-14 14:30:00-05:00,183.52,188.19,188.24,188.19,189.21,21.4,13,1d+1h+4h,1.483,False,nofill,0.0
2024-02-14 15:30:00-05:00,184.02,188.19,188.24,188.19,189.2,21.4,13,1d+1h+4h,1.326,False,nofill,0.0
2024-02-15 09:30:00-05:00,181.88,187.78,187.83,187.78,188.92,20.2,13,1d+1h+4h,1.877,False,nofill,0.0
2024-02-15 10:30:00-05:00,181.99,188.19,188.24,188.19,189.3,21.4,13,1d+1h+4h,1.973,False,nofill,0.0
2024-02-15 11:30:00-05:00,182.02,188.19,188.24,188.19,189.28,21.4,13,1d+1h+4h,1.962,False,nofill,0.0
2024-02-15 12:30:00-05:00,182.05,188.19,188.24,188.19,189.24,21.4,13,1d+1h+4h,1.954,False,nofill,0.0
2024-02-15 13:30:00-05:00,181.98,188.19,188.24,188.19,189.21,21.4,13,1d+1h+4h,1.976,False,nofill,0.0
2024-02-15 14:30:00-05:00,182.38,188.19,188.24,188.19,189.2,21.4,13,1d+1h+4h,1.849,False,nofill,0.0
2024-02-15 15:30:00-05:00,183.95,188.19,188.24,188.19,189.3,21.4,13,1d+1h+4h,1.349,False,nofill,0.0
2024-02-16 09:30:00-05:00,182.54,188.19,188.25,188.19,189.45,21.4,13,1d+1h+4h,1.796,False,nofill,0.0
2024-02-16 10:30:00-05:00,183.15,188.19,188.25,188.19,189.43,21.4,13,1d+1h+4h,1.604,False,nofill,0.0
2024-02-16 11:30:00-05:00,182.94,188.19,188.25,188.19,189.39,21.4,13,1d+1h+4h,1.67,False,nofill,0.0
2024-02-16 12:30:00-05:00,182.65,188.19,188.24,188.19,189.34,21.4,13,1d+1h+4h,1.763,False,nofill,0.0
2024-02-16 13:30:00-05:00,183.14,188.19,188.24,188.19,189.31,21.4,13,1d+1h+4h,1.606,False,nofill,0.0
2024-02-16 14:30:00-05:00,182.26,188.19,188.24,188.19,189.32,21.4,13,1d+1h+4h,1.888,False,nofill,0.0
2024-02-16 15:30:00-05:00,182.29,188.19,188.24,188.19,189.29,21.4,13,1d+1h+4h,1.877,False,nofill,0.0
2024-02-20 09:30:00-05:00,180.46,184.12,184.18,184.12,185.3,15.8,11,1d+1h+4h,1.184,False,nofill,0.0
2024-02-20 10:30:00-05:00,181.12,187.05,187.11,187.05,188.24,16.4,12,1d+1h+4h,1.917,False,nofill,0.0
2024-02-20 11:30:00-05:00,180.74,186.77,186.82,186.77,187.93,16.4,12,1d+1h+4h,1.949,False,nofill,0.0
2024-02-20 12:30:00-05:00,180.51,184.12,184.17,184.12,185.23,17.6,12,1d+1h+4h,1.168,False,nofill,0.0
2024-02-20 13:30:00-05:00,180.69,184.18,184.23,184.18,185.25,17.6,12,1d+1h+4h,1.129,False,nofill,0.0
2024-02-20 14:30:00-05:00,181.38,187.52,187.57,187.52,188.59,18.2,13,1d+1h+4h,1.986,False,nofill,0.0
2024-02-20 15:30:00-05:00,181.61,187.78,187.83,187.78,188.83,20.2,13,1d+1h+4h,1.997,False,nofill,0.0
2024-02-21 09:30:00-05:00,182.56,188.19,188.24,188.19,189.26,20.4,12,1d+1h+4h,1.86,False,nofill,0.0
2024-02-21 10:30:00-05:00,182.16,188.19,188.24,188.19,189.23,20.4,12,1d+1h+4h,1.994,False,nofill,0.0
2024-02-21 11:30:00-05:00,181.39,184.27,184.32,184.27,185.31,17.6,12,1d+1h+4h,0.951,False,nofill,0.0
2024-02-21 12:30:00-05:00,181.42,187.45,187.5,187.45,188.47,18.2,13,1d+1h+4h,1.992,False,nofill,0.0
2024-02-21 13:30:00-05:00,180.95,184.21,184.26,184.21,185.22,17.6,12,1d+1h+4h,1.077,False,nofill,0.0
2024-02-21 14:30:00-05:00,181.2,184.27,184.32,184.27,185.25,17.6,12,1d+1h+4h,1.013,False,nofill,0.0
2024-02-21 15:30:00-05:00,182.33,188.19,188.24,188.19,189.18,20.4,12,1d+1h+4h,1.936,False,nofill,0.0
2024-02-22 09:30:00-05:00,183.06,188.17,188.22,188.17,189.22,20.4,12,1d+1h+4h,1.706,False,nofill,0.0
2024-02-22 10:30:00-05:00,183.04,188.17,188.22,188.17,189.21,20.4,12,1d+1h+4h,1.713,False,nofill,0.0
2024-02-22 11:30:00-05:00,183.06,188.17,188.22,188.17,189.17,20.4,12,1d+1h+4h,1.705,False,nofill,0.0
2024-02-22 12:30:00-05:00,184.04,189.14,189.19,189.14,190.16,20.8,12,1d+1h+4h,1.701,False,nofill,0.0
2024-02-22 13:30:00-05:00,184.94,189.14,189.19,189.14,190.16,20.8,12,1d+1h+4h,1.401,False,nofill,0.0
2024-02-22 14:30:00-05:00,184.56,189.14,189.19,189.14,190.13,20.8,12,1d+1h+4h,1.528,False,nofill,0.0
2024-02-22 15:30:00-05:00,184.37,189.14,189.19,189.14,190.09,20.8,12,1d+1h+4h,1.591,False,nofill,0.0
2024-02-23 09:30:00-05:00,183.3,189.14,189.19,189.14,190.15,20.8,12,1d+1h+4h,1.958,False,nofill,0.0
2024-02-23 10:30:00-05:00,183.06,188.17,188.22,188.17,189.18,20.4,12,1d+1h+4h,1.714,False,nofill,0.0
2024-02-23 11:30:00-05:00,182.56,188.19,188.24,188.19,189.18,20.4,12,1d+1h+4h,1.888,False,nofill,0.0
2024-02-23 12:30:00-05:00,182.96,188.17,188.22,188.17,189.14,20.4,12,1d+1h+4h,1.749,False,nofill,0.0
2024-02-23 13:30:00-05:00,182.47,188.19,188.23,188.19,189.13,20.4,12,1d+1h+4h,1.918,False,nofill,0.0
2024-02-23 14:30:00-05:00,182.58,188.19,188.23,188.19,189.08,20.4,12,1d+1h+4h,1.88,False,nofill,0.0
2024-02-23 15:30:00-05:00,182.51,188.19,188.23,188.19,189.06,20.4,12,1d+1h+4h,1.905,False,nofill,0.0
2024-02-26 09:30:00-05:00,181.6,184.27,184.31,184.27,185.2,17.6,12,1d+1h+4h,0.914,False,nofill,0.0
2024-02-26 10:30:00-05:00,180.94,184.27,184.32,184.27,185.22,17.6,12,1d+1h+4h,1.141,False,nofill,0.0
2024-02-26 11:30:00-05:00,180.97,184.27,184.31,184.27,185.18,17.6,12,1d+1h+4h,1.131,False,nofill,0.0
2024-02-26 12:30:00-05:00,180.98,184.8,184.84,184.8,185.7,17.6,12,1d+1h+4h,1.306,False,nofill,0.0
2024-02-26 13:30:00-05:00,181.71,184.27,184.31,184.27,185.17,17.6,12,1d+1h+4h,0.877,False,nofill,0.0
2024-02-26 14:30:00-05:00,181.38,184.27,184.31,184.27,185.15,17.6,12,1d+1h+4h,0.99,False,nofill,0.0
2024-02-26 15:30:00-05:00,181.14,184.8,184.84,184.8,185.64,17.6,12,1d+1h+4h,1.253,False,nofill,0.0
2024-02-27 09:30:00-05:00,181.17,184.85,184.89,184.85,185.73,19.4,13,1d+1h+4h,1.219,False,nofill,0.0
2024-02-27 10:30:00-05:00,180.86,184.85,184.89,184.85,185.71,19.4,13,1d+1h+4h,1.321,False,nofill,0.0
2024-02-27 11:30:00-05:00,180.69,184.85,184.89,184.85,185.68,19.4,13,1d+1h+4h,1.379,False,nofill,0.0
2024-02-27 12:30:00-05:00,180.07,180.66,180.7,180.66,181.49,22.0,14,1d+1h+4h,0.197,True,target,0.37712251585633183
2024-02-27 13:30:00-05:00,182.6,188.19,188.24,188.19,189.19,20.4,12,1d+1h+4h,1.852,False,nofill,0.0
2024-02-27 14:30:00-05:00,182.6,188.19,188.24,188.19,189.25,20.4,12,1d+1h+4h,1.851,False,nofill,0.0
2024-02-27 15:30:00-05:00,182.63,188.19,188.24,188.19,189.21,20.4,12,1d+1h+4h,1.843,False,nofill,0.0
2024-02-28 09:30:00-05:00,181.16,184.85,184.9,184.85,185.95,19.4,13,1d+1h+4h,1.225,False,nofill,0.0
2024-02-28 10:30:00-05:00,181.6,184.85,184.9,184.85,185.93,19.4,13,1d+1h+4h,1.078,False,nofill,0.0
2024-02-28 11:30:00-05:00,180.7,184.85,184.9,184.85,185.93,19.4,13,1d+1h+4h,1.377,False,nofill,0.0
2024-02-28 12:30:00-05:00,180.6,184.85,184.9,184.85,185.9,19.4,13,1d+1h+4h,1.41,False,nofill,0.0
2024-02-28 13:30:00-05:00,180.62,184.85,184.9,184.85,185.85,19.4,13,1d+1h+4h,1.404,False,nofill,0.0
2024-02-28 14:30:00-05:00,180.84,184.85,184.9,184.85,185.82,19.4,13,1d+1h+4h,1.332,False,nofill,0.0
2024-02-28 15:30:00-05:00,181.42,184.85,184.9,184.85,185.8,19.4,13,1d+1h+4h,1.138,False,nofill,0.0
2024-02-29 09:30:00-05:00,181.62,184.12,184.17,184.12,185.08,20.4,14,1d+1h+4h,0.83,False,nofill,0.0
2024-02-29 10:30:00-05:00,180.43,180.65,180.7,180.65,181.64,23.0,15,1d+1h+4h,0.073,True,scratch,-0.08600362284858498
2024-02-29 11:30:00-05:00,179.82,180.65,180.7,180.65,181.63,23.0,15,1d+1h+4h,0.275,True,scratch,-0.0859227157159026
2024-02-29 12:30:00-05:00,180.38,180.65,180.7,180.65,181.65,23.0,15,1d+1h+4h,0.09,True,scratch,-0.08634127996680618
2024-02-29 13:30:00-05:00,180.11,180.65,180.7,180.65,181.64,23.0,15,1d+1h+4h,0.179,True,scratch,-0.08605852596919039
2024-02-29 14:30:00-05:00,180.58,184.27,184.32,184.27,185.25,20.4,14,1d+1h+4h,1.223,False,nofill,0.0
2024-02-29 15:30:00-05:00,180.77,184.18,184.23,184.18,185.21,20.4,14,1d+1h+4h,1.132,False,nofill,0.0
2024-03-01 09:30:00-05:00,178.31,179.43,179.48,179.43,180.57,23.4,13,1d+1h+4h,0.369,False,nofill,0.0
2024-03-01 10:30:00-05:00,178.23,179.43,179.48,179.43,180.55,23.4,13,1d+1h+4h,0.395,True,scratch,-0.08963764552790687
2024-03-01 11:30:00-05:00,178.04,179.43,179.48,179.43,180.53,23.4,13,1d+1h+4h,0.458,True,scratch,-0.089249621064591
2024-03-01 12:30:00-05:00,178.7,179.43,179.48,179.43,180.52,23.4,13,1d+1h+4h,0.24,True,scratch,-0.08884954820941315
2024-03-01 13:30:00-05:00,180.2,180.65,180.7,180.65,181.79,23.0,15,1d+1h+4h,0.148,False,nofill,0.0
2024-03-01 14:30:00-05:00,179.68,180.66,180.71,180.66,181.76,23.0,15,1d+1h+4h,0.323,False,nofill,0.0
2024-03-01 15:30:00-05:00,179.64,180.66,180.71,180.66,181.71,23.0,15,1d+1h+4h,0.336,False,nofill,0.0
2024-03-04 09:30:00-05:00,174.17,177.66,177.73,177.66,179.07,26.8,12,1d+1h+4h,1.079,False,nofill,0.0
2024-03-04 10:30:00-05:00,174.82,177.66,177.73,177.66,179.05,26.8,12,1d+1h+4h,0.88,False,nofill,0.0
2024-03-04 11:30:00-05:00,174.63,177.84,177.91,177.84,179.21,26.8,12,1d+1h+4h,0.994,False,nofill,0.0
2024-03-04 12:30:00-05:00,173.9,177.66,177.72,177.66,178.99,26.8,12,1d+1h+4h,1.161,False,nofill,0.0
2024-03-04 13:30:00-05:00,174.35,177.66,177.72,177.66,178.95,26.8,12,1d+1h+4h,1.024,False,nofill,0.0
2024-03-04 14:30:00-05:00,175.44,177.66,177.72,177.66,178.96,26.8,12,1d+1h+4h,0.687,False,nofill,0.0
2024-03-04 15:30:00-05:00,175.09,177.78,177.84,177.78,179.03,26.8,12,1d+1h+4h,0.832,False,nofill,0.0
2024-03-05 09:30:00-05:00,169.91,173.07,173.14,173.07,174.61,19.0,9,1d+1h,0.932,False,nofill,0.0
2024-03-05 10:30:00-05:00,170.61,177.3,177.37,177.3,178.83,26.8,12,1d+1h+4h,1.974,False,nofill,0.0
2024-03-05 11:30:00-05:00,170.78,177.3,177.37,177.3,178.8,26.8,12,1d+1h+4h,1.922,False,nofill,0.0
2024-03-05 12:30:00-05:00,170.47,173.47,173.54,173.47,174.91,19.0,9,1d+1h,0.886,False,nofill,0.0
2024-03-05 13:30:00-05:00,170.04,173.35,173.42,173.35,174.73,19.0,9,1d+1h,0.975,False,nofill,0.0
2024-03-05 14:30:00-05:00,169.98,173.35,173.41,173.35,174.66,19.0,9,1d+1h,0.994,False,nofill,0.0
2024-03-05 15:30:00-05:00,170.17,173.35,173.41,173.35,174.6,19.0,9,1d+1h,0.938,False,nofill,0.0
2024-03-06 09:30:00-05:00,169.58,173.07,173.13,173.07,174.39,19.0,9,1d+1h,1.048,False,nofill,0.0
2024-03-06 10:30:00-05:00,169.78,173.07,173.13,173.07,174.35,19.0,9,1d+1h,0.988,False,nofill,0.0
2024-03-06 11:30:00-05:00,170.18,173.35,173.41,173.35,174.61,19.0,9,1d+1h,0.952,False,nofill,0.0
2024-03-06 12:30:00-05:00,169.99,171.45,171.51,171.45,172.66,19.8,9,1d+1h+4h,0.438,False,nofill,0.0
2024-03-06 13:30:00-05:00,169.1,171.45,171.51,171.45,172.67,19.8,9,1d+1h+4h,0.706,False,nofill,0.0
2024-03-06 14:30:00-05:00,169.0,171.45,171.51,171.45,172.62,19.8,9,1d+1h+4h,0.736,False,nofill,0.0
2024-03-06 15:30:00-05:00,169.12,171.45,171.5,171.45,172.58,19.8,9,1d+1h+4h,0.7,False,nofill,0.0
2024-03-07 09:30:00-05:00,168.97,171.45,171.5,171.45,172.6,19.8,9,1d+1h+4h,0.763,False,nofill,0.0
2024-03-07 10:30:00-05:00,169.28,171.45,171.5,171.45,172.58,19.8,9,1d+1h+4h,0.668,False,nofill,0.0
2024-03-07 11:30:00-05:00,169.16,171.45,171.5,171.45,172.55,19.8,9,1d+1h+4h,0.705,False,nofill,0.0
2024-03-07 12:30:00-05:00,169.62,171.45,171.5,171.45,172.52,19.8,9,1d+1h+4h,0.562,False,nofill,0.0
2024-03-07 13:30:00-05:00,170.1,171.45,171.5,171.45,172.54,19.8,9,1d+1h+4h,0.415,True,scratch,-0.09011690356266477
2024-03-07 14:30:00-05:00,169.61,171.45,171.5,171.45,172.52,19.8,9,1d+1h+4h,0.566,True,scratch,-0.08971169524275568
2024-03-07 15:30:00-05:00,168.98,171.45,171.5,171.45,172.5,19.8,9,1d+1h+4h,0.76,True,scratch,-0.08917001939744429
2024-03-08 09:30:00-05:00,171.78,177.9,177.96,177.9,179.1,29.8,13,1d+1h+4h,1.826,False,nofill,0.0
2024-03-08 10:30:00-05:00,171.62,177.9,177.96,177.9,179.09,29.8,13,1d+1h+4h,1.874,False,nofill,0.0
2024-03-08 11:30:00-05:00,172.72,177.9,177.96,177.9,179.14,29.8,13,1d+1h+4h,1.547,False,nofill,0.0
2024-03-08 12:30:00-05:00,172.23,177.9,177.96,177.9,179.14,29.8,13,1d+1h+4h,1.692,False,nofill,0.0
2024-03-08 13:30:00-05:00,173.47,177.9,177.96,177.9,179.15,29.8,13,1d+1h+4h,1.322,False,nofill,0.0
2024-03-08 14:30:00-05:00,171.4,177.9,177.97,177.9,179.24,29.8,13,1d+1h+4h,1.939,False,nofill,0.0
2024-03-08 15:30:00-05:00,170.74,177.3,177.36,177.3,178.62,26.8,12,1d+1h+4h,1.957,False,nofill,0.0
2024-03-11 09:30:00-04:00,173.35,177.9,177.97,177.9,179.39,29.8,13,1d+1h+4h,1.35,False,nofill,0.0
2024-03-11 10:30:00-04:00,172.67,177.9,177.97,177.9,179.39,29.8,13,1d+1h+4h,1.551,False,nofill,0.0
2024-03-11 11:30:00-04:00,172.82,177.9,177.97,177.9,179.34,29.8,13,1d+1h+4h,1.508,False,nofill,0.0
2024-03-11 12:30:00-04:00,172.39,177.9,177.97,177.9,179.31,29.8,13,1d+1h+4h,1.635,False,nofill,0.0
2024-03-11 13:30:00-04:00,172.62,177.9,177.97,177.9,179.3,29.8,13,1d+1h+4h,1.565,False,nofill,0.0
2024-03-11 14:30:00-04:00,172.7,177.9,177.97,177.9,179.23,29.8,13,1d+1h+4h,1.543,False,nofill,0.0
2024-03-11 15:30:00-04:00,172.79,177.9,177.96,177.9,179.19,29.8,13,1d+1h+4h,1.517,False,nofill,0.0
2024-03-12 09:30:00-04:00,172.64,177.9,177.97,177.9,179.28,29.8,13,1d+1h+4h,1.575,False,nofill,0.0
2024-03-12 10:30:00-04:00,172.68,177.9,177.97,177.9,179.22,29.8,13,1d+1h+4h,1.562,False,nofill,0.0
2024-03-12 11:30:00-04:00,172.52,177.9,177.97,177.9,179.2,29.8,13,1d+1h+4h,1.61,False,nofill,0.0
2024-03-12 12:30:00-04:00,173.04,177.9,177.97,177.9,179.2,29.8,13,1d+1h+4h,1.454,False,nofill,0.0
2024-03-12 13:30:00-04:00,173.8,177.9,177.96,177.9,179.17,29.8,13,1d+1h+4h,1.227,False,nofill,0.0
2024-03-12 14:30:00-04:00,173.84,177.9,177.96,177.9,179.13,29.8,13,1d+1h+4h,1.214,False,nofill,0.0
2024-03-12 15:30:00-04:00,173.22,177.9,177.96,177.9,179.11,29.8,13,1d+1h+4h,1.4,False,nofill,0.0
2024-03-13 09:30:00-04:00,170.98,177.38,177.44,177.38,178.68,25.8,11,1d+1h+4h,1.95,False,nofill,0.0
2024-03-13 10:30:00-04:00,171.0,177.38,177.44,177.38,178.63,25.8,11,1d+1h+4h,1.947,False,nofill,0.0
2024-03-13 11:30:00-04:00,171.06,177.38,177.44,177.38,178.56,25.8,11,1d+1h+4h,1.927,False,nofill,0.0
2024-03-13 12:30:00-04:00,171.44,177.9,177.96,177.9,179.04,29.8,13,1d+1h+4h,1.972,False,nofill,0.0
2024-03-13 13:30:00-04:00,171.58,177.9,177.96,177.9,179.01,29.8,13,1d+1h+4h,1.928,False,nofill,0.0
2024-03-13 14:30:00-04:00,171.28,177.84,177.89,177.84,178.92,26.8,12,1d+1h+4h,2.0,False,nofill,0.0
2024-03-13 15:30:00-04:00,171.17,177.66,177.71,177.66,178.71,26.8,12,1d+1h+4h,1.979,False,nofill,0.0
2024-03-14 09:30:00-04:00,173.66,177.9,177.96,177.9,179.08,29.8,13,1d+1h+4h,1.296,False,nofill,0.0
2024-03-14 10:30:00-04:00,173.34,177.9,177.96,177.9,179.07,29.8,13,1d+1h+4h,1.395,False,nofill,0.0
2024-03-14 11:30:00-04:00,172.67,177.9,177.96,177.9,179.07,29.8,13,1d+1h+4h,1.6,False,nofill,0.0
2024-03-14 12:30:00-04:00,172.96,177.9,177.96,177.9,179.07,29.8,13,1d+1h+4h,1.511,False,nofill,0.0
2024-03-14 13:30:00-04:00,173.82,177.9,177.96,177.9,179.07,29.8,13,1d+1h+4h,1.247,False,nofill,0.0
2024-03-14 14:30:00-04:00,172.66,177.9,177.96,177.9,179.11,29.8,13,1d+1h+4h,1.603,False,nofill,0.0
2024-03-14 15:30:00-04:00,173.08,177.9,177.96,177.9,179.08,29.8,13,1d+1h+4h,1.475,False,nofill,0.0
2024-03-15 09:30:00-04:00,170.61,172.05,172.11,172.05,173.33,24.0,10,1d+1h,0.446,False,nofill,0.0
2024-03-15 10:30:00-04:00,170.96,177.38,177.44,177.38,178.64,25.8,11,1d+1h+4h,1.99,False,nofill,0.0
2024-03-15 11:30:00-04:00,171.32,177.66,177.72,177.66,178.88,26.8,12,1d+1h+4h,1.965,False,nofill,0.0
2024-03-15 12:30:00-04:00,170.7,172.05,172.11,172.05,173.25,24.0,10,1d+1h,0.42,True,target,0.6060627097380422
2024-03-15 13:30:00-04:00,171.22,177.66,177.72,177.66,178.83,26.8,12,1d+1h+4h,1.996,False,nofill,0.0
2024-03-15 14:30:00-04:00,171.86,177.9,177.96,177.9,179.06,26.8,12,1d+1h+4h,1.871,False,nofill,0.0
2024-03-15 15:30:00-04:00,172.57,177.9,177.96,177.9,179.06,26.8,12,1d+1h+4h,1.652,False,nofill,0.0
2024-03-18 09:30:00-04:00,177.35,177.9,177.97,177.9,179.35,29.8,13,1d+1h+4h,0.165,False,nofill,0.0
2024-03-18 10:30:00-04:00,176.82,177.9,177.97,177.9,179.34,29.8,13,1d+1h+4h,0.323,False,nofill,0.0
2024-03-18 11:30:00-04:00,175.26,177.9,177.97,177.9,179.36,29.8,13,1d+1h+4h,0.788,False,nofill,0.0
2024-03-18 12:30:00-04:00,175.4,177.9,177.97,177.9,179.32,29.8,13,1d+1h+4h,0.747,False,nofill,0.0
2024-03-18 13:30:00-04:00,175.53,177.9,177.97,177.9,179.26,30.8,14,1d+1h+4h,0.707,False,nofill,0.0
2024-03-18 14:30:00-04:00,175.06,177.9,177.97,177.9,179.22,30.8,14,1d+1h+4h,0.845,False,nofill,0.0
2024-03-18 15:30:00-04:00,173.7,177.9,177.97,177.9,179.25,30.8,14,1d+1h+4h,1.252,False,nofill,0.0
2024-03-19 09:30:00-04:00,174.7,177.9,177.97,177.9,179.31,30.8,14,1d+1h+4h,0.949,False,nofill,0.0
2024-03-19 10:30:00-04:00,174.84,177.9,177.97,177.9,179.27,30.8,14,1d+1h+4h,0.909,False,nofill,0.0
2024-03-19 11:30:00-04:00,175.31,177.9,177.97,177.9,179.21,30.8,14,1d+1h+4h,0.769,False,nofill,0.0
2024-03-19 12:30:00-04:00,175.64,177.9,177.96,177.9,179.17,30.8,14,1d+1h+4h,0.67,False,nofill,0.0
2024-03-19 13:30:00-04:00,176.42,177.9,177.96,177.9,179.14,32.6,15,1d+1h+4h,0.439,False,nofill,0.0
2024-03-19 14:30:00-04:00,176.33,177.9,177.96,177.9,179.1,32.6,15,1d+1h+4h,0.467,False,nofill,0.0
2024-03-19 15:30:00-04:00,176.08,177.9,177.96,177.9,179.07,32.6,15,1d+1h+4h,0.541,False,nofill,0.0
2024-03-20 09:30:00-04:00,176.16,177.9,177.96,177.9,179.06,32.6,15,1d+1h+4h,0.515,False,nofill,0.0
2024-03-20 10:30:00-04:00,176.06,177.9,177.96,177.9,179.03,32.6,15,1d+1h+4h,0.545,False,nofill,0.0
2024-03-20 11:30:00-04:00,176.38,177.9,177.96,177.9,178.99,32.6,15,1d+1h+4h,0.45,True,scratch,-0.08910679954072798
2024-03-20 12:30:00-04:00,176.32,177.9,177.95,177.9,178.95,32.6,15,1d+1h+4h,0.467,True,scratch,-0.08795943769031034
2024-03-20 13:30:00-04:00,177.01,177.9,177.95,177.9,178.96,32.6,15,1d+1h+4h,0.265,True,scratch,-0.08818735890817608
2024-03-20 14:30:00-04:00,178.22,179.53,179.58,179.53,180.64,27.2,16,1d+1h+4h,0.389,False,nofill,0.0
2024-03-20 15:30:00-04:00,178.66,179.53,179.58,179.53,180.61,27.2,16,1d+1h+4h,0.257,False,nofill,0.0
2024-03-21 09:30:00-04:00,175.02,177.78,177.84,177.78,179.06,32.6,15,1d+1h+4h,0.747,False,nofill,0.0
2024-03-21 10:30:00-04:00,172.82,178.0,178.07,178.0,179.43,32.6,15,1d+1h+4h,1.402,False,nofill,0.0
2024-03-21 11:30:00-04:00,172.56,177.78,177.85,177.78,179.21,33.6,16,1d+1h+4h,1.412,False,nofill,0.0
2024-03-21 12:30:00-04:00,172.11,177.78,177.85,177.78,179.16,33.6,16,1d+1h+4h,1.535,False,nofill,0.0
2024-03-21 13:30:00-04:00,171.08,177.84,177.91,177.84,179.21,33.6,16,1d+1h+4h,1.831,False,nofill,0.0
2024-03-21 14:30:00-04:00,171.25,177.9,177.97,177.9,179.21,33.6,16,1d+1h+4h,1.801,False,nofill,0.0
2024-03-21 15:30:00-04:00,171.4,177.84,177.9,177.84,179.11,33.6,16,1d+1h+4h,1.743,False,nofill,0.0
2024-03-22 09:30:00-04:00,171.79,177.84,177.9,177.84,179.19,33.6,16,1d+1h+4h,1.662,False,nofill,0.0
2024-03-22 10:30:00-04:00,172.26,177.84,177.9,177.84,179.17,33.6,16,1d+1h+4h,1.532,False,nofill,0.0
2024-03-22 11:30:00-04:00,172.36,177.84,177.9,177.84,179.13,33.6,16,1d+1h+4h,1.503,False,nofill,0.0
2024-03-22 12:30:00-04:00,172.61,177.9,177.96,177.9,179.17,33.6,16,1d+1h+4h,1.452,False,nofill,0.0
2024-03-22 13:30:00-04:00,172.62,177.84,177.9,177.84,179.04,33.6,16,1d+1h+4h,1.432,False,nofill,0.0
2024-03-22 14:30:00-04:00,172.99,178.0,178.05,178.0,179.14,33.6,16,1d+1h+4h,1.377,False,nofill,0.0
2024-03-22 15:30:00-04:00,172.25,177.84,177.89,177.84,178.96,33.6,16,1d+1h+4h,1.535,False,nofill,0.0
2024-03-25 09:30:00-04:00,170.04,172.05,172.11,172.05,173.3,29.8,13,1d+1h+4h,0.561,False,nofill,0.0
2024-03-25 10:30:00-04:00,170.12,172.05,172.11,172.05,173.27,29.8,13,1d+1h+4h,0.539,False,nofill,0.0
2024-03-25 11:30:00-04:00,170.74,177.84,177.9,177.84,179.02,33.6,16,1d+1h+4h,1.983,False,nofill,0.0
2024-03-25 12:30:00-04:00,171.36,177.9,177.96,177.9,179.07,33.6,16,1d+1h+4h,1.826,False,nofill,0.0
2024-03-25 13:30:00-04:00,171.33,177.9,177.96,177.9,179.02,33.6,16,1d+1h+4h,1.835,False,nofill,0.0
2024-03-25 14:30:00-04:00,171.56,177.84,177.89,177.84,178.9,33.6,16,1d+1h+4h,1.754,False,nofill,0.0
2024-03-25 15:30:00-04:00,170.86,177.84,177.89,177.84,178.91,33.6,16,1d+1h+4h,1.949,False,nofill,0.0
2024-03-26 09:30:00-04:00,170.72,177.3,177.35,177.3,178.4,32.6,15,1d+1h+4h,1.905,False,nofill,0.0
2024-03-26 10:30:00-04:00,170.65,177.3,177.35,177.3,178.37,32.6,15,1d+1h+4h,1.925,False,nofill,0.0
2024-03-26 11:30:00-04:00,171.23,177.84,177.89,177.84,178.88,33.6,16,1d+1h+4h,1.911,False,nofill,0.0
2024-03-26 12:30:00-04:00,170.82,177.3,177.35,177.3,178.33,32.6,15,1d+1h+4h,1.876,False,nofill,0.0
2024-03-26 13:30:00-04:00,170.52,177.3,177.35,177.3,178.31,32.6,15,1d+1h+4h,1.963,False,nofill,0.0
2024-03-26 14:30:00-04:00,170.54,177.3,177.35,177.3,178.26,32.6,15,1d+1h+4h,1.957,False,nofill,0.0
2024-03-26 15:30:00-04:00,169.82,171.94,171.99,171.94,172.9,30.8,14,1d+1h+4h,0.615,True,scratch,-0.0866696193664418
2024-03-27 09:30:00-04:00,172.04,177.84,177.89,177.84,178.98,33.6,16,1d+1h+4h,1.663,False,nofill,0.0
2024-03-27 10:30:00-04:00,172.46,177.84,177.89,177.84,178.96,33.6,16,1d+1h+4h,1.546,False,nofill,0.0
2024-03-27 11:30:00-04:00,172.05,177.84,177.89,177.84,178.95,33.6,16,1d+1h+4h,1.663,False,nofill,0.0
2024-03-27 12:30:00-04:00,172.26,177.9,177.95,177.9,178.96,33.6,16,1d+1h+4h,1.62,False,nofill,0.0
2024-03-27 13:30:00-04:00,172.75,177.84,177.89,177.84,178.87,33.6,16,1d+1h+4h,1.461,False,nofill,0.0
2024-03-27 14:30:00-04:00,172.99,177.84,177.89,177.84,178.85,33.6,16,1d+1h+4h,1.392,False,nofill,0.0
2024-03-27 15:30:00-04:00,173.41,177.84,177.89,177.84,178.83,33.6,16,1d+1h+4h,1.272,False,nofill,0.0
2024-03-28 09:30:00-04:00,171.2,177.84,177.89,177.84,178.96,33.6,16,1d+1h+4h,1.936,False,nofill,0.0
2024-03-28 10:30:00-04:00,170.84,177.3,177.35,177.3,178.4,32.6,15,1d+1h+4h,1.884,False,nofill,0.0
2024-03-28 11:30:00-04:00,171.17,177.9,177.95,177.9,178.95,33.6,16,1d+1h+4h,1.962,False,nofill,0.0
2024-03-28 12:30:00-04:00,170.96,177.3,177.35,177.3,178.31,32.6,15,1d+1h+4h,1.846,False,nofill,0.0
2024-03-28 13:30:00-04:00,171.78,177.9,177.95,177.9,178.91,33.6,16,1d+1h+4h,1.784,False,nofill,0.0
2024-03-28 14:30:00-04:00,172.14,177.9,177.95,177.9,178.88,33.6,16,1d+1h+4h,1.679,False,nofill,0.0
2024-03-28 15:30:00-04:00,171.52,177.9,177.95,177.9,178.89,33.6,16,1d+1h+4h,1.86,False,nofill,0.0
2024-04-01 09:30:00-04:00,170.09,173.6,173.65,173.6,174.64,28.4,16,1d+1h+4h,1.054,False,nofill,0.0
2024-04-01 10:30:00-04:00,169.84,172.05,172.1,172.05,173.06,29.0,13,1d+1h,0.662,False,nofill,0.0
2024-04-01 11:30:00-04:00,169.9,172.05,172.1,172.05,173.03,29.0,13,1d+1h,0.647,False,nofill,0.0
2024-04-01 12:30:00-04:00,169.92,172.05,172.09,172.05,172.98,29.0,13,1d+1h,0.641,False,nofill,0.0
2024-04-01 13:30:00-04:00,170.0,172.05,172.09,172.05,172.93,29.0,13,1d+1h,0.617,False,nofill,0.0
2024-04-01 14:30:00-04:00,169.94,172.05,172.09,172.05,172.89,29.0,13,1d+1h,0.635,False,nofill,0.0
2024-04-01 15:30:00-04:00,170.01,172.05,172.09,172.05,172.85,29.0,13,1d+1h,0.613,False,nofill,0.0
2024-04-02 09:30:00-04:00,169.04,172.05,172.09,172.05,172.93,29.0,13,1d+1h,0.935,False,nofill,0.0
2024-04-02 10:30:00-04:00,168.83,172.05,172.09,172.05,172.92,29.0,13,1d+1h,1.0,False,nofill,0.0
2024-04-02 11:30:00-04:00,168.66,172.05,172.09,172.05,172.91,29.0,13,1d+1h,1.052,False,nofill,0.0
2024-04-02 12:30:00-04:00,169.0,172.05,172.09,172.05,172.89,29.0,13,1d+1h,0.949,False,nofill,0.0
2024-04-02 13:30:00-04:00,168.92,172.05,172.09,172.05,172.84,29.0,13,1d+1h,0.973,False,nofill,0.0
2024-04-02 14:30:00-04:00,168.98,172.05,172.09,172.05,172.81,29.0,13,1d+1h,0.955,False,nofill,0.0
2024-04-02 15:30:00-04:00,168.94,172.05,172.09,172.05,172.79,29.0,13,1d+1h,0.966,False,nofill,0.0
2024-04-03 09:30:00-04:00,170.04,171.79,171.83,171.79,172.59,28.8,14,1d+1h+4h,0.559,False,nofill,0.0
2024-04-03 10:30:00-04:00,170.52,171.73,171.77,171.73,172.52,28.8,14,1d+1h+4h,0.385,False,nofill,0.0
2024-04-03 11:30:00-04:00,170.32,171.79,171.83,171.79,172.57,28.8,14,1d+1h+4h,0.469,False,nofill,0.0
2024-04-03 12:30:00-04:00,170.2,171.79,171.83,171.79,172.56,28.8,14,1d+1h+4h,0.505,False,nofill,0.0
2024-04-03 13:30:00-04:00,170.2,171.45,171.49,171.45,172.19,29.6,16,1d+1h+4h,0.399,False,nofill,0.0
2024-04-03 14:30:00-04:00,169.52,171.45,171.49,171.45,172.23,29.6,16,1d+1h+4h,0.614,False,nofill,0.0
2024-04-03 15:30:00-04:00,169.66,171.45,171.49,171.45,172.24,29.6,16,1d+1h+4h,0.571,True,scratch,-0.081769490302952
2024-04-04 09:30:00-04:00,171.01,171.45,171.49,171.45,172.29,29.6,16,1d+1h+4h,0.14,True,scratch,-0.08339735542826077
2024-04-04 10:30:00-04:00,171.27,177.38,177.42,177.38,178.21,31.6,14,1d+1h+4h,1.951,False,nofill,0.0
2024-04-04 11:30:00-04:00,171.72,177.38,177.42,177.38,178.2,31.6,14,1d+1h+4h,1.807,False,nofill,0.0
2024-04-04 12:30:00-04:00,171.54,177.38,177.42,177.38,178.18,31.6,14,1d+1h+4h,1.865,False,nofill,0.0
2024-04-04 13:30:00-04:00,169.75,171.45,171.49,171.45,172.33,29.6,16,1d+1h+4h,0.543,False,nofill,0.0
2024-04-04 14:30:00-04:00,169.04,171.92,171.96,171.92,172.82,29.8,15,1d+1h+4h,0.919,False,nofill,0.0
2024-04-04 15:30:00-04:00,168.89,171.92,171.96,171.92,172.83,29.8,15,1d+1h+4h,0.967,False,nofill,0.0
2024-04-05 09:30:00-04:00,169.22,171.92,171.96,171.92,172.84,29.8,15,1d+1h+4h,0.894,False,nofill,0.0
2024-04-05 10:30:00-04:00,169.46,171.92,171.96,171.92,172.83,29.8,15,1d+1h+4h,0.813,False,nofill,0.0
2024-04-05 11:30:00-04:00,170.17,171.92,171.96,171.92,172.84,29.8,15,1d+1h+4h,0.58,False,nofill,0.0
2024-04-05 12:30:00-04:00,170.07,171.92,171.96,171.92,172.82,29.8,15,1d+1h+4h,0.611,False,nofill,0.0
2024-04-05 13:30:00-04:00,169.5,171.79,171.83,171.79,172.68,31.6,16,1d+1h+4h,0.759,False,nofill,0.0
2024-04-05 14:30:00-04:00,169.89,171.92,171.96,171.92,172.79,31.6,16,1d+1h+4h,0.672,False,nofill,0.0
2024-04-05 15:30:00-04:00,169.57,171.79,171.83,171.79,172.64,31.6,16,1d+1h+4h,0.735,False,nofill,0.0
2024-04-08 09:30:00-04:00,168.82,171.79,171.83,171.79,172.67,31.6,16,1d+1h+4h,1.025,False,nofill,0.0
2024-04-08 10:30:00-04:00,168.82,171.79,171.83,171.79,172.65,31.6,16,1d+1h+4h,1.027,False,nofill,0.0
2024-04-08 11:30:00-04:00,168.41,171.79,171.83,171.79,172.63,31.6,16,1d+1h+4h,1.166,False,nofill,0.0
2024-04-08 12:30:00-04:00,168.64,171.79,171.83,171.79,172.6,31.6,16,1d+1h+4h,1.085,False,nofill,0.0
2024-04-08 13:30:00-04:00,168.79,171.79,171.83,171.79,172.57,31.6,16,1d+1h+4h,1.035,False,nofill,0.0
2024-04-08 14:30:00-04:00,168.78,171.79,171.83,171.79,172.54,31.6,16,1d+1h+4h,1.037,False,nofill,0.0
2024-04-08 15:30:00-04:00,168.46,171.79,171.83,171.79,172.53,31.6,16,1d+1h+4h,1.149,False,nofill,0.0
2024-04-09 09:30:00-04:00,169.47,171.45,171.49,171.45,172.26,29.4,15,1d+1h+4h,0.704,False,nofill,0.0
2024-04-09 10:30:00-04:00,168.7,171.45,171.49,171.45,172.28,29.4,15,1d+1h+4h,0.979,False,nofill,0.0
2024-04-09 11:30:00-04:00,169.07,171.45,171.49,171.45,172.25,29.4,15,1d+1h+4h,0.846,False,nofill,0.0
2024-04-09 12:30:00-04:00,169.26,171.45,171.49,171.45,172.25,29.4,15,1d+1h+4h,0.778,False,nofill,0.0
2024-04-09 13:30:00-04:00,168.58,171.45,171.49,171.45,172.26,29.4,15,1d+1h+4h,1.018,False,nofill,0.0
2024-04-09 14:30:00-04:00,169.25,171.45,171.49,171.45,172.27,29.4,15,1d+1h+4h,0.781,False,nofill,0.0
2024-04-09 15:30:00-04:00,169.69,171.45,171.49,171.45,172.27,29.4,15,1d+1h+4h,0.626,False,nofill,0.0
2024-04-10 09:30:00-04:00,168.03,171.73,171.77,171.73,172.69,28.6,15,1d+1h+4h,1.324,False,nofill,0.0
2024-04-10 10:30:00-04:00,167.92,171.73,171.77,171.73,172.7,28.6,15,1d+1h+4h,1.365,False,nofill,0.0
2024-04-10 11:30:00-04:00,168.02,171.73,171.77,171.73,172.67,28.6,15,1d+1h+4h,1.329,False,nofill,0.0
2024-04-10 12:30:00-04:00,168.14,171.73,171.77,171.73,172.67,28.6,15,1d+1h+4h,1.286,False,nofill,0.0
2024-04-10 13:30:00-04:00,167.76,167.9,167.95,167.9,168.85,30.4,14,1d+1h+4h,0.05,True,scratch,-0.08692081681014319
2024-04-10 14:30:00-04:00,168.26,171.73,171.78,171.73,172.76,28.6,15,1d+1h+4h,1.242,False,nofill,0.0
2024-04-10 15:30:00-04:00,167.75,167.9,167.95,167.9,168.93,30.4,14,1d+1h+4h,0.054,True,target,0.5245785507278944
2024-04-11 09:30:00-04:00,168.72,171.94,171.99,171.94,173.0,31.6,16,1d+1h+4h,1.027,True,target,0.5290068883901933
2024-04-11 10:30:00-04:00,169.0,171.94,171.99,171.94,172.99,31.6,16,1d+1h+4h,0.937,True,target,0.5222179729334586
2024-04-11 11:30:00-04:00,169.91,171.94,171.99,171.94,173.01,31.6,16,1d+1h+4h,0.647,True,target,0.5341710843044911
2024-04-11 12:30:00-04:00,172.1,177.38,177.44,177.38,178.55,31.6,14,1d+1h+4h,1.682,False,nofill,0.0
2024-04-11 13:30:00-04:00,174.18,177.38,177.44,177.38,178.66,31.6,14,1d+1h+4h,1.02,True,scratch,-0.0942688823075466
2024-04-11 14:30:00-04:00,174.74,177.38,177.44,177.38,178.67,31.6,14,1d+1h+4h,0.842,True,scratch,-0.09445486711627815
2024-04-11 15:30:00-04:00,175.04,177.38,177.44,177.38,178.64,31.6,14,1d+1h+4h,0.746,True,scratch,-0.09368246714538397
2024-04-12 09:30:00-04:00,176.75,177.38,177.45,177.38,178.86,31.6,14,1d+1h+4h,0.197,False,nofill,0.0
2024-04-12 10:30:00-04:00,176.25,177.38,177.45,177.38,178.86,31.6,14,1d+1h+4h,0.351,False,nofill,0.0
2024-04-12 11:30:00-04:00,175.59,177.38,177.45,177.38,178.87,31.6,14,1d+1h+4h,0.558,False,nofill,0.0
2024-04-12 12:30:00-04:00,175.35,177.38,177.45,177.38,178.82,31.6,14,1d+1h+4h,0.633,False,nofill,0.0
2024-04-12 13:30:00-04:00,175.97,177.9,177.97,177.9,179.3,31.6,16,1d+1h+4h,0.603,False,nofill,0.0
2024-04-12 14:30:00-04:00,176.02,177.9,177.97,177.9,179.25,31.6,16,1d+1h+4h,0.588,False,nofill,0.0
2024-04-12 15:30:00-04:00,176.56,177.38,177.44,177.38,178.69,31.6,14,1d+1h+4h,0.254,False,nofill,0.0
2024-04-15 09:30:00-04:00,174.88,177.9,177.97,177.9,179.32,34.6,17,1d+1h+4h,0.925,False,nofill,0.0
2024-04-15 10:30:00-04:00,175.41,177.9,177.97,177.9,179.38,34.6,17,1d+1h+4h,0.763,False,nofill,0.0
2024-04-15 11:30:00-04:00,175.1,177.9,177.97,177.9,179.36,34.6,17,1d+1h+4h,0.858,False,nofill,0.0
2024-04-15 12:30:00-04:00,174.52,177.9,177.97,177.9,179.34,34.6,17,1d+1h+4h,1.035,False,nofill,0.0
2024-04-15 13:30:00-04:00,173.13,177.9,177.97,177.9,179.39,36.4,18,1d+1h+4h,1.461,False,nofill,0.0
2024-04-15 14:30:00-04:00,172.93,177.9,177.97,177.9,179.36,36.4,18,1d+1h+4h,1.522,False,nofill,0.0
2024-04-15 15:30:00-04:00,172.68,177.9,177.97,177.9,179.32,36.4,18,1d+1h+4h,1.597,False,nofill,0.0
2024-04-16 09:30:00-04:00,171.22,171.92,171.99,171.92,173.43,38.6,19,1d+1h+4h,0.205,False,nofill,0.0
2024-04-16 10:30:00-04:00,169.44,171.92,172.0,171.92,173.51,38.6,19,1d+1h+4h,0.723,False,nofill,0.0
2024-04-16 11:30:00-04:00,169.42,171.92,172.0,171.92,173.51,38.6,19,1d+1h+4h,0.732,False,nofill,0.0
2024-04-16 12:30:00-04:00,169.39,171.92,171.99,171.92,173.46,38.6,19,1d+1h+4h,0.739,False,nofill,0.0
2024-04-16 13:30:00-04:00,168.92,171.92,172.0,171.92,173.5,38.6,19,1d+1h+4h,0.875,False,nofill,0.0
2024-04-16 14:30:00-04:00,170.0,171.92,171.99,171.92,173.48,38.6,19,1d+1h+4h,0.562,False,nofill,0.0
2024-04-16 15:30:00-04:00,169.34,171.92,171.99,171.92,173.42,38.6,19,1d+1h+4h,0.754,False,nofill,0.0
2024-04-17 09:30:00-04:00,170.46,171.94,172.01,171.94,173.43,37.6,18,1d+1h+4h,0.441,False,nofill,0.0
2024-04-17 10:30:00-04:00,169.21,171.94,172.01,171.94,173.42,37.6,18,1d+1h+4h,0.811,False,nofill,0.0
2024-04-17 11:30:00-04:00,168.7,171.94,172.01,171.94,173.37,37.6,18,1d+1h+4h,0.963,False,nofill,0.0
2024-04-17 12:30:00-04:00,168.82,171.94,172.01,171.94,173.34,37.6,18,1d+1h+4h,0.927,False,nofill,0.0
2024-04-17 13:30:00-04:00,168.61,171.94,172.0,171.94,173.27,37.6,18,1d+1h+4h,0.989,False,nofill,0.0
2024-04-17 14:30:00-04:00,168.09,171.94,172.0,171.94,173.27,37.6,18,1d+1h+4h,1.144,False,nofill,0.0
2024-04-17 15:30:00-04:00,168.0,171.94,172.0,171.94,173.21,37.6,18,1d+1h+4h,1.171,False,nofill,0.0
2024-04-18 09:30:00-04:00,168.04,168.23,168.29,168.23,169.51,33.4,17,1d+1h+4h,0.058,False,nofill,0.0
2024-04-18 10:30:00-04:00,167.99,168.23,168.29,168.23,169.45,33.4,17,1d+1h+4h,0.073,False,nofill,0.0
2024-04-18 11:30:00-04:00,167.56,168.23,168.29,168.23,169.41,33.4,17,1d+1h+4h,0.203,False,nofill,0.0
2024-04-18 12:30:00-04:00,166.98,168.23,168.29,168.23,169.4,33.4,17,1d+1h+4h,0.382,False,nofill,0.0
2024-04-18 13:30:00-04:00,166.86,168.32,168.38,168.32,169.46,33.4,17,1d+1h+4h,0.448,False,nofill,0.0
2024-04-18 14:30:00-04:00,167.1,168.23,168.28,168.23,169.33,33.4,17,1d+1h+4h,0.345,False,nofill,0.0
2024-04-18 15:30:00-04:00,167.04,168.23,168.28,168.23,169.29,33.4,17,1d+1h+4h,0.364,False,nofill,0.0
2024-04-19 09:30:00-04:00,165.27,168.27,168.32,168.27,169.42,33.4,17,1d+1h+4h,0.924,False,nofill,0.0
2024-04-19 10:30:00-04:00,164.98,168.27,168.32,168.27,169.4,33.4,17,1d+1h+4h,1.011,False,nofill,0.0
2024-04-19 11:30:00-04:00,164.36,168.27,168.32,168.27,169.4,33.4,17,1d+1h+4h,1.203,False,nofill,0.0
2024-04-19 12:30:00-04:00,164.92,168.23,168.28,168.23,169.36,33.4,17,1d+1h+4h,1.019,False,nofill,0.0
2024-04-19 13:30:00-04:00,165.04,168.27,168.32,168.27,169.38,33.4,17,1d+1h+4h,0.994,False,nofill,0.0
2024-04-19 14:30:00-04:00,165.16,168.23,168.28,168.23,169.32,33.4,17,1d+1h+4h,0.944,False,nofill,0.0
2024-04-19 15:30:00-04:00,164.93,168.27,168.32,168.27,169.31,33.4,17,1d+1h+4h,1.028,False,nofill,0.0
2024-04-22 09:30:00-04:00,165.37,168.23,168.28,168.23,169.29,33.4,17,1d+1h+4h,0.896,False,nofill,0.0
2024-04-22 10:30:00-04:00,165.4,168.23,168.28,168.23,169.27,33.4,17,1d+1h+4h,0.888,False,nofill,0.0
2024-04-22 11:30:00-04:00,165.62,168.27,168.32,168.27,169.28,33.4,17,1d+1h+4h,0.83,False,nofill,0.0
2024-04-22 12:30:00-04:00,166.28,168.24,168.29,168.24,169.24,33.4,17,1d+1h+4h,0.616,False,nofill,0.0
2024-04-22 13:30:00-04:00,166.86,168.27,168.32,168.27,169.27,33.4,17,1d+1h+4h,0.443,False,nofill,0.0
2024-04-22 14:30:00-04:00,166.66,168.24,168.29,168.24,169.23,33.4,17,1d+1h+4h,0.495,False,nofill,0.0
2024-04-22 15:30:00-04:00,165.84,168.27,168.32,168.27,169.27,33.4,17,1d+1h+4h,0.761,False,nofill,0.0
2024-04-23 09:30:00-04:00,165.82,168.27,168.32,168.27,169.33,33.4,17,1d+1h+4h,0.787,False,nofill,0.0
2024-04-23 10:30:00-04:00,166.62,167.76,167.81,167.76,168.84,33.4,17,1d+1h+4h,0.365,False,nofill,0.0
2024-04-23 11:30:00-04:00,166.27,167.76,167.81,167.76,168.81,33.4,17,1d+1h+4h,0.479,False,nofill,0.0
2024-04-23 12:30:00-04:00,166.39,168.23,168.28,168.23,169.24,33.4,17,1d+1h+4h,0.59,False,nofill,0.0
2024-04-23 13:30:00-04:00,166.84,167.76,167.81,167.76,168.74,33.4,17,1d+1h+4h,0.296,True,scratch,-0.08761340909534399
2024-04-23 14:30:00-04:00,166.85,167.76,167.81,167.76,168.7,33.4,17,1d+1h+4h,0.293,True,scratch,-0.08642682399834234
2024-04-23 15:30:00-04:00,166.91,167.76,167.81,167.76,168.65,33.4,17,1d+1h+4h,0.274,True,scratch,-0.08516569490448767
2024-04-24 09:30:00-04:00,168.0,168.23,168.28,168.23,169.21,33.4,17,1d+1h+4h,0.076,True,scratch,-0.0877343859412072
2024-04-24 10:30:00-04:00,167.92,168.23,168.28,168.23,169.2,33.4,17,1d+1h+4h,0.1,True,scratch,-0.08736419443053922
2024-04-24 11:30:00-04:00,168.72,171.73,171.78,171.73,172.73,31.6,16,1d+1h+4h,0.965,False,nofill,0.0
2024-04-24 12:30:00-04:00,168.46,171.94,171.99,171.94,172.93,31.6,16,1d+1h+4h,1.118,False,nofill,0.0
2024-04-24 13:30:00-04:00,168.75,171.79,171.84,171.79,172.77,31.6,16,1d+1h+4h,0.977,False,nofill,0.0
2024-04-24 14:30:00-04:00,169.06,171.94,171.99,171.94,172.91,31.6,16,1d+1h+4h,0.927,False,nofill,0.0
2024-04-24 15:30:00-04:00,168.95,171.94,171.99,171.94,172.89,31.6,16,1d+1h+4h,0.961,False,nofill,0.0
2024-04-25 09:30:00-04:00,168.92,171.92,171.97,171.92,172.96,31.6,16,1d+1h+4h,0.981,False,nofill,0.0
2024-04-25 10:30:00-04:00,168.57,171.92,171.97,171.92,172.93,31.6,16,1d+1h+4h,1.095,False,nofill,0.0
2024-04-25 11:30:00-04:00,169.19,171.92,171.97,171.92,172.94,31.6,16,1d+1h+4h,0.892,False,nofill,0.0
2024-04-25 12:30:00-04:00,169.06,170.07,170.11,170.07,171.06,32.2,23,1d+1h+4h,0.329,False,nofill,0.0
2024-04-25 13:30:00-04:00,169.13,170.07,170.12,170.07,171.06,32.2,23,1d+1h+4h,0.309,True,target,0.49302109754134626
2024-04-25 14:30:00-04:00,169.94,171.92,171.97,171.92,172.92,31.6,16,1d+1h+4h,0.648,False,nofill,0.0
2024-04-25 15:30:00-04:00,169.9,170.07,170.11,170.07,171.04,32.2,23,1d+1h+4h,0.054,True,target,0.4839328859845615
2024-04-26 09:30:00-04:00,170.66,171.79,171.84,171.79,172.81,31.6,16,1d+1h+4h,0.377,False,nofill,0.0
2024-04-26 10:30:00-04:00,170.69,171.79,171.84,171.79,172.8,31.6,16,1d+1h+4h,0.367,False,nofill,0.0
2024-04-26 11:30:00-04:00,170.24,171.79,171.84,171.79,172.78,31.6,16,1d+1h+4h,0.516,False,nofill,0.0
2024-04-26 12:30:00-04:00,169.88,171.79,171.84,171.79,172.75,31.6,16,1d+1h+4h,0.639,False,nofill,0.0
2024-04-26 13:30:00-04:00,169.7,171.79,171.83,171.79,172.72,32.6,17,1d+1h+4h,0.698,True,target,0.455951552548961
2024-04-26 14:30:00-04:00,169.99,171.79,171.83,171.79,172.7,32.6,17,1d+1h+4h,0.601,True,target,0.4436127918882482
2024-04-26 15:30:00-04:00,169.29,171.79,171.83,171.79,172.7,32.6,17,1d+1h+4h,0.835,True,target,0.44503054672269116
2024-04-29 09:30:00-04:00,174.76,177.9,177.97,177.9,179.26,36.4,18,1d+1h+4h,0.965,False,nofill,0.0
2024-04-29 10:30:00-04:00,174.51,177.9,177.97,177.9,179.25,36.4,18,1d+1h+4h,1.042,False,nofill,0.0
2024-04-29 11:30:00-04:00,174.32,177.9,177.97,177.9,179.21,36.4,18,1d+1h+4h,1.099,False,nofill,0.0
2024-04-29 12:30:00-04:00,174.87,177.9,177.96,177.9,179.17,36.4,18,1d+1h+4h,0.931,False,nofill,0.0
2024-04-29 13:30:00-04:00,174.27,177.9,177.96,177.9,179.15,36.4,18,1d+1h+4h,1.117,False,nofill,0.0
2024-04-29 14:30:00-04:00,173.82,177.9,177.96,177.9,179.16,36.4,18,1d+1h+4h,1.252,False,nofill,0.0
2024-04-29 15:30:00-04:00,173.49,177.9,177.96,177.9,179.14,36.4,18,1d+1h+4h,1.355,False,nofill,0.0
2024-04-30 09:30:00-04:00,174.43,177.9,177.97,177.9,179.22,36.4,18,1d+1h+4h,1.028,False,nofill,0.0
2024-04-30 10:30:00-04:00,173.86,177.9,177.97,177.9,179.22,36.4,18,1d+1h+4h,1.196,False,nofill,0.0
2024-04-30 11:30:00-04:00,173.84,177.9,177.96,177.9,179.17,36.4,18,1d+1h+4h,1.204,False,nofill,0.0
2024-04-30 12:30:00-04:00,173.28,177.9,177.96,177.9,179.13,36.4,18,1d+1h+4h,1.37,False,nofill,0.0
2024-04-30 13:30:00-04:00,173.18,177.9,177.96,177.9,179.1,36.4,18,1d+1h+4h,1.399,False,nofill,0.0
2024-04-30 14:30:00-04:00,172.73,177.9,177.96,177.9,179.08,36.4,18,1d+1h+4h,1.532,False,nofill,0.0
2024-04-30 15:30:00-04:00,170.09,171.94,172.0,171.94,173.25,39.6,20,1d+1h+4h,0.548,False,nofill,0.0
2024-05-01 09:30:00-04:00,170.82,171.94,172.0,171.94,173.3,39.6,20,1d+1h+4h,0.332,False,nofill,0.0
2024-05-01 10:30:00-04:00,171.17,171.94,172.0,171.94,173.26,39.6,20,1d+1h+4h,0.227,False,nofill,0.0
2024-05-01 11:30:00-04:00,171.39,171.94,172.0,171.94,173.21,39.6,20,1d+1h+4h,0.162,True,scratch,-0.09516187619820204
2024-05-01 12:30:00-04:00,171.12,171.94,172.0,171.94,173.17,39.6,20,1d+1h+4h,0.242,True,scratch,-0.09409162981564023
2024-05-01 13:30:00-04:00,171.42,171.94,172.0,171.94,173.15,39.6,20,1d+1h+4h,0.152,True,scratch,-0.09352308286475486
2024-05-01 14:30:00-04:00,172.37,177.9,177.96,177.9,179.16,36.4,18,1d+1h+4h,1.632,False,nofill,0.0
2024-05-01 15:30:00-04:00,169.29,171.94,172.01,171.94,173.35,39.6,20,1d+1h+4h,0.782,True,scratch,-0.09886518569864888
2024-05-02 09:30:00-04:00,171.59,171.92,171.99,171.92,173.48,40.6,21,1d+1h+4h,0.096,True,scratch,-0.10308403884931039
2024-05-02 10:30:00-04:00,171.6,171.92,171.99,171.92,173.42,40.6,21,1d+1h+4h,0.093,True,target,0.7678916124025381
2024-05-02 11:30:00-04:00,172.35,177.84,177.91,177.84,179.31,36.4,18,1d+1h+4h,1.596,False,nofill,0.0
2024-05-02 12:30:00-04:00,172.7,177.84,177.91,177.84,179.27,36.4,18,1d+1h+4h,1.495,False,nofill,0.0
2024-05-02 13:30:00-04:00,172.9,177.84,177.9,177.84,179.2,36.4,18,1d+1h+4h,1.436,True,target,0.6694600405920959
2024-05-02 14:30:00-04:00,173.15,177.9,177.97,177.9,179.22,36.4,18,1d+1h+4h,1.382,True,target,0.6439985186072361
2024-05-02 15:30:00-04:00,173.09,177.84,177.9,177.84,179.13,36.4,18,1d+1h+4h,1.381,True,target,0.6290636229772995
2024-05-03 09:30:00-04:00,184.18,188.19,188.3,188.19,190.43,28.2,17,1d+1h+4h,0.959,False,nofill,0.0
2024-05-03 10:30:00-04:00,184.65,188.19,188.29,188.19,190.38,28.2,17,1d+1h+4h,0.847,False,nofill,0.0
2024-05-03 11:30:00-04:00,184.36,188.19,188.29,188.19,190.28,28.2,17,1d+1h+4h,0.916,False,nofill,0.0
2024-05-03 12:30:00-04:00,185.36,188.17,188.27,188.17,190.2,28.2,17,1d+1h+4h,0.672,False,nofill,0.0
2024-05-03 13:30:00-04:00,185.75,188.19,188.28,188.19,190.16,28.2,17,1d+1h+4h,0.584,False,nofill,0.0
2024-05-03 14:30:00-04:00,185.0,188.17,188.26,188.17,190.13,28.2,17,1d+1h+4h,0.759,False,nofill,0.0
2024-05-03 15:30:00-04:00,183.39,188.19,188.28,188.19,190.15,28.2,17,1d+1h+4h,1.148,False,nofill,0.0
2024-05-06 09:30:00-04:00,182.62,188.19,188.29,188.19,190.2,28.2,17,1d+1h+4h,1.342,False,nofill,0.0
2024-05-06 10:30:00-04:00,182.0,188.17,188.26,188.17,190.16,28.2,17,1d+1h+4h,1.488,False,nofill,0.0
2024-05-06 11:30:00-04:00,181.6,188.17,188.26,188.17,190.09,28.2,17,1d+1h+4h,1.583,False,nofill,0.0
2024-05-06 12:30:00-04:00,180.59,188.19,188.28,188.19,190.06,28.2,17,1d+1h+4h,1.832,False,nofill,0.0
2024-05-06 13:30:00-04:00,180.8,188.19,188.28,188.19,190.0,28.2,17,1d+1h+4h,1.78,False,nofill,0.0
2024-05-06 14:30:00-04:00,181.48,188.19,188.27,188.19,189.94,28.2,17,1d+1h+4h,1.617,False,nofill,0.0
2024-05-06 15:30:00-04:00,181.7,188.17,188.25,188.17,189.85,28.2,17,1d+1h+4h,1.559,False,nofill,0.0
2024-05-07 09:30:00-04:00,182.84,188.19,188.28,188.19,189.99,28.2,17,1d+1h+4h,1.303,False,nofill,0.0
2024-05-07 10:30:00-04:00,182.18,188.19,188.27,188.19,189.94,28.2,17,1d+1h+4h,1.464,False,nofill,0.0
2024-05-07 11:30:00-04:00,181.52,188.19,188.27,188.19,189.88,28.2,17,1d+1h+4h,1.624,False,nofill,0.0
2024-05-07 12:30:00-04:00,182.56,188.17,188.25,188.17,189.85,28.2,17,1d+1h+4h,1.366,False,nofill,0.0
2024-05-07 13:30:00-04:00,182.38,188.17,188.25,188.17,189.79,28.2,17,1d+1h+4h,1.411,False,nofill,0.0
2024-05-07 14:30:00-04:00,182.64,188.17,188.24,188.17,189.72,28.2,17,1d+1h+4h,1.348,False,nofill,0.0
2024-05-07 15:30:00-04:00,182.37,188.17,188.24,188.17,189.64,28.2,17,1d+1h+4h,1.413,False,nofill,0.0
2024-05-08 09:30:00-04:00,181.91,184.27,184.34,184.27,185.75,28.4,18,1d+1h+4h,0.601,False,nofill,0.0
2024-05-08 10:30:00-04:00,182.28,184.27,184.34,184.27,185.69,28.4,18,1d+1h+4h,0.505,False,nofill,0.0
2024-05-08 11:30:00-04:00,182.34,184.27,184.34,184.27,185.65,28.4,18,1d+1h+4h,0.491,False,nofill,0.0
2024-05-08 12:30:00-04:00,182.3,184.27,184.33,184.27,185.58,28.4,18,1d+1h+4h,0.502,False,nofill,0.0
2024-05-08 13:30:00-04:00,182.68,184.27,184.33,184.27,185.52,28.4,18,1d+1h+4h,0.404,False,nofill,0.0
2024-05-08 14:30:00-04:00,182.89,184.27,184.33,184.27,185.46,28.4,18,1d+1h+4h,0.351,False,nofill,0.0
2024-05-08 15:30:00-04:00,182.74,184.27,184.32,184.27,185.4,28.4,18,1d+1h+4h,0.39,False,nofill,0.0
2024-05-09 09:30:00-04:00,183.42,184.27,184.33,184.27,185.45,28.4,18,1d+1h+4h,0.222,True,scratch,-0.09043772659393934
2024-05-09 10:30:00-04:00,183.64,184.27,184.32,184.27,185.42,28.4,18,1d+1h+4h,0.165,True,scratch,-0.08971483077706566
2024-05-09 11:30:00-04:00,183.6,184.27,184.32,184.27,185.37,28.4,18,1d+1h+4h,0.174,True,scratch,-0.08837568454250766
2024-05-09 12:30:00-04:00,184.38,188.17,188.22,188.17,189.26,28.2,17,1d+1h+4h,0.99,False,nofill,0.0
2024-05-09 13:30:00-04:00,184.25,188.17,188.22,188.17,189.23,28.2,17,1d+1h+4h,1.024,False,nofill,0.0
2024-05-09 14:30:00-04:00,184.32,188.17,188.22,188.17,189.18,28.2,17,1d+1h+4h,1.007,False,nofill,0.0
2024-05-09 15:30:00-04:00,184.65,188.19,188.24,188.19,189.16,28.2,17,1d+1h+4h,0.925,False,nofill,0.0
2024-05-10 09:30:00-04:00,183.2,184.27,184.32,184.27,185.31,28.4,18,1d+1h+4h,0.283,False,nofill,0.0
2024-05-10 10:30:00-04:00,182.69,184.27,184.32,184.27,185.32,28.4,18,1d+1h+4h,0.42,False,nofill,0.0
2024-05-10 11:30:00-04:00,182.49,184.27,184.32,184.27,185.29,28.4,18,1d+1h+4h,0.473,False,nofill,0.0
2024-05-10 12:30:00-04:00,182.4,184.27,184.32,184.27,185.24,29.4,19,1d+1h+4h,0.498,False,nofill,0.0
2024-05-10 13:30:00-04:00,182.74,184.27,184.32,184.27,185.23,29.4,19,1d+1h+4h,0.407,True,target,0.43393545529379907
2024-05-10 14:30:00-04:00,182.94,184.27,184.31,184.27,185.19,29.4,19,1d+1h+4h,0.353,True,target,0.4137651854069002
2024-05-10 15:30:00-04:00,183.0,184.27,184.31,184.27,185.15,29.4,19,1d+1h+4h,0.338,True,target,0.39580972635637757
2024-05-13 09:30:00-04:00,185.69,188.19,188.24,188.19,189.22,28.2,17,1d+1h+4h,0.662,False,nofill,0.0
2024-05-13 10:30:00-04:00,185.92,188.17,188.22,188.17,189.19,28.2,17,1d+1h+4h,0.595,False,nofill,0.0
2024-05-13 11:30:00-04:00,186.29,188.17,188.22,188.17,189.17,28.2,17,1d+1h+4h,0.497,False,nofill,0.0
2024-05-13 12:30:00-04:00,186.66,188.17,188.22,188.17,189.15,28.2,17,1d+1h+4h,0.4,False,nofill,0.0
2024-05-13 13:30:00-04:00,186.65,188.17,188.22,188.17,189.12,28.2,17,1d+1h+4h,0.402,True,scratch,-0.08411744329535065
2024-05-13 14:30:00-04:00,186.99,188.17,188.21,188.17,189.1,28.2,17,1d+1h+4h,0.312,True,scratch,-0.0834176945328835
2024-05-13 15:30:00-04:00,186.28,188.17,188.21,188.17,189.1,28.2,17,1d+1h+4h,0.499,True,scratch,-0.08356422283178899
2024-05-14 09:30:00-04:00,187.01,188.17,188.22,188.17,189.19,25.2,16,1d+1h+4h,0.317,False,nofill,0.0
2024-05-14 10:30:00-04:00,186.98,188.17,188.22,188.17,189.18,25.2,16,1d+1h+4h,0.326,False,nofill,0.0
2024-05-14 11:30:00-04:00,186.8,188.17,188.22,188.17,189.15,25.2,16,1d+1h+4h,0.375,False,nofill,0.0
2024-05-14 12:30:00-04:00,186.53,188.17,188.21,188.17,189.11,26.2,17,1d+1h+4h,0.449,False,nofill,0.0
2024-05-14 13:30:00-04:00,187.33,188.17,188.21,188.17,189.11,26.2,17,1d+1h+4h,0.23,True,target,0.4169129701042218
2024-05-14 14:30:00-04:00,187.74,188.17,188.21,188.17,189.09,26.2,17,1d+1h+4h,0.116,True,target,0.40598753392508957
2024-05-14 15:30:00-04:00,187.39,188.19,188.23,188.19,189.1,26.2,17,1d+1h+4h,0.219,True,target,0.4011021027230832
2024-05-15 09:30:00-04:00,189.58,191.42,191.47,191.42,192.44,25.0,17,1d+1h+4h,0.508,False,nofill,0.0
2024-05-15 10:30:00-04:00,189.92,191.42,191.47,191.42,192.41,25.0,17,1d+1h+4h,0.414,False,nofill,0.0
2024-05-15 11:30:00-04:00,190.16,191.42,191.47,191.42,192.39,25.0,17,1d+1h+4h,0.349,False,nofill,0.0
2024-05-15 12:30:00-04:00,190.37,191.42,191.46,191.42,192.36,25.0,17,1d+1h+4h,0.29,False,nofill,0.0
2024-05-15 13:30:00-04:00,189.93,191.42,191.46,191.42,192.34,25.0,17,1d+1h+4h,0.411,False,nofill,0.0
2024-05-15 14:30:00-04:00,189.88,191.42,191.46,191.42,192.31,25.0,17,1d+1h+4h,0.426,False,nofill,0.0
2024-05-15 15:30:00-04:00,189.74,191.42,191.46,191.42,192.29,26.0,18,1d+1h+4h,0.463,False,nofill,0.0
2024-05-16 09:30:00-04:00,190.58,191.42,191.46,191.42,192.33,26.0,18,1d+1h+4h,0.242,False,nofill,0.0
2024-05-16 10:30:00-04:00,189.97,191.42,191.46,191.42,192.34,26.0,18,1d+1h+4h,0.418,False,nofill,0.0
2024-05-16 11:30:00-04:00,190.32,191.42,191.46,191.42,192.32,26.0,18,1d+1h+4h,0.317,False,nofill,0.0
2024-05-16 12:30:00-04:00,190.01,191.42,191.46,191.42,192.3,26.0,18,1d+1h+4h,0.407,False,nofill,0.0
2024-05-16 13:30:00-04:00,189.93,191.42,191.46,191.42,192.27,26.0,18,1d+1h+4h,0.43,False,nofill,0.0
2024-05-16 14:30:00-04:00,189.88,191.42,191.46,191.42,192.23,26.0,18,1d+1h+4h,0.443,False,nofill,0.0
2024-05-16 15:30:00-04:00,189.9,191.42,191.46,191.42,192.22,26.0,18,1d+1h+4h,0.438,False,nofill,0.0
2024-05-17 09:30:00-04:00,190.15,191.42,191.46,191.42,192.28,26.0,18,1d+1h+4h,0.381,False,nofill,0.0
2024-05-17 10:30:00-04:00,189.7,191.42,191.46,191.42,192.27,26.0,18,1d+1h+4h,0.517,False,nofill,0.0
2024-05-17 11:30:00-04:00,189.79,191.42,191.46,191.42,192.25,26.0,18,1d+1h+4h,0.489,False,nofill,0.0
2024-05-17 12:30:00-04:00,189.68,191.42,191.46,191.42,192.22,26.0,18,1d+1h+4h,0.52,False,nofill,0.0
2024-05-17 13:30:00-04:00,189.68,191.42,191.46,191.42,192.2,27.8,19,1d+1h+4h,0.522,True,scratch,-0.07931639278728753
2024-05-17 14:30:00-04:00,190.11,191.42,191.46,191.42,192.18,27.8,19,1d+1h+4h,0.393,True,scratch,-0.07888622692037162
2024-05-17 15:30:00-04:00,189.93,191.42,191.46,191.42,192.16,27.8,19,1d+1h+4h,0.447,True,scratch,-0.07828100384994485
2024-05-20 09:30:00-04:00,191.6,194.76,194.8,194.76,195.65,19.6,12,1d+1h+4h,0.955,False,nofill,0.0
2024-05-20 10:30:00-04:00,191.18,191.42,191.46,191.42,192.3,27.8,19,1d+1h+4h,0.073,True,scratch,-0.08193537595735378
2024-05-20 11:30:00-04:00,191.16,191.42,191.46,191.42,192.28,27.8,19,1d+1h+4h,0.077,True,scratch,-0.08128088854227888
2024-05-20 12:30:00-04:00,191.46,191.72,191.76,191.72,192.57,24.8,18,1d+1h+4h,0.078,False,nofill,0.0
2024-05-20 13:30:00-04:00,191.41,191.63,191.66,191.63,192.44,25.8,19,1d+1h+4h,0.065,True,target,0.3463599495106884
2024-05-20 14:30:00-04:00,191.31,191.56,191.6,191.56,192.35,25.8,19,1d+1h+4h,0.074,True,target,0.3331164440393941
2024-05-20 15:30:00-04:00,191.08,191.42,191.46,191.42,192.2,28.8,20,1d+1h+4h,0.103,True,target,0.3253659829706379
2024-05-21 09:30:00-04:00,192.21,194.76,194.8,194.76,195.61,19.6,12,1d+1h+4h,0.798,False,nofill,0.0
2024-05-21 10:30:00-04:00,192.28,194.76,194.8,194.76,195.6,19.6,12,1d+1h+4h,0.775,False,nofill,0.0
2024-05-21 11:30:00-04:00,192.18,194.76,194.8,194.76,195.59,19.6,12,1d+1h+4h,0.808,False,nofill,0.0
2024-05-21 12:30:00-04:00,192.36,194.76,194.8,194.76,195.57,19.6,12,1d+1h+4h,0.751,False,nofill,0.0
2024-05-21 13:30:00-04:00,192.52,194.76,194.8,194.76,195.53,19.6,12,1d+1h+4h,0.703,False,nofill,0.0
2024-05-21 14:30:00-04:00,192.53,194.76,194.8,194.76,195.5,19.6,12,1d+1h+4h,0.698,False,nofill,0.0
2024-05-21 15:30:00-04:00,192.36,194.76,194.79,194.76,195.48,19.6,12,1d+1h+4h,0.751,False,nofill,0.0
2024-05-22 09:30:00-04:00,192.72,194.76,194.79,194.76,195.49,19.6,12,1d+1h+4h,0.65,False,nofill,0.0
2024-05-22 10:30:00-04:00,192.14,194.76,194.79,194.76,195.49,19.6,12,1d+1h+4h,0.832,False,nofill,0.0
2024-05-22 11:30:00-04:00,191.62,193.67,193.7,193.67,194.4,19.6,14,1d+1h+4h,0.651,False,nofill,0.0
2024-05-22 12:30:00-04:00,191.37,191.56,191.59,191.56,192.29,25.8,19,1d+1h+4h,0.06,False,nofill,0.0
2024-05-22 13:30:00-04:00,190.6,191.42,191.46,191.42,192.18,25.8,19,1d+1h+4h,0.261,False,nofill,0.0
2024-05-22 14:30:00-04:00,190.94,191.42,191.46,191.42,192.16,25.8,19,1d+1h+4h,0.153,False,nofill,0.0
2024-05-22 15:30:00-04:00,190.98,191.42,191.46,191.42,192.18,25.8,19,1d+1h+4h,0.14,False,nofill,0.0
2024-05-23 09:30:00-04:00,189.05,189.22,189.26,189.22,190.11,26.4,16,1d+1h+4h,0.053,True,scratch,-0.08237935836596932
2024-05-23 10:30:00-04:00,189.45,191.72,191.76,191.72,192.62,25.8,19,1d+1h+4h,0.703,False,nofill,0.0
2024-05-23 11:30:00-04:00,189.52,191.72,191.76,191.72,192.61,25.8,19,1d+1h+4h,0.68,False,nofill,0.0
2024-05-23 12:30:00-04:00,188.64,189.22,189.26,189.22,190.13,26.4,16,1d+1h+4h,0.179,False,nofill,0.0
2024-05-23 13:30:00-04:00,187.7,189.22,189.27,189.22,190.17,26.4,16,1d+1h+4h,0.469,True,target,0.41718196083342374
2024-05-23 14:30:00-04:00,187.62,189.22,189.26,189.22,190.15,26.4,16,1d+1h+4h,0.495,True,target,0.40724022038098884
2024-05-23 15:30:00-04:00,186.91,189.22,189.27,189.22,190.17,26.4,16,1d+1h+4h,0.715,True,target,0.41893680541660316
2024-05-24 09:30:00-04:00,189.52,191.42,191.47,191.42,192.5,28.8,20,1d+1h+4h,0.582,False,nofill,0.0
2024-05-24 10:30:00-04:00,190.12,191.42,191.47,191.42,192.5,28.8,20,1d+1h+4h,0.398,False,nofill,0.0
2024-05-24 11:30:00-04:00,190.38,191.42,191.47,191.42,192.49,28.8,20,1d+1h+4h,0.319,False,nofill,0.0
2024-05-24 12:30:00-04:00,190.42,191.42,191.47,191.42,192.44,28.8,20,1d+1h+4h,0.308,False,nofill,0.0
2024-05-24 13:30:00-04:00,190.15,191.42,191.47,191.42,192.39,28.8,20,1d+1h+4h,0.389,True,scratch,-0.08417985480380086
2024-05-24 14:30:00-04:00,190.09,191.42,191.46,191.42,192.36,28.8,20,1d+1h+4h,0.408,True,scratch,-0.08329984634900534
2024-05-24 15:30:00-04:00,190.0,191.42,191.46,191.42,192.32,28.8,20,1d+1h+4h,0.435,True,scratch,-0.08241744883917823
2024-05-28 09:30:00-04:00,191.64,191.91,191.96,191.91,192.97,20.2,15,1d+1h+4h,0.08,False,nofill,0.0
2024-05-28 10:30:00-04:00,191.62,191.91,191.95,191.91,192.94,20.2,15,1d+1h+4h,0.086,False,nofill,0.0
2024-05-28 11:30:00-04:00,191.26,191.56,191.61,191.56,192.59,25.8,19,1d+1h+4h,0.092,False,nofill,0.0
2024-05-28 12:30:00-04:00,190.88,191.42,191.47,191.42,192.42,28.8,20,1d+1h+4h,0.165,False,nofill,0.0
2024-05-28 13:30:00-04:00,189.73,191.42,191.47,191.42,192.45,28.8,20,1d+1h+4h,0.511,True,scratch,-0.08547861859642403
2024-05-28 14:30:00-04:00,189.53,191.42,191.47,191.42,192.43,28.8,20,1d+1h+4h,0.571,True,scratch,-0.08509293234950643
2024-05-28 15:30:00-04:00,190.1,191.42,191.47,191.42,192.42,28.8,20,1d+1h+4h,0.399,True,scratch,-0.08473479245401094
2024-05-29 09:30:00-04:00,191.85,193.67,193.72,193.67,194.8,20.6,15,1d+1h+4h,0.558,False,nofill,0.0
2024-05-29 10:30:00-04:00,191.48,191.72,191.77,191.72,192.85,25.8,19,1d+1h+4h,0.073,True,scratch,-0.08809616715866886
2024-05-29 11:30:00-04:00,191.76,193.67,193.72,193.67,194.77,20.6,15,1d+1h+4h,0.585,False,nofill,0.0
2024-05-29 12:30:00-04:00,191.8,193.67,193.72,193.67,194.74,20.6,15,1d+1h+4h,0.575,False,nofill,0.0
2024-05-29 13:30:00-04:00,191.56,191.72,191.77,191.72,192.76,26.8,20,1d+1h+4h,0.051,True,scratch,-0.08575436757057853
2024-05-29 14:30:00-04:00,191.14,191.42,191.47,191.42,192.45,28.8,20,1d+1h+4h,0.086,True,scratch,-0.08564802446294761
2024-05-29 15:30:00-04:00,190.37,191.42,191.47,191.42,192.47,28.8,20,1d+1h+4h,0.322,True,scratch,-0.0861449901702338
2024-05-30 09:30:00-04:00,191.44,191.63,191.68,191.63,192.73,26.8,20,1d+1h+4h,0.057,True,scratch,-0.08747123315809846
2024-05-30 10:30:00-04:00,191.7,193.67,193.72,193.67,194.76,22.4,16,1d+1h+4h,0.624,False,nofill,0.0
2024-05-30 11:30:00-04:00,191.26,191.63,191.68,191.63,192.69,26.8,20,1d+1h+4h,0.116,True,scratch,-0.08631992000667221
2024-05-30 12:30:00-04:00,192.08,193.67,193.72,193.67,194.73,22.4,16,1d+1h+4h,0.503,False,nofill,0.0
2024-05-30 13:30:00-04:00,191.54,191.72,191.77,191.72,192.76,26.8,20,1d+1h+4h,0.059,True,scratch,-0.08582274831429038
2024-05-30 14:30:00-04:00,191.56,191.72,191.77,191.72,192.72,26.8,20,1d+1h+4h,0.051,True,scratch,-0.08470262096664793
2024-05-30 15:30:00-04:00,191.29,191.56,191.61,191.56,192.56,26.8,20,1d+1h+4h,0.085,True,scratch,-0.08480079476614888
2024-05-31 09:30:00-04:00,191.69,193.67,193.72,193.67,194.7,22.4,16,1d+1h+4h,0.633,False,nofill,0.0
2024-05-31 10:30:00-04:00,190.41,191.63,191.68,191.63,192.72,29.8,21,1d+1h+4h,0.389,False,nofill,0.0
2024-05-31 11:30:00-04:00,190.2,191.56,191.61,191.56,192.63,29.8,21,1d+1h+4h,0.436,False,nofill,0.0
2024-05-31 12:30:00-04:00,190.57,191.56,191.61,191.56,192.61,29.8,21,1d+1h+4h,0.317,True,target,0.4608206718022867
2024-05-31 13:30:00-04:00,190.56,191.56,191.61,191.56,192.57,29.8,21,1d+1h+4h,0.321,True,target,0.4400182184478574
2024-05-31 14:30:00-04:00,191.03,191.56,191.61,191.56,192.57,29.8,21,1d+1h+4h,0.17,True,target,0.43931741624536613
2024-05-31 15:30:00-04:00,192.47,193.67,193.72,193.67,194.72,22.4,16,1d+1h+4h,0.384,True,scratch,-0.08584056740212898
2024-06-03 09:30:00-04:00,194.84,195.0,195.06,195.0,196.17,16.6,11,1d+1h+4h,0.053,False,nofill,0.0
2024-06-03 10:30:00-04:00,194.13,194.66,194.72,194.66,195.84,19.6,12,1d+1h+4h,0.171,False,nofill,0.0
2024-06-03 11:30:00-04:00,193.29,193.67,193.73,193.67,194.86,22.4,16,1d+1h+4h,0.123,True,scratch,-0.08909981215970975
2024-06-03 12:30:00-04:00,193.79,194.66,194.72,194.66,195.83,20.6,13,1d+1h+4h,0.281,False,nofill,0.0
2024-06-03 13:30:00-04:00,193.1,193.67,193.73,193.67,194.83,22.4,16,1d+1h+4h,0.184,True,scratch,-0.08855435915476884
2024-06-03 14:30:00-04:00,193.35,193.67,193.72,193.67,194.8,22.4,16,1d+1h+4h,0.102,True,scratch,-0.08763743859517836
2024-06-03 15:30:00-04:00,194.09,194.66,194.71,194.66,195.77,20.6,13,1d+1h+4h,0.184,True,scratch,-0.0870530726264862
2024-06-04 09:30:00-04:00,194.03,194.66,194.72,194.66,195.84,20.6,13,1d+1h+4h,0.207,True,scratch,-0.08872245987467942
2024-06-04 10:30:00-04:00,194.05,194.66,194.71,194.66,195.81,20.6,13,1d+1h+4h,0.201,True,scratch,-0.08802623971480017
2024-06-04 11:30:00-04:00,194.47,194.66,194.71,194.66,195.78,20.6,13,1d+1h+4h,0.063,True,scratch,-0.08744388166581629
2024-06-04 12:30:00-04:00,194.8,194.99,195.04,194.99,196.07,17.6,12,1d+1h+4h,0.061,True,scratch,-0.08631785647734702
2024-06-04 13:30:00-04:00,195.24,195.41,195.46,195.41,196.48,13.6,10,1d+1h+4h,0.058,True,scratch,-0.08604596812762377
2024-06-04 14:30:00-04:00,194.51,194.66,194.71,194.66,195.76,20.6,13,1d+1h+4h,0.05,True,target,0.47688458695833713
2024-06-04 15:30:00-04:00,194.36,194.66,194.71,194.66,195.73,20.6,13,1d+1h+4h,0.097,True,target,0.4638372811849756
2024-06-05 09:30:00-04:00,195.38,195.75,195.8,195.75,196.9,13.6,10,1d+1h+4h,0.125,True,target,0.4986251369629713
2024-06-05 10:30:00-04:00,196.14,196.38,196.43,196.38,197.52,8.6,7,1h+4h,0.08,True,scratch,-0.08760582640021664
2024-06-05 11:30:00-04:00,195.92,196.16,196.21,196.16,197.3,8.6,7,1h+4h,0.078,True,scratch,-0.08762606108859705
2024-06-05 12:30:00-04:00,195.89,196.16,196.21,196.16,197.27,8.6,7,1h+4h,0.092,True,scratch,-0.08685210194018245
2024-06-05 13:30:00-04:00,196.2,196.38,196.43,196.38,197.47,8.6,7,1h+4h,0.058,True,scratch,-0.08639496100386612
2024-06-05 14:30:00-04:00,196.14,196.38,196.43,196.38,197.45,9.6,8,1h+4h,0.08,True,scratch,-0.08581675424764734
2024-06-05 15:30:00-04:00,195.9,196.16,196.21,196.16,197.21,9.6,8,1h+4h,0.087,True,scratch,-0.08550825903096415
2024-06-06 09:30:00-04:00,195.92,196.27,196.32,196.27,197.34,9.6,8,1h+4h,0.118,False,nofill,0.0
2024-06-06 10:30:00-04:00,195.84,195.99,196.04,195.99,197.03,11.6,8,1d+1h+4h,0.053,True,scratch,-0.08521157029651727
2024-06-06 11:30:00-04:00,195.67,195.99,196.04,195.99,196.99,11.6,8,1d+1h+4h,0.108,True,scratch,-0.08419260540789564
2024-06-06 12:30:00-04:00,195.65,195.99,196.04,195.99,196.96,11.6,8,1d+1h+4h,0.116,False,nofill,0.0
2024-06-06 13:30:00-04:00,195.54,195.75,195.8,195.75,196.71,12.6,9,1d+1h+4h,0.07,False,nofill,0.0
2024-06-06 14:30:00-04:00,195.39,195.75,195.79,195.75,196.68,12.6,9,1d+1h+4h,0.121,True,scratch,-0.08262637992118016
2024-06-06 15:30:00-04:00,194.48,194.66,194.71,194.66,195.62,20.6,13,1d+1h+4h,0.061,True,target,0.4116694744325411
2024-06-07 09:30:00-04:00,194.81,194.99,195.04,194.99,196.01,18.6,13,1d+1h+4h,0.061,True,target,0.43616089686897563
2024-06-07 10:30:00-04:00,195.62,195.99,196.04,195.99,197.03,11.6,8,1d+1h+4h,0.126,True,scratch,-0.08513887645372753
2024-06-07 11:30:00-04:00,195.96,196.27,196.32,196.27,197.27,11.4,9,1h+4h,0.106,True,scratch,-0.08437271874767172
2024-06-07 12:30:00-04:00,196.36,196.95,197.0,196.95,197.94,11.4,7,1d+1h+4h,0.201,False,nofill,0.0
2024-06-07 13:30:00-04:00,195.87,196.27,196.31,196.27,197.25,11.4,9,1h+4h,0.135,True,scratch,-0.08389333934145649
2024-06-07 14:30:00-04:00,196.44,196.95,197.0,196.95,197.93,11.4,7,1d+1h+4h,0.174,True,scratch,-0.08366668652791676
2024-06-07 15:30:00-04:00,196.9,197.22,197.26,197.22,198.18,8.6,5,1d+1h+4h,0.107,True,scratch,-0.08321199795076062
2024-06-10 09:30:00-04:00,195.62,195.99,196.04,195.99,197.07,11.6,8,1d+1h+4h,0.12,True,scratch,-0.08615072664625023
2024-06-10 10:30:00-04:00,195.55,195.75,195.8,195.75,196.79,14.6,11,1d+1h+4h,0.063,True,scratch,-0.08520479085002419
2024-06-10 11:30:00-04:00,195.89,196.16,196.21,196.16,197.21,11.4,9,1h+4h,0.088,True,scratch,-0.08542794986303726
2024-06-10 12:30:00-04:00,195.42,195.75,195.8,195.75,196.82,14.6,11,1d+1h+4h,0.105,True,scratch,-0.08597484593033666
2024-06-10 13:30:00-04:00,193.16,193.67,193.73,193.67,194.99,23.4,17,1d+1h+4h,0.165,True,scratch,-0.09229811406138433
2024-06-10 14:30:00-04:00,192.96,193.67,193.74,193.67,195.04,23.4,17,1d+1h+4h,0.228,True,target,0.6127550723925568
2024-06-10 15:30:00-04:00,193.13,193.67,193.73,193.67,195.01,23.4,17,1d+1h+4h,0.175,True,target,0.5978696785876814
2024-06-25 13:30:00-04:00,210.66,211.89,211.97,211.89,213.56,7.6,6,1h+4h,0.26,True,target,0.6907189199016228
2024-06-25 14:30:00-04:00,210.14,211.89,211.97,211.89,213.5,7.6,6,1h+4h,0.369,True,target,0.6633419840682997
2024-06-25 15:30:00-04:00,209.08,211.89,211.97,211.89,213.48,7.6,6,1h+4h,0.594,True,target,0.6561366333345031
2024-06-28 15:30:00-04:00,210.61,211.89,211.97,211.89,213.48,8.6,7,1h+4h,0.268,True,target,0.6550243836557668
2024-07-01 15:30:00-04:00,216.73,218.12,218.2,218.12,219.83,6.8,4,1d+1h+4h,0.282,True,target,0.6855164992918938
2024-07-19 12:30:00-04:00,224.46,225.77,225.87,225.77,227.77,6.8,6,1h+4h,0.253,False,nofill,0.0
2024-07-19 13:30:00-04:00,224.44,225.77,225.86,225.77,227.71,6.8,6,1h+4h,0.257,True,scratch,-0.10088909834654602
2024-07-19 14:30:00-04:00,225.01,225.77,225.86,225.77,227.67,6.8,6,1h+4h,0.147,True,scratch,-0.09991131318605184
2024-07-19 15:30:00-04:00,224.38,225.77,225.86,225.77,227.61,6.8,6,1h+4h,0.268,True,scratch,-0.09873464416455535
2024-07-22 10:30:00-04:00,223.83,225.77,225.87,225.77,227.85,6.8,6,1h+4h,0.377,False,nofill,0.0
2024-07-22 11:30:00-04:00,223.84,225.77,225.87,225.77,227.78,6.8,6,1h+4h,0.376,False,nofill,0.0
2024-07-22 12:30:00-04:00,224.39,226.64,226.73,226.64,228.57,7.8,7,1h+4h,0.437,False,nofill,0.0
2024-07-22 13:30:00-04:00,225.05,226.64,226.73,226.64,228.52,7.8,7,1h+4h,0.309,False,nofill,0.0
2024-07-22 14:30:00-04:00,224.68,226.64,226.73,226.64,228.46,7.8,7,1h+4h,0.381,True,scratch,-0.09810909708036775
2024-07-22 15:30:00-04:00,223.93,226.64,226.72,226.64,228.42,7.8,7,1h+4h,0.527,True,scratch,-0.09736958986799049
2024-07-23 09:30:00-04:00,224.62,226.64,226.73,226.64,228.48,7.8,7,1h+4h,0.397,True,scratch,-0.0985713158661139
2024-07-23 11:30:00-04:00,225.64,226.64,226.73,226.64,228.54,7.8,7,1h+4h,0.197,False,nofill,0.0
2024-07-23 12:30:00-04:00,224.72,226.64,226.73,226.64,228.48,7.8,7,1h+4h,0.378,False,nofill,0.0
2024-07-23 13:30:00-04:00,224.54,226.64,226.72,226.64,228.4,9.6,8,1h+4h,0.414,False,nofill,0.0
2024-07-23 14:30:00-04:00,225.07,226.64,226.72,226.64,228.33,9.6,8,1h+4h,0.308,False,nofill,0.0
2024-07-23 15:30:00-04:00,225.01,226.64,226.72,226.64,228.28,9.6,8,1h+4h,0.321,False,nofill,0.0
2024-07-24 09:30:00-04:00,220.89,226.64,226.73,226.64,228.52,9.6,8,1h+4h,1.09,False,nofill,0.0
2024-07-24 10:30:00-04:00,218.68,219.03,219.12,219.03,220.98,13.6,8,1d+1h+4h,0.067,False,nofill,0.0
2024-07-24 11:30:00-04:00,217.9,219.03,219.12,219.03,220.97,13.6,8,1d+1h+4h,0.213,False,nofill,0.0
2024-07-24 12:30:00-04:00,218.03,219.03,219.12,219.03,220.89,13.6,8,1d+1h+4h,0.19,False,nofill,0.0
2024-07-24 13:30:00-04:00,218.16,219.03,219.12,219.03,220.84,13.6,8,1d+1h+4h,0.165,True,scratch,-0.0992399464745275
2024-07-24 14:30:00-04:00,217.89,219.03,219.11,219.03,220.76,13.6,8,1d+1h+4h,0.216,True,scratch,-0.09753387122344304
2024-07-24 15:30:00-04:00,218.57,219.03,219.11,219.03,220.72,13.6,8,1d+1h+4h,0.087,True,scratch,-0.09661122700665992
2024-07-25 09:30:00-04:00,215.81,219.03,219.12,219.03,220.99,13.6,8,1d+1h+4h,0.603,True,scratch,-0.10250382185168494
2024-07-25 10:30:00-04:00,218.68,219.03,219.13,219.03,221.14,13.6,8,1d+1h+4h,0.066,True,scratch,-0.10591524011815956
2024-07-25 11:30:00-04:00,220.19,226.64,226.74,226.64,228.78,9.6,8,1h+4h,1.208,False,nofill,0.0
2024-07-25 12:30:00-04:00,219.42,220.17,220.27,220.17,222.28,10.6,7,1d+1h+4h,0.141,True,scratch,-0.10556901630337512
2024-07-25 13:30:00-04:00,219.88,220.17,220.27,220.17,222.21,10.6,7,1d+1h+4h,0.055,True,scratch,-0.10413266124319476
2024-07-25 14:30:00-04:00,220.12,226.64,226.74,226.64,228.67,9.6,8,1h+4h,1.221,False,nofill,0.0
2024-07-25 15:30:00-04:00,217.49,219.03,219.13,219.03,221.14,13.6,8,1d+1h+4h,0.289,True,scratch,-0.10576422845443023
2024-07-26 09:30:00-04:00,217.4,219.03,219.13,219.03,221.22,13.6,8,1d+1h+4h,0.313,True,scratch,-0.10760758986061436
2024-07-26 10:30:00-04:00,217.96,219.03,219.13,219.03,221.19,13.6,8,1d+1h+4h,0.207,True,scratch,-0.10697194591708925
2024-07-26 11:30:00-04:00,218.69,219.03,219.13,219.03,221.15,13.6,8,1d+1h+4h,0.065,True,scratch,-0.10607545600621604
2024-07-26 12:30:00-04:00,219.3,220.17,220.27,220.17,222.2,11.6,8,1d+1h+4h,0.167,False,nofill,0.0
2024-07-26 13:30:00-04:00,218.15,219.03,219.13,219.03,221.04,13.6,8,1d+1h+4h,0.169,True,scratch,-0.10361762982369349
2024-07-26 14:30:00-04:00,218.6,219.03,219.12,219.03,220.98,13.6,8,1d+1h+4h,0.082,True,scratch,-0.10243803484979441
2024-07-26 15:30:00-04:00,218.12,219.03,219.12,219.03,220.96,14.6,9,1d+1h+4h,0.175,True,scratch,-0.10183276935349372
2024-07-29 09:30:00-04:00,217.73,219.03,219.13,219.03,221.07,13.6,8,1d+1h+4h,0.256,True,scratch,-0.1043317311198888
2024-07-29 10:30:00-04:00,217.14,218.94,219.04,218.94,221.0,13.6,8,1d+1h+4h,0.355,True,scratch,-0.10473200580125575
2024-07-29 11:30:00-04:00,218.54,218.94,219.04,218.94,221.03,13.6,8,1d+1h+4h,0.079,True,scratch,-0.1053800656992454
2024-07-29 12:30:00-04:00,218.7,219.03,219.13,219.03,221.04,13.6,8,1d+1h+4h,0.065,False,nofill,0.0
2024-07-29 13:30:00-04:00,218.35,218.94,219.04,218.94,220.89,13.6,8,1d+1h+4h,0.117,True,scratch,-0.1021865534352906
2024-07-29 14:30:00-04:00,218.59,218.94,219.03,218.94,220.81,13.6,8,1d+1h+4h,0.07,True,scratch,-0.1004436838008882
2024-07-29 15:30:00-04:00,218.21,218.94,219.03,218.94,220.76,13.6,8,1d+1h+4h,0.145,True,scratch,-0.09937909154138502
2024-07-30 09:30:00-04:00,219.07,219.49,219.58,219.49,221.33,11.6,8,1d+1h+4h,0.084,False,nofill,0.0
2024-07-30 10:30:00-04:00,217.29,219.03,219.12,219.03,220.9,13.6,8,1d+1h+4h,0.347,False,nofill,0.0
2024-07-30 11:30:00-04:00,216.98,219.03,219.12,219.03,220.86,13.6,8,1d+1h+4h,0.409,False,nofill,0.0
2024-07-30 12:30:00-04:00,217.25,219.03,219.12,219.03,220.82,13.6,8,1d+1h+4h,0.355,True,target,0.7182875058749927
2024-07-30 13:30:00-04:00,218.28,219.03,219.12,219.03,220.83,13.6,8,1d+1h+4h,0.149,True,target,0.7206866294663605
2024-07-30 14:30:00-04:00,218.63,219.03,219.11,219.03,220.75,13.6,8,1d+1h+4h,0.08,True,target,0.6890449270074539
2024-07-30 15:30:00-04:00,218.79,219.49,219.57,219.49,221.2,12.6,9,1d+1h+4h,0.14,True,target,0.6818795649897513
2024-07-31 09:30:00-04:00,222.83,226.64,226.73,226.64,228.58,9.6,8,1h+4h,0.76,False,nofill,0.0
2024-07-31 10:30:00-04:00,223.16,226.64,226.73,226.64,228.55,9.6,8,1h+4h,0.695,False,nofill,0.0
2024-07-31 11:30:00-04:00,222.37,226.64,226.73,226.64,228.51,9.6,8,1h+4h,0.852,False,nofill,0.0
2024-07-31 12:30:00-04:00,222.6,226.64,226.73,226.64,228.44,9.6,8,1h+4h,0.806,False,nofill,0.0
2024-07-31 13:30:00-04:00,222.93,226.64,226.73,226.64,228.44,9.6,8,1h+4h,0.74,False,nofill,0.0
2024-07-31 14:30:00-04:00,221.61,226.64,226.73,226.64,228.47,9.6,8,1h+4h,1.003,False,nofill,0.0
2024-07-31 15:30:00-04:00,221.99,226.64,226.73,226.64,228.46,9.6,8,1h+4h,0.928,False,nofill,0.0
2024-08-01 09:30:00-04:00,221.28,226.64,226.73,226.64,228.57,9.6,8,1h+4h,1.034,False,nofill,0.0
2024-08-01 10:30:00-04:00,220.54,226.64,226.73,226.64,228.55,9.6,8,1h+4h,1.177,False,nofill,0.0
2024-08-01 11:30:00-04:00,219.32,220.17,220.26,220.17,222.09,12.6,9,1d+1h+4h,0.164,False,nofill,0.0
2024-08-01 12:30:00-04:00,218.15,219.03,219.12,219.03,220.95,14.6,9,1d+1h+4h,0.17,True,scratch,-0.10163578912036897
2024-08-01 13:30:00-04:00,217.79,219.03,219.12,219.03,220.93,14.6,9,1d+1h+4h,0.239,True,scratch,-0.10128190503373435
2024-08-01 14:30:00-04:00,218.06,219.03,219.12,219.03,220.88,14.6,9,1d+1h+4h,0.188,True,scratch,-0.1001891516109632
2024-08-01 15:30:00-04:00,218.28,219.03,219.12,219.03,220.9,14.6,9,1d+1h+4h,0.145,True,target,0.75203912139028
2024-08-02 09:30:00-04:00,222.66,226.64,226.75,226.64,228.88,9.6,8,1h+4h,0.742,False,nofill,0.0
2024-08-02 10:30:00-04:00,222.83,226.64,226.75,226.64,228.92,9.6,8,1h+4h,0.709,False,nofill,0.0
2024-08-02 11:30:00-04:00,224.62,226.64,226.75,226.64,229.0,9.6,8,1h+4h,0.376,False,nofill,0.0
2024-08-02 12:30:00-04:00,224.64,226.64,226.75,226.64,228.99,9.6,8,1h+4h,0.372,False,nofill,0.0
2024-08-02 13:30:00-04:00,223.44,226.64,226.76,226.64,229.06,9.6,8,1h+4h,0.597,False,nofill,0.0
2024-08-02 14:30:00-04:00,222.62,226.64,226.75,226.64,229.03,9.6,8,1h+4h,0.748,False,nofill,0.0
2024-08-02 15:30:00-04:00,219.8,220.17,220.29,220.17,222.69,12.6,9,1d+1h+4h,0.069,False,nofill,0.0
2024-08-05 09:30:00-04:00,207.98,219.49,219.69,219.49,223.6,15.6,10,1d+1h+4h,1.724,False,nofill,0.0
2024-08-05 10:30:00-04:00,211.17,219.49,219.69,219.49,223.73,15.6,10,1d+1h+4h,1.246,False,nofill,0.0
2024-08-05 11:30:00-04:00,212.62,219.49,219.69,219.49,223.69,15.6,10,1d+1h+4h,1.03,False,nofill,0.0
2024-08-05 12:30:00-04:00,210.81,219.49,219.69,219.49,223.61,15.6,10,1d+1h+4h,1.3,False,nofill,0.0
2024-08-05 13:30:00-04:00,210.61,219.49,219.68,219.49,223.5,15.6,10,1d+1h+4h,1.33,False,nofill,0.0
2024-08-05 14:30:00-04:00,206.43,219.49,219.69,219.49,223.74,15.6,10,1d+1h+4h,1.956,False,nofill,0.0
2024-08-05 15:30:00-04:00,209.19,218.94,219.14,218.94,223.14,15.6,10,1d+1h+4h,1.461,False,nofill,0.0
2024-08-06 09:30:00-04:00,204.89,213.0,213.21,213.0,217.51,14.4,10,1d+1h+4h,1.187,False,nofill,0.0
2024-08-06 10:30:00-04:00,206.11,219.49,219.7,219.49,223.93,15.6,10,1d+1h+4h,1.959,False,nofill,0.0
2024-08-06 11:30:00-04:00,208.63,219.49,219.7,219.49,223.83,15.6,10,1d+1h+4h,1.59,False,nofill,0.0
2024-08-06 12:30:00-04:00,208.99,218.94,219.14,218.94,223.1,15.6,10,1d+1h+4h,1.458,False,nofill,0.0
2024-08-06 13:30:00-04:00,209.45,218.94,219.13,218.94,222.93,15.6,10,1d+1h+4h,1.391,False,nofill,0.0
2024-08-06 14:30:00-04:00,208.5,218.94,219.13,218.94,222.84,15.6,10,1d+1h+4h,1.529,False,nofill,0.0
2024-08-06 15:30:00-04:00,207.12,219.49,219.67,219.49,223.27,15.6,10,1d+1h+4h,1.81,False,nofill,0.0
2024-08-07 09:30:00-04:00,211.7,218.94,219.14,218.94,222.94,15.6,10,1d+1h+4h,1.057,False,nofill,0.0
2024-08-07 10:30:00-04:00,213.16,218.94,219.13,218.94,222.82,15.6,10,1d+1h+4h,0.844,False,nofill,0.0
2024-08-07 11:30:00-04:00,212.58,219.49,219.67,219.49,223.27,15.6,10,1d+1h+4h,1.007,False,nofill,0.0
2024-08-07 12:30:00-04:00,211.04,219.49,219.67,219.49,223.2,15.6,10,1d+1h+4h,1.233,False,nofill,0.0
2024-08-07 13:30:00-04:00,211.06,219.49,219.66,219.49,223.04,15.6,10,1d+1h+4h,1.23,False,nofill,0.0
2024-08-07 14:30:00-04:00,210.52,219.49,219.66,219.49,222.98,15.6,10,1d+1h+4h,1.309,False,nofill,0.0
2024-08-07 15:30:00-04:00,209.86,219.49,219.65,219.49,222.85,15.6,10,1d+1h+4h,1.405,False,nofill,0.0
2024-08-08 09:30:00-04:00,212.56,219.49,219.65,219.49,222.94,15.6,10,1d+1h+4h,1.027,False,nofill,0.0
2024-08-08 10:30:00-04:00,212.21,219.03,219.19,219.03,222.38,15.6,10,1d+1h+4h,1.011,False,nofill,0.0
2024-08-08 11:30:00-04:00,213.25,219.49,219.64,219.49,222.73,15.6,10,1d+1h+4h,0.925,False,nofill,0.0
2024-08-08 12:30:00-04:00,213.9,219.49,219.64,219.49,222.61,15.6,10,1d+1h+4h,0.829,False,nofill,0.0
2024-08-08 13:30:00-04:00,212.98,219.49,219.63,219.49,222.5,15.6,10,1d+1h+4h,0.965,False,nofill,0.0
2024-08-08 14:30:00-04:00,212.13,219.03,219.17,219.03,221.92,15.6,10,1d+1h+4h,1.023,False,nofill,0.0
2024-08-08 15:30:00-04:00,213.34,218.94,219.08,218.94,221.75,15.6,10,1d+1h+4h,0.831,False,nofill,0.0
2024-08-09 09:30:00-04:00,214.7,219.49,219.62,219.49,222.31,15.6,10,1d+1h+4h,0.725,False,nofill,0.0
2024-08-09 10:30:00-04:00,215.14,219.49,219.62,219.49,222.26,15.6,10,1d+1h+4h,0.659,False,nofill,0.0
2024-08-09 11:30:00-04:00,214.53,218.94,219.07,218.94,221.62,15.6,10,1d+1h+4h,0.669,False,nofill,0.0
2024-08-09 12:30:00-04:00,216.54,218.94,219.07,218.94,221.58,15.6,10,1d+1h+4h,0.365,False,nofill,0.0
2024-08-09 13:30:00-04:00,215.28,219.49,219.61,219.49,222.07,15.6,10,1d+1h+4h,0.638,False,nofill,0.0
2024-08-09 14:30:00-04:00,216.28,218.94,219.06,218.94,221.46,15.6,10,1d+1h+4h,0.403,True,scratch,-0.11451795705652579
2024-08-09 15:30:00-04:00,216.3,218.94,219.06,218.94,221.37,15.6,10,1d+1h+4h,0.401,True,scratch,-0.11270088791632826
2024-08-12 09:30:00-04:00,218.45,218.94,219.06,218.94,221.43,15.6,10,1d+1h+4h,0.077,True,scratch,-0.1140100035865399
2024-08-12 10:30:00-04:00,217.81,218.94,219.06,218.94,221.43,15.6,10,1d+1h+4h,0.177,False,nofill,0.0
2024-08-12 11:30:00-04:00,217.98,218.94,219.06,218.94,221.36,15.6,10,1d+1h+4h,0.151,False,nofill,0.0
2024-08-12 12:30:00-04:00,217.25,219.03,219.14,219.03,221.37,15.6,10,1d+1h+4h,0.278,False,nofill,0.0
2024-08-12 13:30:00-04:00,216.74,218.94,219.05,218.94,221.19,16.6,11,1d+1h+4h,0.343,True,target,0.9159571084777385
2024-08-12 14:30:00-04:00,217.03,218.94,219.05,218.94,221.09,16.6,11,1d+1h+4h,0.299,True,target,0.873478409227535
2024-08-12 15:30:00-04:00,217.55,218.94,219.04,218.94,221.02,16.6,11,1d+1h+4h,0.218,True,target,0.8407101894093882
2024-08-13 09:30:00-04:00,221.0,224.45,224.56,224.45,226.69,13.6,10,1d+1h+4h,0.551,False,nofill,0.0
2024-08-13 10:30:00-04:00,221.06,224.45,224.55,224.45,226.62,13.6,10,1d+1h+4h,0.542,False,nofill,0.0
2024-08-13 11:30:00-04:00,221.11,224.45,224.55,224.45,226.52,13.6,10,1d+1h+4h,0.534,False,nofill,0.0
2024-08-13 12:30:00-04:00,221.69,224.45,224.54,224.45,226.43,13.6,10,1d+1h+4h,0.441,False,nofill,0.0
2024-08-13 13:30:00-04:00,221.22,224.45,224.54,224.45,226.39,13.6,10,1d+1h+4h,0.516,False,nofill,0.0
2024-08-13 14:30:00-04:00,220.66,224.45,224.54,224.45,226.32,13.6,10,1d+1h+4h,0.605,False,nofill,0.0
2024-08-13 15:30:00-04:00,221.27,224.45,224.54,224.45,226.25,13.6,10,1d+1h+4h,0.508,False,nofill,0.0
2024-08-14 09:30:00-04:00,221.11,224.45,224.54,224.45,226.3,13.6,10,1d+1h+4h,0.552,False,nofill,0.0
2024-08-14 10:30:00-04:00,222.56,224.45,224.54,224.45,226.33,13.6,10,1d+1h+4h,0.313,False,nofill,0.0
2024-08-14 11:30:00-04:00,221.3,224.45,224.54,224.45,226.34,13.6,10,1d+1h+4h,0.52,False,nofill,0.0
2024-08-14 12:30:00-04:00,221.18,224.45,224.54,224.45,226.29,13.6,10,1d+1h+4h,0.541,False,nofill,0.0
2024-08-14 13:30:00-04:00,221.54,224.45,224.53,224.45,226.22,13.6,10,1d+1h+4h,0.481,True,scratch,-0.09752103733404738
2024-08-14 14:30:00-04:00,221.16,224.45,224.53,224.45,226.16,14.6,11,1d+1h+4h,0.544,True,scratch,-0.09611189622372729
2024-08-14 15:30:00-04:00,221.62,224.45,224.53,224.45,226.12,14.6,11,1d+1h+4h,0.468,True,scratch,-0.09543409228121025
2024-08-15 09:30:00-04:00,224.79,226.37,226.46,226.37,228.18,12.4,10,1h+4h,0.269,False,nofill,0.0
2024-08-15 10:30:00-04:00,224.0,224.45,224.54,224.45,226.24,14.6,11,1d+1h+4h,0.076,True,scratch,-0.09781313777735834
2024-08-15 11:30:00-04:00,225.0,226.37,226.46,226.37,228.12,12.4,10,1h+4h,0.234,False,nofill,0.0
2024-08-15 12:30:00-04:00,224.54,226.37,226.45,226.37,228.05,12.4,10,1h+4h,0.311,False,nofill,0.0
2024-08-15 13:30:00-04:00,225.07,226.37,226.45,226.37,227.98,13.4,11,1h+4h,0.222,False,nofill,0.0
2024-08-15 14:30:00-04:00,225.06,226.37,226.44,226.37,227.89,13.4,11,1h+4h,0.223,False,nofill,0.0
2024-08-15 15:30:00-04:00,224.71,226.37,226.44,226.37,227.88,13.4,11,1h+4h,0.283,True,scratch,-0.09166376650283636
2024-08-16 09:30:00-04:00,224.39,226.37,226.44,226.37,227.87,13.4,11,1h+4h,0.349,True,scratch,-0.09156009980906266
2024-08-16 10:30:00-04:00,224.91,226.37,226.44,226.37,227.85,13.4,11,1h+4h,0.257,True,scratch,-0.09096590104650248
2024-08-16 11:30:00-04:00,226.34,226.64,226.71,226.64,228.12,13.4,11,1h+4h,0.053,True,scratch,-0.09113632528591209
2024-08-16 12:30:00-04:00,226.55,226.93,227.0,226.93,228.35,11.4,9,1h+4h,0.067,False,nofill,0.0
2024-08-16 13:30:00-04:00,225.99,226.37,226.44,226.37,227.77,13.4,11,1h+4h,0.067,False,nofill,0.0
2024-08-16 14:30:00-04:00,225.96,226.37,226.44,226.37,227.7,13.4,11,1h+4h,0.073,False,nofill,0.0
2024-08-16 15:30:00-04:00,226.1,226.64,226.7,226.64,227.92,13.4,11,1h+4h,0.095,False,nofill,0.0
2024-08-19 09:30:00-04:00,224.16,224.45,224.52,224.45,225.87,14.6,11,1d+1h+4h,0.053,True,scratch,-0.08999702048172464
2024-08-19 10:30:00-04:00,224.43,226.64,226.71,226.64,228.05,13.4,11,1h+4h,0.403,False,nofill,0.0
2024-08-19 11:30:00-04:00,224.42,226.64,226.71,226.64,228.01,13.4,11,1h+4h,0.404,False,nofill,0.0
2024-08-19 12:30:00-04:00,224.02,224.45,224.51,224.45,225.78,14.6,11,1d+1h+4h,0.078,True,target,0.5039622283980583
2024-08-19 13:30:00-04:00,224.64,226.64,226.7,226.64,227.94,15.2,12,1h+4h,0.364,True,scratch,-0.08726643905303533
2024-08-19 14:30:00-04:00,224.93,226.64,226.7,226.64,227.87,15.2,12,1h+4h,0.312,True,scratch,-0.08590044826184418
2024-08-19 15:30:00-04:00,225.9,226.64,226.7,226.64,227.87,15.2,12,1h+4h,0.135,True,scratch,-0.08574958879089545
2024-08-20 09:30:00-04:00,226.66,226.93,226.99,226.93,228.2,11.4,9,1h+4h,0.052,True,scratch,-0.08658286627148959
2024-08-20 10:30:00-04:00,226.21,226.64,226.7,226.64,227.89,15.2,12,1h+4h,0.082,True,scratch,-0.0862574587990772
2024-08-20 11:30:00-04:00,226.9,227.35,227.41,227.35,228.59,8.6,7,1h+4h,0.086,False,nofill,0.0
2024-08-20 12:30:00-04:00,226.71,227.17,227.23,227.17,228.39,9.6,8,1h+4h,0.088,False,nofill,0.0
2024-08-20 13:30:00-04:00,227.02,227.35,227.41,227.35,228.54,9.6,8,1h+4h,0.064,True,scratch,-0.08493546015794218
2024-08-20 14:30:00-04:00,226.48,226.8,226.86,226.8,227.97,15.2,12,1h+4h,0.06,True,scratch,-0.08457817817096869
2024-08-20 15:30:00-04:00,226.49,226.8,226.85,226.8,227.93,15.2,12,1h+4h,0.059,True,scratch,-0.08367114466943937
2024-08-21 09:30:00-04:00,227.22,227.78,227.84,227.78,228.96,9.6,8,1h+4h,0.11,True,scratch,-0.08464142975436184
2024-08-21 10:30:00-04:00,226.49,226.8,226.86,226.8,228.05,15.2,12,1h+4h,0.061,False,nofill,0.0
2024-08-21 11:30:00-04:00,226.24,226.64,226.7,226.64,227.88,16.2,13,1h+4h,0.079,False,nofill,0.0
2024-08-21 12:30:00-04:00,226.0,226.64,226.7,226.64,227.83,16.2,13,1h+4h,0.127,False,nofill,0.0
2024-08-21 13:30:00-04:00,226.45,226.8,226.85,226.8,227.95,15.2,12,1h+4h,0.069,True,scratch,-0.08416436388665183
2024-08-21 14:30:00-04:00,225.77,226.64,226.7,226.64,227.8,16.2,13,1h+4h,0.172,True,scratch,-0.08442063918033815
2024-08-21 15:30:00-04:00,226.4,226.8,226.86,226.8,227.98,15.2,12,1h+4h,0.079,True,scratch,-0.08481286562335155
2024-08-22 09:30:00-04:00,226.77,227.17,227.23,227.17,228.41,9.6,8,1h+4h,0.08,False,nofill,0.0
2024-08-22 10:30:00-04:00,226.18,226.64,226.7,226.64,227.88,16.2,13,1h+4h,0.092,False,nofill,0.0
2024-08-22 11:30:00-04:00,226.43,226.8,226.86,226.8,228.06,15.2,12,1h+4h,0.074,False,nofill,0.0
2024-08-22 12:30:00-04:00,225.64,226.64,226.7,226.64,227.93,16.2,13,1h+4h,0.199,False,nofill,0.0
2024-08-22 13:30:00-04:00,224.86,226.64,226.7,226.64,227.98,16.2,13,1h+4h,0.356,True,scratch,-0.088071494184494
2024-08-22 14:30:00-04:00,224.32,226.64,226.7,226.64,227.94,16.2,13,1h+4h,0.463,True,scratch,-0.08730910860855756
2024-08-22 15:30:00-04:00,224.53,226.64,226.7,226.64,227.92,16.2,13,1h+4h,0.422,True,scratch,-0.08675857164019973
2024-08-23 10:30:00-04:00,225.95,226.64,226.72,226.64,228.22,16.2,13,1h+4h,0.14,False,nofill,0.0
2024-08-23 11:30:00-04:00,225.12,226.64,226.72,226.64,228.24,16.2,13,1h+4h,0.31,True,scratch,-0.09356341220504438
2024-08-23 12:30:00-04:00,225.96,226.64,226.72,226.64,228.25,16.2,13,1h+4h,0.137,True,scratch,-0.09376233610129958
2024-08-23 13:30:00-04:00,226.45,226.8,226.87,226.8,228.34,15.2,12,1h+4h,0.071,True,scratch,-0.09227174486274858
2024-08-23 14:30:00-04:00,227.06,227.35,227.42,227.35,228.85,12.4,10,1h+4h,0.059,False,nofill,0.0
2024-08-23 15:30:00-04:00,226.77,227.17,227.24,227.17,228.63,12.4,10,1h+4h,0.081,False,nofill,0.0
2024-08-26 09:30:00-04:00,224.95,226.64,226.71,226.64,228.2,16.2,13,1h+4h,0.351,False,nofill,0.0
2024-08-26 10:30:00-04:00,225.07,226.64,226.71,226.64,228.19,16.2,13,1h+4h,0.326,False,nofill,0.0
2024-08-26 11:30:00-04:00,225.81,226.64,226.71,226.64,228.16,16.2,13,1h+4h,0.172,False,nofill,0.0
2024-08-26 12:30:00-04:00,226.12,226.64,226.71,226.64,228.1,17.2,14,1h+4h,0.108,True,scratch,-0.0907067096301728
2024-08-26 13:30:00-04:00,225.87,226.64,226.71,226.64,228.07,17.2,14,1h+4h,0.16,True,scratch,-0.09005833040252043
2024-08-26 14:30:00-04:00,226.43,226.8,226.87,226.8,228.2,16.2,13,1h+4h,0.077,True,scratch,-0.08932206813514476
2024-08-26 15:30:00-04:00,227.26,227.78,227.85,227.78,229.15,13.4,11,1h+4h,0.108,True,scratch,-0.08866018653013175
2024-08-27 09:30:00-04:00,227.97,228.22,228.29,228.22,229.74,8.6,7,1h+4h,0.053,True,scratch,-0.09176593271950084
2024-08-27 11:30:00-04:00,227.94,228.22,228.29,228.22,229.67,8.6,7,1h+4h,0.059,True,scratch,-0.09030705402301997
2024-08-27 13:30:00-04:00,228.48,228.81,228.88,228.81,230.18,8.6,7,1h+4h,0.069,True,scratch,-0.08840817068740403
2024-08-27 14:30:00-04:00,228.15,228.81,228.87,228.81,230.11,8.6,7,1h+4h,0.139,True,scratch,-0.08709389327045125
2024-08-27 15:30:00-04:00,228.14,228.81,228.87,228.81,230.06,8.6,7,1h+4h,0.141,True,scratch,-0.08596856847317147
2024-08-28 10:30:00-04:00,226.81,227.17,227.24,227.17,228.64,13.4,11,1h+4h,0.077,True,scratch,-0.09068768424662643
2024-08-28 11:30:00-04:00,227.03,227.35,227.42,227.35,228.79,13.4,11,1h+4h,0.068,True,scratch,-0.09005720166133102
2024-08-28 12:30:00-04:00,227.47,227.78,227.85,227.78,229.17,13.4,11,1h+4h,0.066,False,nofill,0.0
2024-08-28 13:30:00-04:00,226.08,226.64,226.71,226.64,228.08,16.2,13,1h+4h,0.119,True,scratch,-0.09011454951046716
2024-08-28 14:30:00-04:00,227.46,227.78,227.85,227.78,229.24,13.4,11,1h+4h,0.068,True,target,0.549454529599136
2024-08-28 15:30:00-04:00,226.49,226.8,226.87,226.8,228.24,13.4,11,1h+4h,0.066,True,target,0.5461283373204173
2024-08-30 10:30:00-04:00,228.24,228.81,228.89,228.81,230.53,8.6,7,1h+4h,0.121,False,nofill,0.0
2024-08-30 11:30:00-04:00,228.03,228.34,228.42,228.34,230.04,8.6,7,1h+4h,0.066,True,scratch,-0.09533597591447895
2024-08-30 12:30:00-04:00,228.15,228.81,228.89,228.81,230.48,8.6,7,1h+4h,0.141,True,scratch,-0.09464594509993596
2024-08-30 13:30:00-04:00,227.99,228.34,228.42,228.34,229.94,8.6,7,1h+4h,0.075,True,scratch,-0.09326016969654072
2024-08-30 14:30:00-04:00,229.04,229.4,229.47,229.4,230.96,6.8,6,1h+4h,0.076,True,scratch,-0.09245228666332483
2024-08-30 15:30:00-04:00,228.86,229.4,229.47,229.4,230.96,6.8,6,1h+4h,0.114,False,nofill,0.0
2024-09-03 09:30:00-04:00,225.31,226.64,226.72,226.64,228.41,18.2,15,1h+4h,0.271,False,nofill,0.0
2024-09-03 10:30:00-04:00,223.86,226.64,226.72,226.64,228.42,18.2,15,1h+4h,0.568,False,nofill,0.0
2024-09-03 11:30:00-04:00,223.89,226.64,226.72,226.64,228.38,18.2,15,1h+4h,0.56,False,nofill,0.0
2024-09-03 12:30:00-04:00,223.83,226.64,226.72,226.64,228.31,18.2,15,1h+4h,0.572,False,nofill,0.0
2024-09-03 13:30:00-04:00,222.13,222.68,222.76,222.68,224.39,19.4,13,1d+1h+4h,0.112,True,scratch,-0.09642268038518864
2024-09-03 14:30:00-04:00,222.45,223.03,223.11,223.03,224.69,19.4,13,1d+1h+4h,0.118,False,nofill,0.0
2024-09-03 15:30:00-04:00,222.75,223.03,223.11,223.03,224.69,19.4,13,1d+1h+4h,0.057,False,nofill,0.0
2024-09-04 09:30:00-04:00,218.64,222.68,222.77,222.68,224.62,19.4,13,1d+1h+4h,0.82,False,nofill,0.0
2024-09-04 10:30:00-04:00,218.68,222.68,222.77,222.68,224.61,19.4,13,1d+1h+4h,0.811,False,nofill,0.0
2024-09-04 11:30:00-04:00,219.93,223.25,223.34,223.25,225.18,19.4,13,1d+1h+4h,0.673,False,nofill,0.0
2024-09-04 12:30:00-04:00,220.12,222.68,222.77,222.68,224.57,19.4,13,1d+1h+4h,0.519,False,nofill,0.0
2024-09-04 13:30:00-04:00,220.91,222.68,222.77,222.68,224.51,19.4,13,1d+1h+4h,0.359,True,scratch,-0.09911611636099771
2024-09-04 14:30:00-04:00,220.55,222.68,222.76,222.68,224.45,19.4,13,1d+1h+4h,0.432,True,scratch,-0.09787547511086458
2024-09-04 15:30:00-04:00,220.79,222.68,222.76,222.68,224.4,19.4,13,1d+1h+4h,0.383,True,scratch,-0.09678765157388192
2024-09-05 09:30:00-04:00,225.06,226.64,226.73,226.64,228.59,18.2,15,1h+4h,0.322,False,nofill,0.0
2024-09-05 10:30:00-04:00,222.48,223.03,223.13,223.03,225.07,19.4,13,1d+1h+4h,0.112,True,scratch,-0.10344710816997393
2024-09-05 11:30:00-04:00,222.8,223.09,223.18,223.09,225.05,19.4,13,1d+1h+4h,0.06,True,scratch,-0.10181893404598297
2024-09-05 12:30:00-04:00,222.39,222.68,222.77,222.68,224.56,19.4,13,1d+1h+4h,0.059,True,scratch,-0.10020054862831529
2024-09-05 13:30:00-04:00,223.33,226.64,226.73,226.64,228.49,19.2,16,1h+4h,0.674,False,nofill,0.0
2024-09-05 14:30:00-04:00,222.83,223.09,223.18,223.09,224.94,19.4,13,1d+1h+4h,0.053,True,scratch,-0.09950264213571813
2024-09-05 15:30:00-04:00,222.4,222.68,222.77,222.68,224.52,19.4,13,1d+1h+4h,0.057,True,scratch,-0.09924674720807047
2024-09-06 09:30:00-04:00,222.69,223.03,223.12,223.03,224.95,19.4,13,1d+1h+4h,0.069,False,nofill,0.0
2024-09-06 10:30:00-04:00,221.25,222.68,222.77,222.68,224.63,19.4,13,1d+1h+4h,0.289,False,nofill,0.0
2024-09-06 11:30:00-04:00,220.69,222.68,222.77,222.68,224.59,19.4,13,1d+1h+4h,0.403,False,nofill,0.0
2024-09-06 12:30:00-04:00,220.98,222.68,222.77,222.68,224.55,19.4,13,1d+1h+4h,0.344,False,nofill,0.0
2024-09-06 13:30:00-04:00,220.19,226.64,226.73,226.64,228.47,21.0,17,1h+4h,1.305,False,nofill,0.0
2024-09-06 14:30:00-04:00,221.06,226.64,226.73,226.64,228.46,21.0,17,1h+4h,1.129,False,nofill,0.0
2024-09-06 15:30:00-04:00,220.91,226.64,226.73,226.64,228.44,21.0,17,1h+4h,1.159,False,nofill,0.0
2024-09-09 09:30:00-04:00,218.88,226.64,226.73,226.64,228.55,21.0,17,1h+4h,1.58,False,nofill,0.0
2024-09-09 10:30:00-04:00,218.96,226.64,226.73,226.64,228.56,21.0,17,1h+4h,1.563,False,nofill,0.0
2024-09-09 11:30:00-04:00,220.2,226.64,226.73,226.64,228.54,21.0,17,1h+4h,1.31,False,nofill,0.0
2024-09-09 12:30:00-04:00,220.84,226.64,226.73,226.64,228.49,21.0,17,1h+4h,1.18,False,nofill,0.0
2024-09-09 13:30:00-04:00,217.17,226.64,226.74,226.64,228.64,21.0,17,1h+4h,1.927,False,nofill,0.0
2024-09-09 14:30:00-04:00,219.26,226.64,226.74,226.64,228.69,21.0,17,1h+4h,1.502,False,nofill,0.0
2024-09-09 15:30:00-04:00,220.99,226.64,226.74,226.64,228.68,21.0,17,1h+4h,1.15,False,nofill,0.0
2024-09-10 09:30:00-04:00,219.78,226.64,226.75,226.64,228.85,21.0,17,1h+4h,1.4,False,nofill,0.0
2024-09-10 10:30:00-04:00,219.95,226.64,226.74,226.64,228.84,21.0,17,1h+4h,1.365,False,nofill,0.0
2024-09-10 11:30:00-04:00,218.54,226.64,226.75,226.64,228.86,21.0,17,1h+4h,1.653,False,nofill,0.0
2024-09-10 12:30:00-04:00,220.27,226.64,226.75,226.64,228.87,21.0,17,1h+4h,1.3,False,nofill,0.0
2024-09-10 13:30:00-04:00,220.81,226.64,226.74,226.64,228.8,21.0,17,1h+4h,1.19,False,nofill,0.0
2024-09-10 14:30:00-04:00,220.75,226.64,226.74,226.64,228.71,21.0,17,1h+4h,1.202,False,nofill,0.0
2024-09-10 15:30:00-04:00,220.17,226.64,226.74,226.64,228.67,21.0,17,1h+4h,1.321,False,nofill,0.0
2024-09-11 09:30:00-04:00,219.25,226.64,226.74,226.64,228.8,21.0,17,1h+4h,1.503,False,nofill,0.0
2024-09-11 10:30:00-04:00,218.9,226.64,226.74,226.64,228.74,21.0,17,1h+4h,1.574,False,nofill,0.0
2024-09-11 11:30:00-04:00,220.84,226.64,226.74,226.64,228.76,21.0,17,1h+4h,1.18,False,nofill,0.0
2024-09-11 12:30:00-04:00,221.21,226.64,226.74,226.64,228.71,21.0,17,1h+4h,1.104,False,nofill,0.0
2024-09-11 13:30:00-04:00,221.62,226.64,226.73,226.64,228.63,21.0,17,1h+4h,1.021,False,nofill,0.0
2024-09-11 14:30:00-04:00,221.97,226.64,226.73,226.64,228.55,21.0,17,1h+4h,0.95,False,nofill,0.0
2024-09-11 15:30:00-04:00,222.86,226.64,226.73,226.64,228.51,21.0,17,1h+4h,0.769,False,nofill,0.0
2024-09-12 09:30:00-04:00,222.07,226.64,226.73,226.64,228.61,21.0,17,1h+4h,0.946,False,nofill,0.0
2024-09-12 10:30:00-04:00,221.9,226.64,226.73,226.64,228.62,21.0,17,1h+4h,0.981,False,nofill,0.0
2024-09-12 11:30:00-04:00,221.93,226.64,226.73,226.64,228.54,21.0,17,1h+4h,0.975,False,nofill,0.0
2024-09-12 12:30:00-04:00,222.62,226.64,226.73,226.64,228.51,21.0,17,1h+4h,0.832,False,nofill,0.0
2024-09-12 13:30:00-04:00,223.14,226.64,226.72,226.64,228.42,21.0,17,1h+4h,0.725,False,nofill,0.0
2024-09-12 14:30:00-04:00,222.94,226.64,226.72,226.64,228.4,21.0,17,1h+4h,0.766,False,nofill,0.0
2024-09-12 15:30:00-04:00,222.87,226.64,226.72,226.64,228.34,21.0,17,1h+4h,0.78,False,nofill,0.0
2024-09-13 09:30:00-04:00,222.37,223.03,223.11,223.03,224.7,20.4,14,1d+1h+4h,0.142,True,scratch,-0.09562508258599278
2024-09-13 10:30:00-04:00,223.54,226.37,226.45,226.37,228.06,19.2,16,1h+4h,0.61,False,nofill,0.0
2024-09-13 11:30:00-04:00,223.31,226.37,226.45,226.37,228.01,19.2,16,1h+4h,0.66,False,nofill,0.0
2024-09-13 12:30:00-04:00,223.58,226.37,226.45,226.37,227.95,19.2,16,1h+4h,0.601,False,nofill,0.0
2024-09-13 13:30:00-04:00,223.0,226.37,226.45,226.37,227.93,19.2,16,1h+4h,0.727,False,nofill,0.0
2024-09-13 14:30:00-04:00,222.53,223.03,223.1,223.03,224.53,21.4,15,1d+1h+4h,0.107,False,nofill,0.0
2024-09-13 15:30:00-04:00,222.46,222.75,222.82,222.75,224.18,21.4,15,1d+1h+4h,0.063,False,nofill,0.0
2024-09-16 09:30:00-04:00,216.66,222.75,222.84,222.75,224.72,21.4,15,1d+1h+4h,1.24,False,nofill,0.0
2024-09-16 10:30:00-04:00,216.56,222.75,222.84,222.75,224.74,21.4,15,1d+1h+4h,1.261,False,nofill,0.0
2024-09-16 11:30:00-04:00,215.4,222.68,222.77,222.68,224.65,21.4,15,1d+1h+4h,1.482,False,nofill,0.0
2024-09-16 12:30:00-04:00,215.96,222.68,222.77,222.68,224.59,21.4,15,1d+1h+4h,1.367,False,nofill,0.0
2024-09-16 13:30:00-04:00,216.43,223.25,223.34,223.25,225.08,23.2,16,1d+1h+4h,1.388,False,nofill,0.0
2024-09-16 14:30:00-04:00,216.22,223.03,223.11,223.03,224.77,23.2,16,1d+1h+4h,1.385,False,nofill,0.0
2024-09-16 15:30:00-04:00,216.3,223.25,223.33,223.25,224.9,23.2,16,1d+1h+4h,1.415,False,nofill,0.0
2024-09-17 09:30:00-04:00,216.42,223.03,223.11,223.03,224.72,23.2,16,1d+1h+4h,1.397,False,nofill,0.0
2024-09-17 10:30:00-04:00,216.2,223.03,223.11,223.03,224.68,23.2,16,1d+1h+4h,1.442,False,nofill,0.0
2024-09-17 11:30:00-04:00,215.76,223.03,223.11,223.03,224.66,23.2,16,1d+1h+4h,1.536,False,nofill,0.0
2024-09-17 12:30:00-04:00,216.17,223.03,223.11,223.03,224.62,23.2,16,1d+1h+4h,1.45,False,nofill,0.0
2024-09-17 13:30:00-04:00,216.15,223.09,223.16,223.09,224.66,23.2,16,1d+1h+4h,1.467,False,nofill,0.0
2024-09-17 14:30:00-04:00,216.61,223.03,223.1,223.03,224.59,23.2,16,1d+1h+4h,1.357,False,nofill,0.0
2024-09-17 15:30:00-04:00,216.85,223.03,223.1,223.03,224.53,23.2,16,1d+1h+4h,1.306,False,nofill,0.0
2024-09-18 09:30:00-04:00,220.74,223.03,223.11,223.03,224.71,26.2,17,1d+1h+4h,0.477,False,nofill,0.0
2024-09-18 10:30:00-04:00,220.63,223.03,223.11,223.03,224.7,26.2,17,1d+1h+4h,0.499,False,nofill,0.0
2024-09-18 11:30:00-04:00,220.81,223.03,223.11,223.03,224.68,26.2,17,1d+1h+4h,0.461,False,nofill,0.0
2024-09-18 12:30:00-04:00,221.21,223.03,223.11,223.03,224.64,26.2,17,1d+1h+4h,0.378,False,nofill,0.0
2024-09-18 13:30:00-04:00,221.41,223.03,223.11,223.03,224.73,26.2,17,1d+1h+4h,0.337,True,target,0.6671011044510511
2024-09-18 14:30:00-04:00,221.5,223.03,223.12,223.03,224.83,26.2,17,1d+1h+4h,0.318,True,target,0.7085777591789855
2024-09-18 15:30:00-04:00,220.69,223.03,223.12,223.03,224.85,26.2,17,1d+1h+4h,0.486,True,target,0.7154281775257898
2024-09-19 09:30:00-04:00,229.5,229.85,229.96,229.85,232.21,8.0,6,1d+1h,0.069,False,nofill,0.0
2024-09-19 10:30:00-04:00,228.49,228.81,228.92,228.81,231.15,9.6,8,1h+4h,0.063,True,scratch,-0.10870698081162367
2024-09-19 11:30:00-04:00,229.0,229.85,229.96,229.85,232.11,8.0,6,1d+1h,0.167,False,nofill,0.0
2024-09-19 12:30:00-04:00,229.17,229.85,229.95,229.85,232.0,8.0,6,1d+1h,0.133,False,nofill,0.0
2024-09-19 13:30:00-04:00,228.87,229.74,229.84,229.74,231.81,9.0,7,1d+1h,0.17,True,scratch,-0.10293625433173137
2024-09-19 14:30:00-04:00,229.47,229.74,229.83,229.74,231.72,9.0,7,1d+1h,0.053,True,scratch,-0.10100238755179625
2024-09-19 15:30:00-04:00,228.82,229.74,229.83,229.74,231.68,9.0,7,1d+1h,0.18,True,scratch,-0.1000916028141896
2024-09-20 09:30:00-04:00,230.03,230.44,230.53,230.44,232.41,9.0,7,1d+1h,0.079,True,scratch,-0.10073620442830888
2024-09-20 10:30:00-04:00,229.77,230.44,230.53,230.44,232.38,9.0,7,1d+1h,0.13,True,scratch,-0.09996211108492803
2024-09-20 11:30:00-04:00,231.73,232.33,232.42,232.33,234.28,6.6,5,1h+4h,0.117,False,nofill,0.0
2024-09-20 12:30:00-04:00,230.75,232.33,232.42,232.33,234.24,6.6,5,1h+4h,0.307,True,scratch,-0.09903831030966259
2024-09-20 13:30:00-04:00,229.78,230.44,230.53,230.44,232.34,9.0,7,1d+1h,0.129,True,scratch,-0.09911616135900303
2024-09-20 14:30:00-04:00,231.98,232.33,232.42,232.33,234.28,6.6,5,1h+4h,0.069,True,scratch,-0.09986419662907364
2024-09-20 15:30:00-04:00,228.53,228.81,228.92,228.81,231.03,10.6,9,1h+4h,0.054,True,scratch,-0.10611174146727409
2024-09-23 09:30:00-04:00,228.01,228.29,228.4,228.29,230.55,10.6,9,1h+4h,0.056,True,scratch,-0.1070864555399953
2024-09-23 10:30:00-04:00,228.65,229.74,229.85,229.74,231.98,9.0,7,1d+1h,0.216,False,nofill,0.0
2024-09-23 11:30:00-04:00,226.94,227.21,227.32,227.21,229.43,15.4,13,1h+4h,0.054,True,scratch,-0.1065377471158313
2024-09-23 12:30:00-04:00,226.74,227.17,227.27,227.17,229.29,15.4,13,1h+4h,0.085,False,nofill,0.0
2024-09-23 13:30:00-04:00,226.68,227.17,227.27,227.17,229.19,15.4,13,1h+4h,0.097,True,scratch,-0.10233741825173004
2024-09-23 14:30:00-04:00,226.29,226.64,226.73,226.64,228.58,22.0,18,1h+4h,0.07,True,scratch,-0.10075846436017333
2024-09-23 15:30:00-04:00,226.45,226.8,226.89,226.8,228.67,18.2,15,1h+4h,0.07,True,scratch,-0.09921982716607491
2024-09-24 09:30:00-04:00,226.07,226.64,226.73,226.64,228.62,22.0,18,1h+4h,0.116,True,scratch,-0.10163687170278157
2024-09-24 10:30:00-04:00,227.01,227.35,227.44,227.35,229.32,15.4,13,1h+4h,0.069,True,scratch,-0.1012714596678177
2024-09-24 11:30:00-04:00,227.55,227.98,228.07,227.98,229.89,14.4,12,1h+4h,0.087,False,nofill,0.0
2024-09-24 12:30:00-04:00,227.24,227.78,227.87,227.78,229.63,15.4,13,1h+4h,0.11,False,nofill,0.0
2024-09-24 13:30:00-04:00,226.88,227.17,227.25,227.17,228.93,15.4,13,1h+4h,0.059,True,scratch,-0.09691372386612107
2024-09-24 14:30:00-04:00,227.03,227.35,227.43,227.35,229.03,15.4,13,1h+4h,0.066,True,scratch,-0.09511238061743477
2024-09-24 15:30:00-04:00,227.36,227.78,227.86,227.78,229.42,15.4,13,1h+4h,0.085,False,nofill,0.0
2024-09-25 09:30:00-04:00,226.38,226.64,226.72,226.64,228.37,22.0,18,1h+4h,0.053,True,scratch,-0.0963487148765041
2024-09-25 10:30:00-04:00,225.45,226.64,226.72,226.64,228.36,22.0,18,1h+4h,0.247,False,nofill,0.0
2024-09-25 11:30:00-04:00,225.87,226.64,226.72,226.64,228.28,22.0,18,1h+4h,0.16,False,nofill,0.0
2024-09-25 12:30:00-04:00,225.36,226.64,226.72,226.64,228.22,22.0,18,1h+4h,0.266,False,nofill,0.0
2024-09-25 13:30:00-04:00,224.9,226.64,226.72,226.64,228.22,22.0,18,1h+4h,0.362,True,scratch,-0.09305149080768294
2024-09-25 14:30:00-04:00,225.26,226.64,226.71,226.64,228.14,22.0,18,1h+4h,0.287,True,scratch,-0.09156361890546583
2024-09-25 15:30:00-04:00,226.31,226.64,226.71,226.64,228.13,22.0,18,1h+4h,0.069,True,scratch,-0.09127584546732015
2024-09-26 09:30:00-04:00,226.9,227.17,227.24,227.17,228.65,15.4,13,1h+4h,0.058,True,scratch,-0.09087298138437117
2024-09-26 10:30:00-04:00,227.39,227.78,227.85,227.78,229.3,15.4,13,1h+4h,0.083,False,nofill,0.0
2024-09-26 11:30:00-04:00,227.31,227.78,227.85,227.78,229.27,15.4,13,1h+4h,0.1,True,scratch,-0.09119755805575558
2024-09-26 12:30:00-04:00,227.16,227.48,227.55,227.48,228.92,15.4,13,1h+4h,0.069,True,scratch,-0.09015147049623584
2024-09-26 13:30:00-04:00,227.7,227.98,228.05,227.98,229.37,14.4,12,1h+4h,0.059,True,scratch,-0.08909201601856598
2024-09-26 14:30:00-04:00,227.58,227.98,228.04,227.98,229.31,14.4,12,1h+4h,0.086,True,scratch,-0.08764388906284948
2024-09-26 15:30:00-04:00,227.62,227.98,228.04,227.98,229.27,14.4,12,1h+4h,0.077,True,scratch,-0.08692037967583666
2024-09-27 09:30:00-04:00,228.96,230.44,230.5,230.44,231.78,13.0,9,1d+1h,0.327,False,nofill,0.0
2024-09-27 10:30:00-04:00,228.13,230.44,230.5,230.44,231.78,13.0,9,1d+1h,0.512,False,nofill,0.0
2024-09-27 11:30:00-04:00,228.15,230.44,230.5,230.44,231.75,13.0,9,1d+1h,0.508,False,nofill,0.0
2024-09-27 12:30:00-04:00,228.0,230.44,230.5,230.44,231.71,14.0,10,1d+1h,0.542,False,nofill,0.0
2024-09-27 13:30:00-04:00,227.9,230.44,230.5,230.44,231.67,14.0,10,1d+1h,0.564,True,target,0.4497325976354105
2024-09-27 14:30:00-04:00,227.81,230.44,230.5,230.44,231.64,14.0,10,1d+1h,0.583,True,target,0.4337686292013254
2024-09-27 15:30:00-04:00,227.82,230.44,230.49,230.44,231.58,14.0,10,1d+1h,0.581,True,target,0.41244242959537214
2024-09-30 09:30:00-04:00,230.98,232.33,232.4,232.33,233.73,9.4,7,1h+4h,0.296,True,scratch,-0.08868038504270537
2024-09-30 10:30:00-04:00,231.9,232.33,232.4,232.33,233.73,9.4,7,1h+4h,0.094,True,scratch,-0.08862697932009445
2024-09-30 11:30:00-04:00,232.12,232.74,232.8,232.74,234.09,9.4,7,1h+4h,0.136,False,nofill,0.0
2024-09-30 12:30:00-04:00,231.64,232.33,232.39,232.33,233.65,9.4,7,1h+4h,0.15,True,scratch,-0.0870584744289915
2024-09-30 13:30:00-04:00,231.01,232.33,232.39,232.33,233.67,9.4,7,1h+4h,0.29,True,scratch,-0.08735139251366819
2024-09-30 14:30:00-04:00,231.22,232.33,232.39,232.33,233.66,10.4,8,1h+4h,0.244,True,scratch,-0.08713756742618761
2024-10-01 09:30:00-04:00,224.96,226.64,226.73,226.64,228.54,22.0,18,1h+4h,0.344,False,nofill,0.0
2024-10-01 10:30:00-04:00,225.48,226.64,226.73,226.64,228.48,22.0,18,1h+4h,0.238,False,nofill,0.0
2024-10-01 11:30:00-04:00,225.31,226.64,226.72,226.64,228.41,22.0,18,1h+4h,0.272,False,nofill,0.0
2024-10-01 12:30:00-04:00,223.93,224.61,224.69,224.61,226.38,24.8,18,1d+1h+4h,0.139,True,scratch,-0.09749486530291618
2024-10-01 13:30:00-04:00,225.46,226.64,226.72,226.64,228.42,22.0,18,1h+4h,0.241,False,nofill,0.0
2024-10-01 14:30:00-04:00,226.15,226.64,226.72,226.64,228.36,22.0,18,1h+4h,0.1,False,nofill,0.0
2024-10-01 15:30:00-04:00,226.26,226.64,226.72,226.64,228.27,22.0,18,1h+4h,0.078,True,scratch,-0.09430089035730171
2024-10-02 09:30:00-04:00,225.42,226.64,226.72,226.64,228.4,22.0,18,1h+4h,0.252,True,scratch,-0.09693365235661222
2024-10-02 10:30:00-04:00,226.2,226.64,226.72,226.64,228.37,22.0,18,1h+4h,0.09,True,scratch,-0.09638825098905457
2024-10-02 11:30:00-04:00,226.95,227.48,227.56,227.48,229.16,16.4,14,1h+4h,0.109,False,nofill,0.0
2024-10-02 12:30:00-04:00,226.96,227.48,227.56,227.48,229.07,16.4,14,1h+4h,0.107,False,nofill,0.0
2024-10-02 13:30:00-04:00,226.82,227.35,227.42,227.35,228.89,16.4,14,1h+4h,0.109,False,nofill,0.0
2024-10-02 14:30:00-04:00,227.24,227.78,227.85,227.78,229.26,16.4,14,1h+4h,0.111,False,nofill,0.0
2024-10-02 15:30:00-04:00,226.81,227.35,227.42,227.35,228.78,16.4,14,1h+4h,0.111,False,nofill,0.0
2024-10-03 09:30:00-04:00,224.84,226.64,226.71,226.64,228.12,21.0,17,1h+4h,0.38,False,nofill,0.0
2024-10-03 10:30:00-04:00,224.87,226.64,226.71,226.64,228.11,21.0,17,1h+4h,0.372,False,nofill,0.0
2024-10-03 11:30:00-04:00,225.07,226.64,226.71,226.64,228.05,22.0,18,1h+4h,0.33,False,nofill,0.0
2024-10-03 12:30:00-04:00,223.84,224.61,224.68,224.61,226.05,25.8,19,1d+1h+4h,0.163,True,scratch,-0.0904374048383727
2024-10-03 13:30:00-04:00,223.84,224.61,224.68,224.61,226.0,25.8,19,1d+1h+4h,0.162,True,scratch,-0.08938992972949977
2024-10-03 14:30:00-04:00,223.7,224.61,224.67,224.61,225.94,25.8,19,1d+1h+4h,0.192,True,scratch,-0.08814741873068854
2024-10-03 15:30:00-04:00,225.67,226.64,226.71,226.64,228.04,22.0,18,1h+4h,0.204,True,scratch,-0.08933324900932682
2024-10-04 09:30:00-04:00,224.51,224.89,224.96,224.89,226.46,23.8,19,1h+4h,0.081,True,scratch,-0.09319124075723995
2024-10-04 10:30:00-04:00,224.56,224.89,224.96,224.89,226.45,23.8,19,1h+4h,0.07,True,scratch,-0.09304043966018583
2024-10-04 11:30:00-04:00,224.95,226.64,226.71,226.64,228.18,22.0,18,1h+4h,0.361,False,nofill,0.0
2024-10-04 12:30:00-04:00,225.1,226.64,226.71,226.64,228.12,22.0,18,1h+4h,0.329,True,scratch,-0.09105118524558309
2024-10-04 13:30:00-04:00,225.09,226.64,226.71,226.64,228.07,22.0,18,1h+4h,0.331,True,scratch,-0.09009175193176455
2024-10-04 14:30:00-04:00,226.09,226.64,226.71,226.64,228.06,22.0,18,1h+4h,0.117,True,scratch,-0.08975171242709967
2024-10-04 15:30:00-04:00,226.78,227.35,227.42,227.35,228.75,17.4,15,1h+4h,0.122,False,nofill,0.0
2024-10-07 09:30:00-04:00,225.32,226.64,226.71,226.64,228.14,22.0,18,1h+4h,0.279,False,nofill,0.0
2024-10-07 10:30:00-04:00,225.06,226.64,226.71,226.64,228.12,22.0,18,1h+4h,0.334,False,nofill,0.0
2024-10-07 11:30:00-04:00,224.26,224.61,224.68,224.61,226.08,25.8,19,1d+1h+4h,0.074,False,nofill,0.0
2024-10-07 12:30:00-04:00,223.81,224.61,224.68,224.61,226.03,25.8,19,1d+1h+4h,0.169,False,nofill,0.0
2024-10-07 13:30:00-04:00,223.75,224.61,224.68,224.61,225.98,25.8,19,1d+1h+4h,0.182,True,scratch,-0.08897473929213584
2024-10-07 14:30:00-04:00,222.56,223.03,223.1,223.03,224.41,35.8,23,1d+1h+4h,0.098,True,target,0.530899316070399
2024-10-07 15:30:00-04:00,221.72,223.03,223.1,223.03,224.41,35.8,23,1d+1h+4h,0.277,True,target,0.5301308452141162
2024-10-08 09:30:00-04:00,224.9,226.64,226.72,226.64,228.24,23.0,19,1h+4h,0.37,False,nofill,0.0
2024-10-08 10:30:00-04:00,225.33,226.64,226.72,226.64,228.22,23.0,19,1h+4h,0.279,False,nofill,0.0
2024-10-08 11:30:00-04:00,224.82,226.64,226.71,226.64,228.17,23.0,19,1h+4h,0.387,False,nofill,0.0
2024-10-08 12:30:00-04:00,224.74,226.64,226.71,226.64,228.12,23.0,19,1h+4h,0.404,False,nofill,0.0
2024-10-08 13:30:00-04:00,224.93,226.64,226.71,226.64,228.05,23.0,19,1h+4h,0.364,True,target,0.5314939667115937
2024-10-08 14:30:00-04:00,225.27,226.64,226.71,226.64,228.01,23.0,19,1h+4h,0.291,True,target,0.5147558486821469
2024-10-08 15:30:00-04:00,225.78,226.64,226.7,226.64,227.97,23.0,19,1h+4h,0.183,True,target,0.49700947187363287
2024-10-09 09:30:00-04:00,227.1,227.35,227.42,227.35,228.76,20.2,17,1h+4h,0.053,True,target,0.5290530061601961
2024-10-09 10:30:00-04:00,228.19,230.44,230.51,230.44,231.85,17.0,11,1d+1h,0.477,False,nofill,0.0
2024-10-09 11:30:00-04:00,228.71,230.44,230.5,230.44,231.79,17.0,11,1d+1h,0.367,False,nofill,0.0
2024-10-09 12:30:00-04:00,228.86,230.44,230.5,230.44,231.73,17.0,11,1d+1h,0.335,False,nofill,0.0
2024-10-09 13:30:00-04:00,229.63,230.44,230.5,230.44,231.77,17.0,11,1d+1h,0.172,False,nofill,0.0
2024-10-09 14:30:00-04:00,229.07,230.44,230.5,230.44,231.73,17.0,11,1d+1h,0.29,False,nofill,0.0
2024-10-09 15:30:00-04:00,229.51,230.44,230.5,230.44,231.69,17.0,11,1d+1h,0.197,False,nofill,0.0
2024-10-10 09:30:00-04:00,228.26,230.44,230.5,230.44,231.78,17.0,11,1d+1h,0.481,False,nofill,0.0
2024-10-10 10:30:00-04:00,228.29,230.44,230.5,230.44,231.74,17.0,11,1d+1h,0.473,False,nofill,0.0
2024-10-10 11:30:00-04:00,228.71,230.44,230.5,230.44,231.73,18.0,12,1d+1h,0.381,False,nofill,0.0
2024-10-10 12:30:00-04:00,228.5,230.44,230.5,230.44,231.68,18.0,12,1d+1h,0.427,False,nofill,0.0
2024-10-10 13:30:00-04:00,228.32,230.44,230.5,230.44,231.65,18.0,12,1d+1h,0.466,False,nofill,0.0
2024-10-10 14:30:00-04:00,228.86,230.44,230.5,230.44,231.63,18.0,12,1d+1h,0.349,False,nofill,0.0
2024-10-10 15:30:00-04:00,229.03,230.44,230.5,230.44,231.6,18.0,12,1d+1h,0.31,False,nofill,0.0
2024-10-11 09:30:00-04:00,228.76,230.44,230.5,230.44,231.67,19.8,13,1d+1h+4h,0.385,False,nofill,0.0
2024-10-11 10:30:00-04:00,227.98,230.44,230.5,230.44,231.69,19.8,13,1d+1h+4h,0.564,False,nofill,0.0
2024-10-11 11:30:00-04:00,227.83,230.44,230.5,230.44,231.63,19.8,13,1d+1h+4h,0.598,False,nofill,0.0
2024-10-11 12:30:00-04:00,227.84,230.44,230.49,230.44,231.59,19.8,13,1d+1h+4h,0.595,False,nofill,0.0
2024-10-11 13:30:00-04:00,228.2,230.44,230.49,230.44,231.57,19.8,13,1d+1h+4h,0.514,True,scratch,-0.08337936813456182
2024-10-11 14:30:00-04:00,228.69,230.44,230.49,230.44,231.56,19.8,13,1d+1h+4h,0.401,True,scratch,-0.08311735809553022
2024-10-11 15:30:00-04:00,227.52,227.78,227.83,227.78,228.91,20.2,17,1h+4h,0.06,True,target,0.4141682991772866
2024-10-14 09:30:00-04:00,230.68,232.33,232.39,232.33,233.67,12.2,9,1h+4h,0.378,False,nofill,0.0
2024-10-14 10:30:00-04:00,229.69,230.44,230.51,230.44,231.81,18.8,12,1d+1h+4h,0.172,True,scratch,-0.08831510924464103
2024-10-14 11:30:00-04:00,230.25,232.33,232.39,232.33,233.69,12.2,9,1h+4h,0.478,False,nofill,0.0
2024-10-14 12:30:00-04:00,230.43,232.33,232.39,232.33,233.62,13.2,10,1h+4h,0.437,False,nofill,0.0
2024-10-14 13:30:00-04:00,230.46,232.33,232.39,232.33,233.56,13.2,10,1h+4h,0.43,True,target,0.4458096712080861
2024-10-14 14:30:00-04:00,231.22,232.33,232.39,232.33,233.55,13.2,10,1h+4h,0.255,True,target,0.44030300433379743
2024-10-14 15:30:00-04:00,231.3,232.33,232.39,232.33,233.52,13.2,10,1h+4h,0.237,True,target,0.4256999666242933
2024-10-16 09:30:00-04:00,230.73,232.33,232.41,232.33,234.01,13.2,10,1h+4h,0.36,False,nofill,0.0
2024-10-16 10:30:00-04:00,230.58,232.33,232.41,232.33,233.97,13.2,10,1h+4h,0.393,False,nofill,0.0
2024-10-16 11:30:00-04:00,230.34,232.33,232.41,232.33,233.92,13.2,10,1h+4h,0.448,False,nofill,0.0
2024-10-16 12:30:00-04:00,230.91,232.33,232.4,232.33,233.88,13.2,10,1h+4h,0.32,False,nofill,0.0
2024-10-16 13:30:00-04:00,231.11,232.33,232.4,232.33,233.83,13.2,10,1h+4h,0.275,True,scratch,-0.09061825041021265
2024-10-16 14:30:00-04:00,231.62,232.33,232.4,232.33,233.77,13.2,10,1h+4h,0.161,True,scratch,-0.08941323291389303
2024-10-16 15:30:00-04:00,231.75,232.33,232.4,232.33,233.72,13.2,10,1h+4h,0.131,True,scratch,-0.08840174204710616
2024-10-17 09:30:00-04:00,232.41,232.74,232.81,232.74,234.28,12.2,9,1h+4h,0.075,False,nofill,0.0
2024-10-17 10:30:00-04:00,232.26,232.54,232.61,232.54,234.06,12.2,9,1h+4h,0.064,True,scratch,-0.09117390388365676
2024-10-17 11:30:00-04:00,232.25,232.54,232.61,232.54,234.01,12.2,9,1h+4h,0.066,False,nofill,0.0
2024-10-17 12:30:00-04:00,232.39,232.89,232.96,232.89,234.29,13.2,10,1h+4h,0.115,False,nofill,0.0
2024-10-17 13:30:00-04:00,231.59,232.33,232.4,232.33,233.73,13.2,10,1h+4h,0.17,True,target,0.5142755192071968
2024-10-17 14:30:00-04:00,231.76,232.33,232.39,232.33,233.69,13.2,10,1h+4h,0.132,True,target,0.49599292256714556
2024-10-17 15:30:00-04:00,232.26,232.89,232.95,232.89,234.2,13.2,10,1h+4h,0.144,True,target,0.4761884344269385
2024-10-18 09:30:00-04:00,234.77,234.99,235.06,234.99,236.49,7.0,3,1d+1h,0.051,True,scratch,-0.0904071927186334
2024-10-18 10:30:00-04:00,235.04,235.52,235.59,235.52,236.98,7.0,3,1d+1h,0.111,True,scratch,-0.08949632181067813
2024-10-18 11:30:00-04:00,234.99,235.52,235.59,235.52,236.92,7.0,3,1d+1h,0.122,True,scratch,-0.0882823767084151
2024-10-18 12:30:00-04:00,235.24,235.52,235.59,235.52,236.89,8.0,4,1d+1h,0.065,True,scratch,-0.08763980711766761
2024-10-18 13:30:00-04:00,235.53,236.05,236.11,236.05,237.37,8.0,4,1d+1h,0.12,False,nofill,0.0
2024-10-18 14:30:00-04:00,235.3,235.52,235.58,235.52,236.8,8.0,4,1d+1h,0.051,True,scratch,-0.08575110057746915
2024-10-18 15:30:00-04:00,234.98,235.52,235.58,235.52,236.74,8.0,4,1d+1h,0.125,True,scratch,-0.08466826931387006
2024-10-21 09:30:00-04:00,235.67,236.27,236.33,236.27,237.52,6.8,4,1d+1h+4h,0.143,True,scratch,-0.08515794083797656
2024-10-21 10:30:00-04:00,235.42,236.27,236.33,236.27,237.5,6.8,4,1d+1h+4h,0.203,True,scratch,-0.08483983346021517
2024-10-22 09:30:00-04:00,233.91,234.98,235.04,234.98,236.28,8.0,4,1d+1h,0.257,True,scratch,-0.0863315469885384
2024-10-22 10:30:00-04:00,234.4,234.98,235.04,234.98,236.26,8.0,4,1d+1h,0.139,True,scratch,-0.08593774174660007
2024-10-22 11:30:00-04:00,234.17,234.98,235.04,234.98,236.23,8.0,4,1d+1h,0.194,True,scratch,-0.08526827057693254
2024-10-22 12:30:00-04:00,234.85,235.52,235.58,235.52,236.75,8.0,4,1d+1h,0.161,True,scratch,-0.0848174470279961
2024-10-22 13:30:00-04:00,235.31,236.27,236.33,236.27,237.5,7.8,5,1d+1h+4h,0.229,False,nofill,0.0
2024-10-22 14:30:00-04:00,235.7,236.27,236.33,236.27,237.45,7.8,5,1d+1h+4h,0.137,False,nofill,0.0
2024-10-22 15:30:00-04:00,235.86,236.27,236.32,236.27,237.41,7.8,5,1d+1h+4h,0.098,False,nofill,0.0
2024-10-23 09:30:00-04:00,234.72,236.05,236.11,236.05,237.26,10.8,6,1d+1h+4h,0.299,False,nofill,0.0
2024-10-23 10:30:00-04:00,233.5,233.85,233.91,233.85,235.11,13.2,10,1h+4h,0.079,False,nofill,0.0
2024-10-23 11:30:00-04:00,229.69,230.44,230.51,230.44,231.91,23.6,16,1d+1h+4h,0.169,False,nofill,0.0
2024-10-23 12:30:00-04:00,230.06,230.44,230.51,230.44,231.91,23.6,16,1d+1h+4h,0.087,True,scratch,-0.09027628725771786
2024-10-23 13:30:00-04:00,228.62,230.44,230.51,230.44,231.98,23.6,16,1d+1h+4h,0.409,True,scratch,-0.09168883732810773
2024-10-23 14:30:00-04:00,229.68,230.44,230.51,230.44,231.96,23.6,16,1d+1h+4h,0.172,True,scratch,-0.09143691994345504
2024-10-23 15:30:00-04:00,230.75,233.09,233.16,233.09,234.6,14.2,11,1h+4h,0.526,False,nofill,0.0
2024-10-24 09:30:00-04:00,229.81,230.44,230.52,230.44,232.02,22.6,15,1d+1h+4h,0.147,True,scratch,-0.09252404246632429
2024-10-24 10:30:00-04:00,229.82,230.44,230.51,230.44,231.99,22.6,15,1d+1h+4h,0.144,True,scratch,-0.09198044095041213
2024-10-24 11:30:00-04:00,229.52,230.44,230.51,230.44,231.98,23.6,16,1d+1h+4h,0.214,True,scratch,-0.09181620504148391
2024-10-24 12:30:00-04:00,230.27,230.53,230.6,230.53,232.06,22.6,15,1d+1h+4h,0.06,True,scratch,-0.09154395126498294
2024-10-24 13:30:00-04:00,230.46,230.86,230.93,230.86,232.32,17.8,11,1d+1h+4h,0.093,True,target,0.540795654382098
2024-10-24 14:30:00-04:00,230.53,230.86,230.93,230.86,232.27,17.8,11,1d+1h+4h,0.077,True,target,0.5192187459945208
2024-10-24 15:30:00-04:00,230.57,230.82,230.88,230.82,232.17,20.6,13,1d+1h+4h,0.058,True,target,0.49587942799445006
2024-10-25 09:30:00-04:00,232.13,233.85,233.92,233.85,235.32,16.2,11,1d+1h+4h,0.405,False,nofill,0.0
2024-10-25 10:30:00-04:00,232.23,233.85,233.92,233.85,235.29,16.2,11,1d+1h+4h,0.381,False,nofill,0.0
2024-10-25 11:30:00-04:00,232.71,233.85,233.92,233.85,235.26,16.2,11,1d+1h+4h,0.268,False,nofill,0.0
2024-10-25 12:30:00-04:00,231.86,233.85,233.92,233.85,235.27,16.2,11,1d+1h+4h,0.469,False,nofill,0.0
2024-10-25 13:30:00-04:00,231.84,233.85,233.92,233.85,235.23,17.2,12,1d+1h+4h,0.473,True,scratch,-0.08813668548478537
2024-10-25 14:30:00-04:00,231.62,233.85,233.91,233.85,235.2,17.2,12,1d+1h+4h,0.525,True,scratch,-0.08739232522712026
2024-10-25 15:30:00-04:00,231.4,233.85,233.91,233.85,235.15,17.2,12,1d+1h+4h,0.576,True,scratch,-0.08648755338983571
2024-10-28 09:30:00-04:00,233.63,233.85,233.92,233.85,235.3,17.2,12,1d+1h+4h,0.051,True,scratch,-0.08940005780909699
2024-10-28 10:30:00-04:00,233.55,233.85,233.92,233.85,235.28,17.2,12,1d+1h+4h,0.072,True,scratch,-0.0889925970077532
2024-10-28 11:30:00-04:00,234.31,234.89,234.95,234.89,236.3,12.0,6,1d+1h,0.137,False,nofill,0.0
2024-10-28 12:30:00-04:00,234.43,234.89,234.95,234.89,236.26,12.0,6,1d+1h,0.109,False,nofill,0.0
2024-10-28 13:30:00-04:00,233.92,234.89,234.95,234.89,236.21,12.0,6,1d+1h,0.232,False,nofill,0.0
2024-10-28 14:30:00-04:00,233.97,234.89,234.95,234.89,236.16,12.0,6,1d+1h,0.219,False,nofill,0.0
2024-10-28 15:30:00-04:00,233.49,233.85,233.91,233.85,235.1,18.2,13,1d+1h+4h,0.086,True,scratch,-0.08536814852243557
2024-10-29 09:30:00-04:00,233.06,233.85,233.91,233.85,235.14,15.2,12,1h+4h,0.196,True,scratch,-0.0862021166432747
2024-10-29 10:30:00-04:00,233.27,233.85,233.91,233.85,235.1,15.2,12,1h+4h,0.144,True,scratch,-0.08532131904285256
2024-10-29 11:30:00-04:00,233.1,233.85,233.91,233.85,235.05,15.2,12,1h+4h,0.186,True,scratch,-0.08438122370129086
2024-10-29 12:30:00-04:00,233.89,234.73,234.79,234.73,235.93,13.0,7,1d+1h,0.209,False,nofill,0.0
2024-10-29 13:30:00-04:00,233.97,234.73,234.78,234.73,235.88,14.8,8,1d+1h+4h,0.189,False,nofill,0.0
2024-10-29 14:30:00-04:00,234.2,234.73,234.78,234.73,235.82,14.8,8,1d+1h+4h,0.132,False,nofill,0.0
2024-10-29 15:30:00-04:00,233.75,234.73,234.78,234.73,235.8,14.8,8,1d+1h+4h,0.243,False,nofill,0.0
2024-10-30 09:30:00-04:00,231.86,233.85,233.9,233.85,235.0,17.0,13,1h+4h,0.494,False,nofill,0.0
2024-10-30 10:30:00-04:00,231.56,233.85,233.91,233.85,235.02,17.0,13,1h+4h,0.569,False,nofill,0.0
2024-10-30 11:30:00-04:00,231.2,233.85,233.9,233.85,234.99,17.0,13,1h+4h,0.658,False,nofill,0.0
2024-10-30 12:30:00-04:00,230.24,230.53,230.58,230.53,231.67,22.6,15,1d+1h+4h,0.072,True,scratch,-0.08354418904238381
2024-10-30 13:30:00-04:00,230.65,233.85,233.9,233.85,234.99,17.0,13,1h+4h,0.794,False,nofill,0.0
2024-10-30 14:30:00-04:00,230.73,233.85,233.9,233.85,234.97,17.0,13,1h+4h,0.774,False,nofill,0.0
2024-10-30 15:30:00-04:00,230.14,230.44,230.49,230.44,231.58,23.6,16,1d+1h+4h,0.074,False,nofill,0.0
2024-10-31 09:30:00-04:00,228.44,230.53,230.59,230.53,231.76,23.6,16,1d+1h+4h,0.511,False,nofill,0.0
2024-10-31 10:30:00-04:00,227.32,230.53,230.59,230.53,231.81,23.6,16,1d+1h+4h,0.788,False,nofill,0.0
2024-10-31 11:30:00-04:00,227.25,230.44,230.5,230.44,231.71,23.6,16,1d+1h+4h,0.782,False,nofill,0.0
2024-10-31 12:30:00-04:00,227.86,230.44,230.5,230.44,231.69,23.6,16,1d+1h+4h,0.633,False,nofill,0.0
2024-10-31 13:30:00-04:00,227.09,230.44,230.5,230.44,231.69,23.6,16,1d+1h+4h,0.822,False,nofill,0.0
2024-10-31 14:30:00-04:00,227.33,230.53,230.59,230.53,231.77,23.6,16,1d+1h+4h,0.785,False,nofill,0.0
2024-10-31 15:30:00-04:00,225.39,226.37,226.44,226.37,227.7,27.2,22,1d+1h+4h,0.241,False,nofill,0.0
2024-11-01 09:30:00-04:00,224.07,226.37,226.45,226.37,227.99,27.2,22,1d+1h+4h,0.55,False,nofill,0.0
2024-11-01 10:30:00-04:00,223.21,226.37,226.45,226.37,228.07,27.2,22,1d+1h+4h,0.755,False,nofill,0.0
2024-11-01 11:30:00-04:00,222.16,223.03,223.11,223.03,224.72,35.8,23,1d+1h+4h,0.208,True,scratch,-0.09602423091231715
2024-11-01 12:30:00-04:00,223.34,226.37,226.45,226.37,228.04,27.2,22,1d+1h+4h,0.724,False,nofill,0.0
2024-11-01 13:30:00-04:00,222.24,223.03,223.11,223.03,224.68,35.8,23,1d+1h+4h,0.188,True,scratch,-0.09512856288089733
2024-11-01 14:30:00-04:00,222.33,223.03,223.11,223.03,224.63,35.8,23,1d+1h+4h,0.167,True,scratch,-0.0941540746134173
2024-11-01 15:30:00-04:00,222.85,223.09,223.16,223.09,224.65,32.8,22,1d+1h+4h,0.057,False,nofill,0.0
2024-11-04 09:30:00-05:00,221.73,223.03,223.11,223.03,224.72,35.8,23,1d+1h+4h,0.316,False,nofill,0.0
2024-11-04 10:30:00-05:00,221.48,223.03,223.11,223.03,224.68,35.8,23,1d+1h+4h,0.377,False,nofill,0.0
2024-11-04 11:30:00-05:00,221.12,223.03,223.11,223.03,224.65,35.8,23,1d+1h+4h,0.465,False,nofill,0.0
2024-11-04 12:30:00-05:00,222.02,223.03,223.11,223.03,224.65,35.8,23,1d+1h+4h,0.245,False,nofill,0.0
2024-11-04 13:30:00-05:00,222.26,223.03,223.1,223.03,224.59,35.8,23,1d+1h+4h,0.187,True,scratch,-0.09319026425878008
2024-11-04 14:30:00-05:00,222.48,223.04,223.11,223.04,224.53,35.8,23,1d+1h+4h,0.136,True,scratch,-0.09176117504315906
2024-11-04 15:30:00-05:00,222.12,223.03,223.1,223.03,224.49,35.8,23,1d+1h+4h,0.221,True,scratch,-0.09115659287394218
2024-11-05 09:30:00-05:00,223.32,226.41,226.48,226.41,227.93,27.2,22,1d+1h+4h,0.769,False,nofill,0.0
2024-11-05 10:30:00-05:00,222.67,223.03,223.1,223.03,224.56,35.8,23,1d+1h+4h,0.09,True,scratch,-0.09252748602248673
2024-11-05 11:30:00-05:00,223.38,226.41,226.48,226.41,227.91,27.2,22,1d+1h+4h,0.754,False,nofill,0.0
2024-11-05 12:30:00-05:00,222.62,223.03,223.1,223.03,224.51,36.8,24,1d+1h+4h,0.102,True,scratch,-0.09150472892590633
2024-11-05 13:30:00-05:00,223.33,226.41,226.48,226.41,227.86,27.2,22,1d+1h+4h,0.766,False,nofill,0.0
2024-11-05 14:30:00-05:00,223.25,226.41,226.48,226.41,227.81,27.2,22,1d+1h+4h,0.786,False,nofill,0.0
2024-11-05 15:30:00-05:00,223.45,226.37,226.44,226.37,227.73,27.2,22,1d+1h+4h,0.727,False,nofill,0.0
2024-11-06 09:30:00-05:00,225.65,226.37,226.45,226.37,227.98,27.2,22,1d+1h+4h,0.177,False,nofill,0.0
2024-11-06 10:30:00-05:00,224.8,226.37,226.45,226.37,228.05,27.2,22,1d+1h+4h,0.386,False,nofill,0.0
2024-11-06 11:30:00-05:00,224.26,226.41,226.49,226.41,228.06,27.2,22,1d+1h+4h,0.527,False,nofill,0.0
2024-11-06 12:30:00-05:00,224.19,226.41,226.48,226.41,227.98,27.2,22,1d+1h+4h,0.545,False,nofill,0.0
2024-11-06 13:30:00-05:00,223.85,226.37,226.44,226.37,227.88,28.2,23,1d+1h+4h,0.619,True,scratch,-0.0916347732083489
2024-11-06 14:30:00-05:00,223.63,226.41,226.48,226.41,227.88,28.2,23,1d+1h+4h,0.683,True,scratch,-0.09088998356621136
2024-11-06 15:30:00-05:00,222.7,223.03,223.1,223.03,224.5,36.8,24,1d+1h+4h,0.081,True,target,0.566875892953389
2024-11-07 09:30:00-05:00,225.73,226.37,226.45,226.37,228.03,28.2,23,1d+1h+4h,0.154,True,target,0.6348534334068123
2024-11-07 10:30:00-05:00,226.3,226.8,226.88,226.8,228.42,26.2,21,1d+1h+4h,0.119,True,target,0.6176776028957942
2024-11-07 11:30:00-05:00,227.22,227.48,227.56,227.48,229.07,24.0,20,1h+4h,0.064,True,scratch,-0.09331156054818157
2024-11-07 12:30:00-05:00,227.1,227.34,227.41,227.34,228.87,24.0,20,1h+4h,0.057,True,scratch,-0.0920803707840423
2024-11-07 13:30:00-05:00,227.1,227.34,227.41,227.34,228.81,24.0,20,1h+4h,0.058,True,scratch,-0.0907846731773132
2024-11-07 14:30:00-05:00,227.53,230.53,230.6,230.53,231.96,23.6,16,1d+1h+4h,0.723,False,nofill,0.0
2024-11-07 15:30:00-05:00,227.69,230.53,230.6,230.53,231.95,23.6,16,1d+1h+4h,0.684,False,nofill,0.0
2024-11-08 09:30:00-05:00,227.49,230.44,230.51,230.44,231.87,23.6,16,1d+1h+4h,0.734,False,nofill,0.0
2024-11-08 10:30:00-05:00,226.69,227.34,227.41,227.34,228.75,24.0,20,1h+4h,0.162,True,scratch,-0.0895588832282801
2024-11-08 11:30:00-05:00,226.88,227.34,227.41,227.34,228.72,24.0,20,1h+4h,0.115,True,scratch,-0.08885120676255243
2024-11-08 12:30:00-05:00,227.0,227.35,227.41,227.35,228.68,24.0,20,1h+4h,0.088,True,scratch,-0.08783429620982108
2024-11-08 13:30:00-05:00,227.54,227.76,227.82,227.76,229.04,24.0,20,1h+4h,0.055,False,nofill,0.0
2024-11-08 14:30:00-05:00,227.48,227.76,227.82,227.76,228.99,24.0,20,1h+4h,0.07,False,nofill,0.0
2024-11-08 15:30:00-05:00,227.16,227.37,227.43,227.37,228.57,25.0,21,1h+4h,0.052,False,nofill,0.0
2024-11-11 09:30:00-05:00,222.8,223.03,223.1,223.03,224.47,36.8,24,1d+1h+4h,0.055,True,scratch,-0.09070400016413238
2024-11-11 10:30:00-05:00,222.78,223.03,223.1,223.03,224.44,36.8,24,1d+1h+4h,0.06,True,scratch,-0.09010946084905269
2024-11-11 11:30:00-05:00,222.2,223.03,223.1,223.03,224.43,36.8,24,1d+1h+4h,0.203,True,target,0.5356488145279448
2024-11-11 12:30:00-05:00,222.46,223.03,223.1,223.03,224.4,36.8,24,1d+1h+4h,0.139,True,target,0.5238249956984076
2024-11-11 13:30:00-05:00,223.06,226.41,226.47,226.41,227.74,29.2,24,1d+1h+4h,0.814,False,nofill,0.0
2024-11-11 14:30:00-05:00,223.64,226.41,226.47,226.41,227.7,29.2,24,1d+1h+4h,0.674,False,nofill,0.0
2024-11-11 15:30:00-05:00,224.25,226.37,226.43,226.37,227.64,29.2,24,1d+1h+4h,0.516,False,nofill,0.0
2024-11-12 09:30:00-05:00,224.17,226.41,226.47,226.41,227.69,29.2,24,1d+1h+4h,0.563,False,nofill,0.0
2024-11-12 10:30:00-05:00,225.13,226.41,226.47,226.41,227.7,29.2,24,1d+1h+4h,0.321,False,nofill,0.0
2024-11-12 11:30:00-05:00,223.92,226.41,226.47,226.41,227.73,29.2,24,1d+1h+4h,0.626,False,nofill,0.0
2024-11-12 12:30:00-05:00,224.47,226.41,226.47,226.41,227.72,29.2,24,1d+1h+4h,0.488,False,nofill,0.0
2024-11-12 13:30:00-05:00,224.62,226.41,226.47,226.41,227.67,30.2,25,1d+1h+4h,0.449,False,nofill,0.0
2024-11-12 14:30:00-05:00,224.6,226.41,226.47,226.41,227.61,30.2,25,1d+1h+4h,0.454,False,nofill,0.0
2024-11-12 15:30:00-05:00,224.24,226.41,226.47,226.41,227.59,30.2,25,1d+1h+4h,0.545,False,nofill,0.0
2024-11-13 09:30:00-05:00,223.21,226.41,226.47,226.41,227.69,33.2,26,1d+1h+4h,0.806,True,scratch,-0.08687877471877936
2024-11-13 10:30:00-05:00,224.4,226.41,226.47,226.41,227.69,33.2,26,1d+1h+4h,0.507,True,scratch,-0.08694337744249436
2024-11-13 11:30:00-05:00,225.02,226.41,226.47,226.41,227.73,33.2,26,1d+1h+4h,0.35,True,scratch,-0.08781480224714366
2024-11-13 12:30:00-05:00,226.36,227.76,227.82,227.76,229.12,29.8,23,1d+1h+4h,0.352,False,nofill,0.0
2024-11-13 13:30:00-05:00,225.92,226.41,226.47,226.41,227.72,33.2,26,1d+1h+4h,0.123,True,scratch,-0.08755040864253383
2024-11-13 14:30:00-05:00,225.37,226.41,226.47,226.41,227.69,33.2,26,1d+1h+4h,0.261,True,scratch,-0.08695699392358147
2024-11-13 15:30:00-05:00,225.07,226.41,226.47,226.41,227.71,33.2,26,1d+1h+4h,0.337,True,scratch,-0.08731519894016326
2024-11-14 09:30:00-05:00,226.57,227.35,227.41,227.35,228.67,30.0,24,1d+1h+4h,0.197,True,target,0.4941887841216408
2024-11-14 10:30:00-05:00,226.42,227.37,227.43,227.37,228.65,30.0,24,1d+1h+4h,0.24,True,target,0.4771635244120054
2024-11-14 11:30:00-05:00,227.0,227.35,227.41,227.35,228.59,30.0,24,1d+1h+4h,0.088,True,target,0.45956224051255656
2024-11-14 12:30:00-05:00,228.47,230.44,230.5,230.44,231.73,23.6,16,1d+1h+4h,0.497,False,nofill,0.0
2024-11-14 13:30:00-05:00,228.53,230.44,230.5,230.44,231.72,23.6,16,1d+1h+4h,0.483,False,nofill,0.0
2024-11-14 14:30:00-05:00,227.04,227.35,227.41,227.35,228.67,30.0,24,1d+1h+4h,0.08,True,scratch,-0.08752646049505763
2024-11-14 15:30:00-05:00,228.19,230.44,230.5,230.44,231.76,23.6,16,1d+1h+4h,0.568,False,nofill,0.0
2024-11-15 09:30:00-05:00,224.63,226.41,226.48,226.41,227.92,33.2,26,1d+1h+4h,0.45,False,nofill,0.0
2024-11-15 10:30:00-05:00,225.24,226.41,226.48,226.41,227.87,33.2,26,1d+1h+4h,0.297,False,nofill,0.0
2024-11-15 11:30:00-05:00,224.87,226.41,226.48,226.41,227.83,33.2,26,1d+1h+4h,0.388,False,nofill,0.0
2024-11-15 12:30:00-05:00,224.74,226.41,226.48,226.41,227.78,33.2,26,1d+1h+4h,0.423,False,nofill,0.0
2024-11-15 13:30:00-05:00,224.4,226.41,226.47,226.41,227.73,33.2,26,1d+1h+4h,0.508,True,target,0.49323965551069104
2024-11-15 14:30:00-05:00,224.81,226.41,226.47,226.41,227.71,33.2,26,1d+1h+4h,0.404,True,target,0.48556180446452935
2024-11-15 15:30:00-05:00,224.92,226.41,226.47,226.41,227.66,33.2,26,1d+1h+4h,0.376,True,target,0.4677249171713971
2024-11-18 09:30:00-05:00,228.1,230.44,230.51,230.44,231.85,23.6,16,1d+1h+4h,0.583,False,nofill,0.0
2024-11-18 10:30:00-05:00,229.06,230.44,230.51,230.44,231.84,23.6,16,1d+1h+4h,0.344,False,nofill,0.0
2024-11-18 11:30:00-05:00,228.75,230.44,230.5,230.44,231.8,23.6,16,1d+1h+4h,0.421,False,nofill,0.0
2024-11-18 12:30:00-05:00,228.97,230.44,230.5,230.44,231.78,23.6,16,1d+1h+4h,0.367,False,nofill,0.0
2024-11-18 13:30:00-05:00,228.82,230.44,230.5,230.44,231.75,23.6,16,1d+1h+4h,0.405,False,nofill,0.0
2024-11-18 14:30:00-05:00,228.06,230.44,230.5,230.44,231.73,23.6,16,1d+1h+4h,0.593,False,nofill,0.0
2024-11-18 15:30:00-05:00,227.99,230.44,230.5,230.44,231.71,24.6,17,1d+1h+4h,0.611,False,nofill,0.0
2024-11-19 09:30:00-05:00,228.85,230.44,230.5,230.44,231.78,24.6,17,1d+1h+4h,0.4,False,nofill,0.0
2024-11-19 10:30:00-05:00,229.31,230.44,230.5,230.44,231.76,24.6,17,1d+1h+4h,0.284,False,nofill,0.0
2024-11-19 11:30:00-05:00,229.86,230.44,230.5,230.44,231.71,24.6,17,1d+1h+4h,0.147,False,nofill,0.0
2024-11-19 12:30:00-05:00,229.58,230.44,230.5,230.44,231.69,24.6,17,1d+1h+4h,0.216,False,nofill,0.0
2024-11-19 13:30:00-05:00,229.39,230.44,230.5,230.44,231.65,24.6,17,1d+1h+4h,0.264,False,nofill,0.0
2024-11-19 14:30:00-05:00,228.44,230.44,230.5,230.44,231.65,24.6,17,1d+1h+4h,0.503,False,nofill,0.0
2024-11-19 15:30:00-05:00,228.34,230.44,230.5,230.44,231.64,24.6,17,1d+1h+4h,0.528,False,nofill,0.0
2024-11-20 09:30:00-05:00,226.52,227.35,227.42,227.35,228.72,31.0,25,1d+1h+4h,0.21,True,scratch,-0.08875454392939242
2024-11-20 10:30:00-05:00,226.18,226.41,226.47,226.41,227.77,34.2,27,1d+1h+4h,0.057,True,target,0.5112612207307299
2024-11-20 11:30:00-05:00,226.85,227.35,227.42,227.35,228.75,31.0,25,1d+1h+4h,0.126,True,target,0.5250732292322535
2024-11-20 12:30:00-05:00,226.81,227.35,227.42,227.35,228.72,31.0,25,1d+1h+4h,0.135,True,target,0.5143626032706905
2024-11-20 13:30:00-05:00,226.81,227.35,227.41,227.35,228.67,31.0,25,1d+1h+4h,0.136,True,target,0.4926488569500398
2024-11-20 14:30:00-05:00,227.97,230.44,230.5,230.44,231.76,24.6,17,1d+1h+4h,0.62,False,nofill,0.0
2024-11-20 15:30:00-05:00,229.0,230.44,230.5,230.44,231.75,24.6,17,1d+1h+4h,0.362,False,nofill,0.0
2024-11-21 09:30:00-05:00,225.95,226.37,226.44,226.37,227.9,34.2,27,1d+1h+4h,0.105,True,target,0.582572910223722
2024-11-21 10:30:00-05:00,228.77,230.16,230.24,230.16,231.81,27.4,19,1d+1h+4h,0.347,False,nofill,0.0
2024-11-21 11:30:00-05:00,229.29,230.16,230.24,230.16,231.77,27.4,19,1d+1h+4h,0.217,False,nofill,0.0
2024-11-21 12:30:00-05:00,229.84,230.16,230.23,230.16,231.72,27.4,19,1d+1h+4h,0.08,False,nofill,0.0
2024-11-21 13:30:00-05:00,229.36,230.16,230.23,230.16,231.66,27.4,19,1d+1h+4h,0.2,False,nofill,0.0
2024-11-21 14:30:00-05:00,229.27,230.16,230.23,230.16,231.6,27.4,19,1d+1h+4h,0.222,False,nofill,0.0
2024-11-21 15:30:00-05:00,228.51,230.16,230.23,230.16,231.57,28.4,20,1d+1h+4h,0.412,False,nofill,0.0
2024-11-22 09:30:00-05:00,229.28,230.44,230.51,230.44,231.91,27.4,19,1d+1h+4h,0.297,True,scratch,-0.0902412801360497
2024-11-22 10:30:00-05:00,229.48,230.44,230.51,230.44,231.88,27.4,19,1d+1h+4h,0.245,True,scratch,-0.08978331467869305
2024-11-22 11:30:00-05:00,229.98,230.44,230.51,230.44,231.87,27.4,19,1d+1h+4h,0.116,True,scratch,-0.08943545672518427
2024-11-22 12:30:00-05:00,230.18,230.44,230.51,230.44,231.84,27.4,19,1d+1h+4h,0.066,False,nofill,0.0
2024-11-22 13:30:00-05:00,229.44,230.44,230.51,230.44,231.82,27.4,19,1d+1h+4h,0.256,True,target,0.5108199880224484
2024-11-22 14:30:00-05:00,229.38,230.44,230.5,230.44,231.78,27.4,19,1d+1h+4h,0.272,True,target,0.4920417110226172
2024-11-22 15:30:00-05:00,229.76,230.44,230.5,230.44,231.74,27.4,19,1d+1h+4h,0.174,True,target,0.47862940288219136
2024-11-25 09:30:00-05:00,232.0,233.85,233.92,233.85,235.32,17.0,13,1h+4h,0.477,False,nofill,0.0
2024-11-25 10:30:00-05:00,231.71,233.85,233.92,233.85,235.3,17.0,13,1h+4h,0.552,False,nofill,0.0
2024-11-25 11:30:00-05:00,230.21,230.44,230.51,230.44,231.93,27.4,19,1d+1h+4h,0.06,True,scratch,-0.09070533914179446
2024-11-25 12:30:00-05:00,230.42,230.72,230.79,230.72,232.16,25.4,17,1d+1h+4h,0.079,True,scratch,-0.08977558110260242
2024-11-25 13:30:00-05:00,230.68,233.85,233.92,233.85,235.23,18.0,14,1h+4h,0.816,True,target,0.502409875787424
2024-11-25 14:30:00-05:00,230.52,230.72,230.78,230.72,232.06,25.4,17,1d+1h+4h,0.052,True,target,0.49267996819524207
2024-11-25 15:30:00-05:00,232.88,233.85,233.92,233.85,235.34,18.0,14,1h+4h,0.25,True,target,0.5477901623877734
2024-11-26 09:30:00-05:00,234.36,234.73,234.81,234.73,236.31,14.8,8,1d+1h+4h,0.098,True,scratch,-0.09197762737241932
2024-11-26 10:30:00-05:00,235.04,235.52,235.59,235.52,237.09,14.8,8,1d+1h+4h,0.126,False,nofill,0.0
2024-11-26 11:30:00-05:00,234.48,234.73,234.8,234.73,236.25,14.8,8,1d+1h+4h,0.066,True,scratch,-0.09075895077841345
2024-11-26 12:30:00-05:00,234.51,234.73,234.8,234.73,236.2,14.8,8,1d+1h+4h,0.058,True,scratch,-0.08982258016726474
2024-11-26 13:30:00-05:00,234.93,235.52,235.59,235.52,236.94,15.8,9,1d+1h+4h,0.155,True,scratch,-0.08859088204010712
2024-11-26 14:30:00-05:00,234.81,235.52,235.58,235.52,236.87,15.8,9,1d+1h+4h,0.187,True,scratch,-0.08733556502210638
2024-11-26 15:30:00-05:00,235.08,235.52,235.58,235.52,236.83,15.8,9,1d+1h+4h,0.116,True,scratch,-0.08644253021898862
2024-11-27 09:30:00-05:00,235.16,235.52,235.58,235.52,236.88,15.8,9,1d+1h+4h,0.098,True,scratch,-0.0873853032367089
2024-11-27 10:30:00-05:00,234.67,235.52,235.59,235.52,236.89,15.8,9,1d+1h+4h,0.232,False,nofill,0.0
2024-11-27 11:30:00-05:00,234.57,235.52,235.58,235.52,236.86,15.8,9,1d+1h+4h,0.26,False,nofill,0.0
2024-11-27 12:30:00-05:00,234.78,235.52,235.58,235.52,236.81,15.8,9,1d+1h+4h,0.202,False,nofill,0.0
2024-11-27 13:30:00-05:00,234.98,235.52,235.58,235.52,236.75,15.8,9,1d+1h+4h,0.148,True,scratch,-0.08488535470159153
2024-11-27 14:30:00-05:00,234.84,235.52,235.58,235.52,236.7,15.8,9,1d+1h+4h,0.185,True,scratch,-0.08388706702034954
2024-11-27 15:30:00-05:00,234.99,235.52,235.57,235.52,236.66,15.8,9,1d+1h+4h,0.145,True,scratch,-0.08294491978081409
2024-11-29 09:30:00-05:00,235.34,235.57,235.63,235.57,236.77,15.8,9,1d+1h+4h,0.061,True,target,0.42454446163384674
2024-11-29 10:30:00-05:00,236.4,236.85,236.91,236.85,238.06,9.4,7,1h+4h,0.123,True,target,0.4254674533710645
2024-11-29 11:30:00-05:00,236.37,236.85,236.91,236.85,238.04,9.4,7,1h+4h,0.131,True,target,0.41670837294034424
2025-01-02 09:30:00-05:00,245.74,246.24,246.32,246.24,247.94,6.6,5,1h+4h,0.114,False,nofill,0.0
2025-01-02 10:30:00-05:00,244.9,245.34,245.42,245.34,247.05,7.6,6,1h+4h,0.102,False,nofill,0.0
2025-01-02 11:30:00-05:00,243.43,244.63,244.71,244.63,246.36,7.8,5,1d+1h+4h,0.273,False,nofill,0.0
2025-01-02 12:30:00-05:00,242.69,244.63,244.71,244.63,246.32,7.8,5,1d+1h+4h,0.442,False,nofill,0.0
2025-01-02 13:30:00-05:00,242.49,244.63,244.71,244.63,246.27,7.8,5,1d+1h+4h,0.487,False,nofill,0.0
2025-01-02 14:30:00-05:00,243.23,244.63,244.71,244.63,246.27,7.8,5,1d+1h+4h,0.318,False,nofill,0.0
2025-01-02 15:30:00-05:00,243.82,244.63,244.71,244.63,246.23,7.8,5,1d+1h+4h,0.184,False,nofill,0.0
2025-01-03 09:30:00-05:00,242.46,244.63,244.71,244.63,246.28,7.8,5,1d+1h+4h,0.511,False,nofill,0.0
2025-01-03 10:30:00-05:00,243.49,244.63,244.71,244.63,246.28,7.8,5,1d+1h+4h,0.268,False,nofill,0.0
2025-01-03 11:30:00-05:00,242.77,244.63,244.71,244.63,246.27,7.8,5,1d+1h+4h,0.438,False,nofill,0.0
2025-01-03 12:30:00-05:00,243.01,244.63,244.71,244.63,246.22,8.8,6,1d+1h+4h,0.381,False,nofill,0.0
2025-01-03 13:30:00-05:00,242.67,244.63,244.7,244.63,246.14,8.8,6,1d+1h+4h,0.461,True,target,0.5269983705918024
2025-01-03 14:30:00-05:00,242.85,244.63,244.7,244.63,246.09,8.8,6,1d+1h+4h,0.419,True,target,0.5084845069823762
2025-01-03 15:30:00-05:00,243.3,244.63,244.7,244.63,246.06,8.8,6,1d+1h+4h,0.313,True,target,0.49676409528132126
2025-01-06 09:30:00-05:00,245.55,251.38,251.45,251.38,252.92,6.8,6,1h+4h,1.375,False,nofill,0.0
2025-01-06 10:30:00-05:00,246.74,250.8,250.88,250.8,252.38,6.8,6,1h+4h,0.958,False,nofill,0.0
2025-01-06 11:30:00-05:00,245.77,251.38,251.45,251.38,252.93,6.8,6,1h+4h,1.323,False,nofill,0.0
2025-01-06 12:30:00-05:00,245.03,245.34,245.42,245.34,246.89,7.6,6,1h+4h,0.074,False,nofill,0.0
2025-01-06 13:30:00-05:00,244.98,245.34,245.41,245.34,246.82,7.6,6,1h+4h,0.085,True,scratch,-0.08863959112981323
2025-01-06 14:30:00-05:00,244.9,245.34,245.41,245.34,246.77,7.6,6,1h+4h,0.105,True,scratch,-0.0876182577617568
2025-01-06 15:30:00-05:00,245.0,245.34,245.41,245.34,246.73,7.6,6,1h+4h,0.081,True,scratch,-0.08698247653605717
2025-01-07 09:30:00-05:00,245.16,245.68,245.75,245.68,247.18,7.6,6,1h+4h,0.122,False,nofill,0.0
2025-01-07 10:30:00-05:00,243.77,244.63,244.7,244.63,246.15,8.8,6,1d+1h+4h,0.203,True,scratch,-0.08945018005830363
2025-01-07 11:30:00-05:00,242.39,244.63,244.71,244.63,246.25,8.8,6,1d+1h+4h,0.529,False,nofill,0.0
2025-01-07 12:30:00-05:00,243.16,244.63,244.71,244.63,246.29,9.8,7,1d+1h+4h,0.348,False,nofill,0.0
2025-01-07 13:30:00-05:00,242.46,244.63,244.71,244.63,246.25,9.8,7,1d+1h+4h,0.513,False,nofill,0.0
2025-01-07 14:30:00-05:00,242.01,244.63,244.7,244.63,246.19,9.8,7,1d+1h+4h,0.619,False,nofill,0.0
2025-01-07 15:30:00-05:00,242.19,244.63,244.7,244.63,246.15,9.8,7,1d+1h+4h,0.576,False,nofill,0.0
2025-01-08 09:30:00-05:00,242.41,246.3,246.38,246.3,247.92,9.4,7,1h+4h,0.928,False,nofill,0.0
2025-01-08 10:30:00-05:00,242.71,246.3,246.38,246.3,247.93,9.4,7,1h+4h,0.857,False,nofill,0.0
2025-01-08 11:30:00-05:00,241.37,246.3,246.38,246.3,247.99,9.4,7,1h+4h,1.176,False,nofill,0.0
2025-01-08 12:30:00-05:00,242.35,246.3,246.38,246.3,247.96,9.4,7,1h+4h,0.942,False,nofill,0.0
2025-01-08 13:30:00-05:00,242.8,246.3,246.38,246.3,247.99,9.4,7,1h+4h,0.836,False,nofill,0.0
2025-01-08 14:30:00-05:00,242.38,246.3,246.38,246.3,247.95,9.4,7,1h+4h,0.934,False,nofill,0.0
2025-01-08 15:30:00-05:00,242.72,246.3,246.38,246.3,247.92,9.4,7,1h+4h,0.854,False,nofill,0.0
2025-01-10 09:30:00-05:00,237.42,244.63,244.73,244.63,246.66,9.8,7,1d+1h+4h,1.573,False,nofill,0.0
2025-01-10 10:30:00-05:00,233.77,234.45,234.55,234.45,236.63,16.8,10,1d+1h+4h,0.148,True,target,0.8233163248179354
2025-01-10 11:30:00-05:00,235.57,236.05,236.16,236.05,238.29,11.8,7,1d+1h+4h,0.105,True,scratch,-0.10509699965146613
2025-01-10 12:30:00-05:00,237.12,244.54,244.65,244.54,246.79,9.8,7,1d+1h+4h,1.621,False,nofill,0.0
2025-01-10 13:30:00-05:00,236.83,244.63,244.73,244.63,246.81,9.8,7,1d+1h+4h,1.703,False,nofill,0.0
2025-01-10 14:30:00-05:00,236.0,236.27,236.37,236.27,238.38,10.6,7,1d+1h+4h,0.06,True,scratch,-0.10238656221837061
2025-01-10 15:30:00-05:00,236.93,244.63,244.73,244.63,246.7,9.8,7,1d+1h+4h,1.681,False,nofill,0.0
2025-01-13 09:30:00-05:00,230.38,233.81,233.93,233.81,236.27,28.0,20,1d+1h+4h,0.721,False,nofill,0.0
2025-01-13 10:30:00-05:00,230.72,233.97,234.08,233.97,236.38,28.0,20,1d+1h+4h,0.682,False,nofill,0.0
2025-01-13 11:30:00-05:00,232.32,233.85,233.96,233.85,236.24,28.0,20,1d+1h+4h,0.322,True,scratch,-0.10866107359428501
2025-01-13 12:30:00-05:00,233.38,233.81,233.92,233.81,236.14,28.0,20,1d+1h+4h,0.09,True,scratch,-0.1074123885893341
2025-01-13 13:30:00-05:00,233.56,233.81,233.92,233.81,236.03,28.0,20,1d+1h+4h,0.053,True,scratch,-0.10510889846779836
2025-01-13 14:30:00-05:00,233.68,233.97,234.07,233.97,236.09,28.0,20,1d+1h+4h,0.06,True,target,0.8028456502750858
2025-01-13 15:30:00-05:00,234.4,235.69,235.79,235.69,237.74,17.6,10,1d+1h+4h,0.271,True,scratch,-0.10128672574232223
2025-01-14 09:30:00-05:00,235.61,236.05,236.15,236.05,238.09,14.8,8,1d+1h+4h,0.094,False,nofill,0.0
2025-01-14 10:30:00-05:00,234.21,235.69,235.79,235.69,237.72,17.6,10,1d+1h+4h,0.316,False,nofill,0.0
2025-01-14 11:30:00-05:00,233.32,233.85,233.95,233.85,235.86,28.0,20,1d+1h+4h,0.112,True,scratch,-0.1008557054663961
2025-01-14 12:30:00-05:00,234.02,235.69,235.78,235.69,237.67,18.6,11,1d+1h+4h,0.357,False,nofill,0.0
2025-01-14 13:30:00-05:00,234.26,235.69,235.78,235.69,237.61,18.6,11,1d+1h+4h,0.306,True,target,0.717050621931481
2025-01-14 14:30:00-05:00,233.3,233.97,234.06,233.97,235.92,28.0,20,1d+1h+4h,0.144,True,target,0.7332724116470679
2025-01-14 15:30:00-05:00,233.28,233.97,234.06,233.97,235.85,28.0,20,1d+1h+4h,0.148,True,target,0.7040712200625077
2025-01-15 09:30:00-05:00,237.92,244.63,244.73,244.63,246.76,9.8,7,1d+1h+4h,1.414,False,nofill,0.0
2025-01-15 10:30:00-05:00,237.4,244.54,244.64,244.54,246.61,9.8,7,1d+1h+4h,1.504,False,nofill,0.0
2025-01-15 11:30:00-05:00,237.12,244.63,244.73,244.63,246.63,9.8,7,1d+1h+4h,1.582,False,nofill,0.0
2025-01-15 12:30:00-05:00,237.53,244.54,244.63,244.54,246.46,9.8,7,1d+1h+4h,1.477,False,nofill,0.0
2025-01-15 13:30:00-05:00,237.56,244.63,244.72,244.63,246.45,9.8,7,1d+1h+4h,1.49,False,nofill,0.0
2025-01-15 14:30:00-05:00,237.62,244.63,244.71,244.63,246.36,9.8,7,1d+1h+4h,1.477,False,nofill,0.0
2025-01-15 15:30:00-05:00,237.85,244.63,244.71,244.63,246.31,9.8,7,1d+1h+4h,1.429,False,nofill,0.0
2025-01-16 09:30:00-05:00,232.82,233.81,233.9,233.81,235.77,28.0,20,1d+1h+4h,0.194,False,nofill,0.0
2025-01-16 10:30:00-05:00,230.58,230.86,230.96,230.86,232.89,30.2,21,1d+1h+4h,0.054,True,scratch,-0.10191375138333125
2025-01-16 11:30:00-05:00,230.92,233.97,234.06,233.97,235.96,28.0,20,1d+1h+4h,0.596,False,nofill,0.0
2025-01-16 12:30:00-05:00,229.19,229.91,230.01,229.91,231.92,36.0,26,1d+1h+4h,0.141,True,scratch,-0.10153768497314086
2025-01-16 13:30:00-05:00,229.18,229.91,230.0,229.91,231.84,36.0,26,1d+1h+4h,0.144,True,scratch,-0.09987362013218481
2025-01-16 14:30:00-05:00,229.02,229.91,230.0,229.91,231.79,36.0,26,1d+1h+4h,0.173,True,scratch,-0.09883811543291987
2025-01-16 15:30:00-05:00,228.24,228.93,229.02,228.93,230.77,36.2,29,1h+4h,0.135,True,target,0.7040561187837691
2025-01-17 09:30:00-05:00,230.38,230.72,230.82,230.72,232.73,31.2,22,1d+1h+4h,0.067,True,scratch,-0.1014416966934939
2025-01-17 10:30:00-05:00,231.28,233.97,234.06,233.97,235.93,28.0,20,1d+1h+4h,0.534,False,nofill,0.0
2025-01-17 11:30:00-05:00,230.26,230.53,230.62,230.53,232.49,33.2,24,1d+1h+4h,0.054,False,nofill,0.0
2025-01-17 12:30:00-05:00,229.91,230.44,230.53,230.44,232.3,33.2,24,1d+1h+4h,0.105,False,nofill,0.0
2025-01-17 13:30:00-05:00,229.18,229.91,230.0,229.91,231.75,36.0,26,1d+1h+4h,0.145,True,scratch,-0.09805335143338034
2025-01-17 14:30:00-05:00,229.44,229.91,229.99,229.91,231.67,36.0,26,1d+1h+4h,0.093,True,scratch,-0.09640536741150063
2025-01-17 15:30:00-05:00,229.99,230.44,230.52,230.44,232.13,33.2,24,1d+1h+4h,0.089,False,nofill,0.0
2025-01-21 09:30:00-05:00,221.77,226.65,226.76,226.65,228.91,44.4,34,1d+1h+4h,0.899,False,nofill,0.0
2025-01-21 10:30:00-05:00,220.11,226.83,226.94,226.83,229.11,44.4,34,1d+1h+4h,1.238,False,nofill,0.0
2025-01-21 11:30:00-05:00,220.36,226.83,226.93,226.83,229.05,44.4,34,1d+1h+4h,1.192,False,nofill,0.0
2025-01-21 12:30:00-05:00,220.4,226.83,226.93,226.83,228.97,44.4,34,1d+1h+4h,1.183,False,nofill,0.0
2025-01-21 13:30:00-05:00,221.61,226.66,226.76,226.66,228.75,44.4,34,1d+1h+4h,0.931,False,nofill,0.0
2025-01-21 14:30:00-05:00,221.65,226.8,226.9,226.8,228.84,44.4,34,1d+1h+4h,0.949,False,nofill,0.0
2025-01-21 15:30:00-05:00,222.66,226.65,226.75,226.65,228.65,44.4,34,1d+1h+4h,0.735,False,nofill,0.0
2025-01-22 09:30:00-05:00,221.63,226.8,226.9,226.8,228.93,44.4,34,1d+1h+4h,0.967,False,nofill,0.0
2025-01-22 10:30:00-05:00,222.86,226.8,226.9,226.8,228.89,44.4,34,1d+1h+4h,0.737,False,nofill,0.0
2025-01-22 11:30:00-05:00,222.56,226.8,226.9,226.8,228.83,44.4,34,1d+1h+4h,0.792,False,nofill,0.0
2025-01-22 12:30:00-05:00,222.12,226.8,226.89,226.8,228.75,44.4,34,1d+1h+4h,0.876,False,nofill,0.0
2025-01-22 13:30:00-05:00,222.75,226.8,226.89,226.8,228.68,44.4,34,1d+1h+4h,0.758,True,scratch,-0.0994574174167484
2025-01-22 14:30:00-05:00,223.35,226.8,226.89,226.8,228.64,44.4,34,1d+1h+4h,0.645,True,scratch,-0.09849441896833122
2025-01-22 15:30:00-05:00,223.77,226.8,226.88,226.8,228.57,44.4,34,1d+1h+4h,0.567,True,scratch,-0.09719131835458361
2025-01-23 09:30:00-05:00,225.97,226.8,226.89,226.8,228.69,44.4,34,1d+1h+4h,0.157,False,nofill,0.0
2025-01-23 10:30:00-05:00,225.18,226.8,226.89,226.8,228.71,44.4,34,1d+1h+4h,0.307,False,nofill,0.0
2025-01-23 11:30:00-05:00,223.57,226.8,226.89,226.8,228.71,44.4,34,1d+1h+4h,0.609,False,nofill,0.0
2025-01-23 12:30:00-05:00,223.55,226.8,226.89,226.8,228.61,45.4,35,1d+1h+4h,0.613,False,nofill,0.0
2025-01-23 13:30:00-05:00,222.8,226.8,226.88,226.8,228.57,45.4,35,1d+1h+4h,0.755,False,nofill,0.0
2025-01-23 14:30:00-05:00,222.88,226.8,226.88,226.8,228.49,45.4,35,1d+1h+4h,0.74,False,nofill,0.0
2025-01-23 15:30:00-05:00,223.65,226.8,226.88,226.8,228.47,45.4,35,1d+1h+4h,0.594,False,nofill,0.0
2025-01-24 09:30:00-05:00,222.73,226.64,226.73,226.64,228.43,43.6,34,1d+1h+4h,0.749,False,nofill,0.0
2025-01-24 10:30:00-05:00,222.76,226.64,226.72,226.64,228.37,43.6,34,1d+1h+4h,0.743,False,nofill,0.0
2025-01-24 11:30:00-05:00,222.28,226.64,226.72,226.64,228.35,43.6,34,1d+1h+4h,0.835,False,nofill,0.0
2025-01-24 12:30:00-05:00,222.16,226.66,226.74,226.66,228.31,45.4,35,1d+1h+4h,0.862,False,nofill,0.0
2025-01-24 13:30:00-05:00,222.37,226.66,226.74,226.66,228.24,45.4,35,1d+1h+4h,0.822,True,target,0.6021599375818809
2025-01-24 14:30:00-05:00,222.32,226.66,226.74,226.66,228.24,45.4,35,1d+1h+4h,0.831,True,target,0.6027198770972353
2025-01-24 15:30:00-05:00,222.79,226.64,226.71,226.64,228.17,45.4,35,1d+1h+4h,0.737,True,target,0.5820514588357639
2025-01-27 09:30:00-05:00,227.29,227.72,227.81,227.72,229.51,39.6,32,1d+1h+4h,0.078,True,target,0.6871945256147427
2025-01-27 10:30:00-05:00,228.49,228.81,228.9,228.81,230.6,38.2,31,1h+4h,0.057,True,target,0.6847859612266527
2025-01-27 11:30:00-05:00,230.09,230.44,230.53,230.44,232.25,33.2,24,1d+1h+4h,0.063,True,scratch,-0.0973505947681752
2025-01-27 12:30:00-05:00,231.32,232.29,232.38,232.29,234.09,29.2,20,1d+1h+4h,0.176,False,nofill,0.0
2025-01-27 13:30:00-05:00,232.03,232.32,232.4,232.32,234.08,29.2,20,1d+1h+4h,0.053,True,target,0.6596261086050825
2025-01-27 14:30:00-05:00,230.68,230.99,231.07,230.99,232.76,31.2,22,1d+1h+4h,0.056,True,scratch,-0.0965043031751378
2025-01-27 15:30:00-05:00,229.94,230.44,230.53,230.44,232.3,33.2,24,1d+1h+4h,0.091,True,target,0.7096899093773867
2025-01-28 09:30:00-05:00,237.64,245.34,245.45,245.34,247.66,13.6,10,1d+1h+4h,1.316,False,nofill,0.0
2025-01-28 10:30:00-05:00,239.08,245.34,245.45,245.34,247.63,13.6,10,1d+1h+4h,1.07,False,nofill,0.0
2025-01-28 11:30:00-05:00,238.55,245.34,245.45,245.34,247.62,13.6,10,1d+1h+4h,1.161,False,nofill,0.0
2025-01-28 12:30:00-05:00,238.74,245.34,245.45,245.34,247.53,13.6,10,1d+1h+4h,1.128,False,nofill,0.0
2025-01-28 13:30:00-05:00,238.82,245.34,245.44,245.34,247.41,13.6,10,1d+1h+4h,1.115,False,nofill,0.0
2025-01-28 14:30:00-05:00,238.84,245.34,245.44,245.34,247.35,13.6,10,1d+1h+4h,1.111,False,nofill,0.0
2025-01-28 15:30:00-05:00,238.24,245.34,245.44,245.34,247.3,13.6,10,1d+1h+4h,1.214,False,nofill,0.0
2025-01-29 09:30:00-05:00,236.83,237.49,237.59,237.49,239.63,14.2,11,1h+4h,0.113,True,scratch,-0.10277647637266796
2025-01-29 10:30:00-05:00,236.52,236.85,236.95,236.85,238.95,14.4,10,1d+1h+4h,0.057,True,scratch,-0.10219230015330316
2025-01-29 11:30:00-05:00,236.87,237.49,237.59,237.49,239.52,14.2,11,1h+4h,0.106,True,scratch,-0.1007097497816467
2025-01-29 12:30:00-05:00,237.43,245.34,245.44,245.34,247.38,13.6,10,1d+1h+4h,1.353,False,nofill,0.0
2025-01-29 13:30:00-05:00,236.44,236.85,236.94,236.85,238.84,14.4,10,1d+1h+4h,0.069,True,target,0.740190722039169
2025-01-29 14:30:00-05:00,239.05,245.34,245.44,245.34,247.41,13.6,10,1d+1h+4h,1.076,False,nofill,0.0
2025-01-29 15:30:00-05:00,239.35,245.34,245.44,245.34,247.35,13.6,10,1d+1h+4h,1.025,False,nofill,0.0
2025-01-30 09:30:00-05:00,238.46,242.99,243.09,242.99,245.05,11.6,8,1d+1h+4h,0.796,False,nofill,0.0
2025-01-30 10:30:00-05:00,238.16,242.99,243.08,242.99,245.04,11.6,8,1d+1h+4h,0.849,False,nofill,0.0
2025-01-30 11:30:00-05:00,238.03,242.99,243.08,242.99,244.97,11.6,8,1d+1h+4h,0.872,False,nofill,0.0
2025-01-30 12:30:00-05:00,238.45,242.99,243.08,242.99,244.9,11.6,8,1d+1h+4h,0.798,False,nofill,0.0
2025-01-30 13:30:00-05:00,239.25,242.99,243.08,242.99,244.85,11.6,8,1d+1h+4h,0.657,True,scratch,-0.09649819947163962
2025-01-30 14:30:00-05:00,239.58,242.99,243.07,242.99,244.78,11.6,8,1d+1h+4h,0.599,True,scratch,-0.09512382588681145
2025-01-30 15:30:00-05:00,237.56,242.99,243.08,242.99,244.85,11.6,8,1d+1h+4h,0.955,True,scratch,-0.09645308754760995
2025-01-31 09:30:00-05:00,240.94,245.34,245.46,245.34,247.79,13.6,10,1d+1h+4h,0.703,False,nofill,0.0
2025-01-31 10:30:00-05:00,238.95,245.34,245.46,245.34,247.83,13.6,10,1d+1h+4h,1.022,False,nofill,0.0
2025-01-31 11:30:00-05:00,239.74,245.34,245.46,245.34,247.75,13.6,10,1d+1h+4h,0.896,False,nofill,0.0
2025-01-31 12:30:00-05:00,236.42,236.85,236.97,236.85,239.36,15.4,11,1d+1h+4h,0.068,False,nofill,0.0
2025-01-31 13:30:00-05:00,235.14,236.05,236.17,236.05,238.56,24.2,15,1d+1h+4h,0.146,True,scratch,-0.11049732580928895
2025-01-31 14:30:00-05:00,234.29,236.27,236.39,236.27,238.74,24.2,15,1d+1h+4h,0.317,True,scratch,-0.10962394303816181
2025-01-31 15:30:00-05:00,235.86,236.19,236.31,236.19,238.69,24.2,15,1d+1h+4h,0.053,False,nofill,0.0
2025-02-03 09:30:00-05:00,229.26,229.72,229.86,229.72,232.73,40.8,30,1d+1h+4h,0.07,False,nofill,0.0
2025-02-03 10:30:00-05:00,226.42,227.03,227.18,227.03,230.11,55.8,43,1d+1h+4h,0.093,True,scratch,-0.12441320635884212
2025-02-03 11:30:00-05:00,226.37,227.03,227.17,227.03,229.99,55.8,43,1d+1h+4h,0.101,True,scratch,-0.1220434853249297
2025-02-03 12:30:00-05:00,226.9,227.34,227.47,227.34,230.17,50.2,39,1d+1h+4h,0.067,True,scratch,-0.11929090677431642
2025-02-03 13:30:00-05:00,228.47,229.57,229.7,229.57,232.35,43.6,32,1d+1h+4h,0.168,True,target,1.091629011544093
2025-02-03 14:30:00-05:00,228.55,229.57,229.7,229.57,232.22,43.6,32,1d+1h+4h,0.156,True,target,1.0370600162133758
2025-02-03 15:30:00-05:00,227.98,228.34,228.46,228.34,230.9,50.0,40,1d+1h+4h,0.055,True,target,1.0060699281646546
2025-02-04 09:30:00-05:00,230.37,231.31,231.44,231.31,233.97,36.0,26,1d+1h+4h,0.144,True,scratch,-0.11464265859683076
2025-02-04 10:30:00-05:00,231.05,232.47,232.59,232.47,235.05,33.2,24,1d+1h+4h,0.218,True,scratch,-0.11265517860016283
2025-02-04 11:30:00-05:00,231.78,232.47,232.59,232.47,234.99,33.2,24,1d+1h+4h,0.106,True,scratch,-0.11156349438450341
2025-02-04 12:30:00-05:00,232.22,232.61,232.73,232.61,235.03,33.2,24,1d+1h+4h,0.06,True,scratch,-0.10937009337180781
2025-02-04 13:30:00-05:00,232.14,232.47,232.58,232.47,234.79,33.2,24,1d+1h+4h,0.051,True,scratch,-0.1073744542555155
2025-02-04 14:30:00-05:00,232.31,234.01,234.12,234.01,236.22,33.0,23,1d+1h+4h,0.261,False,nofill,0.0
2025-02-04 15:30:00-05:00,232.79,233.97,234.07,233.97,236.11,33.0,23,1d+1h+4h,0.181,False,nofill,0.0
2025-02-05 09:30:00-05:00,229.5,229.85,229.96,229.85,232.17,40.8,30,1d+1h+4h,0.055,True,scratch,-0.1080048489983998
2025-02-05 10:30:00-05:00,230.09,231.31,231.42,231.31,233.57,36.0,26,1d+1h+4h,0.191,True,scratch,-0.10637007673376386
2025-02-05 11:30:00-05:00,230.69,231.31,231.41,231.31,233.5,36.0,26,1d+1h+4h,0.097,True,scratch,-0.10504688256289807
2025-02-05 12:30:00-05:00,229.91,231.31,231.41,231.31,233.43,36.0,26,1d+1h+4h,0.219,True,scratch,-0.10355607753885776
2025-02-05 13:30:00-05:00,230.65,231.31,231.41,231.31,233.41,36.0,26,1d+1h+4h,0.104,True,scratch,-0.10325094767560383
2025-02-05 14:30:00-05:00,231.8,232.47,232.57,232.47,234.53,34.2,25,1d+1h+4h,0.106,True,scratch,-0.10206251527641319
2025-02-05 15:30:00-05:00,232.46,234.01,234.11,234.01,236.04,34.0,24,1d+1h+4h,0.243,False,nofill,0.0
2025-02-06 09:30:00-05:00,231.54,232.47,232.57,232.47,234.58,34.2,25,1d+1h+4h,0.151,False,nofill,0.0
2025-02-06 10:30:00-05:00,231.52,232.47,232.57,232.47,234.57,34.2,25,1d+1h+4h,0.155,True,scratch,-0.10295950557669409
2025-02-06 11:30:00-05:00,231.33,232.47,232.57,232.47,234.48,34.2,25,1d+1h+4h,0.185,True,scratch,-0.10101848712439354
2025-02-06 12:30:00-05:00,232.19,234.01,234.1,234.01,235.97,34.0,24,1d+1h+4h,0.295,False,nofill,0.0
2025-02-06 13:30:00-05:00,232.87,234.01,234.1,234.01,235.91,34.0,24,1d+1h+4h,0.185,False,nofill,0.0
2025-02-06 14:30:00-05:00,232.28,234.01,234.1,234.01,235.85,34.0,24,1d+1h+4h,0.281,False,nofill,0.0
2025-02-06 15:30:00-05:00,233.22,234.01,234.1,234.01,235.82,34.0,24,1d+1h+4h,0.128,False,nofill,0.0
2025-02-07 09:30:00-05:00,230.39,230.86,230.95,230.86,232.85,35.2,26,1d+1h+4h,0.076,True,scratch,-0.10092000447271543
2025-02-07 10:30:00-05:00,229.06,229.85,229.95,229.85,231.87,41.8,31,1d+1h+4h,0.128,False,nofill,0.0
2025-02-07 11:30:00-05:00,228.4,229.85,229.94,229.85,231.82,41.8,31,1d+1h+4h,0.234,False,nofill,0.0
2025-02-07 12:30:00-05:00,229.3,229.85,229.94,229.85,231.76,41.8,31,1d+1h+4h,0.089,False,nofill,0.0
2025-02-07 13:30:00-05:00,227.88,228.3,228.39,228.3,230.2,50.0,40,1d+1h+4h,0.068,True,scratch,-0.099545796769418
2025-02-07 14:30:00-05:00,228.0,228.34,228.43,228.34,230.16,50.0,40,1d+1h+4h,0.055,True,scratch,-0.09794837917305177
2025-02-07 15:30:00-05:00,227.71,228.3,228.38,228.3,230.06,50.0,40,1d+1h+4h,0.095,True,scratch,-0.09663406900699556
2025-02-10 09:30:00-05:00,229.87,230.82,230.91,230.82,232.67,35.2,26,1d+1h+4h,0.159,False,nofill,0.0
2025-02-10 10:30:00-05:00,229.36,229.72,229.81,229.72,231.52,40.8,30,1d+1h+4h,0.06,False,nofill,0.0
2025-02-10 11:30:00-05:00,228.47,229.72,229.8,229.72,231.48,40.8,30,1d+1h+4h,0.208,False,nofill,0.0
2025-02-10 12:30:00-05:00,228.47,229.74,229.82,229.74,231.41,41.8,31,1d+1h+4h,0.212,False,nofill,0.0
2025-02-10 13:30:00-05:00,228.7,229.72,229.8,229.72,231.32,41.8,31,1d+1h+4h,0.17,True,target,0.6029867037609549
2025-02-10 14:30:00-05:00,227.69,228.48,228.56,228.48,230.06,48.2,39,1d+1h+4h,0.132,True,target,0.5977039797699479
2025-02-10 15:30:00-05:00,227.64,228.48,228.55,228.48,230.0,48.2,39,1d+1h+4h,0.14,True,target,0.5719733085853607
2025-02-11 09:30:00-05:00,233.34,234.0,234.09,234.0,235.85,35.8,25,1d+1h+4h,0.108,True,scratch,-0.09754879640146985
2025-02-11 10:30:00-05:00,234.65,236.05,236.14,236.05,237.91,24.2,15,1d+1h+4h,0.229,False,nofill,0.0
2025-02-11 11:30:00-05:00,234.57,236.05,236.14,236.05,237.89,24.2,15,1d+1h+4h,0.242,False,nofill,0.0
2025-02-11 12:30:00-05:00,233.54,234.0,234.09,234.0,235.81,35.8,25,1d+1h+4h,0.074,True,scratch,-0.0967875118892958
2025-02-11 13:30:00-05:00,233.37,234.0,234.08,234.0,235.76,35.8,25,1d+1h+4h,0.103,False,nofill,0.0
2025-02-11 14:30:00-05:00,233.11,234.0,234.08,234.0,235.71,36.8,26,1d+1h+4h,0.145,True,target,0.63601048526849
2025-02-11 15:30:00-05:00,232.77,234.32,234.4,234.32,235.99,36.8,26,1d+1h+4h,0.254,True,target,0.6198331768324516
2025-02-12 09:30:00-05:00,233.6,234.0,234.09,234.0,235.81,37.8,27,1d+1h+4h,0.065,True,target,0.6748906409003386
2025-02-12 10:30:00-05:00,235.07,236.05,236.14,236.05,237.85,25.2,16,1d+1h+4h,0.16,True,scratch,-0.09616297744040603
2025-02-12 11:30:00-05:00,235.29,236.12,236.2,236.12,237.86,25.2,16,1d+1h+4h,0.136,True,scratch,-0.09497439560592902
2025-02-12 12:30:00-05:00,235.48,236.05,236.13,236.05,237.74,25.2,16,1d+1h+4h,0.093,True,scratch,-0.09404179926721934
2025-02-12 13:30:00-05:00,236.21,245.34,245.42,245.34,246.99,16.6,11,1d+1h+4h,1.492,False,nofill,0.0
2025-02-12 14:30:00-05:00,236.46,245.34,245.42,245.34,246.92,16.6,11,1d+1h+4h,1.45,False,nofill,0.0
2025-02-12 15:30:00-05:00,236.89,245.34,245.42,245.34,246.89,16.6,11,1d+1h+4h,1.381,False,nofill,0.0
2025-02-13 09:30:00-05:00,237.88,245.41,245.49,245.41,247.1,16.6,11,1d+1h+4h,1.221,False,nofill,0.0
2025-02-13 10:30:00-05:00,240.48,245.34,245.43,245.34,247.19,16.6,11,1d+1h+4h,0.789,False,nofill,0.0
2025-02-13 11:30:00-05:00,240.34,245.34,245.43,245.34,247.13,16.6,11,1d+1h+4h,0.811,False,nofill,0.0
2025-02-13 12:30:00-05:00,241.03,245.41,245.49,245.41,247.16,16.6,11,1d+1h+4h,0.71,False,nofill,0.0
2025-02-13 13:30:00-05:00,241.77,245.34,245.42,245.34,247.08,16.6,11,1d+1h+4h,0.579,False,nofill,0.0
2025-02-13 14:30:00-05:00,241.54,245.34,245.42,245.34,247.04,16.6,11,1d+1h+4h,0.616,False,nofill,0.0
2025-02-13 15:30:00-05:00,241.52,245.34,245.42,245.34,246.98,16.6,11,1d+1h+4h,0.62,False,nofill,0.0
2025-02-14 09:30:00-05:00,244.38,245.34,245.43,245.34,247.16,16.6,11,1d+1h+4h,0.159,False,nofill,0.0
2025-02-14 10:30:00-05:00,243.94,245.34,245.43,245.34,247.12,16.6,11,1d+1h+4h,0.231,False,nofill,0.0
2025-02-14 11:30:00-05:00,243.82,245.34,245.42,245.34,247.06,16.6,11,1d+1h+4h,0.252,False,nofill,0.0
2025-02-14 12:30:00-05:00,244.0,245.05,245.13,245.05,246.72,17.6,12,1d+1h+4h,0.174,True,scratch,-0.09236634856831794
2025-02-14 13:30:00-05:00,244.15,245.05,245.13,245.05,246.64,17.6,12,1d+1h+4h,0.149,True,scratch,-0.09092727633289721
2025-02-14 14:30:00-05:00,244.1,245.05,245.12,245.05,246.56,17.6,12,1d+1h+4h,0.157,True,scratch,-0.08938701507044122
2025-02-14 15:30:00-05:00,244.57,245.05,245.12,245.05,246.57,17.6,12,1d+1h+4h,0.079,True,scratch,-0.08947082114310057
2025-02-18 09:30:00-05:00,244.09,245.05,245.13,245.05,246.63,17.6,12,1d+1h+4h,0.164,False,nofill,0.0
2025-02-18 10:30:00-05:00,244.73,245.05,245.12,245.05,246.6,17.6,12,1d+1h+4h,0.055,False,nofill,0.0
2025-02-18 11:30:00-05:00,244.43,245.05,245.12,245.05,246.55,18.6,13,1d+1h+4h,0.106,False,nofill,0.0
2025-02-18 12:30:00-05:00,243.44,245.05,245.12,245.05,246.54,18.6,13,1d+1h+4h,0.276,False,nofill,0.0
2025-02-18 13:30:00-05:00,243.06,245.05,245.12,245.05,246.56,18.6,13,1d+1h+4h,0.341,True,scratch,-0.08922752088220687
2025-02-18 14:30:00-05:00,243.52,245.05,245.12,245.05,246.51,18.6,13,1d+1h+4h,0.261,True,scratch,-0.08838378485189757
2025-02-18 15:30:00-05:00,244.47,245.05,245.12,245.05,246.52,18.6,13,1d+1h+4h,0.099,True,scratch,-0.0884664663021284
2025-02-19 09:30:00-05:00,243.94,245.05,245.12,245.05,246.58,18.6,13,1d+1h+4h,0.197,True,scratch,-0.08966413511354299
2025-02-19 10:30:00-05:00,244.4,245.05,245.12,245.05,246.57,18.6,13,1d+1h+4h,0.116,True,scratch,-0.08948009676963409
2025-02-19 11:30:00-05:00,245.15,246.24,246.31,246.24,247.77,17.2,12,1d+1h+4h,0.193,False,nofill,0.0
2025-02-19 12:30:00-05:00,244.71,245.05,245.12,245.05,246.55,18.6,13,1d+1h+4h,0.06,True,scratch,-0.08913793475913145
2025-02-19 13:30:00-05:00,244.9,246.01,246.08,246.01,247.48,18.2,13,1d+1h+4h,0.197,True,scratch,-0.08835673108964492
2025-02-19 14:30:00-05:00,244.88,246.01,246.08,246.01,247.43,18.2,13,1d+1h+4h,0.2,True,scratch,-0.0873744193624848
2025-02-19 15:30:00-05:00,244.88,246.01,246.07,246.01,247.37,18.2,13,1d+1h+4h,0.2,True,scratch,-0.08622255307900728
2025-02-20 09:30:00-05:00,244.74,245.05,245.12,245.05,246.5,18.6,13,1d+1h+4h,0.056,True,scratch,-0.08806903348098638
2025-02-20 10:30:00-05:00,246.13,247.09,247.17,247.09,248.6,11.4,9,1h+4h,0.178,False,nofill,0.0
2025-02-20 11:30:00-05:00,246.38,247.09,247.17,247.09,248.6,11.4,9,1h+4h,0.132,False,nofill,0.0
2025-02-20 12:30:00-05:00,245.44,246.01,246.08,246.01,247.5,18.2,13,1d+1h+4h,0.104,False,nofill,0.0
2025-02-20 13:30:00-05:00,245.26,246.01,246.08,246.01,247.43,18.2,13,1d+1h+4h,0.14,True,scratch,-0.08751708463656804
2025-02-20 14:30:00-05:00,245.62,246.01,246.08,246.01,247.4,18.2,13,1d+1h+4h,0.072,True,scratch,-0.08685589473146349
2025-02-20 15:30:00-05:00,245.86,246.24,246.3,246.24,247.58,18.2,13,1d+1h+4h,0.07,True,scratch,-0.08584072570817503
2025-02-21 09:30:00-05:00,245.79,246.24,246.31,246.24,247.61,18.2,13,1d+1h+4h,0.085,True,target,0.47009837114029285
2025-02-21 10:30:00-05:00,247.13,247.79,247.86,247.79,249.23,9.6,8,1h+4h,0.125,True,scratch,-0.08765028050266022
2025-02-21 11:30:00-05:00,247.37,247.79,247.85,247.79,249.2,9.6,8,1h+4h,0.079,True,scratch,-0.08711418689021366
2025-02-21 12:30:00-05:00,247.44,247.79,247.86,247.79,249.22,9.6,8,1h+4h,0.066,True,scratch,-0.0874657947050661
2025-02-21 13:30:00-05:00,246.49,246.78,246.85,246.78,248.23,13.2,10,1h+4h,0.055,True,scratch,-0.08798770825396707
2025-02-21 14:30:00-05:00,245.8,246.24,246.31,246.24,247.7,18.2,13,1d+1h+4h,0.083,True,scratch,-0.0881163748796765
2025-02-21 15:30:00-05:00,245.59,246.3,246.37,246.3,247.71,18.2,13,1d+1h+4h,0.135,True,scratch,-0.0872017152908966
2025-02-24 09:30:00-05:00,247.85,251.85,251.93,251.85,253.48,7.8,7,1h+4h,0.768,False,nofill,0.0
2025-02-24 10:30:00-05:00,247.11,247.79,247.87,247.79,249.45,9.6,8,1h+4h,0.13,True,scratch,-0.09181926705904564
2025-02-24 11:30:00-05:00,247.8,251.85,251.93,251.85,253.48,7.8,7,1h+4h,0.778,False,nofill,0.0
2025-02-24 12:30:00-05:00,248.05,251.85,251.93,251.85,253.43,7.8,7,1h+4h,0.729,False,nofill,0.0
2025-02-24 13:30:00-05:00,248.66,249.79,249.86,249.79,251.34,7.8,7,1h+4h,0.217,False,nofill,0.0
2025-02-24 14:30:00-05:00,247.61,251.85,251.92,251.85,253.39,7.8,7,1h+4h,0.814,False,nofill,0.0
2025-02-24 15:30:00-05:00,247.23,247.79,247.86,247.79,249.29,10.6,9,1h+4h,0.107,True,scratch,-0.08888288873371009
2025-02-25 09:30:00-05:00,245.11,246.24,246.32,246.24,247.98,18.2,13,1d+1h+4h,0.217,True,target,0.6136953138617951
2025-02-25 10:30:00-05:00,246.52,247.09,247.18,247.09,248.86,11.4,9,1h+4h,0.11,True,target,0.6200140967939083
2025-02-25 11:30:00-05:00,249.58,251.85,251.94,251.85,253.76,7.8,7,1h+4h,0.437,False,nofill,0.0
2025-02-25 12:30:00-05:00,247.98,251.85,251.94,251.85,253.76,7.8,7,1h+4h,0.744,False,nofill,0.0
2025-02-25 13:30:00-05:00,247.67,251.85,251.94,251.85,253.73,7.8,7,1h+4h,0.804,False,nofill,0.0
2025-02-25 14:30:00-05:00,247.72,251.08,251.17,251.08,252.91,7.8,7,1h+4h,0.646,False,nofill,0.0
2025-02-25 15:30:00-05:00,247.05,247.33,247.42,247.33,249.16,11.4,9,1h+4h,0.054,False,nofill,0.0
2025-02-26 09:30:00-05:00,243.48,245.05,245.15,245.05,247.17,22.4,16,1d+1h+4h,0.291,False,nofill,0.0
2025-02-26 10:30:00-05:00,241.81,245.05,245.15,245.05,247.18,22.4,16,1d+1h+4h,0.601,False,nofill,0.0
2025-02-26 11:30:00-05:00,243.13,245.05,245.15,245.05,247.19,22.4,16,1d+1h+4h,0.356,False,nofill,0.0
2025-02-26 12:30:00-05:00,240.34,245.05,245.16,245.05,247.26,22.4,16,1d+1h+4h,0.874,False,nofill,0.0
2025-02-26 13:30:00-05:00,239.82,245.05,245.15,245.05,247.2,22.4,16,1d+1h+4h,0.97,False,nofill,0.0
2025-02-26 14:30:00-05:00,239.95,245.05,245.15,245.05,247.11,22.4,16,1d+1h+4h,0.946,False,nofill,0.0
2025-02-26 15:30:00-05:00,240.31,245.05,245.14,245.05,247.04,22.4,16,1d+1h+4h,0.88,False,nofill,0.0
2025-02-27 09:30:00-05:00,241.38,245.05,245.15,245.05,247.19,22.4,16,1d+1h+4h,0.682,False,nofill,0.0
2025-02-27 10:30:00-05:00,241.52,245.05,245.15,245.05,247.17,22.4,16,1d+1h+4h,0.655,False,nofill,0.0
2025-02-27 11:30:00-05:00,241.06,245.05,245.15,245.05,247.18,22.4,16,1d+1h+4h,0.741,False,nofill,0.0
2025-02-27 12:30:00-05:00,241.9,245.05,245.15,245.05,247.17,22.4,16,1d+1h+4h,0.585,False,nofill,0.0
2025-02-27 13:30:00-05:00,240.63,245.05,245.15,245.05,247.13,22.4,16,1d+1h+4h,0.82,False,nofill,0.0
2025-02-27 14:30:00-05:00,238.92,245.05,245.15,245.05,247.12,22.4,16,1d+1h+4h,1.138,False,nofill,0.0
2025-02-27 15:30:00-05:00,237.38,245.05,245.15,245.05,247.15,22.4,16,1d+1h+4h,1.424,False,nofill,0.0
2025-02-28 09:30:00-05:00,237.6,245.34,245.45,245.34,247.53,22.4,16,1d+1h+4h,1.325,False,nofill,0.0
2025-02-28 10:30:00-05:00,236.92,245.34,245.44,245.34,247.48,22.4,16,1d+1h+4h,1.44,False,nofill,0.0
2025-02-28 11:30:00-05:00,237.6,245.34,245.44,245.34,247.42,22.4,16,1d+1h+4h,1.323,False,nofill,0.0
2025-02-28 12:30:00-05:00,237.41,245.34,245.44,245.34,247.39,22.4,16,1d+1h+4h,1.357,False,nofill,0.0
2025-02-28 13:30:00-05:00,237.92,244.85,244.95,244.85,246.85,22.4,16,1d+1h+4h,1.185,False,nofill,0.0
2025-02-28 14:30:00-05:00,239.71,245.05,245.15,245.05,247.06,22.4,16,1d+1h+4h,0.913,False,nofill,0.0
2025-02-28 15:30:00-05:00,241.84,244.85,244.95,244.85,246.97,22.4,16,1d+1h+4h,0.515,False,nofill,0.0
2025-03-03 09:30:00-05:00,241.48,244.91,245.02,244.91,247.19,22.4,16,1d+1h+4h,0.572,False,nofill,0.0
2025-03-03 10:30:00-05:00,241.19,244.85,244.96,244.85,247.08,22.4,16,1d+1h+4h,0.611,False,nofill,0.0
2025-03-03 11:30:00-05:00,242.54,245.41,245.51,245.41,247.62,22.4,16,1d+1h+4h,0.479,False,nofill,0.0
2025-03-03 12:30:00-05:00,240.96,245.34,245.45,245.34,247.57,23.4,17,1d+1h+4h,0.731,False,nofill,0.0
2025-03-03 13:30:00-05:00,241.15,244.85,244.95,244.85,247.02,23.4,17,1d+1h+4h,0.617,False,nofill,0.0
2025-03-03 14:30:00-05:00,236.89,245.41,245.52,245.41,247.83,23.4,17,1d+1h+4h,1.422,False,nofill,0.0
2025-03-03 15:30:00-05:00,238.14,244.85,244.97,244.85,247.28,23.4,17,1d+1h+4h,1.12,False,nofill,0.0
2025-03-04 09:30:00-05:00,238.4,244.91,245.03,244.91,247.39,23.4,17,1d+1h+4h,1.095,False,nofill,0.0
2025-03-04 10:30:00-05:00,238.63,245.05,245.17,245.05,247.52,23.4,17,1d+1h+4h,1.08,False,nofill,0.0
2025-03-04 11:30:00-05:00,238.16,244.85,244.97,244.85,247.29,23.4,17,1d+1h+4h,1.124,False,nofill,0.0
2025-03-04 12:30:00-05:00,236.75,245.34,245.46,245.34,247.76,25.2,18,1d+1h+4h,1.445,False,nofill,0.0
2025-03-04 13:30:00-05:00,238.29,244.91,245.02,244.91,247.31,25.2,18,1d+1h+4h,1.114,False,nofill,0.0
2025-03-04 14:30:00-05:00,238.69,244.91,245.02,244.91,247.24,25.2,18,1d+1h+4h,1.046,False,nofill,0.0
2025-03-04 15:30:00-05:00,236.07,245.05,245.17,245.05,247.51,25.2,18,1d+1h+4h,1.51,False,nofill,0.0
2025-03-05 09:30:00-05:00,230.92,234.32,234.45,234.32,237.02,39.6,28,1d+1h+4h,0.563,True,scratch,-0.11481061265269377
2025-03-05 10:30:00-05:00,230.65,234.32,234.45,234.32,237.06,39.6,28,1d+1h+4h,0.608,True,scratch,-0.11555246773929939
2025-03-05 11:30:00-05:00,234.54,234.89,235.03,234.89,237.83,26.4,18,1d+1h+4h,0.057,True,scratch,-0.1196881204599598
2025-03-05 12:30:00-05:00,234.68,234.99,235.13,234.99,237.84,26.4,18,1d+1h+4h,0.051,True,scratch,-0.11773750052483933
2025-03-05 13:30:00-05:00,235.75,236.05,236.18,236.05,238.88,26.2,17,1d+1h+4h,0.05,True,scratch,-0.11707413467126893
2025-03-05 14:30:00-05:00,236.04,245.41,245.54,245.41,248.14,25.2,18,1d+1h+4h,1.551,False,nofill,0.0
2025-03-05 15:30:00-05:00,235.77,236.11,236.24,236.11,238.74,26.2,17,1d+1h+4h,0.057,True,scratch,-0.11301347387978611
2025-03-06 09:30:00-05:00,236.47,245.05,245.18,245.05,247.77,25.2,18,1d+1h+4h,1.444,False,nofill,0.0
2025-03-06 10:30:00-05:00,236.78,245.34,245.47,245.34,247.99,25.2,18,1d+1h+4h,1.441,False,nofill,0.0
2025-03-06 11:30:00-05:00,234.42,234.73,234.86,234.73,237.43,27.4,19,1d+1h+4h,0.053,True,scratch,-0.1147285815573218
2025-03-06 12:30:00-05:00,234.3,234.73,234.85,234.73,237.34,28.4,20,1d+1h+4h,0.073,True,scratch,-0.11290115029513048
2025-03-06 13:30:00-05:00,233.69,234.32,234.44,234.32,236.88,40.6,29,1d+1h+4h,0.106,True,target,0.9784267192696205
2025-03-06 14:30:00-05:00,235.18,236.05,236.17,236.05,238.63,26.2,17,1d+1h+4h,0.146,True,target,0.9781938115216215
2025-03-06 15:30:00-05:00,235.32,236.11,236.23,236.11,238.6,26.2,17,1d+1h+4h,0.133,True,target,0.9433884975994067
2025-03-07 09:30:00-05:00,238.31,244.91,245.04,244.91,247.55,25.2,18,1d+1h+4h,1.102,False,nofill,0.0
2025-03-07 10:30:00-05:00,239.02,245.05,245.18,245.05,247.74,25.2,18,1d+1h+4h,1.007,False,nofill,0.0
2025-03-07 11:30:00-05:00,239.29,245.34,245.47,245.34,247.97,25.2,18,1d+1h+4h,1.011,False,nofill,0.0
2025-03-07 12:30:00-05:00,240.41,245.41,245.54,245.41,248.05,25.2,18,1d+1h+4h,0.834,False,nofill,0.0
2025-03-07 13:30:00-05:00,239.65,245.41,245.53,245.41,248.03,25.2,18,1d+1h+4h,0.962,False,nofill,0.0
2025-03-07 14:30:00-05:00,238.81,245.05,245.17,245.05,247.62,25.2,18,1d+1h+4h,1.042,False,nofill,0.0
2025-03-07 15:30:00-05:00,239.07,245.05,245.17,245.05,247.57,25.2,18,1d+1h+4h,0.999,False,nofill,0.0
2025-03-10 09:30:00-04:00,228.55,229.52,229.67,229.52,232.65,49.4,37,1d+1h+4h,0.147,False,nofill,0.0
2025-03-10 10:30:00-04:00,226.51,227.01,227.17,227.01,230.24,61.4,47,1d+1h+4h,0.076,True,scratch,-0.12757927236473066
2025-03-10 11:30:00-04:00,225.48,227.03,227.18,227.03,230.26,61.4,47,1d+1h+4h,0.234,True,scratch,-0.1275693743181483
2025-03-10 12:30:00-04:00,225.21,227.01,227.16,227.01,230.19,61.4,47,1d+1h+4h,0.273,True,scratch,-0.12646319249578486
2025-03-10 13:30:00-04:00,226.58,227.01,227.16,227.01,230.12,61.4,47,1d+1h+4h,0.065,True,scratch,-0.1250307849099519
2025-03-10 14:30:00-04:00,226.98,228.29,228.44,228.29,231.41,57.6,46,1d+1h+4h,0.199,True,scratch,-0.12488099713228173
2025-03-10 15:30:00-04:00,227.54,228.29,228.44,228.29,231.34,57.6,46,1d+1h+4h,0.113,False,nofill,0.0
2025-03-11 09:30:00-04:00,222.52,227.03,227.19,227.03,230.43,61.4,47,1d+1h+4h,0.658,False,nofill,0.0
2025-03-11 10:30:00-04:00,221.0,226.98,227.14,226.98,230.31,61.4,47,1d+1h+4h,0.872,False,nofill,0.0
2025-03-11 11:30:00-04:00,218.55,227.01,227.17,227.01,230.35,62.4,48,1d+1h+4h,1.235,False,nofill,0.0
2025-03-11 12:30:00-04:00,217.76,227.03,227.19,227.03,230.31,62.4,48,1d+1h+4h,1.353,False,nofill,0.0
2025-03-11 13:30:00-04:00,220.54,227.03,227.19,227.03,230.33,62.4,48,1d+1h+4h,0.946,False,nofill,0.0
2025-03-11 14:30:00-04:00,221.82,227.01,227.17,227.01,230.31,62.4,48,1d+1h+4h,0.758,False,nofill,0.0
2025-03-11 15:30:00-04:00,220.73,227.01,227.16,227.01,230.19,62.4,48,1d+1h+4h,0.917,False,nofill,0.0
2025-03-12 09:30:00-04:00,218.95,226.98,227.13,226.98,230.15,62.4,48,1d+1h+4h,1.172,False,nofill,0.0
2025-03-12 10:30:00-04:00,216.44,226.98,227.14,226.98,230.26,62.4,48,1d+1h+4h,1.538,False,nofill,0.0
2025-03-12 11:30:00-04:00,218.36,227.03,227.18,227.03,230.24,62.4,48,1d+1h+4h,1.266,False,nofill,0.0
2025-03-12 12:30:00-04:00,218.19,227.03,227.18,227.03,230.14,62.4,48,1d+1h+4h,1.291,False,nofill,0.0
2025-03-12 13:30:00-04:00,216.11,226.98,227.13,226.98,230.04,62.4,48,1d+1h+4h,1.587,False,nofill,0.0
2025-03-12 14:30:00-04:00,215.64,227.01,227.16,227.01,230.01,62.4,48,1d+1h+4h,1.66,False,nofill,0.0
2025-03-12 15:30:00-04:00,216.94,226.98,227.12,226.98,229.91,62.4,48,1d+1h+4h,1.466,False,nofill,0.0
2025-03-13 09:30:00-04:00,214.28,227.01,227.15,227.01,229.94,62.4,48,1d+1h+4h,1.827,False,nofill,0.0
2025-03-13 10:30:00-04:00,214.04,226.98,227.11,226.98,229.79,62.4,48,1d+1h+4h,1.857,False,nofill,0.0
2025-03-13 11:30:00-04:00,211.94,225.48,225.61,225.48,228.29,61.6,46,1d+1h+4h,1.943,False,nofill,0.0
2025-03-13 12:30:00-04:00,211.16,224.47,224.6,224.47,227.25,56.8,42,1d+1h+4h,1.911,False,nofill,0.0
2025-03-13 13:30:00-04:00,212.29,225.48,225.61,225.48,228.21,61.6,46,1d+1h+4h,1.893,False,nofill,0.0
2025-03-13 14:30:00-04:00,210.63,224.47,224.6,224.47,227.16,56.8,42,1d+1h+4h,1.986,False,nofill,0.0
2025-03-13 15:30:00-04:00,209.71,223.04,223.17,223.04,225.71,53.0,35,1d+1h+4h,1.913,False,nofill,0.0
2025-03-14 09:30:00-04:00,210.38,222.68,222.81,222.68,225.45,53.0,35,1d+1h+4h,1.814,False,nofill,0.0
2025-03-14 10:30:00-04:00,211.93,225.48,225.61,225.48,228.23,57.8,43,1d+1h+4h,1.998,False,nofill,0.0
2025-03-14 11:30:00-04:00,212.23,225.55,225.68,225.55,228.26,59.6,44,1d+1h+4h,1.964,False,nofill,0.0
2025-03-14 12:30:00-04:00,212.32,225.55,225.67,225.55,228.17,59.6,44,1d+1h+4h,1.952,False,nofill,0.0
2025-03-14 13:30:00-04:00,211.24,224.34,224.46,224.34,226.92,56.8,42,1d+1h+4h,1.931,False,nofill,0.0
2025-03-14 14:30:00-04:00,212.91,225.55,225.67,225.55,228.11,59.6,44,1d+1h+4h,1.865,False,nofill,0.0
2025-03-14 15:30:00-04:00,213.38,226.93,227.05,226.93,229.39,59.6,46,1d+1h+4h,1.998,False,nofill,0.0
2025-03-17 09:30:00-04:00,213.22,225.55,225.67,225.55,228.05,59.6,44,1d+1h+4h,1.848,False,nofill,0.0
2025-03-17 10:30:00-04:00,210.75,222.76,222.88,222.76,225.29,53.0,35,1d+1h+4h,1.8,False,nofill,0.0
2025-03-17 11:30:00-04:00,211.2,224.34,224.46,224.34,226.82,56.8,42,1d+1h+4h,1.97,False,nofill,0.0
2025-03-17 12:30:00-04:00,212.33,225.55,225.66,225.55,227.95,59.6,44,1d+1h+4h,1.982,False,nofill,0.0
2025-03-17 13:30:00-04:00,214.46,227.01,227.13,227.01,229.43,62.4,48,1d+1h+4h,1.883,False,nofill,0.0
2025-03-17 14:30:00-04:00,214.68,227.01,227.12,227.01,229.31,62.4,48,1d+1h+4h,1.848,False,nofill,0.0
2025-03-17 15:30:00-04:00,214.19,227.03,227.14,227.03,229.28,62.4,48,1d+1h+4h,1.925,False,nofill,0.0
2025-03-18 09:30:00-04:00,214.55,226.93,227.04,226.93,229.18,59.6,46,1d+1h+4h,1.918,False,nofill,0.0
2025-03-18 10:30:00-04:00,213.33,225.6,225.71,225.6,227.86,57.8,43,1d+1h+4h,1.902,False,nofill,0.0
2025-03-18 11:30:00-04:00,213.72,225.6,225.7,225.6,227.77,57.8,43,1d+1h+4h,1.841,False,nofill,0.0
2025-03-18 12:30:00-04:00,212.28,224.61,224.71,224.61,226.8,55.8,41,1d+1h+4h,1.91,False,nofill,0.0
2025-03-18 13:30:00-04:00,212.0,224.61,224.71,224.61,226.7,55.8,41,1d+1h+4h,1.955,False,nofill,0.0
2025-03-18 14:30:00-04:00,212.34,224.61,224.71,224.61,226.61,55.8,41,1d+1h+4h,1.901,False,nofill,0.0
2025-03-18 15:30:00-04:00,212.79,225.63,225.72,225.63,227.56,57.8,43,1d+1h+4h,1.99,False,nofill,0.0
2025-03-19 09:30:00-04:00,217.14,226.93,227.04,226.93,229.17,59.6,46,1d+1h+4h,1.523,False,nofill,0.0
2025-03-19 10:30:00-04:00,215.67,226.98,227.09,226.98,229.23,59.6,46,1d+1h+4h,1.761,False,nofill,0.0
2025-03-19 11:30:00-04:00,215.3,226.93,227.04,226.93,229.14,59.6,46,1d+1h+4h,1.811,False,nofill,0.0
2025-03-19 12:30:00-04:00,214.38,227.03,227.13,227.03,229.16,59.6,46,1d+1h+4h,1.97,False,nofill,0.0
2025-03-19 13:30:00-04:00,214.27,227.03,227.13,227.03,229.1,59.6,46,1d+1h+4h,1.987,False,nofill,0.0
2025-03-19 14:30:00-04:00,215.51,227.03,227.13,227.03,229.17,59.6,46,1d+1h+4h,1.794,False,nofill,0.0
2025-03-19 15:30:00-04:00,215.3,226.93,227.03,226.93,229.0,59.6,46,1d+1h+4h,1.811,False,nofill,0.0
2025-03-20 09:30:00-04:00,216.99,226.93,227.04,226.93,229.2,59.6,46,1d+1h+4h,1.568,False,nofill,0.0
2025-03-20 10:30:00-04:00,216.05,227.01,227.12,227.01,229.23,59.6,46,1d+1h+4h,1.73,False,nofill,0.0
2025-03-20 11:30:00-04:00,214.14,226.8,226.91,226.8,229.04,57.6,44,1d+1h+4h,1.997,False,nofill,0.0
2025-03-20 12:30:00-04:00,213.23,224.45,224.56,224.45,226.65,55.8,41,1d+1h+4h,1.77,False,nofill,0.0
2025-03-20 13:30:00-04:00,212.76,224.61,224.71,224.61,226.74,55.8,41,1d+1h+4h,1.87,False,nofill,0.0
2025-03-20 14:30:00-04:00,212.68,224.61,224.71,224.61,226.67,55.8,41,1d+1h+4h,1.882,False,nofill,0.0
2025-03-20 15:30:00-04:00,214.15,226.8,226.9,226.8,228.87,57.6,44,1d+1h+4h,1.996,False,nofill,0.0
2025-03-21 09:30:00-04:00,213.74,225.63,225.73,225.63,227.78,57.8,43,1d+1h+4h,1.851,False,nofill,0.0
2025-03-21 10:30:00-04:00,213.44,225.63,225.73,225.63,227.74,57.8,43,1d+1h+4h,1.898,False,nofill,0.0
2025-03-21 11:30:00-04:00,214.66,227.03,227.13,227.03,229.2,59.6,46,1d+1h+4h,1.927,False,nofill,0.0
2025-03-21 12:30:00-04:00,214.62,226.93,227.03,226.93,229.02,59.6,46,1d+1h+4h,1.917,False,nofill,0.0
2025-03-21 13:30:00-04:00,214.67,227.03,227.13,227.03,229.03,59.6,46,1d+1h+4h,1.925,False,nofill,0.0
2025-03-21 14:30:00-04:00,215.31,226.93,227.02,226.93,228.84,59.6,46,1d+1h+4h,1.809,False,nofill,0.0
2025-03-21 15:30:00-04:00,218.36,226.93,227.03,226.93,228.99,59.6,46,1d+1h+4h,1.334,False,nofill,0.0
2025-03-24 09:30:00-04:00,219.77,226.98,227.08,226.98,229.09,59.6,46,1d+1h+4h,1.165,False,nofill,0.0
2025-03-24 10:30:00-04:00,219.16,226.98,227.08,226.98,229.07,59.6,46,1d+1h+4h,1.263,False,nofill,0.0
2025-03-24 11:30:00-04:00,219.0,226.98,227.08,226.98,229.0,59.6,46,1d+1h+4h,1.289,False,nofill,0.0
2025-03-24 12:30:00-04:00,219.29,226.98,227.07,226.98,228.9,59.6,46,1d+1h+4h,1.242,False,nofill,0.0
2025-03-24 13:30:00-04:00,219.76,226.98,227.07,226.98,228.82,59.6,46,1d+1h+4h,1.166,False,nofill,0.0
2025-03-24 14:30:00-04:00,219.77,226.98,227.07,226.98,228.77,59.6,46,1d+1h+4h,1.165,False,nofill,0.0
2025-03-24 15:30:00-04:00,220.43,226.98,227.06,226.98,228.74,59.6,46,1d+1h+4h,1.058,False,nofill,0.0
2025-03-25 09:30:00-04:00,223.37,226.98,227.07,226.98,228.86,57.6,44,1d+1h+4h,0.598,False,nofill,0.0
2025-03-25 10:30:00-04:00,223.53,226.93,227.02,226.93,228.8,57.6,44,1d+1h+4h,0.563,False,nofill,0.0
2025-03-25 11:30:00-04:00,223.11,226.98,227.07,226.98,228.77,57.6,44,1d+1h+4h,0.641,False,nofill,0.0
2025-03-25 12:30:00-04:00,222.81,226.98,227.07,226.98,228.86,57.6,44,1d+1h+4h,0.691,False,nofill,0.0
2025-03-25 13:30:00-04:00,223.49,226.93,227.02,226.93,228.77,57.6,44,1d+1h+4h,0.57,False,nofill,0.0
2025-03-25 14:30:00-04:00,223.42,226.98,227.06,226.98,228.76,57.6,44,1d+1h+4h,0.59,False,nofill,0.0
2025-03-25 15:30:00-04:00,223.73,226.98,227.06,226.98,228.7,57.6,44,1d+1h+4h,0.539,False,nofill,0.0
2025-03-26 09:30:00-04:00,224.07,226.93,227.01,226.93,228.69,56.6,43,1d+1h+4h,0.482,False,nofill,0.0
2025-03-26 10:30:00-04:00,223.72,226.93,227.01,226.93,228.65,56.6,43,1d+1h+4h,0.542,False,nofill,0.0
2025-03-26 11:30:00-04:00,223.68,226.93,227.01,226.93,228.66,56.6,43,1d+1h+4h,0.549,False,nofill,0.0
2025-03-26 12:30:00-04:00,222.08,226.93,227.01,226.93,228.7,56.6,43,1d+1h+4h,0.818,False,nofill,0.0
2025-03-26 13:30:00-04:00,221.84,226.93,227.01,226.93,228.64,56.6,43,1d+1h+4h,0.86,False,nofill,0.0
2025-03-26 14:30:00-04:00,220.6,226.93,227.01,226.93,228.61,56.6,43,1d+1h+4h,1.068,False,nofill,0.0
2025-03-26 15:30:00-04:00,221.4,226.93,227.01,226.93,228.6,56.6,43,1d+1h+4h,0.933,False,nofill,0.0
2025-03-27 09:30:00-04:00,221.65,226.93,227.01,226.93,228.59,56.6,43,1d+1h+4h,0.908,False,nofill,0.0
2025-03-27 10:30:00-04:00,222.8,226.93,227.01,226.93,228.61,56.6,43,1d+1h+4h,0.71,False,nofill,0.0
2025-03-27 11:30:00-04:00,223.2,226.93,227.01,226.93,228.58,56.6,43,1d+1h+4h,0.642,False,nofill,0.0
2025-03-27 12:30:00-04:00,223.1,226.93,227.01,226.93,228.56,56.6,43,1d+1h+4h,0.657,False,nofill,0.0
2025-03-27 13:30:00-04:00,224.37,226.93,227.01,226.93,228.55,56.6,43,1d+1h+4h,0.44,False,nofill,0.0
2025-03-27 14:30:00-04:00,224.79,226.93,227.01,226.93,228.52,56.6,43,1d+1h+4h,0.368,False,nofill,0.0
2025-03-27 15:30:00-04:00,223.93,224.45,224.53,224.45,226.02,57.6,42,1d+1h+4h,0.089,False,nofill,0.0
2025-03-28 09:30:00-04:00,219.91,224.47,224.55,224.47,226.25,57.6,42,1d+1h+4h,0.781,False,nofill,0.0
2025-03-28 10:30:00-04:00,219.98,224.47,224.55,224.47,226.23,57.6,42,1d+1h+4h,0.769,False,nofill,0.0
2025-03-28 11:30:00-04:00,218.69,224.45,224.53,224.45,226.22,57.6,42,1d+1h+4h,0.986,False,nofill,0.0
2025-03-28 12:30:00-04:00,218.49,224.47,224.55,224.47,226.19,57.6,42,1d+1h+4h,1.024,False,nofill,0.0
2025-03-28 13:30:00-04:00,219.05,224.45,224.53,224.45,226.12,57.6,42,1d+1h+4h,0.925,False,nofill,0.0
2025-03-28 14:30:00-04:00,218.51,224.47,224.55,224.47,226.1,57.6,42,1d+1h+4h,1.021,False,nofill,0.0
2025-03-28 15:30:00-04:00,217.88,224.45,224.53,224.45,226.04,57.6,42,1d+1h+4h,1.125,False,nofill,0.0
2025-03-31 09:30:00-04:00,218.57,224.45,224.53,224.45,226.16,58.6,43,1d+1h+4h,0.966,False,nofill,0.0
2025-03-31 10:30:00-04:00,219.13,224.45,224.53,224.45,226.16,58.6,43,1d+1h+4h,0.874,False,nofill,0.0
2025-03-31 11:30:00-04:00,220.92,226.98,227.06,226.98,228.72,58.6,45,1d+1h+4h,0.995,False,nofill,0.0
2025-03-31 12:30:00-04:00,219.87,224.45,224.53,224.45,226.19,58.6,43,1d+1h+4h,0.752,True,scratch,-0.09686198330065565
2025-03-31 13:30:00-04:00,220.8,226.98,227.06,226.98,228.72,58.6,45,1d+1h+4h,1.016,False,nofill,0.0
2025-03-31 14:30:00-04:00,221.22,224.45,224.53,224.45,226.17,58.6,43,1d+1h+4h,0.53,True,scratch,-0.09633813812763847
2025-03-31 15:30:00-04:00,222.0,224.47,224.56,224.47,226.36,58.6,43,1d+1h+4h,0.406,False,nofill,0.0
2025-04-01 09:30:00-04:00,221.52,224.47,224.57,224.47,226.56,58.6,43,1d+1h+4h,0.492,False,nofill,0.0
2025-04-01 10:30:00-04:00,222.88,224.47,224.57,224.47,226.57,58.6,43,1d+1h+4h,0.265,False,nofill,0.0
2025-04-01 11:30:00-04:00,222.53,224.47,224.57,224.47,226.49,59.6,44,1d+1h+4h,0.324,False,nofill,0.0
2025-04-01 12:30:00-04:00,222.34,224.47,224.56,224.47,226.42,59.6,44,1d+1h+4h,0.356,False,nofill,0.0
2025-04-01 13:30:00-04:00,221.5,224.47,224.56,224.47,226.38,59.6,44,1d+1h+4h,0.496,False,nofill,0.0
2025-04-01 14:30:00-04:00,221.73,224.47,224.56,224.47,226.31,59.6,44,1d+1h+4h,0.457,True,scratch,-0.09902632302909442
2025-04-01 15:30:00-04:00,223.14,224.47,224.56,224.47,226.32,59.6,44,1d+1h+4h,0.222,True,scratch,-0.09928912955683433
2025-04-02 09:30:00-04:00,224.04,224.47,224.56,224.47,226.42,58.6,43,1d+1h+4h,0.073,True,scratch,-0.1013420208287985
2025-04-02 10:30:00-04:00,224.48,226.93,227.02,226.93,228.84,56.6,43,1d+1h+4h,0.418,False,nofill,0.0
2025-04-02 11:30:00-04:00,224.13,224.45,224.54,224.45,226.33,58.6,43,1d+1h+4h,0.055,True,scratch,-0.0998843885026135
2025-04-02 12:30:00-04:00,224.72,226.93,227.02,226.93,228.83,56.6,43,1d+1h+4h,0.377,False,nofill,0.0
2025-04-02 13:30:00-04:00,222.93,224.47,224.56,224.47,226.37,58.6,43,1d+1h+4h,0.263,False,nofill,0.0
2025-04-02 14:30:00-04:00,223.66,224.45,224.54,224.45,226.3,58.6,43,1d+1h+4h,0.135,False,nofill,0.0
2025-04-02 15:30:00-04:00,223.79,224.45,224.54,224.45,226.24,58.6,43,1d+1h+4h,0.113,False,nofill,0.0
2025-04-03 09:30:00-04:00,205.64,218.76,218.92,218.76,222.02,45.8,31,1d+1h+4h,1.862,False,nofill,0.0
2025-04-03 10:30:00-04:00,204.05,217.97,218.12,217.97,221.22,40.6,27,1d+1h+4h,1.974,False,nofill,0.0
2025-04-03 11:30:00-04:00,206.06,218.76,218.92,218.76,222.03,45.8,31,1d+1h+4h,1.801,False,nofill,0.0
2025-04-03 12:30:00-04:00,204.0,217.97,218.12,217.97,221.19,40.6,27,1d+1h+4h,1.981,False,nofill,0.0
2025-04-03 13:30:00-04:00,203.0,216.48,216.63,216.48,219.61,35.2,24,1d+1h+4h,1.912,False,nofill,0.0
2025-04-03 14:30:00-04:00,202.2,216.24,216.38,216.24,219.25,34.0,24,1d+1h+4h,1.991,False,nofill,0.0
2025-04-03 15:30:00-04:00,203.47,216.48,216.62,216.48,219.47,35.2,24,1d+1h+4h,1.845,False,nofill,0.0
2025-04-04 09:30:00-04:00,195.28,195.75,195.92,195.75,199.33,38.8,24,1d+1h+4h,0.061,True,scratch,-0.14689060401734677
2025-04-04 10:30:00-04:00,194.49,195.32,195.5,195.32,199.09,39.8,25,1d+1h+4h,0.108,True,scratch,-0.15177397438583817
2025-04-04 11:30:00-04:00,192.81,193.46,193.64,193.46,197.24,47.6,32,1d+1h+4h,0.085,True,scratch,-0.15293007636497657
2025-04-04 12:30:00-04:00,190.99,192.25,192.43,192.25,195.99,58.0,38,1d+1h+4h,0.164,True,scratch,-0.15254186920733437
2025-04-04 13:30:00-04:00,188.88,190.34,190.51,190.34,194.09,61.0,37,1d+1h+4h,0.19,True,scratch,-0.15379748873021182
2025-04-04 14:30:00-04:00,190.23,190.65,190.83,190.65,194.4,58.0,36,1d+1h+4h,0.055,True,scratch,-0.15354390966111353
2025-04-04 15:30:00-04:00,188.38,190.34,190.51,190.34,194.09,61.0,37,1d+1h+4h,0.255,True,scratch,-0.15387986806727483
2025-04-07 09:30:00-04:00,182.4,189.1,189.34,189.1,194.05,66.6,41,1d+1h+4h,0.787,False,nofill,0.0
2025-04-07 10:30:00-04:00,176.36,178.42,178.68,178.42,183.79,69.4,37,1d+1h+4h,0.242,True,scratch,-0.20297345087781915
2025-04-07 11:30:00-04:00,178.14,189.11,189.37,189.11,194.43,66.6,41,1d+1h+4h,1.29,False,nofill,0.0
2025-04-07 12:30:00-04:00,181.54,189.11,189.37,189.11,194.4,66.6,41,1d+1h+4h,0.89,False,nofill,0.0
2025-04-07 13:30:00-04:00,180.34,189.11,189.36,189.11,194.35,66.6,41,1d+1h+4h,1.032,True,scratch,-0.1915351859894665
2025-04-07 14:30:00-04:00,178.42,189.1,189.35,189.1,194.26,66.6,41,1d+1h+4h,1.255,True,scratch,-0.1897278061614549
2025-04-07 15:30:00-04:00,181.59,189.11,189.36,189.11,194.18,66.6,41,1d+1h+4h,0.884,True,scratch,-0.18719985559857433
2025-04-08 09:30:00-04:00,189.33,192.11,192.37,192.11,197.47,72.4,46,1d+1h+4h,0.296,False,nofill,0.0
2025-04-08 10:30:00-04:00,184.09,192.11,192.37,192.11,197.52,72.4,46,1d+1h+4h,0.853,False,nofill,0.0
2025-04-08 11:30:00-04:00,183.33,192.09,192.34,192.09,197.36,72.4,46,1d+1h+4h,0.932,False,nofill,0.0
2025-04-08 12:30:00-04:00,175.03,192.11,192.37,192.11,197.64,72.4,46,1d+1h+4h,1.817,False,nofill,0.0
2025-04-08 13:30:00-04:00,175.33,178.0,178.26,178.0,183.42,72.4,38,1d+1h+4h,0.284,True,scratch,-0.20467626060918231
2025-04-08 14:30:00-04:00,172.89,173.47,173.73,173.47,178.92,72.8,38,1d+1h+4h,0.062,True,target,2.9273441339298767
2025-04-08 15:30:00-04:00,172.77,173.35,173.61,173.35,178.73,72.8,38,1d+1h+4h,0.062,True,target,2.889866754992232
2025-04-09 09:30:00-04:00,178.41,189.5,189.76,189.5,195.06,79.2,50,1d+1h+4h,1.03,True,scratch,-0.19944044995260368
2025-04-09 10:30:00-04:00,179.76,189.5,189.76,189.5,194.92,79.2,50,1d+1h+4h,0.905,True,scratch,-0.19580390574952533
2025-04-09 11:30:00-04:00,179.59,189.5,189.75,189.5,194.78,79.2,50,1d+1h+4h,0.92,True,scratch,-0.19235173576181985
2025-04-09 12:30:00-04:00,188.52,189.5,189.79,189.5,195.54,79.2,50,1d+1h+4h,0.091,True,scratch,-0.21155335313586265
2025-04-09 13:30:00-04:00,190.8,191.72,192.01,191.72,197.84,75.4,47,1d+1h+4h,0.086,True,target,2.9728769829608037
2025-04-09 14:30:00-04:00,196.06,217.51,217.83,217.51,224.32,55.2,36,1d+1h+4h,1.992,False,nofill,0.0
2025-04-09 15:30:00-04:00,198.85,219.82,220.14,219.82,226.5,67.0,43,1d+1h+4h,1.947,False,nofill,0.0
2025-04-10 09:30:00-04:00,192.14,192.82,193.15,192.82,199.76,68.8,44,1d+1h+4h,0.061,True,scratch,-0.231020400562032
2025-04-10 10:30:00-04:00,188.86,189.5,189.82,189.5,196.31,79.2,50,1d+1h+4h,0.058,True,scratch,-0.23076481286282702
2025-04-10 11:30:00-04:00,184.27,189.4,189.72,189.4,196.19,81.0,51,1d+1h+4h,0.461,True,scratch,-0.23037095792064477
2025-04-10 12:30:00-04:00,188.01,189.4,189.72,189.4,196.14,81.0,51,1d+1h+4h,0.125,True,scratch,-0.22897318542733913
2025-04-10 13:30:00-04:00,191.76,192.57,192.89,192.57,199.28,73.4,47,1d+1h+4h,0.073,True,scratch,-0.22542731402553917
2025-04-10 14:30:00-04:00,189.98,191.72,192.04,191.72,198.24,77.4,49,1d+1h+4h,0.156,True,scratch,-0.22131898916640802
2025-04-10 15:30:00-04:00,190.44,191.72,192.03,191.72,198.12,77.4,49,1d+1h+4h,0.115,True,scratch,-0.21835876702513968
2025-04-11 09:30:00-04:00,189.93,191.56,191.87,191.56,198.03,78.6,49,1d+1h+4h,0.144,True,target,3.151277915358852
2025-04-11 10:30:00-04:00,193.32,194.4,194.7,194.4,200.75,59.8,39,1d+1h+4h,0.096,True,target,3.045683006732869
2025-04-11 11:30:00-04:00,195.8,217.51,217.81,217.51,223.77,56.2,37,1d+1h+4h,1.923,False,nofill,0.0
2025-04-11 12:30:00-04:00,196.83,219.38,219.67,219.38,225.46,68.0,44,1d+1h+4h,1.998,False,nofill,0.0
2025-04-11 13:30:00-04:00,197.58,219.82,220.1,219.82,225.73,69.0,45,1d+1h+4h,1.97,False,nofill,0.0
2025-04-11 14:30:00-04:00,198.34,220.28,220.55,220.28,225.88,72.6,47,1d+1h+4h,1.943,False,nofill,0.0
2025-04-11 15:30:00-04:00,198.02,220.28,220.53,220.28,225.59,72.6,47,1d+1h+4h,1.972,False,nofill,0.0
2025-04-14 09:30:00-04:00,204.75,224.89,225.18,224.89,230.94,93.6,64,1d+1h+4h,1.746,False,nofill,0.0
2025-04-14 10:30:00-04:00,203.6,224.89,225.17,224.89,230.72,93.6,64,1d+1h+4h,1.846,False,nofill,0.0
2025-04-14 11:30:00-04:00,201.75,224.34,224.61,224.34,229.99,92.6,63,1d+1h+4h,1.959,False,nofill,0.0
2025-04-14 12:30:00-04:00,203.86,224.89,225.15,224.89,230.39,93.6,64,1d+1h+4h,1.823,False,nofill,0.0
2025-04-14 13:30:00-04:00,205.79,224.89,225.14,224.89,230.18,93.6,64,1d+1h+4h,1.656,False,nofill,0.0
2025-04-14 14:30:00-04:00,205.71,224.89,225.13,224.89,229.9,93.6,64,1d+1h+4h,1.663,False,nofill,0.0
2025-04-14 15:30:00-04:00,202.59,224.89,225.12,224.89,229.81,93.6,64,1d+1h+4h,1.934,False,nofill,0.0
2025-04-15 09:30:00-04:00,200.8,221.5,221.73,221.5,226.34,81.2,54,1d+1h+4h,1.887,False,nofill,0.0
2025-04-15 10:30:00-04:00,202.12,224.03,224.25,224.03,228.71,87.6,60,1d+1h+4h,1.997,False,nofill,0.0
2025-04-15 11:30:00-04:00,203.04,224.61,224.82,224.61,229.06,89.8,61,1d+1h+4h,1.966,False,nofill,0.0
2025-04-15 12:30:00-04:00,201.6,223.47,223.67,223.47,227.76,84.6,57,1d+1h+4h,1.993,False,nofill,0.0
2025-04-15 13:30:00-04:00,201.76,223.47,223.66,223.47,227.57,84.6,57,1d+1h+4h,1.978,False,nofill,0.0
2025-04-15 14:30:00-04:00,202.8,224.61,224.8,224.61,228.54,89.8,61,1d+1h+4h,1.988,False,nofill,0.0
2025-04-15 15:30:00-04:00,202.13,224.03,224.21,224.03,227.75,87.6,60,1d+1h+4h,1.996,False,nofill,0.0
2025-04-16 09:30:00-04:00,197.07,218.76,218.95,218.76,222.68,59.0,41,1d+1h+4h,1.993,False,nofill,0.0
2025-04-16 10:30:00-04:00,198.35,219.82,220.0,219.82,223.62,67.0,43,1d+1h+4h,1.973,False,nofill,0.0
2025-04-16 11:30:00-04:00,196.91,217.51,217.69,217.51,221.19,55.2,36,1d+1h+4h,1.893,False,nofill,0.0
2025-04-16 12:30:00-04:00,197.76,219.51,219.68,219.51,223.02,66.2,43,1d+1h+4h,1.999,False,nofill,0.0
2025-04-16 13:30:00-04:00,194.56,195.21,195.38,195.21,198.76,53.2,36,1d+1h+4h,0.06,True,scratch,-0.1465139037444385
2025-04-16 14:30:00-04:00,192.57,193.67,193.84,193.67,197.14,68.4,46,1d+1h+4h,0.101,True,target,1.6435753685454468
2025-04-16 15:30:00-04:00,194.3,194.99,195.15,194.99,198.38,53.2,36,1d+1h+4h,0.063,True,scratch,-0.1427369843903903
2025-04-17 09:30:00-04:00,195.64,216.48,216.64,216.48,219.85,46.4,32,1d+1h+4h,1.998,False,nofill,0.0
2025-04-17 10:30:00-04:00,196.04,216.48,216.64,216.48,219.81,46.4,32,1d+1h+4h,1.96,False,nofill,0.0
2025-04-17 11:30:00-04:00,197.8,218.12,218.28,218.12,221.37,52.2,35,1d+1h+4h,1.948,False,nofill,0.0
2025-04-17 12:30:00-04:00,196.7,217.13,217.28,217.13,220.29,52.2,35,1d+1h+4h,1.959,False,nofill,0.0
2025-04-17 13:30:00-04:00,198.28,219.03,219.18,219.03,222.12,58.0,40,1d+1h+4h,1.99,False,nofill,0.0
2025-04-17 14:30:00-04:00,197.24,217.97,218.11,217.97,220.97,52.2,35,1d+1h+4h,1.988,False,nofill,0.0
2025-04-17 15:30:00-04:00,196.87,217.13,217.27,217.13,220.06,52.2,35,1d+1h+4h,1.943,False,nofill,0.0
2025-04-21 09:30:00-04:00,192.12,192.82,192.97,192.82,195.96,69.8,45,1d+1h+4h,0.069,False,nofill,0.0
2025-04-21 10:30:00-04:00,190.74,192.15,192.3,192.15,195.2,73.4,47,1d+1h+4h,0.139,False,nofill,0.0
2025-04-21 11:30:00-04:00,191.13,191.91,192.05,191.91,194.85,73.4,47,1d+1h+4h,0.076,False,nofill,0.0
2025-04-21 12:30:00-04:00,190.61,192.09,192.23,192.09,194.95,73.4,47,1d+1h+4h,0.145,True,target,1.3553572678883796
2025-04-21 13:30:00-04:00,190.82,192.15,192.28,192.15,194.86,73.4,47,1d+1h+4h,0.13,True,target,1.2821152354959064
2025-04-21 14:30:00-04:00,191.1,191.91,192.03,191.91,194.51,74.4,48,1d+1h+4h,0.078,True,target,1.2317394796234726
2025-04-21 15:30:00-04:00,193.09,193.67,193.79,193.67,196.27,58.2,39,1d+1h+4h,0.057,True,target,1.215853117646759
2025-04-22 09:30:00-04:00,198.02,218.12,218.26,218.12,220.97,52.2,35,1d+1h+4h,1.998,False,nofill,0.0
2025-04-22 10:30:00-04:00,198.83,218.94,219.08,218.94,221.72,55.2,38,1d+1h+4h,1.999,False,nofill,0.0
2025-04-22 11:30:00-04:00,201.38,221.41,221.55,221.41,224.26,67.8,47,1d+1h+4h,1.991,False,nofill,0.0
2025-04-22 12:30:00-04:00,198.54,218.12,218.26,218.12,221.01,52.2,35,1d+1h+4h,1.946,False,nofill,0.0
2025-04-22 13:30:00-04:00,199.89,219.82,219.95,219.82,222.65,63.2,40,1d+1h+4h,1.98,False,nofill,0.0
2025-04-22 14:30:00-04:00,198.62,218.12,218.25,218.12,220.89,52.2,35,1d+1h+4h,1.938,False,nofill,0.0
2025-04-22 15:30:00-04:00,199.66,219.71,219.84,219.71,222.42,63.2,40,1d+1h+4h,1.993,False,nofill,0.0
2025-04-23 09:30:00-04:00,206.8,225.89,226.04,225.89,229.03,85.4,61,1d+1h+4h,1.922,False,nofill,0.0
2025-04-23 10:30:00-04:00,204.63,223.47,223.62,223.47,226.68,83.6,56,1d+1h+4h,1.897,False,nofill,0.0
2025-04-23 11:30:00-04:00,204.11,223.47,223.62,223.47,226.65,83.6,56,1d+1h+4h,1.95,False,nofill,0.0
2025-04-23 12:30:00-04:00,204.95,223.47,223.62,223.47,226.57,83.6,56,1d+1h+4h,1.865,False,nofill,0.0
2025-04-23 13:30:00-04:00,204.48,223.47,223.61,223.47,226.45,83.6,56,1d+1h+4h,1.912,False,nofill,0.0
2025-04-23 14:30:00-04:00,204.01,223.47,223.61,223.47,226.35,83.6,56,1d+1h+4h,1.96,False,nofill,0.0
2025-04-23 15:30:00-04:00,204.36,223.47,223.6,223.47,226.31,83.6,56,1d+1h+4h,1.924,False,nofill,0.0
2025-04-24 09:30:00-04:00,206.32,223.47,223.61,223.47,226.36,82.6,55,1d+1h+4h,1.779,False,nofill,0.0
2025-04-24 10:30:00-04:00,205.92,223.65,223.78,223.65,226.44,82.6,55,1d+1h+4h,1.839,False,nofill,0.0
2025-04-24 11:30:00-04:00,206.29,223.47,223.6,223.47,226.15,82.6,55,1d+1h+4h,1.782,False,nofill,0.0
2025-04-24 12:30:00-04:00,206.9,225.74,225.86,225.74,228.32,83.6,60,1d+1h+4h,1.954,False,nofill,0.0
2025-04-24 13:30:00-04:00,207.29,225.63,225.75,225.63,228.12,83.6,60,1d+1h+4h,1.903,False,nofill,0.0
2025-04-24 14:30:00-04:00,207.09,225.74,225.85,225.74,228.13,83.6,60,1d+1h+4h,1.935,False,nofill,0.0
2025-04-24 15:30:00-04:00,208.2,225.63,225.74,225.63,227.98,83.6,60,1d+1h+4h,1.808,False,nofill,0.0
2025-04-25 09:30:00-04:00,206.63,223.65,223.76,223.65,226.06,79.8,53,1d+1h+4h,1.849,False,nofill,0.0
2025-04-25 10:30:00-04:00,207.1,225.48,225.59,225.48,227.81,80.8,58,1d+1h+4h,1.997,False,nofill,0.0
2025-04-25 11:30:00-04:00,208.64,225.74,225.85,225.74,228.07,82.6,59,1d+1h+4h,1.859,False,nofill,0.0
2025-04-25 12:30:00-04:00,209.37,225.74,225.85,225.74,227.99,82.6,59,1d+1h+4h,1.779,False,nofill,0.0
2025-04-25 13:30:00-04:00,208.5,225.74,225.85,225.74,227.98,82.6,59,1d+1h+4h,1.873,False,nofill,0.0
2025-04-25 14:30:00-04:00,208.22,225.74,225.84,225.74,227.88,82.6,59,1d+1h+4h,1.904,False,nofill,0.0
2025-04-25 15:30:00-04:00,209.23,225.77,225.87,225.77,227.87,82.6,59,1d+1h+4h,1.797,False,nofill,0.0
2025-04-28 09:30:00-04:00,208.93,225.89,225.99,225.89,228.05,79.6,58,1d+1h+4h,1.92,False,nofill,0.0
2025-04-28 10:30:00-04:00,207.95,225.6,225.7,225.6,227.75,78.8,56,1d+1h+4h,1.998,False,nofill,0.0
2025-04-28 11:30:00-04:00,207.86,224.22,224.32,224.22,226.29,78.2,53,1d+1h+4h,1.852,False,nofill,0.0
2025-04-28 12:30:00-04:00,208.14,225.63,225.72,225.63,227.62,78.8,56,1d+1h+4h,1.98,False,nofill,0.0
2025-04-28 13:30:00-04:00,209.87,225.86,225.95,225.86,227.85,79.6,58,1d+1h+4h,1.81,False,nofill,0.0
2025-04-28 14:30:00-04:00,210.54,225.89,225.98,225.89,227.83,79.6,58,1d+1h+4h,1.738,False,nofill,0.0
2025-04-28 15:30:00-04:00,210.09,225.86,225.95,225.86,227.77,79.6,58,1d+1h+4h,1.786,False,nofill,0.0
2025-04-29 09:30:00-04:00,210.95,225.96,226.06,225.96,228.02,77.6,56,1d+1h+4h,1.771,False,nofill,0.0
2025-04-29 10:30:00-04:00,211.04,225.89,225.99,225.89,227.91,77.6,56,1d+1h+4h,1.752,False,nofill,0.0
2025-04-29 11:30:00-04:00,210.49,225.89,225.98,225.89,227.84,77.6,56,1d+1h+4h,1.817,False,nofill,0.0
2025-04-29 12:30:00-04:00,210.36,225.96,226.05,225.96,227.87,77.6,56,1d+1h+4h,1.841,False,nofill,0.0
2025-04-29 13:30:00-04:00,211.72,225.89,225.98,225.89,227.78,77.6,56,1d+1h+4h,1.671,False,nofill,0.0
2025-04-29 14:30:00-04:00,211.3,225.96,226.05,225.96,227.78,77.6,56,1d+1h+4h,1.73,False,nofill,0.0
2025-04-29 15:30:00-04:00,211.24,225.96,226.04,225.96,227.71,77.6,56,1d+1h+4h,1.737,False,nofill,0.0
2025-04-30 09:30:00-04:00,209.32,225.96,226.05,225.96,227.93,77.6,56,1d+1h+4h,1.99,False,nofill,0.0
2025-04-30 10:30:00-04:00,210.54,225.96,226.05,225.96,227.95,77.6,56,1d+1h+4h,1.844,False,nofill,0.0
2025-04-30 11:30:00-04:00,210.59,225.96,226.05,225.96,227.91,77.6,56,1d+1h+4h,1.838,False,nofill,0.0
2025-04-30 12:30:00-04:00,211.08,225.96,226.05,225.96,227.89,77.6,56,1d+1h+4h,1.78,False,nofill,0.0
2025-04-30 13:30:00-04:00,210.72,225.96,226.05,225.96,227.95,77.6,56,1d+1h+4h,1.823,False,nofill,0.0
2025-04-30 14:30:00-04:00,210.34,225.96,226.05,225.96,227.88,77.6,56,1d+1h+4h,1.868,False,nofill,0.0
2025-04-30 15:30:00-04:00,212.49,225.96,226.06,225.96,228.01,77.6,56,1d+1h+4h,1.611,False,nofill,0.0
2025-05-01 09:30:00-04:00,211.74,223.94,224.05,223.94,226.12,76.2,51,1d+1h+4h,1.495,False,nofill,0.0
2025-05-01 10:30:00-04:00,212.9,224.07,224.18,224.07,226.31,76.2,51,1d+1h+4h,1.369,False,nofill,0.0
2025-05-01 11:30:00-04:00,212.78,224.07,224.18,224.07,226.28,76.2,51,1d+1h+4h,1.383,False,nofill,0.0
2025-05-01 12:30:00-04:00,212.51,223.94,224.05,223.94,226.07,76.2,51,1d+1h+4h,1.4,False,nofill,0.0
2025-05-01 13:30:00-04:00,212.78,224.07,224.17,224.07,226.12,76.2,51,1d+1h+4h,1.383,False,nofill,0.0
2025-05-01 14:30:00-04:00,212.94,224.07,224.17,224.07,226.04,76.2,51,1d+1h+4h,1.364,False,nofill,0.0
2025-05-01 15:30:00-04:00,212.83,224.07,224.17,224.07,226.05,76.2,51,1d+1h+4h,1.377,False,nofill,0.0
2025-05-02 09:30:00-04:00,206.72,222.18,222.31,222.18,224.82,67.8,45,1d+1h+4h,1.846,False,nofill,0.0
2025-05-02 10:30:00-04:00,204.9,221.41,221.54,221.41,224.04,58.2,39,1d+1h+4h,1.971,False,nofill,0.0
2025-05-02 11:30:00-04:00,205.0,221.41,221.53,221.41,223.98,58.2,39,1d+1h+4h,1.959,False,nofill,0.0
2025-05-02 12:30:00-04:00,204.7,221.41,221.53,221.41,223.92,58.2,39,1d+1h+4h,1.995,False,nofill,0.0
2025-05-02 13:30:00-04:00,204.88,221.41,221.53,221.41,223.83,58.2,39,1d+1h+4h,1.974,False,nofill,0.0
2025-05-02 14:30:00-04:00,204.76,221.41,221.52,221.41,223.79,58.2,39,1d+1h+4h,1.988,False,nofill,0.0
2025-05-02 15:30:00-04:00,205.3,222.03,222.14,222.03,224.36,62.0,42,1d+1h+4h,1.998,False,nofill,0.0
2025-05-05 09:30:00-04:00,198.78,213.0,213.13,213.0,215.66,39.6,26,1d+1h+4h,1.717,False,nofill,0.0
2025-05-05 10:30:00-04:00,199.2,212.9,213.02,212.9,215.48,39.6,26,1d+1h+4h,1.654,False,nofill,0.0
2025-05-05 11:30:00-04:00,199.97,216.48,216.6,216.48,218.98,39.8,27,1d+1h+4h,1.993,False,nofill,0.0
2025-05-05 12:30:00-04:00,200.41,216.9,217.01,216.9,219.3,39.8,27,1d+1h+4h,1.991,False,nofill,0.0
2025-05-05 13:30:00-04:00,200.96,217.51,217.62,217.51,219.8,41.6,28,1d+1h+4h,1.998,False,nofill,0.0
2025-05-05 14:30:00-04:00,199.4,215.93,216.04,215.93,218.19,39.6,28,1d+1h+4h,1.996,False,nofill,0.0
2025-05-05 15:30:00-04:00,198.77,213.0,213.1,213.0,215.18,39.6,26,1d+1h+4h,1.718,False,nofill,0.0
2025-05-06 09:30:00-04:00,198.91,213.25,213.36,213.25,215.49,43.6,28,1d+1h+4h,1.804,False,nofill,0.0
2025-05-06 10:30:00-04:00,199.04,213.25,213.35,213.25,215.42,43.6,28,1d+1h+4h,1.788,False,nofill,0.0
2025-05-06 11:30:00-04:00,198.98,213.25,213.35,213.25,215.42,43.6,28,1d+1h+4h,1.795,False,nofill,0.0
2025-05-06 12:30:00-04:00,199.42,213.25,213.35,213.25,215.34,43.6,28,1d+1h+4h,1.739,False,nofill,0.0
2025-05-06 13:30:00-04:00,199.3,213.25,213.35,213.25,215.28,43.6,28,1d+1h+4h,1.754,False,nofill,0.0
2025-05-06 14:30:00-04:00,199.71,213.25,213.34,213.25,215.2,43.6,28,1d+1h+4h,1.703,False,nofill,0.0
2025-05-06 15:30:00-04:00,198.41,213.25,213.34,213.25,215.19,43.6,28,1d+1h+4h,1.867,False,nofill,0.0
2025-05-07 09:30:00-04:00,199.22,213.25,213.34,213.25,215.21,43.6,28,1d+1h+4h,1.794,False,nofill,0.0
2025-05-07 10:30:00-04:00,194.35,194.76,194.87,194.76,197.0,46.4,32,1d+1h+4h,0.052,True,scratch,-0.11467060916207084
2025-05-07 11:30:00-04:00,194.87,195.32,195.43,195.32,197.56,42.8,28,1d+1h+4h,0.058,True,scratch,-0.1144905075487812
2025-05-07 12:30:00-04:00,195.3,195.75,195.85,195.75,197.92,42.8,28,1d+1h+4h,0.058,True,scratch,-0.11268303128714185
2025-05-07 13:30:00-04:00,194.01,194.76,194.86,194.76,196.93,46.4,32,1d+1h+4h,0.096,True,scratch,-0.11294057600755858
2025-05-07 14:30:00-04:00,194.32,194.76,194.86,194.76,196.91,47.4,33,1d+1h+4h,0.056,True,scratch,-0.1125990094163476
2025-05-07 15:30:00-04:00,196.25,211.89,212.0,211.89,214.13,36.0,22,1d+1h+4h,2.0,False,nofill,0.0
2025-05-08 09:30:00-04:00,195.82,196.21,196.32,196.21,198.55,36.8,26,1d+1h+4h,0.051,True,target,1.0734805398410208
2025-05-08 10:30:00-04:00,197.54,211.6,211.71,211.6,213.94,36.0,22,1d+1h+4h,1.839,False,nofill,0.0
2025-05-08 11:30:00-04:00,199.24,213.25,213.36,213.25,215.63,41.8,27,1d+1h+4h,1.833,False,nofill,0.0
2025-05-08 12:30:00-04:00,199.14,213.25,213.36,213.25,215.53,41.8,27,1d+1h+4h,1.846,False,nofill,0.0
2025-05-08 13:30:00-04:00,198.64,213.25,213.35,213.25,215.46,41.8,27,1d+1h+4h,1.911,False,nofill,0.0
2025-05-08 14:30:00-04:00,199.56,213.25,213.35,213.25,215.39,41.8,27,1d+1h+4h,1.791,False,nofill,0.0
2025-05-08 15:30:00-04:00,197.4,211.6,211.7,211.6,213.77,36.0,22,1d+1h+4h,1.858,False,nofill,0.0
2025-05-09 09:30:00-04:00,198.36,212.94,213.05,212.94,215.19,38.6,25,1d+1h+4h,1.993,False,nofill,0.0
2025-05-09 10:30:00-04:00,198.43,213.0,213.11,213.0,215.22,38.6,25,1d+1h+4h,1.992,False,nofill,0.0
2025-05-09 11:30:00-04:00,198.14,211.5,211.6,211.5,213.64,36.0,22,1d+1h+4h,1.827,False,nofill,0.0
2025-05-09 12:30:00-04:00,198.14,211.5,211.6,211.5,213.55,36.0,22,1d+1h+4h,1.827,False,nofill,0.0
2025-05-09 13:30:00-04:00,198.91,213.25,213.34,213.25,215.24,40.8,26,1d+1h+4h,1.96,False,nofill,0.0
2025-05-09 14:30:00-04:00,198.78,213.25,213.34,213.25,215.15,40.8,26,1d+1h+4h,1.978,False,nofill,0.0
2025-05-09 15:30:00-04:00,198.54,213.0,213.09,213.0,214.81,38.6,25,1d+1h+4h,1.977,False,nofill,0.0
2025-05-12 09:30:00-04:00,209.16,223.94,224.07,223.94,226.58,75.2,50,1d+1h+4h,1.916,False,nofill,0.0
2025-05-12 10:30:00-04:00,208.76,223.94,224.07,223.94,226.55,75.2,50,1d+1h+4h,1.968,False,nofill,0.0
2025-05-12 11:30:00-04:00,208.73,223.94,224.06,223.94,226.42,75.2,50,1d+1h+4h,1.972,False,nofill,0.0
2025-05-12 12:30:00-04:00,209.94,223.94,224.06,223.94,226.34,75.2,50,1d+1h+4h,1.816,False,nofill,0.0
2025-05-12 13:30:00-04:00,210.77,223.94,224.05,223.94,226.25,75.2,50,1d+1h+4h,1.708,False,nofill,0.0
2025-05-12 14:30:00-04:00,210.05,223.94,224.05,223.94,226.17,75.2,50,1d+1h+4h,1.801,False,nofill,0.0
2025-05-12 15:30:00-04:00,210.83,223.94,224.05,223.94,226.08,75.2,50,1d+1h+4h,1.7,False,nofill,0.0
2025-05-13 09:30:00-04:00,211.45,224.03,224.13,224.03,226.21,72.2,49,1d+1h+4h,1.682,False,nofill,0.0
2025-05-13 10:30:00-04:00,211.38,224.03,224.13,224.03,226.11,72.2,49,1d+1h+4h,1.691,False,nofill,0.0
2025-05-13 11:30:00-04:00,211.28,224.03,224.13,224.03,226.05,72.2,49,1d+1h+4h,1.705,False,nofill,0.0
2025-05-13 12:30:00-04:00,211.71,224.03,224.12,224.03,225.98,72.2,49,1d+1h+4h,1.648,False,nofill,0.0
2025-05-13 13:30:00-04:00,212.46,224.03,224.12,224.03,225.94,72.2,49,1d+1h+4h,1.547,False,nofill,0.0
2025-05-13 14:30:00-04:00,213.23,224.03,224.12,224.03,225.9,72.2,49,1d+1h+4h,1.444,False,nofill,0.0
2025-05-13 15:30:00-04:00,212.84,224.03,224.12,224.03,225.83,72.2,49,1d+1h+4h,1.496,False,nofill,0.0
2025-05-14 09:30:00-04:00,213.29,225.44,225.53,225.44,227.26,70.2,51,1d+1h+4h,1.692,False,nofill,0.0
2025-05-14 10:30:00-04:00,212.62,225.6,225.69,225.6,227.43,70.2,51,1d+1h+4h,1.807,False,nofill,0.0
2025-05-14 11:30:00-04:00,212.29,225.44,225.52,225.44,227.21,70.2,51,1d+1h+4h,1.831,False,nofill,0.0
2025-05-14 12:30:00-04:00,210.96,225.24,225.33,225.24,227.03,68.4,48,1d+1h+4h,1.988,False,nofill,0.0
2025-05-14 13:30:00-04:00,211.37,225.6,225.68,225.6,227.34,70.2,51,1d+1h+4h,1.981,False,nofill,0.0
2025-05-14 14:30:00-04:00,211.36,225.6,225.68,225.6,227.29,70.2,51,1d+1h+4h,1.983,False,nofill,0.0
2025-05-14 15:30:00-04:00,212.41,225.44,225.52,225.44,227.11,70.2,51,1d+1h+4h,1.814,False,nofill,0.0
2025-05-15 09:30:00-04:00,210.28,224.07,224.16,224.07,225.85,62.2,45,1d+1h+4h,1.996,False,nofill,0.0
2025-05-15 10:30:00-04:00,212.5,225.48,225.57,225.48,227.33,69.2,50,1d+1h+4h,1.878,False,nofill,0.0
2025-05-15 11:30:00-04:00,211.64,225.44,225.53,225.44,227.27,65.4,47,1d+1h+4h,1.996,False,nofill,0.0
2025-05-15 12:30:00-04:00,212.12,225.48,225.56,225.48,227.26,69.2,50,1d+1h+4h,1.933,False,nofill,0.0
2025-05-15 13:30:00-04:00,210.63,224.45,224.54,224.45,226.24,65.4,47,1d+1h+4h,1.999,False,nofill,0.0
2025-05-15 14:30:00-04:00,210.36,224.07,224.16,224.07,225.81,62.2,45,1d+1h+4h,1.984,False,nofill,0.0
2025-05-15 15:30:00-04:00,211.46,224.45,224.53,224.45,226.16,65.4,47,1d+1h+4h,1.88,False,nofill,0.0
2025-05-16 09:30:00-04:00,210.6,222.68,222.76,222.68,224.42,57.0,37,1d+1h+4h,1.825,False,nofill,0.0
2025-05-16 10:30:00-04:00,210.08,222.68,222.76,222.68,224.36,57.0,37,1d+1h+4h,1.904,False,nofill,0.0
2025-05-16 11:30:00-04:00,210.96,224.07,224.15,224.07,225.71,59.4,43,1d+1h+4h,1.982,False,nofill,0.0
2025-05-16 12:30:00-04:00,211.11,224.34,224.42,224.34,225.92,65.4,47,1d+1h+4h,1.999,False,nofill,0.0
2025-05-16 13:30:00-04:00,211.62,224.34,224.41,224.34,225.88,65.4,47,1d+1h+4h,1.922,False,nofill,0.0
2025-05-16 14:30:00-04:00,211.72,224.34,224.41,224.34,225.81,65.4,47,1d+1h+4h,1.906,False,nofill,0.0
2025-05-16 15:30:00-04:00,211.19,224.34,224.41,224.34,225.75,65.4,47,1d+1h+4h,1.987,False,nofill,0.0
2025-05-19 09:30:00-04:00,206.62,212.96,213.05,212.96,214.79,45.4,29,1d+1h+4h,0.954,False,nofill,0.0
2025-05-19 10:30:00-04:00,207.33,212.96,213.05,212.96,214.79,46.4,30,1d+1h+4h,0.848,False,nofill,0.0
2025-05-19 11:30:00-04:00,208.48,221.04,221.12,221.04,222.83,46.6,31,1d+1h+4h,1.89,False,nofill,0.0
2025-05-19 12:30:00-04:00,208.93,221.02,221.11,221.02,222.8,46.6,31,1d+1h+4h,1.82,False,nofill,0.0
2025-05-19 13:30:00-04:00,208.03,221.04,221.12,221.04,222.79,46.6,31,1d+1h+4h,1.958,False,nofill,0.0
2025-05-19 14:30:00-04:00,208.13,221.04,221.12,221.04,222.73,46.6,31,1d+1h+4h,1.943,False,nofill,0.0
2025-05-19 15:30:00-04:00,208.76,221.02,221.1,221.02,222.66,46.6,31,1d+1h+4h,1.846,False,nofill,0.0
2025-05-20 09:30:00-04:00,207.84,218.9,218.98,218.9,220.59,42.8,28,1d+1h+4h,1.718,False,nofill,0.0
2025-05-20 10:30:00-04:00,207.63,218.94,219.02,218.94,220.61,42.8,28,1d+1h+4h,1.758,False,nofill,0.0
2025-05-20 11:30:00-04:00,207.81,218.9,218.98,218.9,220.55,42.8,28,1d+1h+4h,1.723,False,nofill,0.0
2025-05-20 12:30:00-04:00,207.38,218.9,218.98,218.9,220.5,42.8,28,1d+1h+4h,1.79,False,nofill,0.0
2025-05-20 13:30:00-04:00,205.59,212.7,212.78,212.7,214.33,42.8,28,1d+1h+4h,1.105,False,nofill,0.0
2025-05-20 14:30:00-04:00,206.27,219.03,219.11,219.03,220.65,42.8,28,1d+1h+4h,1.983,False,nofill,0.0
2025-05-20 15:30:00-04:00,206.87,213.64,213.72,213.64,215.22,42.8,28,1d+1h+4h,1.052,False,nofill,0.0
2025-05-21 09:30:00-04:00,205.81,212.7,212.78,212.7,214.37,42.8,28,1d+1h+4h,1.072,False,nofill,0.0
2025-05-21 10:30:00-04:00,206.58,213.64,213.72,213.64,215.31,42.8,28,1d+1h+4h,1.099,False,nofill,0.0
2025-05-21 11:30:00-04:00,205.64,212.7,212.78,212.7,214.35,42.8,28,1d+1h+4h,1.099,False,nofill,0.0
2025-05-21 12:30:00-04:00,202.1,212.7,212.79,212.7,214.54,42.8,28,1d+1h+4h,1.65,False,nofill,0.0
2025-05-21 13:30:00-04:00,202.34,213.64,213.73,213.64,215.47,42.8,28,1d+1h+4h,1.759,False,nofill,0.0
2025-05-21 14:30:00-04:00,201.03,213.64,213.73,213.64,215.48,42.8,28,1d+1h+4h,1.963,False,nofill,0.0
2025-05-21 15:30:00-04:00,202.06,213.64,213.73,213.64,215.46,42.8,28,1d+1h+4h,1.802,False,nofill,0.0
2025-05-22 09:30:00-04:00,200.36,212.7,212.79,212.7,214.56,42.8,28,1d+1h+4h,1.996,False,nofill,0.0
2025-05-22 10:30:00-04:00,200.95,212.7,212.79,212.7,214.51,42.8,28,1d+1h+4h,1.9,False,nofill,0.0
2025-05-22 11:30:00-04:00,201.95,212.7,212.79,212.7,214.49,42.8,28,1d+1h+4h,1.739,False,nofill,0.0
2025-05-22 12:30:00-04:00,201.89,212.7,212.78,212.7,214.43,42.8,28,1d+1h+4h,1.748,False,nofill,0.0
2025-05-22 13:30:00-04:00,201.97,212.7,212.78,212.7,214.35,42.8,28,1d+1h+4h,1.735,False,nofill,0.0
2025-05-22 14:30:00-04:00,202.61,213.64,213.72,213.64,215.25,42.8,28,1d+1h+4h,1.784,False,nofill,0.0
2025-05-22 15:30:00-04:00,201.37,213.64,213.72,213.64,215.26,42.8,28,1d+1h+4h,1.985,False,nofill,0.0
2025-05-23 09:30:00-04:00,197.17,197.68,197.78,197.68,199.78,21.2,16,1d+1h+4h,0.081,False,nofill,0.0
2025-05-23 10:30:00-04:00,196.58,196.95,197.05,196.95,199.03,26.0,20,1d+1h+4h,0.058,True,scratch,-0.11011392566091516
2025-05-23 11:30:00-04:00,196.05,196.38,196.48,196.38,198.41,29.0,21,1d+1h+4h,0.052,True,scratch,-0.10922099418736453
2025-05-23 12:30:00-04:00,196.62,196.95,197.04,196.95,198.92,26.0,20,1d+1h+4h,0.052,False,nofill,0.0
2025-05-23 13:30:00-04:00,195.75,196.16,196.25,196.16,198.1,31.8,23,1d+1h+4h,0.065,True,target,0.8808027943138175
2025-05-23 14:30:00-04:00,195.46,196.16,196.25,196.16,198.03,31.8,23,1d+1h+4h,0.111,True,target,0.8452657563173149
2025-05-23 15:30:00-04:00,195.34,195.75,195.84,195.75,197.55,35.8,25,1d+1h+4h,0.065,True,target,0.8166425887259576
2025-05-27 09:30:00-04:00,198.35,210.58,210.67,210.58,212.54,25.2,18,1d+1h+4h,1.96,False,nofill,0.0
2025-05-27 10:30:00-04:00,199.36,211.5,211.59,211.5,213.42,39.0,25,1d+1h+4h,1.944,False,nofill,0.0
2025-05-27 11:30:00-04:00,200.0,211.47,211.56,211.47,213.38,39.0,25,1d+1h+4h,1.839,False,nofill,0.0
2025-05-27 12:30:00-04:00,199.96,211.47,211.56,211.47,213.31,39.0,25,1d+1h+4h,1.844,False,nofill,0.0
2025-05-27 13:30:00-04:00,200.37,212.7,212.78,212.7,214.48,42.8,28,1d+1h+4h,1.976,False,nofill,0.0
2025-05-27 14:30:00-04:00,200.29,212.7,212.78,212.7,214.38,42.8,28,1d+1h+4h,1.988,False,nofill,0.0
2025-05-27 15:30:00-04:00,200.2,212.59,212.67,212.59,214.19,41.8,27,1d+1h+4h,1.986,False,nofill,0.0
2025-05-28 09:30:00-04:00,200.75,212.7,212.78,212.7,214.4,41.8,27,1d+1h+4h,1.993,False,nofill,0.0
2025-05-28 10:30:00-04:00,201.04,212.7,212.78,212.7,214.36,41.8,27,1d+1h+4h,1.944,False,nofill,0.0
2025-05-28 11:30:00-04:00,201.1,212.7,212.77,212.7,214.27,41.8,27,1d+1h+4h,1.934,False,nofill,0.0
2025-05-28 12:30:00-04:00,201.11,212.57,212.64,212.57,214.08,41.8,27,1d+1h+4h,1.911,False,nofill,0.0
2025-05-28 13:30:00-04:00,200.85,212.7,212.77,212.7,214.14,41.8,27,1d+1h+4h,1.976,False,nofill,0.0
2025-05-28 14:30:00-04:00,201.13,212.57,212.64,212.57,214.0,41.8,27,1d+1h+4h,1.908,False,nofill,0.0
2025-05-28 15:30:00-04:00,200.42,211.47,211.54,211.47,212.89,38.0,24,1d+1h+4h,1.843,False,nofill,0.0
2025-05-29 09:30:00-04:00,201.14,212.7,212.77,212.7,214.27,41.8,27,1d+1h+4h,1.944,False,nofill,0.0
2025-05-29 10:30:00-04:00,200.74,212.59,212.67,212.59,214.13,41.8,27,1d+1h+4h,1.994,False,nofill,0.0
2025-05-29 11:30:00-04:00,199.42,211.3,211.38,211.3,212.9,32.2,21,1d+1h+4h,1.998,False,nofill,0.0
2025-05-29 12:30:00-04:00,199.98,211.47,211.54,211.47,213.04,37.0,23,1d+1h+4h,1.933,False,nofill,0.0
2025-05-29 13:30:00-04:00,199.04,210.58,210.65,210.58,212.12,25.2,18,1d+1h+4h,1.941,False,nofill,0.0
2025-05-29 14:30:00-04:00,199.14,210.58,210.65,210.58,212.08,25.2,18,1d+1h+4h,1.924,False,nofill,0.0
2025-05-29 15:30:00-04:00,199.95,211.47,211.54,211.47,212.95,37.0,23,1d+1h+4h,1.938,False,nofill,0.0
2025-05-30 09:30:00-04:00,199.24,210.58,210.65,210.58,212.11,25.2,18,1d+1h+4h,1.926,False,nofill,0.0
2025-05-30 10:30:00-04:00,199.31,210.58,210.65,210.58,212.05,25.2,18,1d+1h+4h,1.914,False,nofill,0.0
2025-05-30 11:30:00-04:00,197.72,208.9,208.97,208.9,210.4,20.4,16,1d+1h+4h,1.899,False,nofill,0.0
2025-05-30 12:30:00-04:00,198.08,208.9,208.97,208.9,210.4,20.4,16,1d+1h+4h,1.837,False,nofill,0.0
2025-05-30 13:30:00-04:00,199.12,210.58,210.65,210.58,212.06,25.2,18,1d+1h+4h,1.946,False,nofill,0.0
2025-05-30 14:30:00-04:00,200.05,211.64,211.71,211.64,213.11,35.0,23,1d+1h+4h,1.968,False,nofill,0.0
2025-05-30 15:30:00-04:00,200.66,212.35,212.42,212.35,213.89,35.2,22,1d+1h+4h,1.985,False,nofill,0.0
2025-06-02 09:30:00-04:00,200.53,211.64,211.71,211.64,213.21,35.0,23,1d+1h+4h,1.98,False,nofill,0.0
2025-06-02 10:30:00-04:00,200.71,211.93,212.01,211.93,213.52,35.2,22,1d+1h+4h,2.0,False,nofill,0.0
2025-06-02 11:30:00-04:00,201.03,212.24,212.31,212.24,213.77,35.2,22,1d+1h+4h,1.998,False,nofill,0.0
2025-06-02 12:30:00-04:00,200.86,211.96,212.03,211.96,213.43,35.2,22,1d+1h+4h,1.978,False,nofill,0.0
2025-06-02 13:30:00-04:00,201.45,212.59,212.66,212.59,214.03,41.8,27,1d+1h+4h,1.985,False,nofill,0.0
2025-06-02 14:30:00-04:00,201.66,212.59,212.66,212.59,213.98,41.8,27,1d+1h+4h,1.949,False,nofill,0.0
2025-06-02 15:30:00-04:00,201.8,212.59,212.66,212.59,213.91,41.8,27,1d+1h+4h,1.924,False,nofill,0.0
2025-06-03 09:30:00-04:00,201.74,212.35,212.42,212.35,213.75,35.2,22,1d+1h+4h,1.961,False,nofill,0.0
2025-06-03 10:30:00-04:00,202.5,212.59,212.66,212.59,213.98,41.8,27,1d+1h+4h,1.866,False,nofill,0.0
2025-06-03 11:30:00-04:00,203.06,212.59,212.66,212.59,213.98,41.8,27,1d+1h+4h,1.763,False,nofill,0.0
2025-06-03 12:30:00-04:00,203.31,212.59,212.66,212.59,213.95,41.8,27,1d+1h+4h,1.715,False,nofill,0.0
2025-06-03 13:30:00-04:00,203.09,212.59,212.66,212.59,213.95,41.8,27,1d+1h+4h,1.756,False,nofill,0.0
2025-06-03 14:30:00-04:00,203.18,212.59,212.66,212.59,213.89,41.8,27,1d+1h+4h,1.74,False,nofill,0.0
2025-06-03 15:30:00-04:00,203.34,212.59,212.65,212.59,213.83,41.8,27,1d+1h+4h,1.71,False,nofill,0.0
2025-06-04 09:30:00-04:00,205.14,212.7,212.77,212.7,214.12,39.0,25,1d+1h+4h,1.422,False,nofill,0.0
2025-06-04 10:30:00-04:00,204.09,212.7,212.77,212.7,214.11,39.0,25,1d+1h+4h,1.619,False,nofill,0.0
2025-06-04 11:30:00-04:00,202.83,212.7,212.77,212.7,214.19,39.0,25,1d+1h+4h,1.856,False,nofill,0.0
2025-06-04 12:30:00-04:00,203.42,212.7,212.77,212.7,214.16,39.0,25,1d+1h+4h,1.746,False,nofill,0.0
2025-06-04 13:30:00-04:00,203.12,212.7,212.77,212.7,214.1,39.0,25,1d+1h+4h,1.801,False,nofill,0.0
2025-06-04 14:30:00-04:00,203.19,212.7,212.76,212.7,214.04,39.0,25,1d+1h+4h,1.788,False,nofill,0.0
2025-06-04 15:30:00-04:00,202.89,212.7,212.76,212.7,213.99,39.0,25,1d+1h+4h,1.845,False,nofill,0.0
2025-06-05 09:30:00-04:00,202.45,212.7,212.77,212.7,214.09,39.0,25,1d+1h+4h,1.947,False,nofill,0.0
2025-06-05 10:30:00-04:00,204.54,212.7,212.77,212.7,214.21,39.0,25,1d+1h+4h,1.549,False,nofill,0.0
2025-06-05 11:30:00-04:00,203.14,212.7,212.77,212.7,214.27,39.0,25,1d+1h+4h,1.816,False,nofill,0.0
2025-06-05 12:30:00-04:00,202.6,212.7,212.78,212.7,214.29,39.0,25,1d+1h+4h,1.918,False,nofill,0.0
2025-06-05 13:30:00-04:00,202.21,212.7,212.78,212.7,214.31,39.0,25,1d+1h+4h,1.992,False,nofill,0.0
2025-06-05 14:30:00-04:00,200.73,210.58,210.66,210.58,212.26,25.2,18,1d+1h+4h,1.871,False,nofill,0.0
2025-06-05 15:30:00-04:00,200.55,210.58,210.66,210.58,212.26,25.2,18,1d+1h+4h,1.905,False,nofill,0.0
2025-06-06 09:30:00-04:00,203.66,212.7,212.79,212.7,214.65,39.0,25,1d+1h+4h,1.722,False,nofill,0.0
2025-06-06 10:30:00-04:00,203.18,212.7,212.79,212.7,214.59,39.0,25,1d+1h+4h,1.814,False,nofill,0.0
2025-06-06 11:30:00-04:00,202.62,212.7,212.79,212.7,214.53,39.0,25,1d+1h+4h,1.919,False,nofill,0.0
2025-06-06 12:30:00-04:00,203.59,212.7,212.79,212.7,214.53,39.0,25,1d+1h+4h,1.735,False,nofill,0.0
2025-06-06 13:30:00-04:00,204.98,212.7,212.79,212.7,214.52,39.0,25,1d+1h+4h,1.47,False,nofill,0.0
2025-06-06 14:30:00-04:00,204.7,212.7,212.78,212.7,214.45,39.0,25,1d+1h+4h,1.524,False,nofill,0.0
2025-06-06 15:30:00-04:00,203.93,212.7,212.78,212.7,214.42,39.0,25,1d+1h+4h,1.671,False,nofill,0.0
2025-06-09 09:30:00-04:00,205.32,212.7,212.78,212.7,214.45,39.0,25,1d+1h+4h,1.393,False,nofill,0.0
2025-06-09 10:30:00-04:00,204.53,212.7,212.78,212.7,214.42,39.0,25,1d+1h+4h,1.542,False,nofill,0.0
2025-06-09 11:30:00-04:00,203.93,212.7,212.78,212.7,214.39,39.0,25,1d+1h+4h,1.655,False,nofill,0.0
2025-06-09 12:30:00-04:00,200.72,211.3,211.39,211.3,213.26,30.4,20,1d+1h+4h,1.996,False,nofill,0.0
2025-06-09 13:30:00-04:00,201.46,211.96,212.06,211.96,213.98,35.2,22,1d+1h+4h,1.981,False,nofill,0.0
2025-06-09 14:30:00-04:00,201.25,211.64,211.73,211.64,213.59,31.2,20,1d+1h+4h,1.96,False,nofill,0.0
2025-06-09 15:30:00-04:00,201.44,211.96,212.05,211.96,213.89,35.2,22,1d+1h+4h,1.985,False,nofill,0.0
2025-06-10 09:30:00-04:00,202.87,212.7,212.8,212.7,214.7,39.0,25,1d+1h+4h,1.894,False,nofill,0.0
2025-06-10 10:30:00-04:00,203.32,212.7,212.79,212.7,214.68,39.0,25,1d+1h+4h,1.808,False,nofill,0.0
2025-06-10 11:30:00-04:00,202.54,212.7,212.79,212.7,214.61,39.0,25,1d+1h+4h,1.958,False,nofill,0.0
2025-06-10 12:30:00-04:00,201.76,211.96,212.05,211.96,213.81,35.2,22,1d+1h+4h,1.966,False,nofill,0.0
2025-06-10 13:30:00-04:00,201.7,211.96,212.05,211.96,213.74,35.2,22,1d+1h+4h,1.977,False,nofill,0.0
2025-06-10 14:30:00-04:00,202.82,212.7,212.78,212.7,214.47,39.0,25,1d+1h+4h,1.904,False,nofill,0.0
2025-06-10 15:30:00-04:00,202.75,212.7,212.78,212.7,214.39,39.0,25,1d+1h+4h,1.917,False,nofill,0.0
2025-06-11 09:30:00-04:00,202.76,212.7,212.78,212.7,214.44,39.0,25,1d+1h+4h,1.893,False,nofill,0.0
2025-06-11 10:30:00-04:00,200.94,211.3,211.38,211.3,213.05,29.4,19,1d+1h+4h,1.973,False,nofill,0.0
2025-06-11 11:30:00-04:00,200.21,210.58,210.66,210.58,212.32,25.2,18,1d+1h+4h,1.975,False,nofill,0.0
2025-06-11 12:30:00-04:00,200.91,211.3,211.38,211.3,212.99,29.4,19,1d+1h+4h,1.978,False,nofill,0.0
2025-06-11 13:30:00-04:00,199.24,205.7,205.78,205.7,207.44,23.2,16,1d+1h+4h,1.23,False,nofill,0.0
2025-06-11 14:30:00-04:00,198.98,205.7,205.78,205.7,207.39,23.2,16,1d+1h+4h,1.28,False,nofill,0.0
2025-06-11 15:30:00-04:00,198.85,205.7,205.78,205.7,207.33,23.2,16,1d+1h+4h,1.304,False,nofill,0.0
2025-06-12 09:30:00-04:00,198.07,205.7,205.78,205.7,207.36,23.2,16,1d+1h+4h,1.514,False,nofill,0.0
2025-06-12 10:30:00-04:00,198.15,205.7,205.78,205.7,207.32,23.2,16,1d+1h+4h,1.498,False,nofill,0.0
2025-06-12 11:30:00-04:00,198.59,205.7,205.77,205.7,207.27,23.2,16,1d+1h+4h,1.41,False,nofill,0.0
2025-06-12 12:30:00-04:00,199.26,205.7,205.77,205.7,207.25,23.2,16,1d+1h+4h,1.277,False,nofill,0.0
2025-06-12 13:30:00-04:00,198.75,205.7,205.77,205.7,207.22,23.2,16,1d+1h+4h,1.379,False,nofill,0.0
2025-06-12 14:30:00-04:00,198.88,205.7,205.77,205.7,207.15,23.2,16,1d+1h+4h,1.352,False,nofill,0.0
2025-06-12 15:30:00-04:00,199.2,205.7,205.77,205.7,207.1,23.2,16,1d+1h+4h,1.289,False,nofill,0.0
2025-06-13 09:30:00-04:00,196.16,196.95,197.03,196.95,198.59,31.8,23,1d+1h+4h,0.159,True,scratch,-0.09957185782694111
2025-06-13 10:30:00-04:00,197.51,205.7,205.78,205.7,207.35,23.2,16,1d+1h+4h,1.634,False,nofill,0.0
2025-06-13 11:30:00-04:00,197.27,205.7,205.78,205.7,207.29,23.2,16,1d+1h+4h,1.681,False,nofill,0.0
2025-06-13 12:30:00-04:00,197.27,205.7,205.77,205.7,207.23,23.2,16,1d+1h+4h,1.681,False,nofill,0.0
2025-06-13 13:30:00-04:00,196.28,196.95,197.02,196.95,198.48,31.8,23,1d+1h+4h,0.134,True,target,0.6788829048599343
2025-06-13 14:30:00-04:00,196.22,196.95,197.02,196.95,198.43,31.8,23,1d+1h+4h,0.146,True,target,0.656187709376499
2025-06-13 15:30:00-04:00,196.45,196.95,197.02,196.95,198.4,31.8,23,1d+1h+4h,0.1,True,target,0.6383729686946449
2025-06-16 09:30:00-04:00,198.43,205.7,205.77,205.7,207.21,23.2,16,1d+1h+4h,1.51,False,nofill,0.0
2025-06-16 10:30:00-04:00,197.32,205.7,205.77,205.7,207.21,23.2,16,1d+1h+4h,1.742,False,nofill,0.0
2025-06-16 11:30:00-04:00,197.08,197.36,197.43,197.36,198.82,24.0,18,1d+1h+4h,0.058,True,scratch,-0.09523957935747562
2025-06-16 12:30:00-04:00,197.88,205.7,205.77,205.7,207.13,23.2,16,1d+1h+4h,1.625,False,nofill,0.0
2025-06-16 13:30:00-04:00,197.99,205.7,205.76,205.7,207.06,23.2,16,1d+1h+4h,1.602,False,nofill,0.0
2025-06-16 14:30:00-04:00,198.24,205.7,205.76,205.7,207.02,23.2,16,1d+1h+4h,1.548,False,nofill,0.0
2025-06-16 15:30:00-04:00,198.37,205.7,205.76,205.7,206.96,23.2,16,1d+1h+4h,1.522,False,nofill,0.0
2025-06-17 09:30:00-04:00,197.58,205.7,205.76,205.7,207.03,22.2,15,1d+1h+4h,1.728,False,nofill,0.0
2025-06-17 10:30:00-04:00,197.58,205.7,205.76,205.7,206.97,22.2,15,1d+1h+4h,1.728,False,nofill,0.0
2025-06-17 11:30:00-04:00,197.62,205.7,205.76,205.7,206.95,22.2,15,1d+1h+4h,1.721,False,nofill,0.0
2025-06-17 12:30:00-04:00,196.52,196.9,196.96,196.9,198.17,33.6,24,1d+1h+4h,0.081,False,nofill,0.0
2025-06-17 13:30:00-04:00,195.46,196.16,196.22,196.16,197.46,37.8,27,1d+1h+4h,0.149,True,target,0.568494598597935
2025-06-17 14:30:00-04:00,195.84,196.16,196.22,196.16,197.4,37.8,27,1d+1h+4h,0.068,True,target,0.5425180035776078
2025-06-17 15:30:00-04:00,195.64,196.16,196.22,196.16,197.35,37.8,27,1d+1h+4h,0.111,True,target,0.515643022383605
2025-06-18 09:30:00-04:00,197.06,197.36,197.42,197.36,198.64,22.2,17,1d+1h+4h,0.066,True,scratch,-0.0909557672562622
2025-06-18 10:30:00-04:00,196.94,197.22,197.28,197.22,198.48,25.0,19,1d+1h+4h,0.061,False,nofill,0.0
2025-06-18 11:30:00-04:00,196.95,197.22,197.27,197.22,198.44,25.0,19,1d+1h+4h,0.058,False,nofill,0.0
2025-06-18 12:30:00-04:00,196.06,196.38,196.44,196.38,197.59,34.8,24,1d+1h+4h,0.07,True,scratch,-0.089364028654082
2025-06-18 13:30:00-04:00,195.91,196.16,196.22,196.16,197.39,36.8,26,1d+1h+4h,0.055,True,scratch,-0.08975150599371817
2025-06-18 14:30:00-04:00,195.64,196.16,196.22,196.16,197.4,36.8,26,1d+1h+4h,0.115,True,target,0.5416284697574936
2025-06-18 15:30:00-04:00,196.25,196.78,196.84,196.78,198.05,33.6,24,1d+1h+4h,0.117,True,target,0.556512893324812
2025-06-20 09:30:00-04:00,198.68,205.7,205.77,205.7,207.24,22.2,15,1d+1h+4h,1.533,False,nofill,0.0
2025-06-20 10:30:00-04:00,197.67,205.7,205.77,205.7,207.26,22.2,15,1d+1h+4h,1.753,False,nofill,0.0
2025-06-20 11:30:00-04:00,198.49,206.2,206.27,206.2,207.74,22.2,15,1d+1h+4h,1.683,False,nofill,0.0
2025-06-20 12:30:00-04:00,198.32,205.7,205.77,205.7,207.21,22.2,15,1d+1h+4h,1.611,False,nofill,0.0
2025-06-20 13:30:00-04:00,199.81,205.7,205.77,205.7,207.26,22.2,15,1d+1h+4h,1.286,False,nofill,0.0
2025-06-20 14:30:00-04:00,199.93,206.2,206.27,206.2,207.71,22.2,15,1d+1h+4h,1.369,False,nofill,0.0
2025-06-20 15:30:00-04:00,200.94,206.24,206.31,206.24,207.78,22.2,15,1d+1h+4h,1.157,False,nofill,0.0
2025-06-23 09:30:00-04:00,201.37,205.7,205.78,205.7,207.31,22.2,15,1d+1h+4h,0.964,False,nofill,0.0
2025-06-23 10:30:00-04:00,200.53,206.24,206.32,206.24,207.84,22.2,15,1d+1h+4h,1.271,False,nofill,0.0
2025-06-23 11:30:00-04:00,200.14,205.7,205.77,205.7,207.26,22.2,15,1d+1h+4h,1.238,False,nofill,0.0
2025-06-23 12:30:00-04:00,201.44,205.7,205.78,205.7,207.34,22.2,15,1d+1h+4h,0.949,False,nofill,0.0
2025-06-23 13:30:00-04:00,201.69,210.58,210.66,210.58,212.19,23.2,16,1d+1h+4h,1.98,False,nofill,0.0
2025-06-23 14:30:00-04:00,201.36,205.7,205.77,205.7,207.26,22.2,15,1d+1h+4h,0.966,False,nofill,0.0
2025-06-23 15:30:00-04:00,201.55,205.7,205.77,205.7,207.2,22.2,15,1d+1h+4h,0.924,False,nofill,0.0
2025-06-24 09:30:00-04:00,200.98,205.7,205.78,205.7,207.29,22.2,15,1d+1h+4h,1.072,False,nofill,0.0
2025-06-24 10:30:00-04:00,201.38,206.24,206.31,206.24,207.78,22.2,15,1d+1h+4h,1.104,False,nofill,0.0
2025-06-24 11:30:00-04:00,202.45,210.58,210.65,210.58,212.11,22.2,15,1d+1h+4h,1.848,False,nofill,0.0
2025-06-24 12:30:00-04:00,201.96,210.58,210.65,210.58,212.11,22.2,15,1d+1h+4h,1.959,False,nofill,0.0
2025-06-24 13:30:00-04:00,201.57,206.24,206.31,206.24,207.74,22.2,15,1d+1h+4h,1.061,False,nofill,0.0
2025-06-24 14:30:00-04:00,201.53,206.24,206.31,206.24,207.68,22.2,15,1d+1h+4h,1.07,False,nofill,0.0
2025-06-24 15:30:00-04:00,200.29,206.24,206.31,206.24,207.68,22.2,15,1d+1h+4h,1.352,False,nofill,0.0
2025-06-25 09:30:00-04:00,202.44,210.58,210.66,210.58,212.17,22.2,15,1d+1h+4h,1.882,False,nofill,0.0
2025-06-25 10:30:00-04:00,202.1,210.58,210.65,210.58,212.15,22.2,15,1d+1h+4h,1.96,False,nofill,0.0
2025-06-25 11:30:00-04:00,201.87,206.24,206.31,206.24,207.75,22.2,15,1d+1h+4h,1.01,False,nofill,0.0
2025-06-25 12:30:00-04:00,201.14,205.7,205.77,205.7,207.19,22.2,15,1d+1h+4h,1.054,False,nofill,0.0
2025-06-25 13:30:00-04:00,201.02,205.7,205.77,205.7,207.13,22.2,15,1d+1h+4h,1.083,False,nofill,0.0
2025-06-25 14:30:00-04:00,201.16,205.7,205.77,205.7,207.07,22.2,15,1d+1h+4h,1.05,False,nofill,0.0
2025-06-25 15:30:00-04:00,201.6,206.24,206.3,206.24,207.57,22.2,15,1d+1h+4h,1.073,False,nofill,0.0
2025-06-26 09:30:00-04:00,199.75,206.2,206.27,206.2,207.65,22.2,15,1d+1h+4h,1.52,False,nofill,0.0
2025-06-26 10:30:00-04:00,199.69,206.2,206.27,206.2,207.62,22.2,15,1d+1h+4h,1.534,False,nofill,0.0
2025-06-26 11:30:00-04:00,200.12,206.24,206.31,206.24,207.66,22.2,15,1d+1h+4h,1.442,False,nofill,0.0
2025-06-26 12:30:00-04:00,200.24,206.24,206.3,206.24,207.6,22.2,15,1d+1h+4h,1.414,False,nofill,0.0
2025-06-26 13:30:00-04:00,200.98,206.24,206.31,206.24,207.61,22.2,15,1d+1h+4h,1.24,False,nofill,0.0
2025-06-26 14:30:00-04:00,201.18,206.24,206.3,206.24,207.54,22.2,15,1d+1h+4h,1.194,False,nofill,0.0
2025-06-26 15:30:00-04:00,200.94,206.2,206.26,206.2,207.47,22.2,15,1d+1h+4h,1.24,False,nofill,0.0
2025-06-27 09:30:00-04:00,201.58,206.2,206.26,206.2,207.55,22.2,15,1d+1h+4h,1.108,False,nofill,0.0
2025-06-27 10:30:00-04:00,201.38,206.2,206.26,206.2,207.53,22.2,15,1d+1h+4h,1.156,False,nofill,0.0
2025-06-27 11:30:00-04:00,201.99,206.24,206.3,206.24,207.53,22.2,15,1d+1h+4h,1.02,False,nofill,0.0
2025-06-27 12:30:00-04:00,202.08,206.24,206.3,206.24,207.51,22.2,15,1d+1h+4h,0.998,False,nofill,0.0
2025-06-27 13:30:00-04:00,201.44,206.24,206.3,206.24,207.51,22.2,15,1d+1h+4h,1.151,False,nofill,0.0
2025-06-27 14:30:00-04:00,201.12,206.2,206.26,206.2,207.43,22.2,15,1d+1h+4h,1.217,False,nofill,0.0
2025-06-27 15:30:00-04:00,201.1,206.24,206.3,206.24,207.46,22.2,15,1d+1h+4h,1.233,False,nofill,0.0
2025-06-30 09:30:00-04:00,201.01,206.24,206.3,206.24,207.51,22.2,15,1d+1h+4h,1.176,False,nofill,0.0
2025-06-30 10:30:00-04:00,199.97,206.24,206.3,206.24,207.55,22.2,15,1d+1h+4h,1.409,False,nofill,0.0
2025-06-30 11:30:00-04:00,200.32,206.24,206.3,206.24,207.51,22.2,15,1d+1h+4h,1.33,True,scratch,-0.08916587547892485
2025-06-30 12:30:00-04:00,200.16,206.24,206.3,206.24,207.46,22.2,15,1d+1h+4h,1.368,True,scratch,-0.08818023143808418
2025-06-30 13:30:00-04:00,200.7,206.2,206.26,206.2,207.4,22.2,15,1d+1h+4h,1.237,True,scratch,-0.0877806226849076
2025-06-30 14:30:00-04:00,206.59,212.35,212.43,212.35,214.06,35.2,22,1d+1h+4h,1.296,False,nofill,0.0
2025-06-30 15:30:00-04:00,205.12,212.15,212.23,212.15,213.9,35.2,22,1d+1h+4h,1.579,False,nofill,0.0
2025-07-01 09:30:00-04:00,209.54,212.35,212.44,212.35,214.34,35.2,22,1d+1h+4h,0.626,False,nofill,0.0
2025-07-01 10:30:00-04:00,207.95,212.15,212.24,212.15,214.19,35.2,22,1d+1h+4h,0.935,False,nofill,0.0
2025-07-01 11:30:00-04:00,207.88,212.35,212.45,212.35,214.36,35.2,22,1d+1h+4h,0.997,False,nofill,0.0
2025-07-01 12:30:00-04:00,208.09,212.15,212.24,212.15,214.12,35.2,22,1d+1h+4h,0.904,False,nofill,0.0
2025-07-01 13:30:00-04:00,208.21,212.15,212.24,212.15,214.04,35.2,22,1d+1h+4h,0.877,True,scratch,-0.1023858990756632
2025-07-01 14:30:00-04:00,208.19,212.15,212.23,212.15,213.98,35.2,22,1d+1h+4h,0.881,True,scratch,-0.10113165253085032
2025-07-01 15:30:00-04:00,207.86,212.35,212.43,212.35,214.11,35.2,22,1d+1h+4h,1.0,True,scratch,-0.09935758879578982
2025-07-02 09:30:00-04:00,212.3,220.47,220.57,220.47,222.51,33.8,25,1d+1h+4h,1.792,False,nofill,0.0
2025-07-02 10:30:00-04:00,211.48,212.15,212.24,212.15,214.15,35.2,22,1d+1h+4h,0.147,False,nofill,0.0
2025-07-02 11:30:00-04:00,210.92,212.35,212.44,212.35,214.3,35.2,22,1d+1h+4h,0.314,True,scratch,-0.10362556736417394
2025-07-02 12:30:00-04:00,210.82,212.35,212.44,212.35,214.24,36.2,23,1d+1h+4h,0.336,True,scratch,-0.10240721928652663
2025-07-02 13:30:00-04:00,211.59,212.24,212.33,212.24,214.08,36.2,23,1d+1h+4h,0.143,True,scratch,-0.10112922899999655
2025-07-02 14:30:00-04:00,211.94,212.24,212.33,212.24,214.06,36.2,23,1d+1h+4h,0.065,True,scratch,-0.10086308726835469
2025-07-02 15:30:00-04:00,212.41,220.47,220.55,220.47,222.23,33.8,25,1d+1h+4h,1.768,False,nofill,0.0
2025-07-03 09:30:00-04:00,213.74,222.5,222.58,222.5,224.28,34.0,22,1d+1h+4h,1.976,False,nofill,0.0
2025-07-03 10:30:00-04:00,213.88,222.5,222.58,222.5,224.26,34.0,22,1d+1h+4h,1.943,False,nofill,0.0
2025-07-03 11:30:00-04:00,214.1,222.5,222.58,222.5,224.21,34.0,22,1d+1h+4h,1.894,False,nofill,0.0
2025-07-07 09:30:00-04:00,212.36,220.47,220.56,220.47,222.36,33.8,25,1d+1h+4h,1.745,False,nofill,0.0
2025-07-07 10:30:00-04:00,212.04,212.35,212.44,212.35,214.18,36.2,23,1d+1h+4h,0.067,False,nofill,0.0
2025-07-07 11:30:00-04:00,210.84,212.35,212.44,212.35,214.19,36.2,23,1d+1h+4h,0.326,False,nofill,0.0
2025-07-07 12:30:00-04:00,209.67,212.35,212.44,212.35,214.18,36.2,23,1d+1h+4h,0.577,False,nofill,0.0
2025-07-07 13:30:00-04:00,208.94,212.35,212.44,212.35,214.17,36.2,23,1d+1h+4h,0.734,False,nofill,0.0
2025-07-07 14:30:00-04:00,209.45,212.35,212.43,212.35,214.13,36.2,23,1d+1h+4h,0.624,False,nofill,0.0
2025-07-07 15:30:00-04:00,209.94,212.35,212.43,212.35,214.09,36.2,23,1d+1h+4h,0.519,False,nofill,0.0
2025-07-08 09:30:00-04:00,209.28,212.35,212.43,212.35,214.11,36.2,23,1d+1h+4h,0.678,False,nofill,0.0
2025-07-08 10:30:00-04:00,209.87,212.35,212.44,212.35,214.15,36.2,23,1d+1h+4h,0.548,False,nofill,0.0
2025-07-08 11:30:00-04:00,210.83,212.35,212.43,212.35,214.13,36.2,23,1d+1h+4h,0.336,False,nofill,0.0
2025-07-08 12:30:00-04:00,209.84,212.35,212.43,212.35,214.1,36.2,23,1d+1h+4h,0.556,False,nofill,0.0
2025-07-08 13:30:00-04:00,209.94,212.24,212.32,212.24,213.94,37.2,24,1d+1h+4h,0.507,False,nofill,0.0
2025-07-08 14:30:00-04:00,209.6,212.35,212.43,212.35,213.98,37.2,24,1d+1h+4h,0.606,False,nofill,0.0
2025-07-08 15:30:00-04:00,210.04,212.35,212.43,212.35,213.94,37.2,24,1d+1h+4h,0.511,False,nofill,0.0
2025-07-09 09:30:00-04:00,209.91,212.35,212.43,212.35,213.94,37.2,24,1d+1h+4h,0.543,False,nofill,0.0
2025-07-09 10:30:00-04:00,207.8,212.35,212.43,212.35,214.03,37.2,24,1d+1h+4h,1.011,False,nofill,0.0
2025-07-09 11:30:00-04:00,207.8,212.35,212.43,212.35,213.98,37.2,24,1d+1h+4h,1.012,False,nofill,0.0
2025-07-09 12:30:00-04:00,208.92,212.35,212.43,212.35,213.97,37.2,24,1d+1h+4h,0.764,False,nofill,0.0
2025-07-09 13:30:00-04:00,209.73,212.35,212.43,212.35,213.95,37.2,24,1d+1h+4h,0.582,False,nofill,0.0
2025-07-09 14:30:00-04:00,209.89,212.24,212.31,212.24,213.77,37.2,24,1d+1h+4h,0.523,True,scratch,-0.09429631102830793
2025-07-09 15:30:00-04:00,211.11,212.24,212.31,212.24,213.78,37.2,24,1d+1h+4h,0.251,True,scratch,-0.09453503765076698
2025-07-10 09:30:00-04:00,212.01,212.24,212.32,212.24,213.83,37.2,24,1d+1h+4h,0.052,True,scratch,-0.09573125376172165
2025-07-10 10:30:00-04:00,212.98,220.47,220.55,220.47,222.07,33.8,25,1d+1h+4h,1.695,False,nofill,0.0
2025-07-10 11:30:00-04:00,212.08,212.35,212.43,212.35,213.94,37.2,24,1d+1h+4h,0.061,True,scratch,-0.09552422111323011
2025-07-10 12:30:00-04:00,212.62,220.47,220.54,220.47,222.01,33.8,25,1d+1h+4h,1.776,False,nofill,0.0
2025-07-10 13:30:00-04:00,212.6,212.9,212.97,212.9,214.4,34.2,23,1d+1h+4h,0.068,True,scratch,-0.09342142830078837
2025-07-10 14:30:00-04:00,212.58,212.9,212.97,212.9,214.36,34.2,23,1d+1h+4h,0.074,True,scratch,-0.09250802920489631
2025-07-10 15:30:00-04:00,212.42,212.91,212.98,212.91,214.33,34.2,23,1d+1h+4h,0.111,False,nofill,0.0
2025-07-11 09:30:00-04:00,211.79,212.35,212.42,212.35,213.86,36.2,23,1d+1h+4h,0.131,False,nofill,0.0
2025-07-11 10:30:00-04:00,210.82,212.35,212.42,212.35,213.85,36.2,23,1d+1h+4h,0.356,False,nofill,0.0
2025-07-11 11:30:00-04:00,210.64,212.35,212.42,212.35,213.8,36.2,23,1d+1h+4h,0.4,False,nofill,0.0
2025-07-11 12:30:00-04:00,211.16,212.35,212.42,212.35,213.76,36.2,23,1d+1h+4h,0.277,False,nofill,0.0
2025-07-11 13:30:00-04:00,211.4,212.24,212.3,212.24,213.6,36.2,23,1d+1h+4h,0.195,False,nofill,0.0
2025-07-11 14:30:00-04:00,211.16,212.24,212.3,212.24,213.57,36.2,23,1d+1h+4h,0.252,False,nofill,0.0
2025-07-11 15:30:00-04:00,211.08,212.35,212.41,212.35,213.62,36.2,23,1d+1h+4h,0.298,False,nofill,0.0
2025-07-14 09:30:00-04:00,208.03,212.24,212.31,212.24,213.68,36.2,23,1d+1h+4h,0.994,False,nofill,0.0
2025-07-14 10:30:00-04:00,208.76,212.35,212.42,212.35,213.77,36.2,23,1d+1h+4h,0.846,False,nofill,0.0
2025-07-14 11:30:00-04:00,208.84,212.35,212.41,212.35,213.71,36.2,23,1d+1h+4h,0.828,False,nofill,0.0
2025-07-14 12:30:00-04:00,209.0,212.35,212.41,212.35,213.66,36.2,23,1d+1h+4h,0.791,False,nofill,0.0
2025-07-14 13:30:00-04:00,209.0,212.35,212.41,212.35,213.6,36.2,23,1d+1h+4h,0.791,False,nofill,0.0
2025-07-14 14:30:00-04:00,209.2,212.24,212.3,212.24,213.44,36.2,23,1d+1h+4h,0.718,False,nofill,0.0
2025-07-14 15:30:00-04:00,208.54,212.35,212.41,212.35,213.52,36.2,23,1d+1h+4h,0.899,False,nofill,0.0
2025-07-15 09:30:00-04:00,210.17,212.24,212.3,212.24,213.52,36.2,23,1d+1h+4h,0.497,False,nofill,0.0
2025-07-15 10:30:00-04:00,211.43,212.24,212.3,212.24,213.6,36.2,23,1d+1h+4h,0.194,False,nofill,0.0
2025-07-15 11:30:00-04:00,210.68,212.24,212.31,212.24,213.61,36.2,23,1d+1h+4h,0.374,False,nofill,0.0
2025-07-15 12:30:00-04:00,210.67,212.24,212.3,212.24,213.57,36.2,23,1d+1h+4h,0.376,False,nofill,0.0
2025-07-15 13:30:00-04:00,211.38,212.24,212.3,212.24,213.55,36.2,23,1d+1h+4h,0.208,True,scratch,-0.08929636403963714
2025-07-15 14:30:00-04:00,210.18,212.24,212.3,212.24,213.57,37.2,24,1d+1h+4h,0.494,True,scratch,-0.08975781111031367
2025-07-15 15:30:00-04:00,209.01,212.24,212.3,212.24,213.57,37.2,24,1d+1h+4h,0.775,True,scratch,-0.08981653729324135
2025-07-16 09:30:00-04:00,212.08,212.91,212.98,212.91,214.4,37.0,25,1d+1h+4h,0.2,False,nofill,0.0
2025-07-16 10:30:00-04:00,210.12,212.24,212.32,212.24,213.84,37.2,24,1d+1h+4h,0.513,False,nofill,0.0
2025-07-16 11:30:00-04:00,209.59,212.24,212.32,212.24,213.87,37.2,24,1d+1h+4h,0.641,False,nofill,0.0
2025-07-16 12:30:00-04:00,210.35,212.24,212.32,212.24,213.87,37.2,24,1d+1h+4h,0.457,False,nofill,0.0
2025-07-16 13:30:00-04:00,210.04,212.24,212.31,212.24,213.81,37.2,24,1d+1h+4h,0.532,False,nofill,0.0
2025-07-16 14:30:00-04:00,210.32,212.24,212.31,212.24,213.74,37.2,24,1d+1h+4h,0.463,False,nofill,0.0
2025-07-16 15:30:00-04:00,210.22,212.24,212.31,212.24,213.68,37.2,24,1d+1h+4h,0.488,False,nofill,0.0
2025-07-17 09:30:00-04:00,209.95,212.4,212.47,212.4,213.84,35.4,23,1d+1h+4h,0.613,False,nofill,0.0
2025-07-17 10:30:00-04:00,210.44,212.4,212.47,212.4,213.82,35.4,23,1d+1h+4h,0.49,False,nofill,0.0
2025-07-17 11:30:00-04:00,211.39,212.35,212.42,212.35,213.77,35.4,23,1d+1h+4h,0.24,False,nofill,0.0
2025-07-17 12:30:00-04:00,210.96,212.4,212.47,212.4,213.77,35.4,23,1d+1h+4h,0.361,False,nofill,0.0
2025-07-17 13:30:00-04:00,211.28,212.35,212.41,212.35,213.69,37.2,24,1d+1h+4h,0.268,False,nofill,0.0
2025-07-17 14:30:00-04:00,211.0,212.35,212.41,212.35,213.63,37.2,24,1d+1h+4h,0.339,False,nofill,0.0
2025-07-17 15:30:00-04:00,210.06,212.4,212.46,212.4,213.69,37.2,24,1d+1h+4h,0.585,False,nofill,0.0
2025-07-18 09:30:00-04:00,209.95,212.35,212.41,212.35,213.65,37.2,24,1d+1h+4h,0.621,False,nofill,0.0
2025-07-18 10:30:00-04:00,210.85,212.4,212.46,212.4,213.7,37.2,24,1d+1h+4h,0.401,False,nofill,0.0
2025-07-18 11:30:00-04:00,211.01,212.4,212.46,212.4,213.64,37.2,24,1d+1h+4h,0.36,False,nofill,0.0
2025-07-18 12:30:00-04:00,211.19,212.4,212.46,212.4,213.62,37.2,24,1d+1h+4h,0.313,False,nofill,0.0
2025-07-18 13:30:00-04:00,210.94,212.4,212.46,212.4,213.59,37.2,24,1d+1h+4h,0.379,True,target,0.4727049857638388
2025-07-18 14:30:00-04:00,210.95,212.4,212.45,212.4,213.53,37.2,24,1d+1h+4h,0.376,True,target,0.44827018749338254
2025-07-18 15:30:00-04:00,211.22,212.35,212.4,212.35,213.44,37.2,24,1d+1h+4h,0.293,True,target,0.42939056749526916
2025-07-21 09:30:00-04:00,214.64,222.18,222.25,222.18,223.54,30.8,20,1d+1h+4h,1.926,False,nofill,0.0
2025-07-21 10:30:00-04:00,213.47,214.22,214.29,214.22,215.62,31.0,21,1d+1h+4h,0.192,False,nofill,0.0
2025-07-21 11:30:00-04:00,213.32,214.22,214.28,214.22,215.56,31.0,21,1d+1h+4h,0.23,False,nofill,0.0
2025-07-21 12:30:00-04:00,213.68,214.22,214.28,214.22,215.52,31.0,21,1d+1h+4h,0.138,False,nofill,0.0
2025-07-21 13:30:00-04:00,213.26,214.22,214.28,214.22,215.51,31.0,21,1d+1h+4h,0.245,False,nofill,0.0
2025-07-21 14:30:00-04:00,212.58,213.0,213.06,213.0,214.27,36.8,24,1d+1h+4h,0.107,True,scratch,-0.08837025100513207
2025-07-21 15:30:00-04:00,212.54,213.0,213.06,213.0,214.23,36.8,24,1d+1h+4h,0.118,True,scratch,-0.08742934175880457
2025-07-22 09:30:00-04:00,213.27,213.48,213.54,213.48,214.76,30.0,20,1d+1h+4h,0.056,True,scratch,-0.08841975254729739
2025-07-22 10:30:00-04:00,213.48,219.71,219.77,219.71,220.97,30.0,22,1d+1h+4h,1.629,False,nofill,0.0
2025-07-22 11:30:00-04:00,213.28,213.48,213.54,213.48,214.73,30.0,20,1d+1h+4h,0.052,True,scratch,-0.08777977616571953
2025-07-22 12:30:00-04:00,214.41,219.7,219.76,219.7,220.98,30.0,22,1d+1h+4h,1.382,False,nofill,0.0
2025-07-22 13:30:00-04:00,213.71,219.71,219.77,219.71,220.97,30.0,22,1d+1h+4h,1.568,False,nofill,0.0
2025-07-22 14:30:00-04:00,214.18,219.7,219.76,219.7,220.93,30.0,22,1d+1h+4h,1.441,False,nofill,0.0
2025-07-22 15:30:00-04:00,214.39,219.7,219.76,219.7,220.89,30.0,22,1d+1h+4h,1.388,False,nofill,0.0
2025-07-23 09:30:00-04:00,212.94,213.25,213.31,213.25,214.56,32.8,22,1d+1h+4h,0.084,True,target,0.5241192018921925
2025-07-23 10:30:00-04:00,213.15,213.34,213.4,213.34,214.61,30.0,20,1d+1h+4h,0.051,True,target,0.5045826577355639
2025-07-23 11:30:00-04:00,213.5,219.49,219.55,219.49,220.76,29.0,21,1d+1h+4h,1.599,False,nofill,0.0
2025-07-23 12:30:00-04:00,214.12,215.83,215.89,215.83,217.07,30.0,22,1d+1h+4h,0.455,False,nofill,0.0
2025-07-23 13:30:00-04:00,214.4,215.83,215.89,215.83,217.02,30.0,22,1d+1h+4h,0.38,False,nofill,0.0
2025-07-23 14:30:00-04:00,214.14,215.83,215.89,215.83,216.99,30.0,22,1d+1h+4h,0.451,False,nofill,0.0
2025-07-23 15:30:00-04:00,214.31,215.83,215.88,215.83,216.96,30.0,22,1d+1h+4h,0.406,False,nofill,0.0
2025-07-24 09:30:00-04:00,214.46,215.06,215.12,215.06,216.27,31.0,21,1d+1h+4h,0.165,True,scratch,-0.08682648903585166
2025-07-24 10:30:00-04:00,215.26,222.18,222.24,222.18,223.4,30.8,20,1d+1h+4h,1.905,False,nofill,0.0
2025-07-24 11:30:00-04:00,214.34,215.06,215.12,215.06,216.29,31.0,21,1d+1h+4h,0.198,True,scratch,-0.08721011151046065
2025-07-24 12:30:00-04:00,214.79,215.06,215.12,215.06,216.27,31.0,21,1d+1h+4h,0.074,True,scratch,-0.0867918394526268
2025-07-24 13:30:00-04:00,214.74,215.1,215.16,215.1,216.27,31.0,21,1d+1h+4h,0.1,False,nofill,0.0
2025-07-24 14:30:00-04:00,214.81,215.06,215.11,215.06,216.2,31.0,21,1d+1h+4h,0.069,True,scratch,-0.08522996141765438
2025-07-24 15:30:00-04:00,213.76,215.17,215.22,215.17,216.32,31.0,21,1d+1h+4h,0.388,True,scratch,-0.08543774869088638
2025-07-25 09:30:00-04:00,214.59,215.06,215.11,215.06,216.21,31.0,21,1d+1h+4h,0.135,True,scratch,-0.08548991517870475
2025-07-25 10:30:00-04:00,214.51,215.06,215.11,215.06,216.21,31.0,21,1d+1h+4h,0.157,False,nofill,0.0
2025-07-25 11:30:00-04:00,214.39,215.06,215.11,215.06,216.17,31.0,21,1d+1h+4h,0.191,False,nofill,0.0
2025-07-25 12:30:00-04:00,214.17,215.1,215.15,215.1,216.17,31.0,21,1d+1h+4h,0.265,False,nofill,0.0
2025-07-25 13:30:00-04:00,213.89,215.24,215.29,215.24,216.29,33.8,23,1d+1h+4h,0.385,False,nofill,0.0
2025-07-25 14:30:00-04:00,213.5,215.06,215.11,215.06,216.08,33.8,23,1d+1h+4h,0.445,False,nofill,0.0
2025-07-25 15:30:00-04:00,213.96,215.24,215.29,215.24,216.22,33.8,23,1d+1h+4h,0.365,False,nofill,0.0
2025-07-28 09:30:00-04:00,214.52,215.1,215.15,215.1,216.1,33.8,23,1d+1h+4h,0.172,False,nofill,0.0
2025-07-28 10:30:00-04:00,214.44,215.1,215.15,215.1,216.08,33.8,23,1d+1h+4h,0.197,False,nofill,0.0
2025-07-28 11:30:00-04:00,214.54,215.1,215.15,215.1,216.05,33.8,23,1d+1h+4h,0.166,False,nofill,0.0
2025-07-28 12:30:00-04:00,213.64,215.24,215.29,215.24,216.21,33.8,23,1d+1h+4h,0.472,False,nofill,0.0
2025-07-28 13:30:00-04:00,213.8,215.17,215.21,215.17,216.1,34.8,24,1d+1h+4h,0.405,False,nofill,0.0
2025-07-28 14:30:00-04:00,213.43,215.24,215.28,215.24,216.16,34.8,24,1d+1h+4h,0.535,False,nofill,0.0
2025-07-28 15:30:00-04:00,214.04,215.17,215.21,215.17,216.08,34.8,24,1d+1h+4h,0.334,False,nofill,0.0
2025-07-29 09:30:00-04:00,213.05,215.24,215.29,215.24,216.33,34.8,24,1d+1h+4h,0.64,False,nofill,0.0
2025-07-29 10:30:00-04:00,211.9,212.15,212.2,212.15,213.26,37.0,25,1d+1h+4h,0.072,True,scratch,-0.08498593295558354
2025-07-29 11:30:00-04:00,212.0,212.24,212.29,212.24,213.37,35.2,24,1d+1h+4h,0.07,True,scratch,-0.08525752098477168
2025-07-29 12:30:00-04:00,212.2,212.7,212.76,212.7,213.86,35.2,24,1d+1h+4h,0.146,False,nofill,0.0
2025-07-29 13:30:00-04:00,211.96,212.15,212.2,212.15,213.27,37.0,25,1d+1h+4h,0.054,True,scratch,-0.08519697344043786
2025-07-29 14:30:00-04:00,211.89,212.15,212.2,212.15,213.25,37.0,25,1d+1h+4h,0.075,True,scratch,-0.08480892039038901
2025-07-29 15:30:00-04:00,211.35,212.15,212.2,212.15,213.24,37.0,25,1d+1h+4h,0.232,True,scratch,-0.0844746482541403
2025-07-30 09:30:00-04:00,210.61,212.15,212.2,212.15,213.34,37.0,25,1d+1h+4h,0.437,False,nofill,0.0
2025-07-30 10:30:00-04:00,209.72,212.07,212.13,212.07,213.26,37.0,25,1d+1h+4h,0.671,False,nofill,0.0
2025-07-30 11:30:00-04:00,210.12,212.15,212.2,212.15,213.31,37.0,25,1d+1h+4h,0.577,False,nofill,0.0
2025-07-30 12:30:00-04:00,209.76,212.07,212.12,212.07,213.22,37.0,25,1d+1h+4h,0.659,False,nofill,0.0
2025-07-30 13:30:00-04:00,209.86,212.15,212.2,212.15,213.26,37.0,25,1d+1h+4h,0.652,False,nofill,0.0
2025-07-30 14:30:00-04:00,208.52,212.07,212.13,212.07,213.29,37.0,25,1d+1h+4h,1.011,False,nofill,0.0
2025-07-30 15:30:00-04:00,209.02,212.07,212.13,212.07,213.27,37.0,25,1d+1h+4h,0.869,False,nofill,0.0
2025-07-31 09:30:00-04:00,208.84,212.15,212.21,212.15,213.4,37.0,25,1d+1h+4h,0.957,False,nofill,0.0
2025-07-31 10:30:00-04:00,208.28,212.15,212.21,212.15,213.42,37.0,25,1d+1h+4h,1.119,False,nofill,0.0
2025-07-31 11:30:00-04:00,208.95,212.15,212.2,212.15,213.4,37.0,25,1d+1h+4h,0.925,False,nofill,0.0
2025-07-31 12:30:00-04:00,208.66,212.15,212.21,212.15,213.41,37.0,25,1d+1h+4h,1.009,False,nofill,0.0
2025-07-31 13:30:00-04:00,208.61,212.15,212.21,212.15,213.42,37.0,25,1d+1h+4h,1.025,True,scratch,-0.08848300565986733
2025-07-31 14:30:00-04:00,208.57,212.15,212.2,212.15,213.39,37.0,25,1d+1h+4h,1.036,True,scratch,-0.08795157406142895
2025-07-31 15:30:00-04:00,207.61,212.15,212.21,212.15,213.43,37.0,25,1d+1h+4h,1.314,True,scratch,-0.08879608562034624
2025-08-01 09:30:00-04:00,205.36,212.24,212.33,212.24,214.12,41.0,27,1d+1h+4h,1.693,False,nofill,0.0
2025-08-01 10:30:00-04:00,203.44,206.22,206.32,206.22,208.17,28.0,18,1d+1h+4h,0.685,False,nofill,0.0
2025-08-01 11:30:00-04:00,202.75,206.24,206.33,206.24,208.2,28.0,18,1d+1h+4h,0.859,False,nofill,0.0
2025-08-01 12:30:00-04:00,201.98,206.22,206.32,206.22,208.17,28.0,18,1d+1h+4h,1.044,False,nofill,0.0
2025-08-01 13:30:00-04:00,203.55,211.64,211.73,211.64,213.61,30.4,22,1d+1h+4h,1.991,False,nofill,0.0
2025-08-01 14:30:00-04:00,203.19,206.22,206.32,206.22,208.16,28.0,18,1d+1h+4h,0.747,True,scratch,-0.10459048692298412
2025-08-01 15:30:00-04:00,202.27,206.24,206.33,206.24,208.12,28.0,18,1d+1h+4h,0.977,True,scratch,-0.10325235805273003
2025-08-04 09:30:00-04:00,206.76,212.94,213.04,212.94,215.02,42.8,30,1d+1h+4h,1.467,False,nofill,0.0
2025-08-04 10:30:00-04:00,205.77,212.9,213.0,212.9,215.0,42.8,30,1d+1h+4h,1.692,False,nofill,0.0
2025-08-04 11:30:00-04:00,203.94,212.35,212.45,212.35,214.44,42.0,28,1d+1h+4h,1.997,False,nofill,0.0
2025-08-04 12:30:00-04:00,204.15,212.35,212.44,212.35,214.34,42.0,28,1d+1h+4h,1.946,False,nofill,0.0
2025-08-04 13:30:00-04:00,203.43,211.8,211.89,211.8,213.71,32.2,23,1d+1h+4h,1.986,False,nofill,0.0
2025-08-04 14:30:00-04:00,202.32,207.04,207.13,207.04,208.92,29.8,21,1d+1h+4h,1.119,False,nofill,0.0
2025-08-04 15:30:00-04:00,203.34,211.64,211.73,211.64,213.52,30.4,22,1d+1h+4h,1.969,False,nofill,0.0
2025-08-05 09:30:00-04:00,204.53,212.59,212.69,212.59,214.52,43.0,29,1d+1h+4h,1.948,False,nofill,0.0
2025-08-05 10:30:00-04:00,204.63,212.59,212.68,212.59,214.49,43.0,29,1d+1h+4h,1.924,False,nofill,0.0
2025-08-05 11:30:00-04:00,203.71,211.96,212.05,211.96,213.81,37.0,25,1d+1h+4h,1.994,False,nofill,0.0
2025-08-05 12:30:00-04:00,204.04,212.24,212.33,212.24,214.04,41.0,27,1d+1h+4h,1.983,False,nofill,0.0
2025-08-05 13:30:00-04:00,203.87,212.15,212.23,212.15,213.86,38.0,26,1d+1h+4h,2.0,False,nofill,0.0
2025-08-05 14:30:00-04:00,203.34,211.6,211.68,211.6,213.25,30.4,22,1d+1h+4h,1.997,True,target,0.6820491260354666
2025-08-05 15:30:00-04:00,202.93,206.2,206.28,206.2,207.79,29.0,19,1d+1h+4h,0.79,True,target,0.6727037668531999
2025-08-06 09:30:00-04:00,210.76,212.4,212.5,212.4,214.49,49.6,34,1d+1h+4h,0.347,True,target,0.876579434913749
2025-08-06 10:30:00-04:00,214.22,223.09,223.2,223.09,225.31,48.6,31,1d+1h+4h,1.875,False,nofill,0.0
2025-08-06 11:30:00-04:00,214.5,223.09,223.19,223.09,225.25,48.6,31,1d+1h+4h,1.817,False,nofill,0.0
2025-08-06 12:30:00-04:00,214.54,223.09,223.19,223.09,225.17,48.6,31,1d+1h+4h,1.808,False,nofill,0.0
2025-08-06 13:30:00-04:00,214.6,223.09,223.19,223.09,225.12,48.6,31,1d+1h+4h,1.795,False,nofill,0.0
2025-08-06 14:30:00-04:00,213.88,223.09,223.18,223.09,225.05,48.6,31,1d+1h+4h,1.949,False,nofill,0.0
2025-08-06 15:30:00-04:00,213.25,213.58,213.67,213.58,215.52,45.2,30,1d+1h+4h,0.07,True,target,0.8061354638974061
2025-08-07 09:30:00-04:00,218.27,224.89,225.0,224.89,227.23,51.8,37,1d+1h+4h,1.342,False,nofill,0.0
2025-08-07 10:30:00-04:00,219.63,224.89,225.0,224.89,227.25,51.8,37,1d+1h+4h,1.067,False,nofill,0.0
2025-08-07 11:30:00-04:00,219.92,224.97,225.08,224.97,227.23,51.8,37,1d+1h+4h,1.025,False,nofill,0.0
2025-08-07 12:30:00-04:00,218.71,224.97,225.09,224.97,227.59,51.8,37,1d+1h+4h,1.269,False,nofill,0.0
2025-08-07 13:30:00-04:00,219.5,224.89,225.01,224.89,227.4,51.8,37,1d+1h+4h,1.093,False,nofill,0.0
2025-08-07 14:30:00-04:00,219.3,224.89,225.01,224.89,227.34,51.8,37,1d+1h+4h,1.134,False,nofill,0.0
2025-08-07 15:30:00-04:00,220.13,224.97,225.08,224.97,227.31,51.8,37,1d+1h+4h,0.982,True,target,0.9314597153835313
2025-08-08 09:30:00-04:00,222.78,224.61,224.73,224.61,227.08,57.8,41,1d+1h+4h,0.338,True,target,0.9843906454994444
2025-08-08 10:30:00-04:00,224.36,226.83,226.94,226.83,229.27,52.8,40,1d+1h+4h,0.456,True,target,0.963234432835991
2025-08-08 11:30:00-04:00,228.2,228.5,228.62,228.5,231.06,46.0,38,1h+4h,0.055,True,scratch,-0.11325185128957527
2025-08-08 12:30:00-04:00,228.68,229.85,229.97,229.85,232.45,42.8,32,1d+1h+4h,0.217,True,scratch,-0.11376005917185239
2025-08-08 13:30:00-04:00,229.29,229.85,229.97,229.85,232.45,42.8,32,1d+1h+4h,0.103,False,nofill,0.0
2025-08-08 14:30:00-04:00,228.83,229.85,229.97,229.85,232.36,42.8,32,1d+1h+4h,0.188,False,nofill,0.0
2025-08-08 15:30:00-04:00,229.37,229.85,229.97,229.85,232.28,42.8,32,1d+1h+4h,0.089,False,nofill,0.0
2025-08-11 09:30:00-04:00,226.78,227.98,228.1,227.98,230.58,47.2,38,1d+1h+4h,0.224,True,scratch,-0.11419415344285921
2025-08-11 10:30:00-04:00,227.47,227.98,228.1,227.98,230.53,47.2,38,1d+1h+4h,0.095,True,scratch,-0.11312335536982632
2025-08-11 11:30:00-04:00,228.73,229.85,229.97,229.85,232.37,43.8,33,1d+1h+4h,0.209,False,nofill,0.0
2025-08-11 12:30:00-04:00,228.1,229.91,230.03,229.91,232.33,43.8,33,1d+1h+4h,0.337,False,nofill,0.0
2025-08-11 13:30:00-04:00,227.74,228.03,228.14,228.03,230.37,46.2,37,1d+1h+4h,0.055,True,target,0.9162512530324296
2025-08-11 14:30:00-04:00,227.65,227.98,228.09,227.98,230.22,47.2,38,1d+1h+4h,0.061,True,target,0.8736544293267423
2025-08-11 15:30:00-04:00,227.2,227.98,228.08,227.98,230.14,47.2,38,1d+1h+4h,0.144,True,target,0.8400002935253337
2025-08-12 09:30:00-04:00,228.57,229.85,229.96,229.85,232.07,45.6,34,1d+1h+4h,0.244,True,scratch,-0.10583458301934856
2025-08-12 10:30:00-04:00,229.73,230.15,230.26,230.15,232.38,42.8,32,1d+1h+4h,0.08,True,scratch,-0.10611017438975079
2025-08-12 11:30:00-04:00,229.78,230.15,230.26,230.15,232.36,42.8,32,1d+1h+4h,0.07,True,scratch,-0.10559028669280268
2025-08-12 12:30:00-04:00,229.78,230.15,230.25,230.15,232.28,42.8,32,1d+1h+4h,0.071,True,scratch,-0.10406938534125443
2025-08-12 13:30:00-04:00,229.57,229.85,229.95,229.85,231.91,45.6,34,1d+1h+4h,0.053,True,target,0.7940123465659088
2025-08-12 14:30:00-04:00,229.18,229.85,229.94,229.85,231.82,45.6,34,1d+1h+4h,0.127,True,target,0.7544494150030223
2025-08-12 15:30:00-04:00,229.65,230.15,230.24,230.15,232.06,42.8,32,1d+1h+4h,0.095,True,target,0.7275451485169615
2025-08-13 09:30:00-04:00,231.81,234.01,234.11,234.01,236.01,37.6,28,1d+1h+4h,0.419,True,scratch,-0.10062286829674028
2025-08-13 10:30:00-04:00,232.29,234.0,234.1,234.0,236.07,37.6,28,1d+1h+4h,0.325,True,scratch,-0.10209687509517007
2025-08-13 11:30:00-04:00,233.1,233.97,234.07,233.97,236.0,37.6,28,1d+1h+4h,0.166,True,scratch,-0.10117873849706527
2025-08-13 12:30:00-04:00,232.46,234.0,234.1,234.0,236.02,37.6,28,1d+1h+4h,0.294,True,scratch,-0.10097561432426128
2025-08-13 13:30:00-04:00,232.92,233.97,234.07,233.97,236.07,37.6,28,1d+1h+4h,0.199,True,scratch,-0.10258066626445128
2025-08-13 14:30:00-04:00,233.58,234.0,234.1,234.0,236.18,37.6,28,1d+1h+4h,0.079,True,scratch,-0.10427385588643867
2025-08-13 15:30:00-04:00,233.33,233.97,234.07,233.97,236.08,37.6,28,1d+1h+4h,0.122,True,scratch,-0.10297630800017998
2025-08-14 09:30:00-04:00,232.21,234.01,234.12,234.01,236.23,37.6,28,1d+1h+4h,0.347,False,nofill,0.0
2025-08-14 10:30:00-04:00,231.74,234.01,234.11,234.01,236.19,37.6,28,1d+1h+4h,0.438,False,nofill,0.0
2025-08-14 11:30:00-04:00,232.01,234.01,234.11,234.01,236.14,37.6,28,1d+1h+4h,0.386,False,nofill,0.0
2025-08-14 12:30:00-04:00,232.93,233.97,234.07,233.97,236.04,38.6,29,1d+1h+4h,0.201,False,nofill,0.0
2025-08-14 13:30:00-04:00,232.73,234.01,234.1,234.01,235.99,38.6,29,1d+1h+4h,0.247,True,scratch,-0.10023770434147705
2025-08-14 14:30:00-04:00,232.94,234.01,234.1,234.01,235.93,38.6,29,1d+1h+4h,0.205,True,scratch,-0.09896368371573594
2025-08-14 15:30:00-04:00,232.83,233.97,234.06,233.97,235.81,38.6,29,1d+1h+4h,0.22,True,scratch,-0.0974364870533817
2025-08-15 09:30:00-04:00,232.17,234.01,234.1,234.01,235.92,38.6,29,1d+1h+4h,0.356,False,nofill,0.0
2025-08-15 10:30:00-04:00,231.07,234.01,234.1,234.01,235.92,38.6,29,1d+1h+4h,0.569,False,nofill,0.0
2025-08-15 11:30:00-04:00,230.74,234.01,234.1,234.01,235.85,38.6,29,1d+1h+4h,0.633,False,nofill,0.0
2025-08-15 12:30:00-04:00,230.57,234.01,234.09,234.01,235.79,38.6,29,1d+1h+4h,0.666,False,nofill,0.0
2025-08-15 13:30:00-04:00,230.85,234.01,234.1,234.01,235.81,40.4,30,1d+1h+4h,0.612,False,nofill,0.0
2025-08-15 14:30:00-04:00,231.36,234.01,234.09,234.01,235.76,40.4,30,1d+1h+4h,0.513,False,nofill,0.0
2025-08-15 15:30:00-04:00,231.65,234.01,234.09,234.01,235.69,40.4,30,1d+1h+4h,0.457,False,nofill,0.0
2025-08-18 09:30:00-04:00,230.66,234.01,234.09,234.01,235.76,40.4,30,1d+1h+4h,0.668,False,nofill,0.0
2025-08-18 10:30:00-04:00,230.86,234.01,234.09,234.01,235.7,40.4,30,1d+1h+4h,0.629,False,nofill,0.0
2025-08-18 11:30:00-04:00,230.68,234.01,234.09,234.01,235.62,40.4,30,1d+1h+4h,0.664,False,nofill,0.0
2025-08-18 12:30:00-04:00,231.07,234.01,234.08,234.01,235.58,41.4,31,1d+1h+4h,0.587,False,nofill,0.0
2025-08-18 13:30:00-04:00,231.14,234.01,234.08,234.01,235.53,41.4,31,1d+1h+4h,0.572,False,nofill,0.0
2025-08-18 14:30:00-04:00,231.22,234.01,234.08,234.01,235.46,41.4,31,1d+1h+4h,0.556,False,nofill,0.0
2025-08-18 15:30:00-04:00,230.88,234.01,234.08,234.01,235.41,41.4,31,1d+1h+4h,0.625,False,nofill,0.0
2025-08-19 09:30:00-04:00,231.83,234.01,234.08,234.01,235.48,44.4,32,1d+1h+4h,0.445,False,nofill,0.0
2025-08-19 10:30:00-04:00,231.32,234.01,234.08,234.01,235.51,44.4,32,1d+1h+4h,0.548,False,nofill,0.0
2025-08-19 11:30:00-04:00,231.31,234.01,234.08,234.01,235.45,44.4,32,1d+1h+4h,0.551,False,nofill,0.0
2025-08-19 12:30:00-04:00,230.62,234.01,234.08,234.01,235.44,44.4,32,1d+1h+4h,0.69,False,nofill,0.0
2025-08-19 13:30:00-04:00,230.05,230.43,230.49,230.43,231.83,45.6,34,1d+1h+4h,0.076,True,scratch,-0.08900763832073721
2025-08-19 14:30:00-04:00,230.18,230.44,230.51,230.44,231.81,45.6,34,1d+1h+4h,0.052,True,scratch,-0.08823354187033061
2025-08-19 15:30:00-04:00,230.54,234.01,234.07,234.01,235.33,44.4,32,1d+1h+4h,0.708,False,nofill,0.0
2025-08-20 09:30:00-04:00,226.72,229.85,229.92,229.85,231.38,46.4,36,1d+1h+4h,0.639,False,nofill,0.0
2025-08-20 10:30:00-04:00,227.34,229.85,229.92,229.85,231.38,46.4,36,1d+1h+4h,0.514,False,nofill,0.0
2025-08-20 11:30:00-04:00,227.13,229.85,229.92,229.85,231.34,46.4,36,1d+1h+4h,0.555,False,nofill,0.0
2025-08-20 12:30:00-04:00,226.3,226.64,226.71,226.64,228.12,52.0,40,1d+1h+4h,0.07,True,scratch,-0.0910818590272977
2025-08-20 13:30:00-04:00,225.99,226.64,226.71,226.64,228.1,52.0,40,1d+1h+4h,0.133,True,scratch,-0.0905294529913836
2025-08-20 14:30:00-04:00,226.44,226.8,226.87,226.8,228.22,50.0,38,1d+1h+4h,0.073,True,scratch,-0.08968075321377222
2025-08-20 15:30:00-04:00,225.96,226.64,226.71,226.64,228.03,52.0,40,1d+1h+4h,0.139,False,nofill,0.0
2025-08-21 09:30:00-04:00,225.58,226.06,226.13,226.06,227.5,51.0,39,1d+1h+4h,0.102,False,nofill,0.0
2025-08-21 10:30:00-04:00,225.13,226.06,226.13,226.06,227.48,51.0,39,1d+1h+4h,0.197,False,nofill,0.0
2025-08-21 11:30:00-04:00,224.83,226.06,226.13,226.06,227.45,51.0,39,1d+1h+4h,0.261,False,nofill,0.0
2025-08-21 12:30:00-04:00,224.18,224.89,224.96,224.89,226.27,52.8,38,1d+1h+4h,0.151,True,scratch,-0.08921257112175507
2025-08-21 13:30:00-04:00,224.23,224.89,224.95,224.89,226.22,52.8,38,1d+1h+4h,0.139,True,scratch,-0.08810633492792874
2025-08-21 14:30:00-04:00,224.88,226.06,226.13,226.06,227.37,51.0,39,1d+1h+4h,0.25,True,target,0.4899468099245574
2025-08-21 15:30:00-04:00,224.91,226.06,226.13,226.06,227.34,51.0,39,1d+1h+4h,0.244,True,target,0.47786913930618624
2025-08-22 09:30:00-04:00,227.95,230.16,230.23,230.16,231.59,45.6,34,1d+1h+4h,0.47,False,nofill,0.0
2025-08-22 10:30:00-04:00,228.06,230.15,230.22,230.15,231.55,45.6,34,1d+1h+4h,0.445,False,nofill,0.0
2025-08-22 11:30:00-04:00,227.17,230.16,230.23,230.16,231.57,45.6,34,1d+1h+4h,0.636,False,nofill,0.0
2025-08-22 12:30:00-04:00,228.61,230.15,230.22,230.15,231.61,45.6,34,1d+1h+4h,0.328,False,nofill,0.0
2025-08-22 13:30:00-04:00,227.87,230.16,230.23,230.16,231.58,45.6,34,1d+1h+4h,0.487,False,nofill,0.0
2025-08-22 14:30:00-04:00,227.85,230.16,230.23,230.16,231.54,45.6,34,1d+1h+4h,0.492,False,nofill,0.0
2025-08-22 15:30:00-04:00,227.75,230.16,230.22,230.16,231.5,46.6,35,1d+1h+4h,0.513,False,nofill,0.0
2025-08-25 09:30:00-04:00,228.81,230.11,230.18,230.11,231.57,45.6,34,1d+1h+4h,0.284,False,nofill,0.0
2025-08-25 10:30:00-04:00,228.56,230.16,230.23,230.16,231.59,45.6,34,1d+1h+4h,0.348,False,nofill,0.0
2025-08-25 11:30:00-04:00,228.54,230.16,230.23,230.16,231.55,45.6,34,1d+1h+4h,0.354,False,nofill,0.0
2025-08-25 12:30:00-04:00,228.44,230.16,230.22,230.16,231.48,45.6,34,1d+1h+4h,0.376,False,nofill,0.0
2025-08-25 13:30:00-04:00,227.88,230.11,230.17,230.11,231.41,45.6,34,1d+1h+4h,0.486,False,nofill,0.0
2025-08-25 14:30:00-04:00,227.6,230.11,230.17,230.11,231.35,46.6,35,1d+1h+4h,0.548,False,nofill,0.0
2025-08-25 15:30:00-04:00,227.15,230.11,230.17,230.11,231.3,46.6,35,1d+1h+4h,0.646,False,nofill,0.0
2025-08-26 09:30:00-04:00,226.5,230.11,230.17,230.11,231.4,46.6,35,1d+1h+4h,0.785,False,nofill,0.0
2025-08-26 10:30:00-04:00,226.96,230.15,230.21,230.15,231.43,46.6,35,1d+1h+4h,0.694,False,nofill,0.0
2025-08-26 11:30:00-04:00,227.57,230.11,230.17,230.11,231.38,46.6,35,1d+1h+4h,0.552,False,nofill,0.0
2025-08-26 12:30:00-04:00,228.11,230.16,230.22,230.16,231.4,46.6,35,1d+1h+4h,0.446,False,nofill,0.0
2025-08-26 13:30:00-04:00,228.36,230.11,230.17,230.11,231.32,46.6,35,1d+1h+4h,0.381,True,scratch,-0.08493683219626957
2025-08-26 14:30:00-04:00,228.57,230.16,230.22,230.16,231.34,46.6,35,1d+1h+4h,0.346,True,scratch,-0.08446726363585677
2025-08-26 15:30:00-04:00,229.3,230.15,230.21,230.15,231.38,46.6,35,1d+1h+4h,0.185,True,scratch,-0.0854556360415204
2025-08-27 09:30:00-04:00,230.02,234.0,234.06,234.0,235.29,43.4,31,1d+1h+4h,0.894,False,nofill,0.0
2025-08-27 10:30:00-04:00,229.57,230.11,230.17,230.11,231.4,46.6,35,1d+1h+4h,0.12,True,scratch,-0.08665701933531222
2025-08-27 11:30:00-04:00,229.87,230.11,230.17,230.11,231.37,46.6,35,1d+1h+4h,0.054,True,scratch,-0.08595829351079054
2025-08-27 12:30:00-04:00,229.84,230.11,230.17,230.11,231.31,46.6,35,1d+1h+4h,0.061,True,scratch,-0.0848629692457914
2025-08-27 13:30:00-04:00,230.62,234.0,234.06,234.0,235.18,43.4,31,1d+1h+4h,0.757,False,nofill,0.0
2025-08-27 14:30:00-04:00,230.13,230.43,230.48,230.43,231.59,43.8,33,1d+1h+4h,0.066,True,scratch,-0.08408877221151023
2025-08-27 15:30:00-04:00,230.44,234.0,234.05,234.0,235.14,43.4,31,1d+1h+4h,0.799,False,nofill,0.0
2025-08-28 09:30:00-04:00,230.42,233.97,234.03,233.97,235.15,41.6,30,1d+1h+4h,0.803,False,nofill,0.0
2025-08-28 10:30:00-04:00,230.95,233.97,234.03,233.97,235.18,41.6,30,1d+1h+4h,0.682,False,nofill,0.0
2025-08-28 11:30:00-04:00,232.29,233.97,234.03,233.97,235.2,41.6,30,1d+1h+4h,0.379,False,nofill,0.0
2025-08-28 12:30:00-04:00,233.0,233.97,234.03,233.97,235.19,41.6,30,1d+1h+4h,0.219,False,nofill,0.0
2025-08-28 13:30:00-04:00,232.92,233.97,234.03,233.97,235.15,41.6,30,1d+1h+4h,0.237,False,nofill,0.0
2025-08-28 14:30:00-04:00,232.98,233.97,234.02,233.97,235.1,41.6,30,1d+1h+4h,0.225,False,nofill,0.0
2025-08-28 15:30:00-04:00,232.49,233.97,234.02,233.97,235.08,41.6,30,1d+1h+4h,0.334,False,nofill,0.0
2025-08-29 09:30:00-04:00,232.81,233.97,234.03,233.97,235.15,39.8,29,1d+1h+4h,0.273,False,nofill,0.0
2025-08-29 10:30:00-04:00,232.96,233.97,234.02,233.97,235.12,39.8,29,1d+1h+4h,0.237,False,nofill,0.0
2025-08-29 11:30:00-04:00,232.5,234.01,234.07,234.01,235.2,39.8,29,1d+1h+4h,0.355,False,nofill,0.0
2025-08-29 12:30:00-04:00,232.03,234.01,234.07,234.01,235.19,39.8,29,1d+1h+4h,0.465,False,nofill,0.0
2025-08-29 13:30:00-04:00,232.18,234.01,234.06,234.01,235.15,39.8,29,1d+1h+4h,0.43,False,nofill,0.0
2025-08-29 14:30:00-04:00,232.35,234.01,234.06,234.01,235.12,39.8,29,1d+1h+4h,0.389,False,nofill,0.0
2025-08-29 15:30:00-04:00,232.27,234.01,234.06,234.01,235.14,39.8,29,1d+1h+4h,0.409,False,nofill,0.0
2025-09-02 09:30:00-04:00,230.6,233.97,234.04,233.97,235.37,41.6,30,1d+1h+4h,0.78,False,nofill,0.0
2025-09-02 10:30:00-04:00,227.83,230.16,230.23,230.16,231.7,47.6,36,1d+1h+4h,0.54,False,nofill,0.0
2025-09-02 11:30:00-04:00,227.85,230.15,230.22,230.15,231.65,47.6,36,1d+1h+4h,0.533,False,nofill,0.0
2025-09-02 12:30:00-04:00,228.41,230.16,230.23,230.16,231.62,47.6,36,1d+1h+4h,0.405,False,nofill,0.0
2025-09-02 13:30:00-04:00,228.4,230.16,230.23,230.16,231.59,47.6,36,1d+1h+4h,0.408,True,target,0.5325283690846394
2025-09-02 14:30:00-04:00,228.94,230.11,230.18,230.11,231.6,47.6,36,1d+1h+4h,0.271,True,target,0.5557565266343545
2025-09-02 15:30:00-04:00,229.71,230.11,230.18,230.11,231.58,47.6,36,1d+1h+4h,0.093,True,target,0.5460473791786491
2025-09-03 09:30:00-04:00,236.83,245.05,245.14,245.05,247.03,21.4,15,1d+1h+4h,1.764,False,nofill,0.0
2025-09-03 10:30:00-04:00,236.01,245.05,245.14,245.05,247.01,21.4,15,1d+1h+4h,1.94,False,nofill,0.0
2025-09-03 11:30:00-04:00,236.49,244.85,244.94,244.85,246.77,21.4,15,1d+1h+4h,1.794,False,nofill,0.0
2025-09-03 12:30:00-04:00,237.43,245.05,245.14,245.05,246.94,21.4,15,1d+1h+4h,1.636,False,nofill,0.0
2025-09-03 13:30:00-04:00,236.91,244.85,244.94,244.85,246.67,21.4,15,1d+1h+4h,1.704,False,nofill,0.0
2025-09-03 14:30:00-04:00,237.16,244.54,244.62,244.54,246.28,21.4,15,1d+1h+4h,1.585,False,nofill,0.0
2025-09-03 15:30:00-04:00,238.49,244.91,244.99,244.91,246.64,21.4,15,1d+1h+4h,1.378,False,nofill,0.0
2025-09-04 09:30:00-04:00,237.69,245.05,245.14,245.05,246.87,21.4,15,1d+1h+4h,1.617,False,nofill,0.0
2025-09-04 10:30:00-04:00,237.4,245.05,245.13,245.05,246.82,21.4,15,1d+1h+4h,1.681,False,nofill,0.0
2025-09-04 11:30:00-04:00,237.16,245.05,245.13,245.05,246.76,21.4,15,1d+1h+4h,1.733,False,nofill,0.0
2025-09-04 12:30:00-04:00,238.04,245.05,245.13,245.05,246.72,21.4,15,1d+1h+4h,1.54,False,nofill,0.0
2025-09-04 13:30:00-04:00,238.06,245.05,245.13,245.05,246.67,21.4,15,1d+1h+4h,1.536,False,nofill,0.0
2025-09-04 14:30:00-04:00,238.7,244.85,244.93,244.85,246.44,21.4,15,1d+1h+4h,1.35,False,nofill,0.0
2025-09-04 15:30:00-04:00,239.71,244.59,244.67,244.59,246.17,21.4,15,1d+1h+4h,1.072,False,nofill,0.0
2025-09-05 09:30:00-04:00,239.28,244.63,244.71,244.63,246.26,21.4,15,1d+1h+4h,1.207,False,nofill,0.0
2025-09-05 10:30:00-04:00,239.8,244.59,244.67,244.59,246.22,21.4,15,1d+1h+4h,1.081,False,nofill,0.0
2025-09-05 11:30:00-04:00,238.77,244.59,244.67,244.59,246.24,21.4,15,1d+1h+4h,1.314,False,nofill,0.0
2025-09-05 12:30:00-04:00,239.62,244.59,244.67,244.59,246.21,21.4,15,1d+1h+4h,1.121,False,nofill,0.0
2025-09-05 13:30:00-04:00,239.12,244.91,244.99,244.91,246.49,21.4,15,1d+1h+4h,1.308,False,nofill,0.0
2025-09-05 14:30:00-04:00,239.92,244.63,244.7,244.63,246.17,21.4,15,1d+1h+4h,1.063,False,nofill,0.0
2025-09-05 15:30:00-04:00,239.67,244.59,244.66,244.59,246.09,21.4,15,1d+1h+4h,1.111,False,nofill,0.0
2025-09-08 09:30:00-04:00,239.23,244.91,244.98,244.91,246.41,21.4,15,1d+1h+4h,1.296,False,nofill,0.0
2025-09-08 10:30:00-04:00,238.7,244.91,244.98,244.91,246.38,21.4,15,1d+1h+4h,1.417,False,nofill,0.0
2025-09-08 11:30:00-04:00,237.73,244.91,244.98,244.91,246.36,21.4,15,1d+1h+4h,1.638,False,nofill,0.0
2025-09-08 12:30:00-04:00,237.81,244.63,244.7,244.63,246.09,21.4,15,1d+1h+4h,1.557,False,nofill,0.0
2025-09-08 13:30:00-04:00,237.16,240.79,240.86,240.79,242.21,23.0,17,1d+1h+4h,0.827,False,nofill,0.0
2025-09-08 14:30:00-04:00,237.11,240.79,240.86,240.79,242.16,23.0,17,1d+1h+4h,0.84,False,nofill,0.0
2025-09-08 15:30:00-04:00,237.92,240.79,240.85,240.79,242.14,23.0,17,1d+1h+4h,0.655,False,nofill,0.0
2025-09-09 09:30:00-04:00,236.31,240.79,240.86,240.79,242.19,23.0,17,1d+1h+4h,1.005,False,nofill,0.0
2025-09-09 10:30:00-04:00,236.22,240.79,240.86,240.79,242.16,23.0,17,1d+1h+4h,1.025,False,nofill,0.0
2025-09-09 11:30:00-04:00,236.0,240.79,240.85,240.79,242.11,23.0,17,1d+1h+4h,1.075,False,nofill,0.0
2025-09-09 12:30:00-04:00,237.75,240.79,240.86,240.79,242.24,23.0,17,1d+1h+4h,0.682,False,nofill,0.0
2025-09-09 13:30:00-04:00,234.53,235.11,235.19,235.11,236.79,31.2,20,1d+1h+4h,0.13,False,nofill,0.0
2025-09-09 14:30:00-04:00,234.31,235.11,235.19,235.11,236.77,31.2,20,1d+1h+4h,0.18,False,nofill,0.0
2025-09-09 15:30:00-04:00,234.35,235.11,235.19,235.11,236.73,31.2,20,1d+1h+4h,0.171,False,nofill,0.0
2025-09-10 09:30:00-04:00,228.11,230.15,230.25,230.15,232.17,48.6,37,1d+1h+4h,0.431,False,nofill,0.0
2025-09-10 10:30:00-04:00,227.04,230.15,230.24,230.15,232.12,48.6,37,1d+1h+4h,0.657,False,nofill,0.0
2025-09-10 11:30:00-04:00,227.74,230.16,230.25,230.16,232.13,48.6,37,1d+1h+4h,0.511,False,nofill,0.0
2025-09-10 12:30:00-04:00,226.8,230.15,230.24,230.15,232.07,48.6,37,1d+1h+4h,0.706,False,nofill,0.0
2025-09-10 13:30:00-04:00,227.06,230.15,230.24,230.15,231.98,48.6,37,1d+1h+4h,0.653,False,nofill,0.0
2025-09-10 14:30:00-04:00,226.18,226.64,226.73,226.64,228.43,57.8,43,1d+1h+4h,0.096,True,target,0.691718196837221
2025-09-10 15:30:00-04:00,226.78,227.03,227.11,227.03,228.78,48.6,37,1d+1h+4h,0.053,True,target,0.672910211378519
2025-09-11 09:30:00-04:00,228.94,230.15,230.24,230.15,231.96,48.6,37,1d+1h+4h,0.259,False,nofill,0.0
2025-09-11 10:30:00-04:00,228.74,230.15,230.23,230.15,231.91,48.6,37,1d+1h+4h,0.302,False,nofill,0.0
2025-09-11 11:30:00-04:00,228.61,230.16,230.24,230.16,231.85,48.6,37,1d+1h+4h,0.332,False,nofill,0.0
2025-09-11 12:30:00-04:00,229.47,230.15,230.23,230.15,231.81,48.6,37,1d+1h+4h,0.145,True,scratch,-0.09432701784389819
2025-09-11 13:30:00-04:00,229.46,230.15,230.23,230.15,231.77,48.6,37,1d+1h+4h,0.148,True,scratch,-0.09339342774961068
2025-09-11 14:30:00-04:00,229.85,230.15,230.22,230.15,231.71,48.6,37,1d+1h+4h,0.064,True,scratch,-0.09215578337704589
2025-09-11 15:30:00-04:00,230.02,234.01,234.08,234.01,235.5,46.2,33,1d+1h+4h,0.855,True,scratch,-0.09030315871475514
2025-09-12 09:30:00-04:00,234.07,234.51,234.59,234.51,236.27,34.0,22,1d+1h+4h,0.093,False,nofill,0.0
2025-09-12 10:30:00-04:00,234.1,234.45,234.53,234.45,236.17,34.0,22,1d+1h+4h,0.075,False,nofill,0.0
2025-09-12 11:30:00-04:00,233.97,234.22,234.3,234.22,235.89,40.6,29,1d+1h+4h,0.053,True,scratch,-0.09383042541483144
2025-09-12 12:30:00-04:00,233.24,233.97,234.05,233.97,235.59,46.2,33,1d+1h+4h,0.156,True,scratch,-0.0929251013005783
2025-09-12 13:30:00-04:00,233.54,233.97,234.04,233.97,235.52,47.2,34,1d+1h+4h,0.091,True,scratch,-0.09156600891598865
2025-09-12 14:30:00-04:00,233.78,234.22,234.3,234.22,235.77,41.6,30,1d+1h+4h,0.094,True,target,0.5692141799717332
2025-09-12 15:30:00-04:00,234.06,234.51,234.58,234.51,236.01,35.0,23,1d+1h+4h,0.095,True,target,0.5472952639863582
2025-09-15 09:30:00-04:00,236.22,240.79,240.87,240.79,242.49,26.0,18,1d+1h+4h,0.977,False,nofill,0.0
2025-09-15 10:30:00-04:00,236.82,240.79,240.87,240.79,242.47,26.0,18,1d+1h+4h,0.848,False,nofill,0.0
2025-09-15 11:30:00-04:00,236.57,240.79,240.87,240.79,242.41,26.0,18,1d+1h+4h,0.902,False,nofill,0.0
2025-09-15 12:30:00-04:00,235.76,240.79,240.86,240.79,242.36,26.0,18,1d+1h+4h,1.075,False,nofill,0.0
2025-09-15 13:30:00-04:00,235.64,240.79,240.86,240.79,242.29,26.0,18,1d+1h+4h,1.1,True,scratch,-0.08967697534935093
2025-09-15 14:30:00-04:00,235.97,240.79,240.86,240.79,242.27,26.0,18,1d+1h+4h,1.03,True,scratch,-0.0891416769950304
2025-09-15 15:30:00-04:00,236.76,240.79,240.86,240.79,242.24,26.0,18,1d+1h+4h,0.861,True,scratch,-0.08870386799426644
2025-09-16 09:30:00-04:00,239.53,240.79,240.87,240.79,242.51,26.0,18,1d+1h+4h,0.268,False,nofill,0.0
2025-09-16 10:30:00-04:00,239.59,240.79,240.87,240.79,242.5,26.0,18,1d+1h+4h,0.255,False,nofill,0.0
2025-09-16 11:30:00-04:00,239.2,240.79,240.87,240.79,242.47,26.0,18,1d+1h+4h,0.34,False,nofill,0.0
2025-09-16 12:30:00-04:00,239.09,240.79,240.87,240.79,242.38,27.0,19,1d+1h+4h,0.363,False,nofill,0.0
2025-09-16 13:30:00-04:00,238.93,240.79,240.86,240.79,242.34,27.0,19,1d+1h+4h,0.396,False,nofill,0.0
2025-09-16 14:30:00-04:00,238.94,240.79,240.86,240.79,242.29,27.0,19,1d+1h+4h,0.394,False,nofill,0.0
2025-09-16 15:30:00-04:00,238.14,240.79,240.86,240.79,242.29,27.0,19,1d+1h+4h,0.564,False,nofill,0.0
2025-09-17 09:30:00-04:00,239.63,240.79,240.86,240.79,242.33,27.0,19,1d+1h+4h,0.256,False,nofill,0.0
2025-09-17 10:30:00-04:00,239.48,240.79,240.86,240.79,242.28,27.0,19,1d+1h+4h,0.289,False,nofill,0.0
2025-09-17 11:30:00-04:00,239.67,240.79,240.86,240.79,242.21,27.0,19,1d+1h+4h,0.246,False,nofill,0.0
2025-09-17 12:30:00-04:00,239.52,240.79,240.85,240.79,242.14,27.0,19,1d+1h+4h,0.28,False,nofill,0.0
2025-09-17 13:30:00-04:00,239.56,240.79,240.85,240.79,242.14,28.8,20,1d+1h+4h,0.272,True,scratch,-0.0867510867564647
2025-09-17 14:30:00-04:00,239.26,240.79,240.86,240.79,242.19,28.8,20,1d+1h+4h,0.337,True,scratch,-0.08765427112777946
2025-09-17 15:30:00-04:00,238.97,240.79,240.85,240.79,242.15,28.8,20,1d+1h+4h,0.402,True,scratch,-0.08686342381096779
2025-09-18 09:30:00-04:00,237.56,240.79,240.87,240.79,242.39,28.8,20,1d+1h+4h,0.713,False,nofill,0.0
2025-09-18 10:30:00-04:00,238.19,240.79,240.87,240.79,242.39,28.8,20,1d+1h+4h,0.574,False,nofill,0.0
2025-09-18 11:30:00-04:00,237.94,240.79,240.87,240.79,242.37,28.8,20,1d+1h+4h,0.629,False,nofill,0.0
2025-09-18 12:30:00-04:00,237.88,240.79,240.86,240.79,242.3,29.8,21,1d+1h+4h,0.643,False,nofill,0.0
2025-09-18 13:30:00-04:00,237.8,240.79,240.86,240.79,242.25,29.8,21,1d+1h+4h,0.66,True,target,0.5187405907669529
2025-09-18 14:30:00-04:00,237.45,240.79,240.86,240.79,242.2,29.8,21,1d+1h+4h,0.738,True,target,0.4980458995886172
2025-09-18 15:30:00-04:00,237.85,240.79,240.85,240.79,242.15,29.8,21,1d+1h+4h,0.649,True,target,0.47819788727703205
2025-09-19 09:30:00-04:00,241.15,245.05,245.13,245.05,246.68,22.4,16,1d+1h+4h,0.812,True,scratch,-0.09159544889929538
2025-09-19 10:30:00-04:00,242.28,245.05,245.13,245.05,246.72,22.4,16,1d+1h+4h,0.577,True,scratch,-0.09239488294026099
2025-09-19 11:30:00-04:00,244.52,245.05,245.13,245.05,246.79,22.4,16,1d+1h+4h,0.11,True,scratch,-0.09374840077818192
2025-09-19 12:30:00-04:00,245.24,246.24,246.32,246.24,247.98,18.2,13,1d+1h+4h,0.207,False,nofill,0.0
2025-09-19 13:30:00-04:00,245.49,246.24,246.32,246.24,247.96,18.2,13,1d+1h+4h,0.156,True,target,0.6036435280165842
2025-09-19 14:30:00-04:00,245.61,246.24,246.32,246.24,247.9,18.2,13,1d+1h+4h,0.131,True,target,0.5825919120909795
2025-09-19 15:30:00-04:00,245.29,246.24,246.32,246.24,247.9,18.2,13,1d+1h+4h,0.198,True,target,0.5819043329889251
2025-09-24 12:30:00-04:00,251.49,251.85,251.93,251.85,253.6,7.8,7,1h+4h,0.07,True,scratch,-0.09308605474704912
2025-09-24 13:30:00-04:00,251.76,254.28,254.36,254.28,255.97,6.8,6,1h+4h,0.492,False,nofill,0.0
2025-09-24 14:30:00-04:00,251.39,251.85,251.93,251.85,253.46,8.8,8,1h+4h,0.09,True,scratch,-0.090397753487792
2025-09-24 15:30:00-04:00,252.24,254.28,254.36,254.28,255.87,6.8,6,1h+4h,0.399,False,nofill,0.0
2025-09-25 09:30:00-04:00,254.0,254.28,254.36,254.28,255.93,6.8,6,1h+4h,0.055,False,nofill,0.0
2025-09-25 10:30:00-04:00,253.5,254.28,254.36,254.28,255.9,6.8,6,1h+4h,0.152,True,target,0.5453265097227655
2025-09-25 11:30:00-04:00,252.53,254.28,254.36,254.28,255.9,6.8,6,1h+4h,0.341,True,target,0.5472745155550074
2025-09-25 12:30:00-04:00,253.5,254.28,254.36,254.28,255.89,6.8,6,1h+4h,0.152,True,target,0.5426303443196501
2025-09-25 13:30:00-04:00,254.56,258.23,258.3,258.23,259.85,6.8,4,1d+1h+4h,0.714,False,nofill,0.0
2025-09-25 14:30:00-04:00,256.96,258.23,258.31,258.23,259.96,6.8,4,1d+1h+4h,0.246,False,nofill,0.0
2025-09-25 15:30:00-04:00,256.94,258.23,258.31,258.23,259.96,6.8,4,1d+1h+4h,0.25,False,nofill,0.0
2025-09-26 10:30:00-04:00,255.97,257.17,257.26,257.17,258.99,6.8,4,1d+1h+4h,0.238,True,scratch,-0.09367073501607148
2025-09-26 11:30:00-04:00,255.66,257.17,257.25,257.17,258.95,6.8,4,1d+1h+4h,0.299,True,scratch,-0.09290183145940212
2025-09-26 12:30:00-04:00,256.52,257.17,257.25,257.17,258.93,6.8,4,1d+1h+4h,0.129,True,scratch,-0.09262474678201071
2025-09-26 13:30:00-04:00,256.56,257.17,257.25,257.17,258.92,6.8,4,1d+1h+4h,0.122,False,nofill,0.0
2025-09-26 14:30:00-04:00,255.64,257.17,257.25,257.17,258.89,6.8,4,1d+1h+4h,0.302,False,nofill,0.0
2025-09-26 15:30:00-04:00,255.46,257.17,257.25,257.17,258.82,6.8,4,1d+1h+4h,0.339,False,nofill,0.0
2025-09-29 09:30:00-04:00,254.22,257.17,257.25,257.17,258.89,7.8,5,1d+1h+4h,0.608,False,nofill,0.0
2025-09-29 10:30:00-04:00,253.47,257.17,257.25,257.17,258.84,7.8,5,1d+1h+4h,0.762,False,nofill,0.0
2025-09-29 11:30:00-04:00,253.66,257.17,257.25,257.17,258.79,7.8,5,1d+1h+4h,0.723,False,nofill,0.0
2025-09-29 12:30:00-04:00,253.4,257.17,257.24,257.17,258.71,7.8,5,1d+1h+4h,0.776,False,nofill,0.0
2025-09-29 13:30:00-04:00,254.57,257.17,257.24,257.17,258.72,7.8,5,1d+1h+4h,0.535,False,nofill,0.0
2025-09-29 14:30:00-04:00,253.99,257.17,257.24,257.17,258.68,7.8,5,1d+1h+4h,0.655,False,nofill,0.0
2025-09-29 15:30:00-04:00,254.35,257.17,257.24,257.17,258.64,7.8,5,1d+1h+4h,0.581,False,nofill,0.0
2025-09-30 09:30:00-04:00,254.89,257.17,257.24,257.17,258.68,9.6,6,1d+1h+4h,0.485,False,nofill,0.0
2025-09-30 10:30:00-04:00,254.22,257.17,257.24,257.17,258.71,9.6,6,1d+1h+4h,0.626,False,nofill,0.0
2025-09-30 11:30:00-04:00,254.54,257.17,257.24,257.17,258.66,9.6,6,1d+1h+4h,0.56,False,nofill,0.0
2025-09-30 12:30:00-04:00,253.74,257.17,257.24,257.17,258.66,9.6,6,1d+1h+4h,0.729,False,nofill,0.0
2025-09-30 13:30:00-04:00,253.34,257.17,257.24,257.17,258.62,9.6,6,1d+1h+4h,0.813,True,scratch,-0.08675883263843387
2025-09-30 14:30:00-04:00,253.95,257.17,257.24,257.17,258.59,9.6,6,1d+1h+4h,0.684,True,scratch,-0.0861908748870932
2025-09-30 15:30:00-04:00,254.56,257.17,257.24,257.17,258.59,9.6,6,1d+1h+4h,0.554,True,scratch,-0.08621974230255125
2025-10-01 09:30:00-04:00,256.16,257.17,257.25,257.17,258.8,9.6,6,1d+1h+4h,0.216,False,nofill,0.0
2025-10-01 10:30:00-04:00,255.52,257.17,257.25,257.17,258.77,9.6,6,1d+1h+4h,0.352,False,nofill,0.0
2025-10-01 11:30:00-04:00,256.16,257.17,257.25,257.17,258.77,9.6,6,1d+1h+4h,0.216,False,nofill,0.0
2025-10-01 12:30:00-04:00,256.14,258.23,258.3,258.23,259.78,10.6,7,1d+1h+4h,0.447,False,nofill,0.0
2025-10-01 13:30:00-04:00,256.48,258.23,258.3,258.23,259.72,10.6,7,1d+1h+4h,0.373,False,nofill,0.0
2025-10-01 14:30:00-04:00,255.94,258.23,258.3,258.23,259.69,10.6,7,1d+1h+4h,0.49,False,nofill,0.0
2025-10-01 15:30:00-04:00,255.41,258.23,258.29,258.23,259.65,10.6,7,1d+1h+4h,0.603,False,nofill,0.0
2025-10-02 09:30:00-04:00,256.22,258.23,258.3,258.23,259.78,10.6,7,1d+1h+4h,0.434,False,nofill,0.0
2025-10-02 10:30:00-04:00,257.17,258.23,258.3,258.23,259.8,10.6,7,1d+1h+4h,0.23,False,nofill,0.0
2025-10-02 11:30:00-04:00,257.35,258.23,258.3,258.23,259.8,10.6,7,1d+1h+4h,0.191,False,nofill,0.0
2025-10-02 12:30:00-04:00,257.41,258.23,258.3,258.23,259.74,10.6,7,1d+1h+4h,0.177,False,nofill,0.0
2025-10-02 13:30:00-04:00,257.88,258.23,258.3,258.23,259.69,10.6,7,1d+1h+4h,0.075,True,scratch,-0.087045667672625
2025-10-02 14:30:00-04:00,257.51,258.18,258.25,258.18,259.6,10.6,7,1d+1h+4h,0.145,True,scratch,-0.08620221029729258
2025-10-02 15:30:00-04:00,257.14,258.18,258.25,258.18,259.58,10.6,7,1d+1h+4h,0.225,True,scratch,-0.08570467311995733
2025-10-03 09:30:00-04:00,257.85,258.18,258.26,258.18,259.86,10.6,7,1d+1h+4h,0.071,True,scratch,-0.09088692649881214
2025-10-03 10:30:00-04:00,258.51,258.79,258.87,258.79,260.44,6.8,4,1d+1h+4h,0.06,True,scratch,-0.09029409805797473
2025-10-03 11:30:00-04:00,258.55,258.79,258.87,258.79,260.39,6.8,4,1d+1h+4h,0.052,True,scratch,-0.08948441295105747
2025-10-03 12:30:00-04:00,258.31,258.79,258.86,258.79,260.34,6.8,4,1d+1h+4h,0.103,False,nofill,0.0
2025-10-03 13:30:00-04:00,258.37,258.79,258.86,258.79,260.35,6.8,4,1d+1h+4h,0.09,True,scratch,-0.08870506171484438
2025-10-03 14:30:00-04:00,257.92,258.18,258.25,258.18,259.69,11.6,8,1d+1h+4h,0.056,True,scratch,-0.08773253191749486
2025-10-03 15:30:00-04:00,258.02,259.24,259.31,259.24,260.7,9.6,6,1d+1h+4h,0.262,False,nofill,0.0
2025-10-06 09:30:00-04:00,257.78,258.18,258.26,258.18,259.84,11.6,8,1d+1h+4h,0.087,False,nofill,0.0
2025-10-06 10:30:00-04:00,257.55,258.18,258.26,258.18,259.77,11.6,8,1d+1h+4h,0.136,False,nofill,0.0
2025-10-06 11:30:00-04:00,257.13,258.18,258.25,258.18,259.73,11.6,8,1d+1h+4h,0.227,False,nofill,0.0
2025-10-06 12:30:00-04:00,256.56,258.18,258.25,258.18,259.72,12.6,9,1d+1h+4h,0.351,False,nofill,0.0
2025-10-06 13:30:00-04:00,256.18,258.18,258.25,258.18,259.7,14.4,10,1d+1h+4h,0.432,False,nofill,0.0
2025-10-06 14:30:00-04:00,256.51,258.18,258.25,258.18,259.63,14.4,10,1d+1h+4h,0.361,False,nofill,0.0
2025-10-06 15:30:00-04:00,256.65,258.18,258.25,258.18,259.59,14.4,10,1d+1h+4h,0.331,False,nofill,0.0
2025-10-07 09:30:00-04:00,256.68,258.18,258.25,258.18,259.57,14.4,10,1d+1h+4h,0.339,False,nofill,0.0
2025-10-07 10:30:00-04:00,256.38,258.18,258.25,258.18,259.59,14.4,10,1d+1h+4h,0.406,False,nofill,0.0
2025-10-07 11:30:00-04:00,256.34,258.18,258.25,258.18,259.56,14.4,10,1d+1h+4h,0.416,False,nofill,0.0
2025-10-07 12:30:00-04:00,255.89,258.18,258.24,258.18,259.53,14.4,10,1d+1h+4h,0.517,False,nofill,0.0
2025-10-07 13:30:00-04:00,256.07,258.18,258.24,258.18,259.48,14.4,10,1d+1h+4h,0.476,False,nofill,0.0
2025-10-07 14:30:00-04:00,256.02,258.18,258.24,258.18,259.42,14.4,10,1d+1h+4h,0.487,True,scratch,-0.08284564308175257
2025-10-07 15:30:00-04:00,256.49,258.18,258.24,258.18,259.38,14.4,10,1d+1h+4h,0.381,True,scratch,-0.08218018841480434
2025-10-08 09:30:00-04:00,257.84,258.18,258.24,258.18,259.45,17.4,11,1d+1h+4h,0.079,True,scratch,-0.08346922018982461
2025-10-08 10:30:00-04:00,258.04,258.29,258.35,258.29,259.56,16.4,10,1d+1h+4h,0.057,True,scratch,-0.08351650189701854
2025-10-08 11:30:00-04:00,258.2,259.07,259.13,259.07,260.33,15.4,9,1d+1h+4h,0.203,False,nofill,0.0
2025-10-08 12:30:00-04:00,257.92,258.18,258.24,258.18,259.4,17.4,11,1d+1h+4h,0.059,True,scratch,-0.08248266106087865
2025-10-08 13:30:00-04:00,257.92,258.18,258.24,258.18,259.35,17.4,11,1d+1h+4h,0.062,True,scratch,-0.08163584759058873
2025-10-08 14:30:00-04:00,258.25,259.07,259.12,259.07,260.21,16.4,10,1d+1h+4h,0.191,False,nofill,0.0
2025-10-08 15:30:00-04:00,258.03,258.29,258.34,258.29,259.39,17.4,11,1d+1h+4h,0.06,False,nofill,0.0
2025-10-09 09:30:00-04:00,254.98,258.18,258.24,258.18,259.45,18.4,12,1d+1h+4h,0.739,False,nofill,0.0
2025-10-09 10:30:00-04:00,254.9,258.18,258.24,258.18,259.4,18.4,12,1d+1h+4h,0.759,False,nofill,0.0
2025-10-09 11:30:00-04:00,253.84,258.23,258.28,258.23,259.44,18.4,12,1d+1h+4h,1.012,False,nofill,0.0
2025-10-09 12:30:00-04:00,253.46,258.23,258.28,258.23,259.41,18.4,12,1d+1h+4h,1.101,False,nofill,0.0
2025-10-09 13:30:00-04:00,253.56,258.23,258.28,258.23,259.35,20.2,13,1d+1h+4h,1.078,False,nofill,0.0
2025-10-09 14:30:00-04:00,253.9,258.23,258.28,258.23,259.32,20.2,13,1d+1h+4h,0.999,False,nofill,0.0
2025-10-09 15:30:00-04:00,253.98,258.18,258.23,258.18,259.25,20.2,13,1d+1h+4h,0.97,False,nofill,0.0
2025-10-10 09:30:00-04:00,255.18,258.29,258.34,258.29,259.45,21.2,14,1d+1h+4h,0.634,False,nofill,0.0
2025-10-10 10:30:00-04:00,249.41,258.29,258.36,258.29,259.84,21.2,14,1d+1h+4h,1.811,False,nofill,0.0
2025-10-10 11:30:00-04:00,248.61,258.29,258.36,258.29,259.87,21.2,14,1d+1h+4h,1.974,False,nofill,0.0
2025-10-10 12:30:00-04:00,247.81,257.4,257.48,257.4,259.02,17.4,11,1d+1h+4h,1.956,False,nofill,0.0
2025-10-10 13:30:00-04:00,247.16,247.79,247.86,247.79,249.41,13.6,10,1d+1h+4h,0.128,True,scratch,-0.0910893929727874
2025-10-10 14:30:00-04:00,246.16,247.33,247.41,247.33,248.95,14.4,10,1d+1h+4h,0.238,True,scratch,-0.0910776281840664
2025-10-10 15:30:00-04:00,245.28,246.24,246.32,246.24,247.92,18.2,13,1d+1h+4h,0.196,True,target,0.5901899500862395
2025-10-13 09:30:00-04:00,246.38,247.33,247.42,247.33,249.21,14.4,10,1d+1h+4h,0.196,True,target,0.6625340323093365
2025-10-13 10:30:00-04:00,248.59,258.29,258.38,258.29,260.21,20.2,13,1d+1h+4h,1.992,False,nofill,0.0
2025-10-13 11:30:00-04:00,249.18,258.29,258.38,258.29,260.17,20.2,13,1d+1h+4h,1.871,False,nofill,0.0
2025-10-13 12:30:00-04:00,249.1,258.29,258.37,258.29,260.12,20.2,13,1d+1h+4h,1.887,False,nofill,0.0
2025-10-13 13:30:00-04:00,249.15,258.29,258.37,258.29,260.04,20.2,13,1d+1h+4h,1.878,False,nofill,0.0
2025-10-13 14:30:00-04:00,248.32,257.4,257.48,257.4,259.11,17.4,11,1d+1h+4h,1.866,False,nofill,0.0
2025-10-13 15:30:00-04:00,247.59,257.17,257.25,257.17,258.85,15.6,10,1d+1h+4h,1.969,False,nofill,0.0
2025-10-14 09:30:00-04:00,247.02,247.33,247.41,247.33,249.11,14.4,10,1d+1h+4h,0.064,True,scratch,-0.09417851823380063
2025-10-14 10:30:00-04:00,246.21,247.33,247.41,247.33,249.1,14.4,10,1d+1h+4h,0.232,True,scratch,-0.09408728940677458
2025-10-14 11:30:00-04:00,247.39,247.79,247.87,247.79,249.55,13.6,10,1d+1h+4h,0.082,True,scratch,-0.09386800895675451
2025-10-14 12:30:00-04:00,247.8,257.4,257.48,257.4,259.09,17.4,11,1d+1h+4h,1.995,False,nofill,0.0
2025-10-14 13:30:00-04:00,247.48,247.79,247.86,247.79,249.4,13.6,10,1d+1h+4h,0.063,True,scratch,-0.09099218023868039
2025-10-14 14:30:00-04:00,248.42,257.4,257.48,257.4,259.02,17.4,11,1d+1h+4h,1.865,False,nofill,0.0
2025-10-14 15:30:00-04:00,247.85,257.4,257.48,257.4,259.06,17.4,11,1d+1h+4h,1.984,False,nofill,0.0
2025-10-15 09:30:00-04:00,250.85,258.52,258.61,258.52,260.36,20.2,13,1d+1h+4h,1.605,False,nofill,0.0
2025-10-15 10:30:00-04:00,249.86,258.52,258.61,258.52,260.36,20.2,13,1d+1h+4h,1.812,False,nofill,0.0
2025-10-15 11:30:00-04:00,249.78,258.52,258.61,258.52,260.32,20.2,13,1d+1h+4h,1.83,False,nofill,0.0
2025-10-15 12:30:00-04:00,248.09,257.4,257.49,257.4,259.26,17.4,11,1d+1h+4h,1.948,False,nofill,0.0
2025-10-15 13:30:00-04:00,249.65,258.52,258.61,258.52,260.38,20.2,13,1d+1h+4h,1.856,False,nofill,0.0
2025-10-15 14:30:00-04:00,249.92,258.52,258.6,258.52,260.29,20.2,13,1d+1h+4h,1.799,False,nofill,0.0
2025-10-15 15:30:00-04:00,249.43,258.49,258.58,258.49,260.28,20.2,13,1d+1h+4h,1.896,False,nofill,0.0
2025-10-16 09:30:00-04:00,247.51,247.79,247.88,247.79,249.69,14.6,11,1d+1h+4h,0.058,True,scratch,-0.09654780408642205
2025-10-16 10:30:00-04:00,248.24,257.4,257.49,257.4,259.29,17.4,11,1d+1h+4h,1.934,False,nofill,0.0
2025-10-16 11:30:00-04:00,247.72,257.17,257.26,257.17,259.04,15.6,10,1d+1h+4h,1.995,False,nofill,0.0
2025-10-16 12:30:00-04:00,247.22,247.79,247.88,247.79,249.66,14.6,11,1d+1h+4h,0.12,True,scratch,-0.09586465372221076
2025-10-16 13:30:00-04:00,245.66,246.01,246.1,246.01,247.91,18.4,14,1d+1h+4h,0.074,True,target,0.6738729926644815
2025-10-16 14:30:00-04:00,246.55,250.8,250.89,250.8,252.7,16.2,13,1h+4h,0.897,False,nofill,0.0
2025-10-16 15:30:00-04:00,247.43,250.8,250.89,250.8,252.68,16.2,13,1h+4h,0.711,False,nofill,0.0
2025-10-17 09:30:00-04:00,249.56,258.52,258.61,258.52,260.5,20.2,13,1d+1h+4h,1.853,False,nofill,0.0
2025-10-17 10:30:00-04:00,248.48,257.4,257.49,257.4,259.36,17.4,11,1d+1h+4h,1.845,False,nofill,0.0
2025-10-17 11:30:00-04:00,250.3,258.52,258.61,258.52,260.51,20.2,13,1d+1h+4h,1.701,False,nofill,0.0
2025-10-17 12:30:00-04:00,250.82,258.52,258.61,258.52,260.45,20.2,13,1d+1h+4h,1.594,False,nofill,0.0
2025-10-17 13:30:00-04:00,252.3,258.18,258.27,258.18,260.14,20.2,13,1d+1h+4h,1.216,True,target,0.6630901911863107
2025-10-17 14:30:00-04:00,252.76,258.18,258.27,258.18,260.09,20.2,13,1d+1h+4h,1.121,True,target,0.6424057932887584
2025-10-17 15:30:00-04:00,252.3,258.18,258.27,258.18,260.04,20.2,13,1d+1h+4h,1.216,True,target,0.6270667591894874
2025-10-20 09:30:00-04:00,259.5,260.09,260.2,260.09,262.39,9.4,7,1h+4h,0.109,True,target,0.7809410034606445
2025-10-22 10:30:00-04:00,258.43,258.79,258.89,258.79,260.9,18.2,11,1d+1h+4h,0.067,True,scratch,-0.09876340508944148
2025-10-22 11:30:00-04:00,258.55,259.07,259.17,259.07,261.14,18.2,11,1d+1h+4h,0.097,False,nofill,0.0
2025-10-22 12:30:00-04:00,256.69,258.18,258.28,258.18,260.28,21.2,14,1d+1h+4h,0.277,True,scratch,-0.09876133215838134
2025-10-22 13:30:00-04:00,256.55,258.18,258.28,258.18,260.26,21.2,14,1d+1h+4h,0.303,True,scratch,-0.0982714981507593
2025-10-22 14:30:00-04:00,257.51,258.18,258.28,258.18,260.23,21.2,14,1d+1h+4h,0.125,True,scratch,-0.09766496638305977
2025-10-22 15:30:00-04:00,258.43,258.79,258.89,258.79,260.79,18.2,11,1d+1h+4h,0.067,True,target,0.6762534057292768
2025-10-23 09:30:00-04:00,259.48,260.09,260.19,260.09,262.11,6.6,5,1h+4h,0.118,True,scratch,-0.09697002508520791
2025-10-23 10:30:00-04:00,259.4,260.09,260.18,260.09,262.04,6.6,5,1h+4h,0.133,True,scratch,-0.09563172976612133
2025-10-23 15:30:00-04:00,259.58,260.09,260.17,260.09,261.72,7.6,6,1h+4h,0.099,True,target,0.5371254970796047
2025-11-12 11:30:00-05:00,274.39,276.3,276.4,276.3,278.34,6.8,4,1d+1h+4h,0.368,False,nofill,0.0
2025-11-12 12:30:00-05:00,274.98,276.3,276.39,276.3,278.27,6.8,4,1d+1h+4h,0.254,False,nofill,0.0
2025-11-12 13:30:00-05:00,274.45,276.3,276.39,276.3,278.23,6.8,4,1d+1h+4h,0.356,True,scratch,-0.09323941889829435
2025-11-12 14:30:00-05:00,274.05,276.3,276.39,276.3,278.18,6.8,4,1d+1h+4h,0.433,True,scratch,-0.09240091372658688
2025-11-12 15:30:00-05:00,273.47,276.3,276.39,276.3,278.15,6.8,4,1d+1h+4h,0.545,True,scratch,-0.09193212834278652
2025-11-13 09:30:00-05:00,273.71,276.3,276.39,276.3,278.28,6.8,4,1d+1h+4h,0.503,False,nofill,0.0
2025-11-13 10:30:00-05:00,274.04,276.3,276.39,276.3,278.29,6.8,4,1d+1h+4h,0.439,False,nofill,0.0
2025-11-13 11:30:00-05:00,272.86,276.3,276.39,276.3,278.3,6.8,4,1d+1h+4h,0.668,False,nofill,0.0
2025-11-13 12:30:00-05:00,272.57,276.3,276.39,276.3,278.22,6.8,4,1d+1h+4h,0.724,False,nofill,0.0
2025-11-13 13:30:00-05:00,273.53,276.3,276.39,276.3,278.21,6.8,4,1d+1h+4h,0.538,False,nofill,0.0
2025-11-13 14:30:00-05:00,273.04,276.3,276.39,276.3,278.16,6.8,4,1d+1h+4h,0.633,False,nofill,0.0
2025-11-13 15:30:00-05:00,273.04,276.3,276.39,276.3,278.11,6.8,4,1d+1h+4h,0.633,False,nofill,0.0
2025-11-14 09:30:00-05:00,273.76,276.3,276.39,276.3,278.3,6.8,4,1d+1h+4h,0.485,False,nofill,0.0
2025-11-14 10:30:00-05:00,274.65,276.3,276.39,276.3,278.27,6.8,4,1d+1h+4h,0.315,False,nofill,0.0
2025-11-14 11:30:00-05:00,275.7,276.3,276.39,276.3,278.31,6.8,4,1d+1h+4h,0.114,False,nofill,0.0
2025-11-14 12:30:00-05:00,274.58,276.3,276.39,276.3,278.29,8.6,5,1d+1h+4h,0.327,False,nofill,0.0
2025-11-14 13:30:00-05:00,273.96,276.3,276.39,276.3,278.22,8.6,5,1d+1h+4h,0.447,False,nofill,0.0
2025-11-14 14:30:00-05:00,272.99,276.3,276.39,276.3,278.18,8.6,5,1d+1h+4h,0.632,False,nofill,0.0
2025-11-14 15:30:00-05:00,272.41,276.3,276.39,276.3,278.13,9.6,6,1d+1h+4h,0.743,False,nofill,0.0
2025-11-17 09:30:00-05:00,269.28,276.3,276.4,276.3,278.41,9.6,6,1d+1h+4h,1.315,False,nofill,0.0
2025-11-17 10:30:00-05:00,267.88,276.3,276.4,276.3,278.46,9.6,6,1d+1h+4h,1.578,False,nofill,0.0
2025-11-17 11:30:00-05:00,268.92,276.3,276.4,276.3,278.44,9.6,6,1d+1h+4h,1.383,False,nofill,0.0
2025-11-17 12:30:00-05:00,267.78,276.3,276.4,276.3,278.43,9.6,6,1d+1h+4h,1.596,False,nofill,0.0
2025-11-17 13:30:00-05:00,267.29,276.7,276.8,276.7,278.79,9.6,6,1d+1h+4h,1.763,False,nofill,0.0
2025-11-17 14:30:00-05:00,266.44,266.78,266.88,266.78,268.84,13.6,10,1d+1h+4h,0.064,True,scratch,-0.09673058708701276
2025-11-17 15:30:00-05:00,267.46,276.7,276.8,276.7,278.72,9.6,6,1d+1h+4h,1.731,False,nofill,0.0
2025-11-18 09:30:00-05:00,267.65,276.7,276.81,276.7,278.98,12.6,7,1d+1h+4h,1.695,False,nofill,0.0
2025-11-18 10:30:00-05:00,267.84,276.7,276.81,276.7,278.97,12.6,7,1d+1h+4h,1.659,False,nofill,0.0
2025-11-18 11:30:00-05:00,267.17,276.7,276.8,276.7,278.9,12.6,7,1d+1h+4h,1.786,False,nofill,0.0
2025-11-18 12:30:00-05:00,268.45,276.7,276.81,276.7,278.93,12.6,7,1d+1h+4h,1.545,False,nofill,0.0
2025-11-18 13:30:00-05:00,268.03,276.7,276.8,276.7,278.86,12.6,7,1d+1h+4h,1.623,False,nofill,0.0
2025-11-18 14:30:00-05:00,268.28,276.7,276.8,276.7,278.8,12.6,7,1d+1h+4h,1.577,False,nofill,0.0
2025-11-18 15:30:00-05:00,267.51,276.7,276.8,276.7,278.73,12.6,7,1d+1h+4h,1.721,False,nofill,0.0
2025-11-19 09:30:00-05:00,271.85,276.3,276.41,276.3,278.69,12.6,7,1d+1h+4h,0.818,False,nofill,0.0
2025-11-19 10:30:00-05:00,269.73,276.3,276.41,276.3,278.72,12.6,7,1d+1h+4h,1.208,False,nofill,0.0
2025-11-19 11:30:00-05:00,270.4,276.3,276.41,276.3,278.64,12.6,7,1d+1h+4h,1.085,False,nofill,0.0
2025-11-19 12:30:00-05:00,270.03,276.3,276.41,276.3,278.6,12.6,7,1d+1h+4h,1.153,False,nofill,0.0
2025-11-19 13:30:00-05:00,269.67,276.3,276.41,276.3,278.53,12.6,7,1d+1h+4h,1.22,False,nofill,0.0
2025-11-19 14:30:00-05:00,270.04,276.3,276.4,276.3,278.49,12.6,7,1d+1h+4h,1.152,False,nofill,0.0
2025-11-19 15:30:00-05:00,268.57,276.7,276.8,276.7,278.9,12.6,7,1d+1h+4h,1.495,False,nofill,0.0
2025-11-20 09:30:00-05:00,273.9,275.95,276.07,275.95,278.51,12.6,7,1d+1h+4h,0.357,False,nofill,0.0
2025-11-20 10:30:00-05:00,271.78,275.95,276.07,275.95,278.56,12.6,7,1d+1h+4h,0.728,False,nofill,0.0
2025-11-20 11:30:00-05:00,268.94,275.96,276.09,275.96,278.66,12.6,7,1d+1h+4h,1.226,False,nofill,0.0
2025-11-20 12:30:00-05:00,268.81,275.96,276.09,275.96,278.63,13.6,8,1d+1h+4h,1.249,False,nofill,0.0
2025-11-20 13:30:00-05:00,267.8,275.96,276.09,275.96,278.64,13.6,8,1d+1h+4h,1.426,False,nofill,0.0
2025-11-20 14:30:00-05:00,267.32,276.7,276.82,276.7,279.25,13.6,8,1d+1h+4h,1.638,False,nofill,0.0
2025-11-20 15:30:00-05:00,266.38,266.78,266.9,266.78,269.28,13.6,10,1d+1h+4h,0.07,True,target,0.8303821843639536
2025-11-21 09:30:00-05:00,269.85,276.7,276.83,276.7,279.36,13.6,8,1d+1h+4h,1.168,False,nofill,0.0
2025-11-21 10:30:00-05:00,270.9,275.95,276.07,275.95,278.59,13.6,8,1d+1h+4h,0.861,False,nofill,0.0
2025-11-21 11:30:00-05:00,270.55,275.95,276.07,275.95,278.5,13.6,8,1d+1h+4h,0.921,False,nofill,0.0
2025-11-21 12:30:00-05:00,270.98,275.95,276.07,275.95,278.42,15.4,9,1d+1h+4h,0.848,False,nofill,0.0
2025-11-21 13:30:00-05:00,272.61,275.95,276.07,275.95,278.43,15.4,9,1d+1h+4h,0.57,False,nofill,0.0
2025-11-21 14:30:00-05:00,271.37,275.95,276.07,275.95,278.4,15.4,9,1d+1h+4h,0.781,False,nofill,0.0
2025-11-21 15:30:00-05:00,271.49,275.95,276.06,275.95,278.34,15.4,9,1d+1h+4h,0.761,False,nofill,0.0
2025-11-24 09:30:00-05:00,273.1,275.95,276.07,275.95,278.55,15.4,9,1d+1h+4h,0.486,True,scratch,-0.10474113863826462
2025-11-24 10:30:00-05:00,275.0,275.95,276.07,275.95,278.57,15.4,9,1d+1h+4h,0.161,True,scratch,-0.10508587576769646
2025-11-24 11:30:00-05:00,274.85,275.95,276.07,275.95,278.44,15.4,9,1d+1h+4h,0.187,True,scratch,-0.10293818085953532
2025-11-24 12:30:00-05:00,276.12,276.7,276.82,276.7,279.14,15.4,9,1d+1h+4h,0.099,True,scratch,-0.10203147371102839
2025-11-24 13:30:00-05:00,276.22,276.7,276.81,276.7,279.02,15.4,9,1d+1h+4h,0.082,True,scratch,-0.09980247474780102
2025-11-24 14:30:00-05:00,276.48,277.32,277.43,277.32,279.57,11.6,6,1d+1h+4h,0.144,True,target,0.7113450080200812
2025-11-24 15:30:00-05:00,275.98,276.3,276.41,276.3,278.53,15.4,9,1d+1h+4h,0.054,True,target,0.7071928101723968
2025-11-25 15:30:00-05:00,276.95,277.32,277.42,277.32,279.35,11.6,6,1d+1h+4h,0.064,True,scratch,-0.09483442056258395
2025-11-28 09:30:00-05:00,276.26,276.63,276.72,276.63,278.42,16.4,10,1d+1h+4h,0.068,True,scratch,-0.0907642929299124
2025-11-28 10:30:00-05:00,276.25,276.63,276.71,276.63,278.36,16.4,10,1d+1h+4h,0.07,True,scratch,-0.08976531260739273
2025-12-08 12:30:00-05:00,276.97,277.32,277.39,277.32,278.77,10.6,7,1d+1h+4h,0.067,True,target,0.4388973921016781
2025-12-08 13:30:00-05:00,276.36,276.63,276.7,276.63,278.04,19.2,12,1d+1h+4h,0.052,True,target,0.4242874333152846
2025-12-08 14:30:00-05:00,276.92,277.32,277.39,277.32,278.69,10.6,7,1d+1h+4h,0.076,True,target,0.4096840838068383
2025-12-10 12:30:00-05:00,278.12,279.53,279.6,279.53,280.92,6.6,5,1h+4h,0.285,True,scratch,-0.08368840149289847
2025-12-10 13:30:00-05:00,278.22,279.53,279.6,279.53,280.92,6.6,5,1h+4h,0.265,True,scratch,-0.08366741958295565
2025-12-10 14:30:00-05:00,278.98,279.53,279.6,279.53,280.98,6.6,5,1h+4h,0.111,False,nofill,0.0
2025-12-10 15:30:00-05:00,278.72,279.53,279.6,279.53,280.93,6.6,5,1h+4h,0.164,False,nofill,0.0
2025-12-11 09:30:00-05:00,276.12,276.44,276.52,276.44,278.17,22.0,14,1d+1h+4h,0.064,True,scratch,-0.08982091275312465
2025-12-11 10:30:00-05:00,275.82,276.15,276.23,276.15,277.86,22.0,14,1d+1h+4h,0.065,True,target,0.5306741359024425
2025-12-11 11:30:00-05:00,277.9,279.53,279.61,279.53,281.3,7.6,6,1h+4h,0.325,False,nofill,0.0
2025-12-11 12:30:00-05:00,277.52,279.53,279.61,279.53,281.25,7.6,6,1h+4h,0.401,False,nofill,0.0
2025-12-11 13:30:00-05:00,277.76,279.53,279.61,279.53,281.18,7.6,6,1h+4h,0.354,False,nofill,0.0
2025-12-11 14:30:00-05:00,278.1,279.53,279.61,279.53,281.11,7.6,6,1h+4h,0.287,False,nofill,0.0
2025-12-11 15:30:00-05:00,278.06,279.53,279.6,279.53,281.05,7.6,6,1h+4h,0.294,False,nofill,0.0
2025-12-12 09:30:00-05:00,277.87,279.53,279.61,279.53,281.12,7.6,6,1h+4h,0.344,False,nofill,0.0
2025-12-12 10:30:00-05:00,277.74,279.53,279.61,279.53,281.11,7.6,6,1h+4h,0.371,False,nofill,0.0
2025-12-12 11:30:00-05:00,277.86,279.53,279.6,279.53,281.09,7.6,6,1h+4h,0.348,False,nofill,0.0
2025-12-12 12:30:00-05:00,279.05,279.53,279.6,279.53,281.08,7.6,6,1h+4h,0.1,False,nofill,0.0
2025-12-12 13:30:00-05:00,277.95,279.22,279.29,279.22,280.76,7.6,6,1h+4h,0.264,True,scratch,-0.08614463693839003
2025-12-12 14:30:00-05:00,278.06,279.22,279.29,279.22,280.71,7.6,6,1h+4h,0.242,True,scratch,-0.0854134582716326
2025-12-12 15:30:00-05:00,278.37,279.22,279.29,279.22,280.72,7.6,6,1h+4h,0.176,True,scratch,-0.08558414238758472
2025-12-15 09:30:00-05:00,274.14,276.15,276.24,276.15,278.03,23.0,15,1d+1h+4h,0.401,False,nofill,0.0
2025-12-15 10:30:00-05:00,275.51,276.15,276.24,276.15,278.04,23.0,15,1d+1h+4h,0.128,False,nofill,0.0
2025-12-15 11:30:00-05:00,274.92,276.15,276.24,276.15,278.02,23.0,15,1d+1h+4h,0.246,False,nofill,0.0
2025-12-15 12:30:00-05:00,274.04,276.15,276.24,276.15,277.99,23.0,15,1d+1h+4h,0.422,False,nofill,0.0
2025-12-15 13:30:00-05:00,273.37,276.15,276.24,276.15,277.94,23.0,15,1d+1h+4h,0.556,False,nofill,0.0
2025-12-15 14:30:00-05:00,273.8,276.44,276.52,276.44,278.18,23.0,15,1d+1h+4h,0.527,False,nofill,0.0
2025-12-15 15:30:00-05:00,274.12,276.15,276.23,276.15,277.86,23.0,15,1d+1h+4h,0.407,False,nofill,0.0
2025-12-16 09:30:00-05:00,273.17,276.15,276.23,276.15,277.91,23.0,15,1d+1h+4h,0.608,False,nofill,0.0
2025-12-16 10:30:00-05:00,272.81,276.63,276.71,276.63,278.36,23.0,15,1d+1h+4h,0.779,False,nofill,0.0
2025-12-16 11:30:00-05:00,273.2,276.15,276.23,276.15,277.88,23.0,15,1d+1h+4h,0.602,False,nofill,0.0
2025-12-16 12:30:00-05:00,272.13,276.63,276.71,276.63,278.36,23.0,15,1d+1h+4h,0.918,False,nofill,0.0
2025-12-16 13:30:00-05:00,273.56,276.63,276.71,276.63,278.37,23.0,15,1d+1h+4h,0.625,False,nofill,0.0
2025-12-16 14:30:00-05:00,274.56,276.15,276.23,276.15,277.86,23.0,15,1d+1h+4h,0.324,False,nofill,0.0
2025-12-16 15:30:00-05:00,274.47,276.15,276.23,276.15,277.82,23.0,15,1d+1h+4h,0.343,False,nofill,0.0
2025-12-17 09:30:00-05:00,275.5,276.63,276.71,276.63,278.31,23.0,15,1d+1h+4h,0.233,False,nofill,0.0
2025-12-17 10:30:00-05:00,273.49,276.44,276.52,276.44,278.2,23.0,15,1d+1h+4h,0.605,False,nofill,0.0
2025-12-17 11:30:00-05:00,272.87,276.63,276.71,276.63,278.35,23.0,15,1d+1h+4h,0.771,False,nofill,0.0
2025-12-17 12:30:00-05:00,273.02,276.63,276.71,276.63,278.31,24.0,16,1d+1h+4h,0.741,False,nofill,0.0
2025-12-17 13:30:00-05:00,273.79,276.44,276.52,276.44,278.11,24.0,16,1d+1h+4h,0.545,False,nofill,0.0
2025-12-17 14:30:00-05:00,273.65,276.44,276.52,276.44,278.03,24.0,16,1d+1h+4h,0.572,False,nofill,0.0
2025-12-17 15:30:00-05:00,271.86,276.3,276.38,276.3,277.94,24.0,16,1d+1h+4h,0.911,False,nofill,0.0
2025-12-18 09:30:00-05:00,270.9,276.15,276.25,276.15,278.18,24.0,16,1d+1h+4h,1.049,False,nofill,0.0
2025-12-18 10:30:00-05:00,272.3,276.63,276.73,276.63,278.65,24.0,16,1d+1h+4h,0.866,False,nofill,0.0
2025-12-18 11:30:00-05:00,270.25,276.16,276.26,276.16,278.28,24.0,16,1d+1h+4h,1.181,False,nofill,0.0
2025-12-18 12:30:00-05:00,272.65,276.63,276.73,276.63,278.8,25.8,17,1d+1h+4h,0.796,False,nofill,0.0
2025-12-18 13:30:00-05:00,271.37,276.16,276.26,276.16,278.31,25.8,17,1d+1h+4h,0.958,False,nofill,0.0
2025-12-18 14:30:00-05:00,271.84,276.3,276.4,276.3,278.41,25.8,17,1d+1h+4h,0.891,False,nofill,0.0
2025-12-18 15:30:00-05:00,272.16,276.63,276.73,276.63,278.69,25.8,17,1d+1h+4h,0.894,False,nofill,0.0
2025-12-19 09:30:00-05:00,271.74,276.3,276.4,276.3,278.36,25.8,17,1d+1h+4h,0.917,False,nofill,0.0
2025-12-19 10:30:00-05:00,271.26,276.16,276.26,276.16,278.21,25.8,17,1d+1h+4h,0.984,False,nofill,0.0
2025-12-19 11:30:00-05:00,270.65,276.15,276.25,276.15,278.15,25.8,17,1d+1h+4h,1.103,False,nofill,0.0
2025-12-19 12:30:00-05:00,270.75,276.15,276.24,276.15,278.11,25.8,17,1d+1h+4h,1.084,False,nofill,0.0
2025-12-19 13:30:00-05:00,271.37,276.16,276.25,276.16,278.07,25.8,17,1d+1h+4h,0.962,False,nofill,0.0
2025-12-19 14:30:00-05:00,270.8,276.15,276.24,276.15,278.04,25.8,17,1d+1h+4h,1.074,False,nofill,0.0
2025-12-19 15:30:00-05:00,273.67,276.44,276.54,276.44,278.54,25.8,17,1d+1h+4h,0.556,False,nofill,0.0
2025-12-22 09:30:00-05:00,272.02,276.3,276.4,276.3,278.43,25.8,17,1d+1h+4h,0.881,False,nofill,0.0
2025-12-22 10:30:00-05:00,272.44,276.44,276.54,276.44,278.51,25.8,17,1d+1h+4h,0.822,False,nofill,0.0
2025-12-22 11:30:00-05:00,271.94,276.16,276.26,276.16,278.16,25.8,17,1d+1h+4h,0.868,False,nofill,0.0
2025-12-22 12:30:00-05:00,270.94,276.16,276.25,276.16,278.12,25.8,17,1d+1h+4h,1.073,False,nofill,0.0
2025-12-22 13:30:00-05:00,270.86,276.16,276.25,276.16,278.03,25.8,17,1d+1h+4h,1.089,False,nofill,0.0
2025-12-22 14:30:00-05:00,270.72,276.16,276.24,276.16,277.92,25.8,17,1d+1h+4h,1.118,False,nofill,0.0
2025-12-22 15:30:00-05:00,270.82,276.16,276.24,276.16,277.85,25.8,17,1d+1h+4h,1.098,False,nofill,0.0
2025-12-23 09:30:00-05:00,270.84,276.15,276.23,276.15,277.9,25.8,17,1d+1h+4h,1.124,False,nofill,0.0
2025-12-23 10:30:00-05:00,271.78,276.16,276.24,276.16,277.88,25.8,17,1d+1h+4h,0.926,False,nofill,0.0
2025-12-23 11:30:00-05:00,271.53,276.15,276.23,276.15,277.81,25.8,17,1d+1h+4h,0.978,False,nofill,0.0
2025-12-23 12:30:00-05:00,271.7,276.16,276.24,276.16,277.75,25.8,17,1d+1h+4h,0.944,False,nofill,0.0
2025-12-23 13:30:00-05:00,271.81,276.16,276.23,276.16,277.68,25.8,17,1d+1h+4h,0.92,False,nofill,0.0
2025-12-23 14:30:00-05:00,272.11,276.44,276.51,276.44,277.91,25.8,17,1d+1h+4h,0.917,False,nofill,0.0
2025-12-23 15:30:00-05:00,272.24,276.44,276.51,276.44,277.85,25.8,17,1d+1h+4h,0.889,False,nofill,0.0
2025-12-24 09:30:00-05:00,274.04,276.3,276.37,276.3,277.79,25.8,17,1d+1h+4h,0.49,False,nofill,0.0
2025-12-24 10:30:00-05:00,274.85,276.3,276.37,276.3,277.77,25.8,17,1d+1h+4h,0.314,False,nofill,0.0
2025-12-24 11:30:00-05:00,275.36,276.3,276.37,276.3,277.71,25.8,17,1d+1h+4h,0.203,False,nofill,0.0
2025-12-26 09:30:00-05:00,274.82,276.3,276.37,276.3,277.71,25.8,17,1d+1h+4h,0.33,False,nofill,0.0
2025-12-26 10:30:00-05:00,274.88,276.3,276.36,276.3,277.65,25.8,17,1d+1h+4h,0.318,False,nofill,0.0
2025-12-26 11:30:00-05:00,274.64,276.3,276.36,276.3,277.6,26.8,18,1d+1h+4h,0.371,False,nofill,0.0
2025-12-26 12:30:00-05:00,274.52,276.3,276.36,276.3,277.54,26.8,18,1d+1h+4h,0.398,False,nofill,0.0
2025-12-26 13:30:00-05:00,274.76,276.3,276.36,276.3,277.49,26.8,18,1d+1h+4h,0.345,False,nofill,0.0
2025-12-26 14:30:00-05:00,273.98,276.3,276.36,276.3,277.48,26.8,18,1d+1h+4h,0.519,False,nofill,0.0
2025-12-26 15:30:00-05:00,273.25,276.44,276.5,276.44,277.62,26.8,18,1d+1h+4h,0.714,False,nofill,0.0
2025-12-29 09:30:00-05:00,273.95,276.3,276.36,276.3,277.54,28.6,19,1d+1h+4h,0.546,False,nofill,0.0
2025-12-29 10:30:00-05:00,273.22,276.44,276.5,276.44,277.67,28.6,19,1d+1h+4h,0.75,False,nofill,0.0
2025-12-29 11:30:00-05:00,273.04,276.44,276.5,276.44,277.62,28.6,19,1d+1h+4h,0.792,False,nofill,0.0
2025-12-29 12:30:00-05:00,273.64,276.44,276.49,276.44,277.59,28.6,19,1d+1h+4h,0.652,False,nofill,0.0
2025-12-29 13:30:00-05:00,273.68,276.44,276.49,276.44,277.55,28.6,19,1d+1h+4h,0.643,False,nofill,0.0
2025-12-29 14:30:00-05:00,273.9,276.3,276.35,276.3,277.35,28.6,19,1d+1h+4h,0.558,False,nofill,0.0
2025-12-29 15:30:00-05:00,273.8,276.44,276.49,276.44,277.45,28.6,19,1d+1h+4h,0.615,False,nofill,0.0
2025-12-30 09:30:00-05:00,272.59,275.43,275.48,275.43,276.5,28.8,18,1d+1h+4h,0.69,False,nofill,0.0
2025-12-30 10:30:00-05:00,272.86,275.43,275.48,275.43,276.49,28.8,18,1d+1h+4h,0.625,False,nofill,0.0
2025-12-30 11:30:00-05:00,272.59,275.43,275.48,275.43,276.46,28.8,18,1d+1h+4h,0.69,False,nofill,0.0
2025-12-30 12:30:00-05:00,273.1,275.43,275.48,275.43,276.43,28.8,18,1d+1h+4h,0.566,False,nofill,0.0
2025-12-30 13:30:00-05:00,273.39,275.43,275.48,275.43,276.4,28.8,18,1d+1h+4h,0.496,False,nofill,0.0
2025-12-30 14:30:00-05:00,273.17,275.43,275.47,275.43,276.36,28.8,18,1d+1h+4h,0.551,False,nofill,0.0
2025-12-30 15:30:00-05:00,272.99,275.43,275.47,275.43,276.33,28.8,18,1d+1h+4h,0.593,False,nofill,0.0
2025-12-31 09:30:00-05:00,272.49,275.43,275.48,275.43,276.38,28.8,18,1d+1h+4h,0.743,False,nofill,0.0
2025-12-31 10:30:00-05:00,272.49,275.43,275.47,275.43,276.37,28.8,18,1d+1h+4h,0.743,False,nofill,0.0
2025-12-31 11:30:00-05:00,272.67,275.43,275.47,275.43,276.34,28.8,18,1d+1h+4h,0.697,False,nofill,0.0
2025-12-31 12:30:00-05:00,272.62,275.43,275.47,275.43,276.32,28.8,18,1d+1h+4h,0.709,False,nofill,0.0
2025-12-31 13:30:00-05:00,272.96,275.43,275.47,275.43,276.32,28.8,18,1d+1h+4h,0.624,True,scratch,-0.07535712916293402
2025-12-31 14:30:00-05:00,272.08,275.43,275.47,275.43,276.33,28.8,18,1d+1h+4h,0.847,True,scratch,-0.07561520090042517
2025-12-31 15:30:00-05:00,271.84,275.43,275.47,275.43,276.35,28.8,18,1d+1h+4h,0.907,True,scratch,-0.07579420904220147
2026-01-02 09:30:00-05:00,273.39,275.43,275.49,275.43,276.73,28.8,18,1d+1h+4h,0.474,False,nofill,0.0
2026-01-02 10:30:00-05:00,270.32,275.43,275.5,275.43,276.9,28.8,18,1d+1h+4h,1.186,False,nofill,0.0
2026-01-02 11:30:00-05:00,270.15,275.43,275.5,275.43,276.94,28.8,18,1d+1h+4h,1.227,False,nofill,0.0
2026-01-02 12:30:00-05:00,270.08,275.43,275.5,275.43,276.89,28.8,18,1d+1h+4h,1.243,False,nofill,0.0
2026-01-02 13:30:00-05:00,270.13,275.43,275.5,275.43,276.87,28.8,18,1d+1h+4h,1.231,False,nofill,0.0
2026-01-02 14:30:00-05:00,270.51,275.43,275.5,275.43,276.83,28.8,18,1d+1h+4h,1.143,False,nofill,0.0
2026-01-02 15:30:00-05:00,270.98,275.43,275.49,275.43,276.78,28.8,18,1d+1h+4h,1.034,False,nofill,0.0
2026-01-05 09:30:00-05:00,269.81,275.43,275.5,275.43,276.95,28.8,18,1d+1h+4h,1.283,False,nofill,0.0
2026-01-05 10:30:00-05:00,268.79,275.43,275.5,275.43,276.95,28.8,18,1d+1h+4h,1.516,False,nofill,0.0
2026-01-05 11:30:00-05:00,266.97,275.43,275.5,275.43,276.99,28.8,18,1d+1h+4h,1.932,False,nofill,0.0
2026-01-05 12:30:00-05:00,267.42,275.43,275.5,275.43,276.96,28.8,18,1d+1h+4h,1.829,False,nofill,0.0
2026-01-05 13:30:00-05:00,266.27,266.65,266.72,266.65,268.19,22.2,15,1d+1h+4h,0.087,True,scratch,-0.08737327844734466
2026-01-05 14:30:00-05:00,267.02,275.43,275.5,275.43,276.92,28.8,18,1d+1h+4h,1.921,False,nofill,0.0
2026-01-05 15:30:00-05:00,267.26,275.43,275.5,275.43,276.91,28.8,18,1d+1h+4h,1.866,False,nofill,0.0
2026-01-06 09:30:00-05:00,264.03,266.23,266.31,266.23,267.92,29.8,19,1d+1h+4h,0.493,False,nofill,0.0
2026-01-06 10:30:00-05:00,262.42,266.23,266.31,266.23,268.01,29.8,19,1d+1h+4h,0.855,False,nofill,0.0
2026-01-06 11:30:00-05:00,262.88,266.23,266.31,266.23,267.94,29.8,19,1d+1h+4h,0.75,False,nofill,0.0
2026-01-06 12:30:00-05:00,262.54,266.23,266.31,266.23,267.91,29.8,19,1d+1h+4h,0.828,False,nofill,0.0
2026-01-06 13:30:00-05:00,262.88,266.23,266.3,266.23,267.83,29.8,19,1d+1h+4h,0.752,False,nofill,0.0
2026-01-06 14:30:00-05:00,262.82,266.23,266.3,266.23,267.77,29.8,19,1d+1h+4h,0.765,False,nofill,0.0
2026-01-06 15:30:00-05:00,262.42,266.23,266.3,266.23,267.71,29.8,19,1d+1h+4h,0.853,False,nofill,0.0
2026-01-07 09:30:00-05:00,262.03,266.23,266.3,266.23,267.79,29.8,19,1d+1h+4h,0.951,False,nofill,0.0
2026-01-07 10:30:00-05:00,261.08,266.25,266.32,266.25,267.8,29.8,19,1d+1h+4h,1.171,False,nofill,0.0
2026-01-07 11:30:00-05:00,262.36,266.23,266.3,266.23,267.78,29.8,19,1d+1h+4h,0.876,False,nofill,0.0
2026-01-07 12:30:00-05:00,261.22,266.25,266.32,266.25,267.81,29.8,19,1d+1h+4h,1.14,False,nofill,0.0
2026-01-07 13:30:00-05:00,261.59,266.25,266.32,266.25,267.78,29.8,19,1d+1h+4h,1.057,False,nofill,0.0
2026-01-07 14:30:00-05:00,261.33,266.25,266.32,266.25,267.77,29.8,19,1d+1h+4h,1.115,False,nofill,0.0
2026-01-07 15:30:00-05:00,260.36,266.25,266.32,266.25,267.77,29.8,19,1d+1h+4h,1.335,False,nofill,0.0
2026-01-08 09:30:00-05:00,256.74,265.27,265.35,265.27,267.03,26.2,13,1d+1h+4h,1.926,False,nofill,0.0
2026-01-08 10:30:00-05:00,256.11,258.18,258.26,258.18,259.91,21.2,14,1d+1h+4h,0.468,True,scratch,-0.09186611814931966
2026-01-08 11:30:00-05:00,256.71,265.27,265.36,265.27,267.07,26.2,13,1d+1h+4h,1.934,False,nofill,0.0
2026-01-08 12:30:00-05:00,257.48,266.25,266.33,266.25,268.0,29.8,19,1d+1h+4h,1.982,False,nofill,0.0
2026-01-08 13:30:00-05:00,256.6,265.32,265.4,265.32,267.04,26.2,13,1d+1h+4h,1.97,False,nofill,0.0
2026-01-08 14:30:00-05:00,258.28,266.23,266.31,266.23,267.97,29.8,19,1d+1h+4h,1.795,False,nofill,0.0
2026-01-08 15:30:00-05:00,259.06,266.23,266.31,266.23,267.94,29.8,19,1d+1h+4h,1.619,False,nofill,0.0
2026-01-09 09:30:00-05:00,258.46,266.23,266.31,266.23,268.1,29.8,19,1d+1h+4h,1.767,False,nofill,0.0
2026-01-09 10:30:00-05:00,256.96,265.32,265.41,265.32,267.2,26.2,13,1d+1h+4h,1.903,False,nofill,0.0
2026-01-09 11:30:00-05:00,258.93,266.25,266.34,266.25,268.17,29.8,19,1d+1h+4h,1.666,False,nofill,0.0
2026-01-09 12:30:00-05:00,259.12,266.23,266.31,266.23,268.08,29.8,19,1d+1h+4h,1.617,False,nofill,0.0
2026-01-09 13:30:00-05:00,259.73,266.25,266.34,266.25,268.04,29.8,19,1d+1h+4h,1.484,False,nofill,0.0
2026-01-09 14:30:00-05:00,259.96,266.25,266.33,266.25,267.95,29.8,19,1d+1h+4h,1.43,False,nofill,0.0
2026-01-09 15:30:00-05:00,259.35,266.25,266.33,266.25,267.91,29.8,19,1d+1h+4h,1.57,False,nofill,0.0
2026-01-12 09:30:00-05:00,260.35,266.25,266.34,266.25,268.13,29.8,19,1d+1h+4h,1.341,False,nofill,0.0
2026-01-12 10:30:00-05:00,260.23,266.25,266.34,266.25,268.1,29.8,19,1d+1h+4h,1.368,False,nofill,0.0
2026-01-12 11:30:00-05:00,260.61,266.25,266.34,266.25,268.08,29.8,19,1d+1h+4h,1.282,False,nofill,0.0
2026-01-12 12:30:00-05:00,260.89,266.23,266.31,266.23,267.99,29.8,19,1d+1h+4h,1.212,False,nofill,0.0
2026-01-12 13:30:00-05:00,260.64,266.25,266.33,266.25,267.95,29.8,19,1d+1h+4h,1.275,False,nofill,0.0
2026-01-12 14:30:00-05:00,260.97,266.23,266.3,266.23,267.85,29.8,19,1d+1h+4h,1.194,False,nofill,0.0
2026-01-12 15:30:00-05:00,260.21,266.25,266.33,266.25,267.85,29.8,19,1d+1h+4h,1.373,False,nofill,0.0
2026-01-13 09:30:00-05:00,260.09,266.25,266.33,266.25,267.95,29.8,19,1d+1h+4h,1.423,False,nofill,0.0
2026-01-13 10:30:00-05:00,259.91,266.25,266.33,266.25,267.89,29.8,19,1d+1h+4h,1.464,False,nofill,0.0
2026-01-13 11:30:00-05:00,260.84,266.25,266.33,266.25,267.87,29.8,19,1d+1h+4h,1.25,False,nofill,0.0
2026-01-13 12:30:00-05:00,259.99,266.25,266.33,266.25,267.86,29.8,19,1d+1h+4h,1.446,False,nofill,0.0
2026-01-13 13:30:00-05:00,259.74,266.23,266.3,266.23,267.84,29.8,19,1d+1h+4h,1.498,False,nofill,0.0
2026-01-13 14:30:00-05:00,259.02,266.25,266.32,266.25,267.82,29.8,19,1d+1h+4h,1.67,False,nofill,0.0
2026-01-13 15:30:00-05:00,261.05,266.23,266.3,266.23,267.86,29.8,19,1d+1h+4h,1.195,False,nofill,0.0
2026-01-14 09:30:00-05:00,259.75,266.23,266.31,266.23,267.97,29.8,19,1d+1h+4h,1.477,False,nofill,0.0
2026-01-14 10:30:00-05:00,258.74,266.23,266.31,266.23,268.01,29.8,19,1d+1h+4h,1.707,False,nofill,0.0
2026-01-14 11:30:00-05:00,257.38,265.32,265.41,265.32,267.13,26.2,13,1d+1h+4h,1.811,False,nofill,0.0
2026-01-14 12:30:00-05:00,257.53,266.25,266.33,266.25,267.99,29.8,19,1d+1h+4h,1.989,False,nofill,0.0
2026-01-14 13:30:00-05:00,257.8,266.25,266.33,266.25,267.95,29.8,19,1d+1h+4h,1.927,False,nofill,0.0
2026-01-14 14:30:00-05:00,259.97,266.25,266.33,266.25,267.99,29.8,19,1d+1h+4h,1.432,False,nofill,0.0
2026-01-14 15:30:00-05:00,259.95,266.25,266.33,266.25,268.01,29.8,19,1d+1h+4h,1.437,False,nofill,0.0
2026-01-15 09:30:00-05:00,260.1,266.25,266.33,266.25,267.99,29.8,19,1d+1h+4h,1.412,False,nofill,0.0
2026-01-15 10:30:00-05:00,260.5,266.25,266.33,266.25,267.98,29.8,19,1d+1h+4h,1.321,False,nofill,0.0
2026-01-15 11:30:00-05:00,259.33,266.25,266.33,266.25,267.96,29.8,19,1d+1h+4h,1.589,False,nofill,0.0
2026-01-15 12:30:00-05:00,259.53,266.23,266.31,266.23,267.93,29.8,19,1d+1h+4h,1.537,False,nofill,0.0
2026-01-15 13:30:00-05:00,258.32,266.25,266.33,266.25,267.95,29.8,19,1d+1h+4h,1.821,False,nofill,0.0
2026-01-15 14:30:00-05:00,257.67,266.25,266.33,266.25,267.93,29.8,19,1d+1h+4h,1.97,False,nofill,0.0
2026-01-15 15:30:00-05:00,258.33,266.25,266.33,266.25,267.9,29.8,19,1d+1h+4h,1.818,False,nofill,0.0
2026-01-16 09:30:00-05:00,256.81,265.32,265.4,265.32,267.04,26.2,13,1d+1h+4h,1.967,False,nofill,0.0
2026-01-16 10:30:00-05:00,256.44,258.18,258.26,258.18,259.84,22.2,15,1d+1h+4h,0.402,False,nofill,0.0
2026-01-16 11:30:00-05:00,255.83,258.23,258.3,258.23,259.83,22.2,15,1d+1h+4h,0.554,False,nofill,0.0
2026-01-16 12:30:00-05:00,256.03,258.18,258.26,258.18,259.76,22.2,15,1d+1h+4h,0.497,False,nofill,0.0
2026-01-16 13:30:00-05:00,256.0,258.18,258.25,258.18,259.74,22.2,15,1d+1h+4h,0.504,False,nofill,0.0
2026-01-16 14:30:00-05:00,256.18,258.18,258.25,258.18,259.7,22.2,15,1d+1h+4h,0.462,False,nofill,0.0
2026-01-16 15:30:00-05:00,255.48,258.18,258.25,258.18,259.69,22.2,15,1d+1h+4h,0.624,False,nofill,0.0
2026-01-20 09:30:00-05:00,251.62,256.22,256.3,256.22,257.97,24.0,18,1d+1h+4h,0.943,False,nofill,0.0
2026-01-20 10:30:00-05:00,251.3,256.22,256.3,256.22,257.96,24.0,18,1d+1h+4h,1.007,False,nofill,0.0
2026-01-20 11:30:00-05:00,250.56,256.22,256.3,256.22,257.93,24.0,18,1d+1h+4h,1.16,False,nofill,0.0
2026-01-20 12:30:00-05:00,249.2,256.22,256.3,256.22,257.92,24.0,18,1d+1h+4h,1.439,False,nofill,0.0
2026-01-20 13:30:00-05:00,247.45,256.22,256.3,256.22,257.94,24.0,18,1d+1h+4h,1.796,False,nofill,0.0
2026-01-20 14:30:00-05:00,245.46,246.24,246.33,246.24,248.07,21.0,15,1d+1h+4h,0.16,True,scratch,-0.09530625490220546
2026-01-20 15:30:00-05:00,246.69,256.22,256.31,256.22,258.18,24.0,18,1d+1h+4h,1.953,False,nofill,0.0
2026-01-21 09:30:00-05:00,247.57,256.22,256.32,256.22,258.24,24.0,18,1d+1h+4h,1.735,False,nofill,0.0
2026-01-21 10:30:00-05:00,247.3,256.22,256.32,256.22,258.24,24.0,18,1d+1h+4h,1.789,False,nofill,0.0
2026-01-21 11:30:00-05:00,245.83,255.5,255.6,255.5,257.54,21.2,16,1d+1h+4h,1.939,False,nofill,0.0
2026-01-21 12:30:00-05:00,245.88,255.5,255.59,255.5,257.46,21.2,16,1d+1h+4h,1.929,False,nofill,0.0
2026-01-21 13:30:00-05:00,247.11,256.22,256.31,256.22,258.18,24.0,18,1d+1h+4h,1.827,False,nofill,0.0
2026-01-21 14:30:00-05:00,248.38,258.29,258.39,258.29,260.44,24.2,17,1d+1h+4h,1.986,False,nofill,0.0
2026-01-21 15:30:00-05:00,247.63,256.22,256.32,256.22,258.35,24.0,18,1d+1h+4h,1.723,False,nofill,0.0
2026-01-22 09:30:00-05:00,250.13,256.22,256.33,256.22,258.43,24.0,18,1d+1h+4h,1.251,False,nofill,0.0
2026-01-22 10:30:00-05:00,249.7,256.22,256.32,256.22,258.36,24.0,18,1d+1h+4h,1.339,False,nofill,0.0
2026-01-22 11:30:00-05:00,249.74,256.22,256.32,256.22,258.26,24.0,18,1d+1h+4h,1.331,False,nofill,0.0
2026-01-22 12:30:00-05:00,250.68,256.22,256.31,256.22,258.19,24.0,18,1d+1h+4h,1.138,False,nofill,0.0
2026-01-22 13:30:00-05:00,250.52,256.22,256.31,256.22,258.15,24.0,18,1d+1h+4h,1.171,False,nofill,0.0
2026-01-22 14:30:00-05:00,248.37,256.22,256.31,256.22,258.19,24.0,18,1d+1h+4h,1.612,False,nofill,0.0
2026-01-22 15:30:00-05:00,248.36,256.22,256.31,256.22,258.1,24.0,18,1d+1h+4h,1.614,False,nofill,0.0
2026-01-23 09:30:00-05:00,247.01,256.22,256.32,256.22,258.24,24.0,18,1d+1h+4h,1.896,False,nofill,0.0
2026-01-23 10:30:00-05:00,248.35,256.22,256.32,256.22,258.28,24.0,18,1d+1h+4h,1.62,False,nofill,0.0
2026-01-23 11:30:00-05:00,248.74,256.22,256.31,256.22,258.2,24.0,18,1d+1h+4h,1.54,False,nofill,0.0
2026-01-23 12:30:00-05:00,247.93,256.22,256.31,256.22,258.15,24.0,18,1d+1h+4h,1.706,False,nofill,0.0
2026-01-23 13:30:00-05:00,247.48,256.22,256.31,256.22,258.09,24.0,18,1d+1h+4h,1.8,False,nofill,0.0
2026-01-23 14:30:00-05:00,248.19,256.22,256.31,256.22,258.04,24.0,18,1d+1h+4h,1.653,False,nofill,0.0
2026-01-23 15:30:00-05:00,247.97,256.22,256.3,256.22,257.99,24.0,18,1d+1h+4h,1.698,False,nofill,0.0
2026-01-26 09:30:00-05:00,254.04,258.29,258.39,258.29,260.45,24.2,17,1d+1h+4h,0.83,False,nofill,0.0
2026-01-26 10:30:00-05:00,255.1,265.32,265.42,265.32,267.45,26.2,13,1d+1h+4h,1.997,False,nofill,0.0
2026-01-26 11:30:00-05:00,254.5,258.29,258.38,258.29,260.35,24.2,17,1d+1h+4h,0.74,False,nofill,0.0
2026-01-26 12:30:00-05:00,254.65,258.29,258.38,258.29,260.25,24.2,17,1d+1h+4h,0.71,False,nofill,0.0
2026-01-26 13:30:00-05:00,255.94,265.82,265.91,265.82,267.77,30.8,18,1d+1h+4h,1.93,False,nofill,0.0
2026-01-26 14:30:00-05:00,255.72,265.82,265.91,265.82,267.71,30.8,18,1d+1h+4h,1.972,False,nofill,0.0
2026-01-26 15:30:00-05:00,255.42,265.5,265.59,265.5,267.34,26.2,13,1d+1h+4h,1.969,False,nofill,0.0
2026-01-27 09:30:00-05:00,259.85,265.82,265.92,265.82,268.02,31.8,19,1d+1h+4h,1.145,False,nofill,0.0
2026-01-27 10:30:00-05:00,260.72,265.82,265.92,265.82,267.98,31.8,19,1d+1h+4h,0.977,False,nofill,0.0
2026-01-27 11:30:00-05:00,261.31,265.82,265.92,265.82,267.89,31.8,19,1d+1h+4h,0.864,False,nofill,0.0
2026-01-27 12:30:00-05:00,260.26,265.82,265.92,265.82,267.83,31.8,19,1d+1h+4h,1.066,False,nofill,0.0
2026-01-27 13:30:00-05:00,259.88,265.82,265.91,265.82,267.75,31.8,19,1d+1h+4h,1.139,False,nofill,0.0
2026-01-27 14:30:00-05:00,259.38,265.82,265.91,265.82,267.68,31.8,19,1d+1h+4h,1.234,False,nofill,0.0
2026-01-27 15:30:00-05:00,258.27,265.82,265.91,265.82,267.66,31.8,19,1d+1h+4h,1.447,False,nofill,0.0
2026-01-28 09:30:00-05:00,256.09,265.82,265.91,265.82,267.8,30.8,18,1d+1h+4h,1.887,False,nofill,0.0
2026-01-28 10:30:00-05:00,255.49,265.79,265.88,265.79,267.73,30.8,18,1d+1h+4h,1.998,False,nofill,0.0
2026-01-28 11:30:00-05:00,254.82,258.29,258.37,258.29,260.15,24.2,17,1d+1h+4h,0.672,False,nofill,0.0
2026-01-28 12:30:00-05:00,255.26,265.5,265.59,265.5,267.3,29.0,15,1d+1h+4h,1.987,False,nofill,0.0
2026-01-28 13:30:00-05:00,255.11,265.32,265.4,265.32,267.07,26.2,13,1d+1h+4h,1.98,False,nofill,0.0
2026-01-28 14:30:00-05:00,256.48,265.79,265.87,265.79,267.54,30.8,18,1d+1h+4h,1.806,False,nofill,0.0
2026-01-28 15:30:00-05:00,256.44,265.79,265.87,265.79,267.48,30.8,18,1d+1h+4h,1.813,False,nofill,0.0
2026-01-29 09:30:00-05:00,256.9,265.82,265.91,265.82,267.71,31.8,19,1d+1h+4h,1.728,False,nofill,0.0
2026-01-29 10:30:00-05:00,256.17,265.82,265.91,265.82,267.77,31.8,19,1d+1h+4h,1.87,False,nofill,0.0
2026-01-29 11:30:00-05:00,257.22,265.82,265.91,265.82,267.8,31.8,19,1d+1h+4h,1.666,False,nofill,0.0
2026-01-29 12:30:00-05:00,257.38,265.82,265.91,265.82,267.74,31.8,19,1d+1h+4h,1.635,False,nofill,0.0
2026-01-29 13:30:00-05:00,258.14,265.82,265.91,265.82,267.68,31.8,19,1d+1h+4h,1.487,False,nofill,0.0
2026-01-29 14:30:00-05:00,258.3,265.82,265.91,265.82,267.61,31.8,19,1d+1h+4h,1.458,False,nofill,0.0
2026-01-29 15:30:00-05:00,258.18,265.82,265.9,265.82,267.6,31.8,19,1d+1h+4h,1.481,False,nofill,0.0
2026-01-30 09:30:00-05:00,254.0,258.49,258.59,258.49,260.64,25.2,18,1d+1h+4h,0.819,False,nofill,0.0
2026-01-30 10:30:00-05:00,256.69,265.82,265.93,265.82,268.05,31.8,19,1d+1h+4h,1.665,False,nofill,0.0
2026-01-30 11:30:00-05:00,255.21,265.82,265.93,265.82,268.11,31.8,19,1d+1h+4h,1.935,False,nofill,0.0
2026-01-30 12:30:00-05:00,256.06,265.82,265.93,265.82,268.06,31.8,19,1d+1h+4h,1.781,False,nofill,0.0
2026-01-30 13:30:00-05:00,257.58,265.82,265.93,265.82,268.07,31.8,19,1d+1h+4h,1.502,False,nofill,0.0
2026-01-30 14:30:00-05:00,259.91,265.79,265.9,265.79,268.07,31.8,19,1d+1h+4h,1.072,False,nofill,0.0
2026-01-30 15:30:00-05:00,259.48,265.79,265.9,265.79,268.2,31.8,19,1d+1h+4h,1.15,False,nofill,0.0
2026-02-02 09:30:00-05:00,265.04,275.99,276.11,275.99,278.68,38.4,24,1d+1h+4h,1.857,False,nofill,0.0
2026-02-02 10:30:00-05:00,264.29,275.99,276.12,275.99,278.72,38.4,24,1d+1h+4h,1.983,False,nofill,0.0
2026-02-02 11:30:00-05:00,264.18,275.96,276.08,275.96,278.57,38.4,24,1d+1h+4h,1.998,False,nofill,0.0
2026-02-02 12:30:00-05:00,265.13,275.99,276.11,275.99,278.53,38.4,24,1d+1h+4h,1.841,False,nofill,0.0
2026-02-02 13:30:00-05:00,267.18,275.96,276.08,275.96,278.49,38.4,24,1d+1h+4h,1.489,False,nofill,0.0
2026-02-02 14:30:00-05:00,268.98,275.99,276.11,275.99,278.55,38.4,24,1d+1h+4h,1.188,False,nofill,0.0
2026-02-02 15:30:00-05:00,269.96,275.99,276.11,275.99,278.49,38.4,24,1d+1h+4h,1.022,False,nofill,0.0
2026-02-03 09:30:00-05:00,269.88,275.99,276.11,275.99,278.6,38.4,24,1d+1h+4h,1.056,False,nofill,0.0
2026-02-03 10:30:00-05:00,268.9,275.99,276.12,275.99,278.69,38.4,24,1d+1h+4h,1.227,False,nofill,0.0
2026-02-03 11:30:00-05:00,268.9,275.99,276.11,275.99,278.66,38.4,24,1d+1h+4h,1.226,False,nofill,0.0
2026-02-03 12:30:00-05:00,269.34,275.99,276.11,275.99,278.59,38.4,24,1d+1h+4h,1.15,False,nofill,0.0
2026-02-03 13:30:00-05:00,271.48,275.99,276.11,275.99,278.63,38.4,24,1d+1h+4h,0.78,True,scratch,-0.10558870418838628
2026-02-03 14:30:00-05:00,269.21,275.99,276.11,275.99,278.67,38.4,24,1d+1h+4h,1.173,True,scratch,-0.10624763677182791
2026-02-03 15:30:00-05:00,269.46,275.99,276.11,275.99,278.57,38.4,24,1d+1h+4h,1.129,True,scratch,-0.10450787221268909
2026-02-04 09:30:00-05:00,276.1,276.44,276.59,276.44,279.54,35.4,23,1d+1h+4h,0.056,True,scratch,-0.11332189900127299
2026-02-04 10:30:00-05:00,277.21,278.59,278.73,278.59,281.63,20.2,13,1d+1h+4h,0.228,False,nofill,0.0
2026-02-04 11:30:00-05:00,275.25,275.85,275.99,275.85,278.92,38.4,24,1d+1h+4h,0.098,True,scratch,-0.11292864950703807
2026-02-04 12:30:00-05:00,275.6,275.95,276.1,275.95,279.02,38.4,24,1d+1h+4h,0.058,True,scratch,-0.11297421313067879
2026-02-04 13:30:00-05:00,274.91,275.95,276.09,275.95,278.91,38.4,24,1d+1h+4h,0.172,True,target,0.9606352432698362
2026-02-04 14:30:00-05:00,277.61,278.59,278.73,278.59,281.58,21.2,14,1d+1h+4h,0.162,True,scratch,-0.11108030665658575
2026-02-04 15:30:00-05:00,276.46,276.82,276.96,276.82,279.79,35.4,23,1d+1h+4h,0.06,True,scratch,-0.1110716296558456
2026-02-05 09:30:00-05:00,276.79,277.32,277.47,277.32,280.55,30.8,20,1d+1h+4h,0.088,False,nofill,0.0
2026-02-05 10:30:00-05:00,275.22,275.85,276.0,275.85,279.15,38.4,24,1d+1h+4h,0.103,True,scratch,-0.11695915580145488
2026-02-05 11:30:00-05:00,274.74,275.95,276.1,275.95,279.17,38.4,24,1d+1h+4h,0.2,True,scratch,-0.11542341660331079
2026-02-05 12:30:00-05:00,274.32,275.85,275.99,275.85,278.91,38.4,24,1d+1h+4h,0.252,True,scratch,-0.11286781442635396
2026-02-05 13:30:00-05:00,277.04,278.59,278.74,278.59,281.7,21.2,14,1d+1h+4h,0.255,True,scratch,-0.11303049011751609
2026-02-05 14:30:00-05:00,276.63,277.32,277.46,277.32,280.33,30.8,20,1d+1h+4h,0.114,True,scratch,-0.11156998469760149
2026-02-05 15:30:00-05:00,275.92,276.63,276.77,276.63,279.54,35.4,23,1d+1h+4h,0.117,True,target,0.940721509277731
2026-02-06 09:30:00-05:00,279.29,279.67,279.82,279.67,282.75,14.4,10,1d+1h+4h,0.063,True,scratch,-0.11229606341068843
2026-02-06 10:30:00-05:00,279.12,279.44,279.58,279.44,282.42,14.4,10,1d+1h+4h,0.054,True,scratch,-0.1106426544199679
2026-02-06 11:30:00-05:00,278.68,279.22,279.36,279.22,282.1,17.2,12,1d+1h+4h,0.09,False,nofill,0.0
2026-02-06 12:30:00-05:00,277.77,278.59,278.72,278.59,281.36,18.2,13,1d+1h+4h,0.136,True,scratch,-0.1073013776522802
2026-02-06 13:30:00-05:00,277.13,278.05,278.18,278.05,280.7,19.4,13,1d+1h+4h,0.154,True,scratch,-0.10533563455181749
2026-02-06 14:30:00-05:00,277.66,278.05,278.17,278.05,280.64,19.4,13,1d+1h+4h,0.065,True,scratch,-0.10434837302192301
2026-02-06 15:30:00-05:00,278.08,278.59,278.71,278.59,281.11,18.2,13,1d+1h+4h,0.085,False,nofill,0.0
2026-02-09 09:30:00-05:00,273.08,275.99,276.12,275.99,278.7,38.4,24,1d+1h+4h,0.483,False,nofill,0.0
2026-02-09 10:30:00-05:00,273.4,275.95,276.07,275.95,278.54,38.4,24,1d+1h+4h,0.424,False,nofill,0.0
2026-02-09 11:30:00-05:00,272.01,275.95,276.07,275.95,278.51,38.4,24,1d+1h+4h,0.654,False,nofill,0.0
2026-02-09 12:30:00-05:00,271.98,275.99,276.1,275.99,278.41,38.4,24,1d+1h+4h,0.666,False,nofill,0.0
2026-02-09 13:30:00-05:00,273.62,275.95,276.06,275.95,278.34,38.4,24,1d+1h+4h,0.387,False,nofill,0.0
2026-02-09 14:30:00-05:00,274.04,275.85,275.96,275.85,278.17,38.4,24,1d+1h+4h,0.3,False,nofill,0.0
2026-02-09 15:30:00-05:00,274.54,275.85,275.95,275.85,278.12,38.4,24,1d+1h+4h,0.217,False,nofill,0.0
2026-02-10 09:30:00-05:00,274.42,275.95,276.06,275.95,278.22,38.4,24,1d+1h+4h,0.265,False,nofill,0.0
2026-02-10 10:30:00-05:00,274.06,275.99,276.09,275.99,278.17,38.4,24,1d+1h+4h,0.334,False,nofill,0.0
2026-02-10 11:30:00-05:00,273.35,275.95,276.05,275.95,278.06,38.4,24,1d+1h+4h,0.451,False,nofill,0.0
2026-02-10 12:30:00-05:00,274.06,275.99,276.08,275.99,278.02,39.4,25,1d+1h+4h,0.335,False,nofill,0.0
2026-02-10 13:30:00-05:00,273.96,275.99,276.08,275.99,277.92,39.4,25,1d+1h+4h,0.351,True,target,0.6078796945295117
2026-02-10 14:30:00-05:00,274.07,275.99,276.07,275.99,277.84,39.4,25,1d+1h+4h,0.333,True,target,0.5803525816847843
2026-02-10 15:30:00-05:00,273.79,275.95,276.04,275.95,277.76,39.4,25,1d+1h+4h,0.375,True,target,0.5652160081623059
2026-02-11 09:30:00-05:00,277.05,279.67,279.76,279.67,281.63,21.2,14,1d+1h+4h,0.451,True,scratch,-0.09327909890327613
2026-02-11 10:30:00-05:00,278.19,279.75,279.85,279.75,281.79,21.2,14,1d+1h+4h,0.268,True,scratch,-0.09464119347447619
2026-02-11 11:30:00-05:00,279.94,280.38,280.48,280.38,282.42,20.2,13,1d+1h+4h,0.075,False,nofill,0.0
2026-02-11 12:30:00-05:00,278.96,279.53,279.63,279.53,281.55,21.2,14,1d+1h+4h,0.098,True,scratch,-0.09439070274643857
2026-02-11 13:30:00-05:00,279.58,280.03,280.12,280.03,282.0,21.2,14,1d+1h+4h,0.077,False,nofill,0.0
2026-02-11 14:30:00-05:00,276.05,276.7,276.8,276.7,278.88,36.4,24,1d+1h+4h,0.112,False,nofill,0.0
2026-02-11 15:30:00-05:00,275.54,275.95,276.05,275.95,278.06,39.4,25,1d+1h+4h,0.07,False,nofill,0.0
2026-02-12 09:30:00-05:00,271.25,275.99,276.1,275.99,278.37,39.4,25,1d+1h+4h,0.728,False,nofill,0.0
2026-02-12 10:30:00-05:00,266.17,275.99,276.11,275.99,278.62,39.4,25,1d+1h+4h,1.509,False,nofill,0.0
2026-02-12 11:30:00-05:00,264.6,276.16,276.29,276.16,278.8,39.4,25,1d+1h+4h,1.777,False,nofill,0.0
2026-02-12 12:30:00-05:00,262.33,274.68,274.82,274.68,277.47,37.6,26,1d+1h+4h,1.899,False,nofill,0.0
2026-02-12 13:30:00-05:00,261.78,274.74,274.87,274.74,277.44,37.6,26,1d+1h+4h,1.992,False,nofill,0.0
2026-02-12 14:30:00-05:00,261.49,265.82,265.94,265.82,268.43,35.8,21,1d+1h+4h,0.666,False,nofill,0.0
2026-02-12 15:30:00-05:00,261.59,265.79,265.91,265.79,268.38,35.8,21,1d+1h+4h,0.645,False,nofill,0.0
2026-02-13 09:30:00-05:00,260.6,265.82,265.95,265.82,268.48,35.8,21,1d+1h+4h,0.801,False,nofill,0.0
2026-02-13 10:30:00-05:00,259.29,265.82,265.95,265.82,268.53,35.8,21,1d+1h+4h,1.001,False,nofill,0.0
2026-02-13 11:30:00-05:00,259.59,265.82,265.95,265.82,268.45,35.8,21,1d+1h+4h,0.955,False,nofill,0.0
2026-02-13 12:30:00-05:00,258.91,265.82,265.94,265.82,268.38,35.8,21,1d+1h+4h,1.059,False,nofill,0.0
2026-02-13 13:30:00-05:00,258.46,265.82,265.94,265.82,268.27,35.8,21,1d+1h+4h,1.128,False,nofill,0.0
2026-02-13 14:30:00-05:00,255.91,265.79,265.91,265.79,268.28,35.8,21,1d+1h+4h,1.514,False,nofill,0.0
2026-02-13 15:30:00-05:00,255.82,265.79,265.9,265.79,268.2,35.8,21,1d+1h+4h,1.528,False,nofill,0.0
2026-02-17 09:30:00-05:00,259.64,265.79,265.92,265.79,268.46,35.8,21,1d+1h+4h,0.901,False,nofill,0.0
2026-02-17 10:30:00-05:00,260.26,265.82,265.95,265.82,268.47,35.8,21,1d+1h+4h,0.814,True,scratch,-0.10741322547392906
2026-02-17 11:30:00-05:00,261.85,275.43,275.56,275.43,278.06,37.6,24,1d+1h+4h,1.99,False,nofill,0.0
2026-02-17 12:30:00-05:00,263.4,276.15,276.28,276.15,278.8,42.2,27,1d+1h+4h,1.868,False,nofill,0.0
2026-02-17 13:30:00-05:00,265.29,276.15,276.28,276.15,278.84,42.2,27,1d+1h+4h,1.592,False,nofill,0.0
2026-02-17 14:30:00-05:00,264.29,276.16,276.29,276.16,278.81,42.2,27,1d+1h+4h,1.739,False,nofill,0.0
2026-02-17 15:30:00-05:00,263.75,276.16,276.28,276.16,278.78,42.2,27,1d+1h+4h,1.819,False,nofill,0.0
2026-02-18 09:30:00-05:00,265.4,276.3,276.43,276.3,278.97,39.4,25,1d+1h+4h,1.64,False,nofill,0.0
2026-02-18 10:30:00-05:00,266.04,276.15,276.27,276.15,278.71,39.4,25,1d+1h+4h,1.521,False,nofill,0.0
2026-02-18 11:30:00-05:00,265.42,276.3,276.42,276.3,278.8,39.4,25,1d+1h+4h,1.636,False,nofill,0.0
2026-02-18 12:30:00-05:00,265.4,276.3,276.41,276.3,278.69,39.4,25,1d+1h+4h,1.639,False,nofill,0.0
2026-02-18 13:30:00-05:00,264.57,276.3,276.41,276.3,278.6,39.4,25,1d+1h+4h,1.764,False,nofill,0.0
2026-02-18 14:30:00-05:00,263.74,275.85,275.95,275.85,278.09,39.4,25,1d+1h+4h,1.821,False,nofill,0.0
2026-02-18 15:30:00-05:00,264.32,276.3,276.4,276.3,278.52,39.4,25,1d+1h+4h,1.802,False,nofill,0.0
2026-02-19 09:30:00-05:00,262.87,275.85,275.95,275.85,278.06,39.4,25,1d+1h+4h,2.0,False,nofill,0.0
2026-02-19 10:30:00-05:00,263.62,276.16,276.26,276.16,278.34,39.4,25,1d+1h+4h,1.932,False,nofill,0.0
2026-02-19 11:30:00-05:00,262.94,275.85,275.95,275.85,277.98,39.4,25,1d+1h+4h,1.989,False,nofill,0.0
2026-02-19 12:30:00-05:00,261.77,265.79,265.89,265.79,267.9,38.6,23,1d+1h+4h,0.619,False,nofill,0.0
2026-02-19 13:30:00-05:00,261.54,265.82,265.92,265.82,267.84,38.6,23,1d+1h+4h,0.66,False,nofill,0.0
2026-02-19 14:30:00-05:00,260.76,265.82,265.91,265.82,267.8,38.6,23,1d+1h+4h,0.78,False,nofill,0.0
2026-02-19 15:30:00-05:00,260.51,265.82,265.91,265.82,267.75,38.6,23,1d+1h+4h,0.818,False,nofill,0.0
2026-02-20 09:30:00-05:00,260.57,265.82,265.92,265.82,267.93,38.6,23,1d+1h+4h,0.808,False,nofill,0.0
2026-02-20 10:30:00-05:00,261.43,265.82,265.92,265.82,268.0,38.6,23,1d+1h+4h,0.676,False,nofill,0.0
2026-02-20 11:30:00-05:00,262.3,265.82,265.93,265.82,268.11,38.6,23,1d+1h+4h,0.542,False,nofill,0.0
2026-02-20 12:30:00-05:00,263.61,276.16,276.27,276.16,278.46,39.4,25,1d+1h+4h,1.932,False,nofill,0.0
2026-02-20 13:30:00-05:00,264.43,276.15,276.26,276.15,278.41,39.4,25,1d+1h+4h,1.804,False,nofill,0.0
2026-02-20 14:30:00-05:00,263.33,265.79,265.89,265.79,267.99,39.6,24,1d+1h+4h,0.378,True,scratch,-0.09937766251737479
2026-02-20 15:30:00-05:00,264.59,265.79,265.89,265.79,267.96,39.6,24,1d+1h+4h,0.184,True,scratch,-0.09878555074691597
2026-02-23 09:30:00-05:00,267.05,275.85,275.96,275.85,278.19,39.4,25,1d+1h+4h,1.361,False,nofill,0.0
2026-02-23 10:30:00-05:00,266.59,275.99,276.1,275.99,278.37,39.4,25,1d+1h+4h,1.454,False,nofill,0.0
2026-02-23 11:30:00-05:00,267.13,275.85,275.96,275.85,278.17,39.4,25,1d+1h+4h,1.349,False,nofill,0.0
2026-02-23 12:30:00-05:00,269.33,275.85,275.96,275.85,278.19,39.4,25,1d+1h+4h,1.007,False,nofill,0.0
2026-02-23 13:30:00-05:00,267.3,275.85,275.96,275.85,278.19,39.4,25,1d+1h+4h,1.322,False,nofill,0.0
2026-02-23 14:30:00-05:00,266.78,276.16,276.27,276.16,278.41,39.4,25,1d+1h+4h,1.451,False,nofill,0.0
2026-02-23 15:30:00-05:00,266.39,275.85,275.95,275.85,278.03,39.4,25,1d+1h+4h,1.463,False,nofill,0.0
2026-02-24 09:30:00-05:00,273.67,275.99,276.11,275.99,278.65,39.4,25,1d+1h+4h,0.35,False,nofill,0.0
2026-02-24 10:30:00-05:00,273.22,275.85,275.97,275.85,278.5,39.4,25,1d+1h+4h,0.396,False,nofill,0.0
2026-02-24 11:30:00-05:00,272.51,275.99,276.11,275.99,278.55,39.4,25,1d+1h+4h,0.525,False,nofill,0.0
2026-02-24 12:30:00-05:00,271.6,276.16,276.28,276.16,278.63,40.4,26,1d+1h+4h,0.689,False,nofill,0.0
2026-02-24 13:30:00-05:00,272.29,275.99,276.1,275.99,278.37,40.4,26,1d+1h+4h,0.558,False,nofill,0.0
2026-02-24 14:30:00-05:00,271.91,276.16,276.27,276.16,278.47,40.4,26,1d+1h+4h,0.642,False,nofill,0.0
2026-02-24 15:30:00-05:00,272.17,275.99,276.09,275.99,278.2,40.4,26,1d+1h+4h,0.576,False,nofill,0.0
2026-02-25 09:30:00-05:00,273.63,275.96,276.07,275.96,278.25,40.4,26,1d+1h+4h,0.362,False,nofill,0.0
2026-02-25 10:30:00-05:00,273.96,275.96,276.07,275.96,278.21,40.4,26,1d+1h+4h,0.31,False,nofill,0.0
2026-02-25 11:30:00-05:00,273.61,275.96,276.06,275.96,278.13,40.4,26,1d+1h+4h,0.365,False,nofill,0.0
2026-02-25 12:30:00-05:00,274.35,275.99,276.09,275.99,278.09,40.4,26,1d+1h+4h,0.255,False,nofill,0.0
2026-02-25 13:30:00-05:00,274.41,275.99,276.08,275.99,278.0,40.4,26,1d+1h+4h,0.245,True,scratch,-0.09469163848006001
2026-02-25 14:30:00-05:00,273.75,275.99,276.08,275.99,277.96,40.4,26,1d+1h+4h,0.348,True,scratch,-0.09393210601907898
2026-02-25 15:30:00-05:00,274.18,275.96,276.05,275.96,277.87,40.4,26,1d+1h+4h,0.277,True,scratch,-0.09292646040148789
2026-02-26 09:30:00-05:00,272.0,275.96,276.06,275.96,278.13,40.4,26,1d+1h+4h,0.624,False,nofill,0.0
2026-02-26 10:30:00-05:00,272.54,276.16,276.26,276.16,278.32,40.4,26,1d+1h+4h,0.57,False,nofill,0.0
2026-02-26 11:30:00-05:00,271.76,276.16,276.26,276.16,278.26,40.4,26,1d+1h+4h,0.693,False,nofill,0.0
2026-02-26 12:30:00-05:00,271.39,276.11,276.21,276.11,278.14,41.4,27,1d+1h+4h,0.744,False,nofill,0.0
2026-02-26 13:30:00-05:00,272.8,275.99,276.08,275.99,278.03,41.4,27,1d+1h+4h,0.502,False,nofill,0.0
2026-02-26 14:30:00-05:00,272.63,275.99,276.08,275.99,277.95,41.4,27,1d+1h+4h,0.529,False,nofill,0.0
2026-02-26 15:30:00-05:00,272.99,276.15,276.24,276.15,278.04,41.4,27,1d+1h+4h,0.498,False,nofill,0.0
2026-02-27 09:30:00-05:00,268.5,275.99,276.09,275.99,278.1,41.4,27,1d+1h+4h,1.132,False,nofill,0.0
2026-02-27 10:30:00-05:00,269.06,276.15,276.25,276.15,278.22,41.4,27,1d+1h+4h,1.073,False,nofill,0.0
2026-02-27 11:30:00-05:00,267.88,276.3,276.4,276.3,278.39,41.4,27,1d+1h+4h,1.273,False,nofill,0.0
2026-02-27 12:30:00-05:00,265.95,276.15,276.25,276.15,278.27,43.2,28,1d+1h+4h,1.543,False,nofill,0.0
2026-02-27 13:30:00-05:00,265.73,276.16,276.26,276.16,278.2,43.2,28,1d+1h+4h,1.578,False,nofill,0.0
2026-02-27 14:30:00-05:00,266.64,276.15,276.25,276.15,278.17,43.2,28,1d+1h+4h,1.439,False,nofill,0.0
2026-02-27 15:30:00-05:00,264.17,276.3,276.4,276.3,278.46,43.2,28,1d+1h+4h,1.835,False,nofill,0.0
2026-03-02 09:30:00-05:00,263.81,275.99,276.1,275.99,278.3,43.2,28,1d+1h+4h,1.848,False,nofill,0.0
2026-03-02 10:30:00-05:00,264.36,276.16,276.27,276.16,278.53,43.2,28,1d+1h+4h,1.791,False,nofill,0.0
2026-03-02 11:30:00-05:00,266.0,276.15,276.26,276.15,278.52,43.2,28,1d+1h+4h,1.54,False,nofill,0.0
2026-03-02 12:30:00-05:00,265.5,276.3,276.41,276.3,278.58,43.2,28,1d+1h+4h,1.639,False,nofill,0.0
2026-03-02 13:30:00-05:00,266.06,276.15,276.26,276.15,278.4,43.2,28,1d+1h+4h,1.531,False,nofill,0.0
2026-03-02 14:30:00-05:00,264.31,276.16,276.27,276.16,278.43,43.2,28,1d+1h+4h,1.798,False,nofill,0.0
2026-03-02 15:30:00-05:00,264.6,276.3,276.41,276.3,278.55,43.2,28,1d+1h+4h,1.776,False,nofill,0.0
2026-03-03 09:30:00-05:00,262.26,274.74,274.86,274.74,277.16,44.4,30,1d+1h+4h,1.918,False,nofill,0.0
2026-03-03 10:30:00-05:00,262.57,274.74,274.85,274.74,277.14,44.4,30,1d+1h+4h,1.871,False,nofill,0.0
2026-03-03 11:30:00-05:00,261.81,274.74,274.85,274.74,277.13,44.4,30,1d+1h+4h,1.987,False,nofill,0.0
2026-03-03 12:30:00-05:00,261.48,265.79,265.9,265.79,268.14,41.6,26,1d+1h+4h,0.662,False,nofill,0.0
2026-03-03 13:30:00-05:00,263.65,276.16,276.27,276.16,278.53,46.2,29,1d+1h+4h,1.922,False,nofill,0.0
2026-03-03 14:30:00-05:00,263.28,276.16,276.27,276.16,278.52,46.2,29,1d+1h+4h,1.98,False,nofill,0.0
2026-03-03 15:30:00-05:00,263.71,276.3,276.41,276.3,278.61,46.2,29,1d+1h+4h,1.935,False,nofill,0.0
2026-03-04 09:30:00-05:00,264.13,275.85,275.96,275.85,278.35,46.2,29,1d+1h+4h,1.837,False,nofill,0.0
2026-03-04 10:30:00-05:00,264.53,276.15,276.27,276.15,278.62,46.2,29,1d+1h+4h,1.822,False,nofill,0.0
2026-03-04 11:30:00-05:00,264.9,276.16,276.27,276.16,278.54,46.2,29,1d+1h+4h,1.765,False,nofill,0.0
2026-03-04 12:30:00-05:00,263.78,276.16,276.27,276.16,278.52,46.2,29,1d+1h+4h,1.941,False,nofill,0.0
2026-03-04 13:30:00-05:00,263.35,275.99,276.1,275.99,278.27,46.2,29,1d+1h+4h,1.981,False,nofill,0.0
2026-03-04 14:30:00-05:00,262.73,274.74,274.85,274.74,276.98,44.4,30,1d+1h+4h,1.883,False,nofill,0.0
2026-03-04 15:30:00-05:00,262.45,274.74,274.84,274.74,276.89,44.4,30,1d+1h+4h,1.927,False,nofill,0.0
2026-03-05 09:30:00-05:00,258.87,265.79,265.9,265.79,268.08,41.6,26,1d+1h+4h,1.098,False,nofill,0.0
2026-03-05 10:30:00-05:00,260.76,265.82,265.93,265.82,268.18,41.6,26,1d+1h+4h,0.804,False,nofill,0.0
2026-03-05 11:30:00-05:00,259.02,265.82,265.93,265.82,268.21,41.6,26,1d+1h+4h,1.08,False,nofill,0.0
2026-03-05 12:30:00-05:00,258.91,265.79,265.9,265.79,268.08,41.6,26,1d+1h+4h,1.092,False,nofill,0.0
2026-03-05 13:30:00-05:00,257.86,265.82,265.93,265.82,268.06,41.6,26,1d+1h+4h,1.264,False,nofill,0.0
2026-03-05 14:30:00-05:00,258.69,265.79,265.9,265.79,268.03,41.6,26,1d+1h+4h,1.127,False,nofill,0.0
2026-03-05 15:30:00-05:00,260.31,265.82,265.93,265.82,268.07,41.6,26,1d+1h+4h,0.875,False,nofill,0.0
2026-03-06 09:30:00-05:00,256.7,265.79,265.91,265.79,268.32,41.6,26,1d+1h+4h,1.449,False,nofill,0.0
2026-03-06 10:30:00-05:00,257.25,265.82,265.94,265.82,268.31,41.6,26,1d+1h+4h,1.367,False,nofill,0.0
2026-03-06 11:30:00-05:00,256.77,265.79,265.9,265.79,268.18,41.6,26,1d+1h+4h,1.438,False,nofill,0.0
2026-03-06 12:30:00-05:00,256.48,265.82,265.93,265.82,268.16,41.6,26,1d+1h+4h,1.49,False,nofill,0.0
2026-03-06 13:30:00-05:00,257.18,265.79,265.9,265.79,268.06,41.6,26,1d+1h+4h,1.373,False,nofill,0.0
2026-03-06 14:30:00-05:00,256.91,265.79,265.89,265.79,267.98,41.6,26,1d+1h+4h,1.416,False,nofill,0.0
2026-03-06 15:30:00-05:00,257.54,265.79,265.89,265.79,267.95,41.6,26,1d+1h+4h,1.316,False,nofill,0.0
2026-03-09 09:30:00-04:00,255.71,265.79,265.9,265.79,268.08,41.6,26,1d+1h+4h,1.586,False,nofill,0.0
2026-03-09 10:30:00-04:00,257.73,265.82,265.93,265.82,268.12,41.6,26,1d+1h+4h,1.273,False,nofill,0.0
2026-03-09 11:30:00-04:00,257.57,265.82,265.93,265.82,268.04,41.6,26,1d+1h+4h,1.298,False,nofill,0.0
2026-03-09 12:30:00-04:00,256.63,265.79,265.89,265.79,267.96,41.6,26,1d+1h+4h,1.441,False,nofill,0.0
2026-03-09 13:30:00-04:00,257.15,265.79,265.89,265.79,267.91,41.6,26,1d+1h+4h,1.359,False,nofill,0.0
2026-03-09 14:30:00-04:00,259.48,265.79,265.89,265.79,267.99,41.6,26,1d+1h+4h,0.993,False,nofill,0.0
2026-03-09 15:30:00-04:00,259.89,265.79,265.89,265.79,267.99,41.6,26,1d+1h+4h,0.928,False,nofill,0.0
2026-03-10 09:30:00-04:00,259.97,265.79,265.9,265.79,268.08,41.6,26,1d+1h+4h,0.924,False,nofill,0.0
2026-03-10 10:30:00-04:00,261.31,265.82,265.93,265.82,268.09,41.6,26,1d+1h+4h,0.716,False,nofill,0.0
2026-03-10 11:30:00-04:00,261.87,265.79,265.89,265.79,267.97,41.6,26,1d+1h+4h,0.622,False,nofill,0.0
2026-03-10 12:30:00-04:00,262.2,274.74,274.84,274.74,276.89,44.4,30,1d+1h+4h,1.992,False,nofill,0.0
2026-03-10 13:30:00-04:00,261.67,265.79,265.89,265.79,267.94,41.6,26,1d+1h+4h,0.654,False,nofill,0.0
2026-03-10 14:30:00-04:00,260.5,265.82,265.92,265.82,267.93,41.6,26,1d+1h+4h,0.844,False,nofill,0.0
2026-03-10 15:30:00-04:00,260.72,265.82,265.92,265.82,267.84,41.6,26,1d+1h+4h,0.81,False,nofill,0.0
2026-03-11 09:30:00-04:00,260.0,265.79,265.89,265.79,267.86,41.6,26,1d+1h+4h,0.961,False,nofill,0.0
2026-03-11 10:30:00-04:00,260.1,265.79,265.88,265.79,267.8,41.6,26,1d+1h+4h,0.943,False,nofill,0.0
2026-03-11 11:30:00-04:00,260.64,265.82,265.91,265.82,267.76,41.6,26,1d+1h+4h,0.858,False,nofill,0.0
2026-03-11 12:30:00-04:00,261.03,265.82,265.91,265.82,267.67,41.6,26,1d+1h+4h,0.795,False,nofill,0.0
2026-03-11 13:30:00-04:00,260.11,265.79,265.88,265.79,267.62,41.6,26,1d+1h+4h,0.942,False,nofill,0.0
2026-03-11 14:30:00-04:00,260.13,265.79,265.87,265.79,267.54,41.6,26,1d+1h+4h,0.938,False,nofill,0.0
2026-03-11 15:30:00-04:00,260.81,265.79,265.87,265.79,267.49,41.6,26,1d+1h+4h,0.826,False,nofill,0.0
2026-03-12 09:30:00-04:00,254.67,265.79,265.89,265.79,267.83,41.6,26,1d+1h+4h,1.831,False,nofill,0.0
2026-03-12 10:30:00-04:00,255.36,265.79,265.88,265.79,267.79,41.6,26,1d+1h+4h,1.718,False,nofill,0.0
2026-03-12 11:30:00-04:00,255.66,265.79,265.88,265.79,267.8,41.6,26,1d+1h+4h,1.668,False,nofill,0.0
2026-03-12 12:30:00-04:00,255.05,265.79,265.88,265.79,267.75,41.6,26,1d+1h+4h,1.768,False,nofill,0.0
2026-03-12 13:30:00-04:00,255.4,265.79,265.88,265.79,267.67,41.6,26,1d+1h+4h,1.712,False,nofill,0.0
2026-03-12 14:30:00-04:00,256.09,265.79,265.88,265.79,267.64,41.6,26,1d+1h+4h,1.597,False,nofill,0.0
2026-03-12 15:30:00-04:00,255.75,265.79,265.87,265.79,267.6,41.6,26,1d+1h+4h,1.653,False,nofill,0.0
2026-03-13 09:30:00-04:00,255.42,265.82,265.91,265.82,267.63,41.6,26,1d+1h+4h,1.697,False,nofill,0.0
2026-03-13 10:30:00-04:00,253.3,265.5,265.59,265.5,267.37,38.6,23,1d+1h+4h,1.992,False,nofill,0.0
2026-03-13 11:30:00-04:00,252.66,254.18,254.27,254.18,256.04,36.8,26,1d+1h+4h,0.249,False,nofill,0.0
2026-03-13 12:30:00-04:00,251.18,254.28,254.37,254.28,256.16,36.8,26,1d+1h+4h,0.506,False,nofill,0.0
2026-03-13 13:30:00-04:00,251.26,254.41,254.5,254.41,256.22,36.8,26,1d+1h+4h,0.514,False,nofill,0.0
2026-03-13 14:30:00-04:00,250.3,254.37,254.46,254.37,256.17,36.8,26,1d+1h+4h,0.665,False,nofill,0.0
2026-03-13 15:30:00-04:00,250.12,254.51,254.59,254.51,256.27,36.8,26,1d+1h+4h,0.718,False,nofill,0.0
2026-03-16 09:30:00-04:00,253.24,254.28,254.37,254.28,256.19,36.8,26,1d+1h+4h,0.175,False,nofill,0.0
2026-03-16 10:30:00-04:00,253.02,254.28,254.37,254.28,256.12,36.8,26,1d+1h+4h,0.212,False,nofill,0.0
2026-03-16 11:30:00-04:00,252.36,254.51,254.6,254.51,256.32,36.8,26,1d+1h+4h,0.359,False,nofill,0.0
2026-03-16 12:30:00-04:00,252.93,254.28,254.36,254.28,256.05,36.8,26,1d+1h+4h,0.226,False,nofill,0.0
2026-03-16 13:30:00-04:00,252.92,254.51,254.59,254.51,256.22,37.8,27,1d+1h+4h,0.266,True,scratch,-0.09198475992227007
2026-03-16 14:30:00-04:00,252.86,254.51,254.59,254.51,256.19,37.8,27,1d+1h+4h,0.276,True,scratch,-0.091339351550912
2026-03-16 15:30:00-04:00,252.78,254.41,254.49,254.41,256.04,37.8,27,1d+1h+4h,0.273,True,scratch,-0.09044365904410379
2026-03-17 09:30:00-04:00,254.44,265.82,265.9,265.82,267.55,37.6,24,1d+1h+4h,1.977,False,nofill,0.0
2026-03-17 10:30:00-04:00,254.17,254.51,254.59,254.51,256.2,36.8,26,1d+1h+4h,0.059,True,scratch,-0.09161672635442653
2026-03-17 11:30:00-04:00,254.86,265.99,266.07,265.99,267.67,38.6,25,1d+1h+4h,1.934,False,nofill,0.0
2026-03-17 12:30:00-04:00,253.92,254.28,254.36,254.28,255.95,37.8,27,1d+1h+4h,0.063,True,scratch,-0.09126171835256436
2026-03-17 13:30:00-04:00,254.1,254.41,254.49,254.41,256.02,37.8,27,1d+1h+4h,0.054,True,scratch,-0.09005785641463815
2026-03-17 14:30:00-04:00,253.77,254.28,254.36,254.28,255.86,37.8,27,1d+1h+4h,0.089,True,scratch,-0.08960776565029027
2026-03-17 15:30:00-04:00,254.23,265.5,265.57,265.5,267.04,35.8,21,1d+1h+4h,1.958,False,nofill,0.0
2026-03-18 09:30:00-04:00,252.36,254.41,254.49,254.41,256.1,37.8,27,1d+1h+4h,0.356,False,nofill,0.0
2026-03-18 10:30:00-04:00,252.32,254.41,254.49,254.41,256.06,37.8,27,1d+1h+4h,0.362,False,nofill,0.0
2026-03-18 11:30:00-04:00,251.57,254.41,254.49,254.41,256.0,37.8,27,1d+1h+4h,0.492,False,nofill,0.0
2026-03-18 12:30:00-04:00,250.8,254.41,254.48,254.41,255.98,37.8,27,1d+1h+4h,0.625,False,nofill,0.0
2026-03-18 13:30:00-04:00,250.96,254.41,254.48,254.41,255.95,39.6,28,1d+1h+4h,0.598,False,nofill,0.0
2026-03-18 14:30:00-04:00,249.68,254.28,254.35,254.28,255.81,39.6,28,1d+1h+4h,0.797,False,nofill,0.0
2026-03-18 15:30:00-04:00,249.91,254.37,254.44,254.37,255.89,39.6,28,1d+1h+4h,0.773,False,nofill,0.0
2026-03-19 09:30:00-04:00,249.8,254.37,254.45,254.37,256.13,39.6,28,1d+1h+4h,0.805,False,nofill,0.0
2026-03-19 10:30:00-04:00,249.41,254.37,254.45,254.37,256.12,39.6,28,1d+1h+4h,0.873,False,nofill,0.0
2026-03-19 11:30:00-04:00,249.26,254.37,254.45,254.37,256.07,39.6,28,1d+1h+4h,0.9,False,nofill,0.0
2026-03-19 12:30:00-04:00,248.28,254.37,254.45,254.37,256.08,39.6,28,1d+1h+4h,1.072,False,nofill,0.0
2026-03-19 13:30:00-04:00,248.02,254.41,254.49,254.41,256.06,39.6,28,1d+1h+4h,1.125,False,nofill,0.0
2026-03-19 14:30:00-04:00,248.47,254.37,254.45,254.37,256.05,39.6,28,1d+1h+4h,1.039,False,nofill,0.0
2026-03-19 15:30:00-04:00,248.91,254.41,254.49,254.41,256.05,39.6,28,1d+1h+4h,0.969,False,nofill,0.0
2026-03-20 09:30:00-04:00,247.76,254.37,254.45,254.37,256.06,39.6,28,1d+1h+4h,1.201,False,nofill,0.0
2026-03-20 10:30:00-04:00,247.98,254.37,254.45,254.37,256.07,39.6,28,1d+1h+4h,1.16,False,nofill,0.0
2026-03-20 11:30:00-04:00,248.62,254.41,254.49,254.41,256.08,39.6,28,1d+1h+4h,1.052,False,nofill,0.0
2026-03-20 12:30:00-04:00,248.27,254.41,254.49,254.41,256.01,39.6,28,1d+1h+4h,1.116,False,nofill,0.0
2026-03-20 13:30:00-04:00,248.04,254.37,254.45,254.37,255.95,39.6,28,1d+1h+4h,1.15,True,scratch,-0.08950821442919032
2026-03-20 14:30:00-04:00,248.09,254.37,254.45,254.37,255.96,39.6,28,1d+1h+4h,1.141,True,scratch,-0.08965747825803172
2026-03-20 15:30:00-04:00,248.19,254.37,254.45,254.37,256.01,39.6,28,1d+1h+4h,1.123,True,scratch,-0.09062359972783485
2026-03-23 09:30:00-04:00,252.44,254.41,254.51,254.41,256.41,39.6,28,1d+1h+4h,0.353,False,nofill,0.0
2026-03-23 10:30:00-04:00,252.58,254.41,254.5,254.41,256.37,39.6,28,1d+1h+4h,0.328,False,nofill,0.0
2026-03-23 11:30:00-04:00,250.8,254.41,254.5,254.41,256.4,39.6,28,1d+1h+4h,0.646,False,nofill,0.0
2026-03-23 12:30:00-04:00,250.92,254.37,254.46,254.37,256.33,40.6,29,1d+1h+4h,0.618,False,nofill,0.0
2026-03-23 13:30:00-04:00,251.33,254.41,254.5,254.41,256.31,40.6,29,1d+1h+4h,0.552,False,nofill,0.0
2026-03-23 14:30:00-04:00,251.76,254.41,254.5,254.41,256.25,40.6,29,1d+1h+4h,0.474,False,nofill,0.0
2026-03-23 15:30:00-04:00,251.44,254.41,254.5,254.41,256.24,40.6,29,1d+1h+4h,0.532,True,scratch,-0.09417293949118832
2026-03-24 09:30:00-04:00,252.47,254.37,254.46,254.37,256.34,40.6,29,1d+1h+4h,0.342,True,scratch,-0.09674244019226563
2026-03-24 10:30:00-04:00,253.98,254.41,254.51,254.41,256.42,40.6,29,1d+1h+4h,0.076,True,scratch,-0.09751899011287701
2026-03-24 11:30:00-04:00,254.59,254.93,255.02,254.93,256.9,36.6,27,1d+1h+4h,0.061,False,nofill,0.0
2026-03-24 12:30:00-04:00,253.06,254.37,254.46,254.37,256.35,40.6,29,1d+1h+4h,0.236,False,nofill,0.0
2026-03-24 13:30:00-04:00,252.57,254.37,254.46,254.37,256.3,40.6,29,1d+1h+4h,0.324,True,scratch,-0.09606279295235609
2026-03-24 14:30:00-04:00,252.09,254.41,254.5,254.41,256.28,40.6,29,1d+1h+4h,0.417,True,scratch,-0.09498147714276373
2026-03-24 15:30:00-04:00,251.75,254.41,254.5,254.41,256.22,40.6,29,1d+1h+4h,0.479,True,scratch,-0.09375818059865759
2026-03-25 09:30:00-04:00,252.86,254.37,254.46,254.37,256.3,40.6,29,1d+1h+4h,0.279,True,scratch,-0.09609085412831675
2026-03-25 10:30:00-04:00,254.24,254.56,254.65,254.56,256.48,37.6,26,1d+1h+4h,0.058,False,nofill,0.0
2026-03-25 11:30:00-04:00,253.92,254.41,254.5,254.41,256.3,40.6,29,1d+1h+4h,0.09,True,scratch,-0.0952343116729426
2026-03-25 12:30:00-04:00,254.14,254.51,254.6,254.51,256.33,39.6,28,1d+1h+4h,0.068,False,nofill,0.0
2026-03-25 13:30:00-04:00,253.96,254.41,254.49,254.41,256.16,41.6,30,1d+1h+4h,0.083,True,target,0.5933973853174512
2026-03-25 14:30:00-04:00,252.62,254.41,254.49,254.41,256.17,41.6,30,1d+1h+4h,0.33,True,target,0.5970762422658593
2026-03-25 15:30:00-04:00,252.57,254.41,254.49,254.41,256.09,41.6,30,1d+1h+4h,0.341,True,target,0.5699273896553114
2026-03-26 09:30:00-04:00,255.91,265.79,265.88,265.79,267.76,37.6,24,1d+1h+4h,1.809,False,nofill,0.0
2026-03-26 10:30:00-04:00,255.68,265.82,265.91,265.82,267.76,37.6,24,1d+1h+4h,1.857,False,nofill,0.0
2026-03-26 11:30:00-04:00,256.1,265.79,265.88,265.79,267.68,37.6,24,1d+1h+4h,1.774,False,nofill,0.0
2026-03-26 12:30:00-04:00,254.99,265.82,265.91,265.82,267.72,37.6,24,1d+1h+4h,1.983,False,nofill,0.0
2026-03-26 13:30:00-04:00,253.82,254.37,254.46,254.37,256.26,41.6,30,1d+1h+4h,0.1,True,scratch,-0.09540692789816729
2026-03-26 14:30:00-04:00,253.67,254.37,254.46,254.37,256.23,41.6,30,1d+1h+4h,0.128,True,scratch,-0.09480548394193988
2026-03-26 15:30:00-04:00,252.88,254.41,254.5,254.41,256.27,41.6,30,1d+1h+4h,0.28,True,scratch,-0.09470426761003514
2026-03-27 09:30:00-04:00,254.48,254.94,255.03,254.94,256.87,37.6,28,1d+1h+4h,0.082,False,nofill,0.0
2026-03-27 10:30:00-04:00,252.62,254.41,254.51,254.41,256.42,41.6,30,1d+1h+4h,0.32,False,nofill,0.0
2026-03-27 11:30:00-04:00,251.78,254.41,254.5,254.41,256.39,41.6,30,1d+1h+4h,0.47,False,nofill,0.0
2026-03-27 12:30:00-04:00,250.41,254.41,254.51,254.41,256.43,42.6,31,1d+1h+4h,0.714,False,nofill,0.0
2026-03-27 13:30:00-04:00,249.38,254.41,254.51,254.41,256.43,42.6,31,1d+1h+4h,0.897,False,nofill,0.0
2026-03-27 14:30:00-04:00,248.41,254.41,254.5,254.41,256.38,42.6,31,1d+1h+4h,1.071,False,nofill,0.0
2026-03-27 15:30:00-04:00,248.62,254.41,254.5,254.41,256.34,42.6,31,1d+1h+4h,1.034,False,nofill,0.0
2026-03-30 09:30:00-04:00,247.83,254.41,254.51,254.41,256.49,42.6,31,1d+1h+4h,1.179,False,nofill,0.0
2026-03-30 10:30:00-04:00,246.53,254.37,254.47,254.37,256.45,42.6,31,1d+1h+4h,1.404,False,nofill,0.0
2026-03-30 11:30:00-04:00,246.02,254.37,254.47,254.37,256.39,42.6,31,1d+1h+4h,1.496,False,nofill,0.0
2026-03-30 12:30:00-04:00,246.25,254.37,254.46,254.37,256.36,42.6,31,1d+1h+4h,1.454,False,nofill,0.0
2026-03-30 13:30:00-04:00,246.48,254.41,254.5,254.41,256.36,42.6,31,1d+1h+4h,1.42,False,nofill,0.0
2026-03-30 14:30:00-04:00,245.89,254.37,254.46,254.37,256.25,42.6,31,1d+1h+4h,1.519,False,nofill,0.0
2026-03-30 15:30:00-04:00,246.54,254.41,254.5,254.41,256.27,42.6,31,1d+1h+4h,1.41,False,nofill,0.0
2026-03-31 09:30:00-04:00,248.94,255.92,256.01,255.92,257.85,43.4,31,1d+1h+4h,1.2,False,nofill,0.0
2026-03-31 10:30:00-04:00,248.43,255.92,256.01,255.92,257.86,43.4,31,1d+1h+4h,1.288,False,nofill,0.0
2026-03-31 11:30:00-04:00,250.34,255.92,256.02,255.92,257.95,43.4,31,1d+1h+4h,0.959,False,nofill,0.0
2026-03-31 12:30:00-04:00,253.22,255.92,256.02,255.92,258.08,43.4,31,1d+1h+4h,0.463,False,nofill,0.0
2026-03-31 13:30:00-04:00,253.13,255.92,256.02,255.92,258.05,43.4,31,1d+1h+4h,0.48,True,scratch,-0.09952548030575104
2026-03-31 14:30:00-04:00,253.67,255.92,256.02,255.92,257.98,43.4,31,1d+1h+4h,0.387,True,scratch,-0.09824196477365987
2026-03-31 15:30:00-04:00,253.79,255.92,256.02,255.92,258.0,43.4,31,1d+1h+4h,0.366,True,scratch,-0.09857613309164348
2026-04-01 09:30:00-04:00,254.12,254.41,254.51,254.41,256.52,42.6,31,1d+1h+4h,0.052,True,scratch,-0.09938345059113951
2026-04-01 10:30:00-04:00,254.15,254.51,254.61,254.51,256.57,41.6,30,1d+1h+4h,0.064,True,scratch,-0.09853864704282289
2026-04-01 11:30:00-04:00,254.43,255.65,255.74,255.65,257.64,41.6,30,1d+1h+4h,0.217,False,nofill,0.0
2026-04-01 12:30:00-04:00,255.14,255.65,255.74,255.65,257.59,42.6,31,1d+1h+4h,0.09,True,scratch,-0.09610113876679094
2026-04-01 13:30:00-04:00,254.31,255.65,255.74,255.65,257.54,42.6,31,1d+1h+4h,0.238,True,scratch,-0.09516843629843175
2026-04-01 14:30:00-04:00,255.66,256.18,256.27,256.18,258.06,42.4,30,1d+1h+4h,0.094,False,nofill,0.0
2026-04-01 15:30:00-04:00,255.69,256.18,256.27,256.18,258.0,42.4,30,1d+1h+4h,0.087,False,nofill,0.0
2026-04-02 09:30:00-04:00,252.12,254.41,254.51,254.41,256.48,42.6,31,1d+1h+4h,0.409,True,scratch,-0.09867788439514857
2026-04-02 10:30:00-04:00,255.12,255.65,255.75,255.65,257.85,42.6,31,1d+1h+4h,0.094,False,nofill,0.0
2026-04-02 11:30:00-04:00,254.11,254.41,254.51,254.41,256.54,42.6,31,1d+1h+4h,0.054,True,scratch,-0.09986611874621687
2026-04-02 12:30:00-04:00,255.34,255.65,255.74,255.65,257.73,42.6,31,1d+1h+4h,0.055,True,target,0.7166575940615871
2026-04-02 13:30:00-04:00,255.14,255.65,255.74,255.65,257.66,44.4,32,1d+1h+4h,0.089,True,target,0.6913388135059817
2026-04-02 14:30:00-04:00,255.12,255.65,255.74,255.65,257.59,44.4,32,1d+1h+4h,0.094,True,target,0.6628025204548305
2026-04-02 15:30:00-04:00,255.89,256.18,256.27,256.18,258.08,44.2,31,1d+1h+4h,0.052,True,target,0.646826733633965
2026-04-06 09:30:00-04:00,261.76,265.99,266.1,265.99,268.22,38.6,25,1d+1h+4h,0.75,False,nofill,0.0
2026-04-06 10:30:00-04:00,259.25,265.99,266.1,265.99,268.3,38.6,25,1d+1h+4h,1.195,False,nofill,0.0
2026-04-06 11:30:00-04:00,259.04,265.99,266.1,265.99,268.2,38.6,25,1d+1h+4h,1.233,False,nofill,0.0
2026-04-06 12:30:00-04:00,258.78,265.99,266.09,265.99,268.17,38.6,25,1d+1h+4h,1.279,False,nofill,0.0
2026-04-06 13:30:00-04:00,259.28,265.99,266.09,265.99,268.13,38.6,25,1d+1h+4h,1.19,False,nofill,0.0
2026-04-06 14:30:00-04:00,258.25,265.99,266.09,265.99,268.08,38.6,25,1d+1h+4h,1.373,False,nofill,0.0
2026-04-06 15:30:00-04:00,258.89,265.99,266.09,265.99,268.0,38.6,25,1d+1h+4h,1.26,False,nofill,0.0
2026-04-07 09:30:00-04:00,247.67,255.82,255.95,255.82,258.53,50.0,36,1d+1h+4h,1.32,False,nofill,0.0
2026-04-07 10:30:00-04:00,247.82,255.82,255.95,255.82,258.53,50.0,36,1d+1h+4h,1.296,False,nofill,0.0
2026-04-07 11:30:00-04:00,250.17,255.82,255.95,255.82,258.55,50.0,36,1d+1h+4h,0.915,False,nofill,0.0
2026-04-07 12:30:00-04:00,251.58,255.82,255.95,255.82,258.63,50.0,36,1d+1h+4h,0.686,False,nofill,0.0
2026-04-07 13:30:00-04:00,251.32,255.82,255.95,255.82,258.55,50.0,36,1d+1h+4h,0.729,True,target,0.953613675850451
2026-04-07 14:30:00-04:00,251.96,255.82,255.95,255.82,258.53,50.0,36,1d+1h+4h,0.626,True,target,0.9475964557893901
2026-04-07 15:30:00-04:00,253.49,255.82,255.95,255.82,258.5,50.0,36,1d+1h+4h,0.377,True,target,0.9361520928358402
2026-04-08 09:30:00-04:00,258.13,265.82,265.96,265.82,268.78,41.6,26,1d+1h+4h,1.245,False,nofill,0.0
2026-04-08 10:30:00-04:00,257.51,265.82,265.96,265.82,268.72,41.6,26,1d+1h+4h,1.345,False,nofill,0.0
2026-04-08 11:30:00-04:00,257.43,265.82,265.95,265.82,268.61,41.6,26,1d+1h+4h,1.358,False,nofill,0.0
2026-04-08 12:30:00-04:00,257.51,265.82,265.95,265.82,268.5,41.6,26,1d+1h+4h,1.345,False,nofill,0.0
2026-04-08 13:30:00-04:00,257.24,265.82,265.94,265.82,268.4,41.6,26,1d+1h+4h,1.389,False,nofill,0.0
2026-04-08 14:30:00-04:00,257.2,265.82,265.94,265.82,268.27,41.6,26,1d+1h+4h,1.395,False,nofill,0.0
2026-04-08 15:30:00-04:00,258.93,265.82,265.94,265.82,268.24,41.6,26,1d+1h+4h,1.115,False,nofill,0.0
2026-04-09 09:30:00-04:00,257.84,265.79,265.91,265.79,268.33,41.6,26,1d+1h+4h,1.303,False,nofill,0.0
2026-04-09 10:30:00-04:00,257.55,265.79,265.9,265.79,268.21,41.6,26,1d+1h+4h,1.351,False,nofill,0.0
2026-04-09 11:30:00-04:00,259.12,265.82,265.93,265.82,268.22,41.6,26,1d+1h+4h,1.099,False,nofill,0.0
2026-04-09 12:30:00-04:00,260.06,265.79,265.9,265.79,268.15,41.6,26,1d+1h+4h,0.94,False,nofill,0.0
2026-04-09 13:30:00-04:00,259.62,265.82,265.93,265.82,268.1,41.6,26,1d+1h+4h,1.016,False,nofill,0.0
2026-04-09 14:30:00-04:00,260.06,265.79,265.89,265.79,267.97,41.6,26,1d+1h+4h,0.939,False,nofill,0.0
2026-04-09 15:30:00-04:00,260.39,265.82,265.92,265.82,267.93,41.6,26,1d+1h+4h,0.89,False,nofill,0.0
2026-04-10 09:30:00-04:00,261.56,265.99,266.09,265.99,268.16,38.6,25,1d+1h+4h,0.752,False,nofill,0.0
2026-04-10 10:30:00-04:00,261.29,265.99,266.09,265.99,268.08,38.6,25,1d+1h+4h,0.798,False,nofill,0.0
2026-04-10 11:30:00-04:00,260.54,265.5,265.6,265.5,267.54,38.6,23,1d+1h+4h,0.843,False,nofill,0.0
2026-04-10 12:30:00-04:00,259.24,265.5,265.6,265.5,267.5,38.6,23,1d+1h+4h,1.063,False,nofill,0.0
2026-04-10 13:30:00-04:00,260.12,265.5,265.59,265.5,267.44,38.6,23,1d+1h+4h,0.914,False,nofill,0.0
2026-04-10 14:30:00-04:00,259.72,265.5,265.59,265.5,267.36,38.6,23,1d+1h+4h,0.982,False,nofill,0.0
2026-04-10 15:30:00-04:00,260.38,265.5,265.59,265.5,267.32,38.6,23,1d+1h+4h,0.87,False,nofill,0.0
2026-04-13 09:30:00-04:00,257.32,265.99,266.08,265.99,267.96,38.6,25,1d+1h+4h,1.51,False,nofill,0.0
2026-04-13 10:30:00-04:00,257.71,265.99,266.08,265.99,267.88,38.6,25,1d+1h+4h,1.443,False,nofill,0.0
2026-04-13 11:30:00-04:00,257.78,265.99,266.08,265.99,267.83,38.6,25,1d+1h+4h,1.43,False,nofill,0.0
2026-04-13 12:30:00-04:00,257.86,265.99,266.07,265.99,267.76,38.6,25,1d+1h+4h,1.416,False,nofill,0.0
2026-04-13 13:30:00-04:00,257.88,261.24,261.32,261.24,262.93,38.8,26,1d+1h+4h,0.585,True,scratch,-0.09079101081669316
2026-04-13 14:30:00-04:00,257.85,261.11,261.19,261.11,262.73,38.8,26,1d+1h+4h,0.568,True,scratch,-0.08953419209963842
2026-04-13 15:30:00-04:00,259.21,261.3,261.38,261.3,262.96,38.8,26,1d+1h+4h,0.364,True,scratch,-0.09012059935511463
2026-04-14 09:30:00-04:00,259.34,261.11,261.19,261.11,262.86,38.8,26,1d+1h+4h,0.312,False,nofill,0.0
2026-04-14 10:30:00-04:00,258.06,261.24,261.32,261.24,263.0,38.8,26,1d+1h+4h,0.562,False,nofill,0.0
2026-04-14 11:30:00-04:00,257.7,261.11,261.19,261.11,262.84,38.8,26,1d+1h+4h,0.602,False,nofill,0.0
2026-04-14 12:30:00-04:00,258.66,261.24,261.32,261.24,263.01,39.8,27,1d+1h+4h,0.455,False,nofill,0.0
2026-04-14 13:30:00-04:00,258.78,261.24,261.32,261.24,262.97,39.8,27,1d+1h+4h,0.434,False,nofill,0.0
2026-04-14 14:30:00-04:00,258.32,261.3,261.38,261.3,262.99,39.8,27,1d+1h+4h,0.525,True,target,0.5546971754579078
2026-04-14 15:30:00-04:00,258.86,261.11,261.19,261.11,262.73,39.8,27,1d+1h+4h,0.398,True,target,0.5306205054901758
2026-04-15 09:30:00-04:00,260.68,261.03,261.11,261.03,262.78,40.8,28,1d+1h+4h,0.059,True,target,0.5766201698416573
2026-04-15 10:30:00-04:00,263.18,274.89,274.98,274.89,276.79,40.6,27,1d+1h+4h,1.989,False,nofill,0.0
2026-04-15 11:30:00-04:00,264.58,275.95,276.04,275.95,277.9,46.2,29,1d+1h+4h,1.931,False,nofill,0.0
2026-04-15 12:30:00-04:00,264.94,275.95,276.04,275.95,277.88,46.2,29,1d+1h+4h,1.869,False,nofill,0.0
2026-04-15 13:30:00-04:00,265.18,275.99,276.08,275.99,277.85,46.2,29,1d+1h+4h,1.836,False,nofill,0.0
2026-04-15 14:30:00-04:00,265.34,275.99,276.07,275.99,277.77,46.2,29,1d+1h+4h,1.808,False,nofill,0.0
2026-04-15 15:30:00-04:00,266.37,275.96,276.04,275.96,277.71,46.2,29,1d+1h+4h,1.629,False,nofill,0.0
2026-04-16 09:30:00-04:00,262.06,265.82,265.92,265.82,267.89,38.6,25,1d+1h+4h,0.639,False,nofill,0.0
2026-04-16 10:30:00-04:00,262.25,265.99,266.09,265.99,268.02,38.6,25,1d+1h+4h,0.635,False,nofill,0.0
2026-04-16 11:30:00-04:00,264.08,275.85,275.94,275.85,277.89,43.4,27,1d+1h+4h,1.999,False,nofill,0.0
2026-04-16 12:30:00-04:00,263.52,274.99,275.08,274.99,276.97,40.6,27,1d+1h+4h,1.948,False,nofill,0.0
2026-04-16 13:30:00-04:00,263.58,274.99,275.08,274.99,276.89,40.6,27,1d+1h+4h,1.937,False,nofill,0.0
2026-04-16 14:30:00-04:00,263.63,275.36,275.45,275.36,277.21,41.4,27,1d+1h+4h,1.992,False,nofill,0.0
2026-04-16 15:30:00-04:00,263.36,274.99,275.07,274.99,276.78,40.6,27,1d+1h+4h,1.975,False,nofill,0.0
2026-04-17 09:30:00-04:00,268.58,275.85,275.95,275.85,277.99,46.2,29,1d+1h+4h,1.19,False,nofill,0.0
2026-04-17 10:30:00-04:00,271.94,275.99,276.09,275.99,278.26,46.2,29,1d+1h+4h,0.663,False,nofill,0.0
2026-04-17 11:30:00-04:00,271.55,275.95,276.05,275.95,278.17,46.2,29,1d+1h+4h,0.721,False,nofill,0.0
2026-04-17 12:30:00-04:00,270.58,275.85,275.95,275.85,278.03,46.2,29,1d+1h+4h,0.863,False,nofill,0.0
2026-04-17 13:30:00-04:00,270.19,275.85,275.94,275.85,277.93,46.2,29,1d+1h+4h,0.927,False,nofill,0.0
2026-04-17 14:30:00-04:00,269.7,275.99,276.08,275.99,278.02,46.2,29,1d+1h+4h,1.031,False,nofill,0.0
2026-04-17 15:30:00-04:00,270.18,275.99,276.08,275.99,277.94,46.2,29,1d+1h+4h,0.951,False,nofill,0.0
2026-04-20 09:30:00-04:00,273.38,275.99,276.09,275.99,278.11,46.2,29,1d+1h+4h,0.438,False,nofill,0.0
2026-04-20 10:30:00-04:00,272.88,275.85,275.95,275.85,277.97,46.2,29,1d+1h+4h,0.498,False,nofill,0.0
2026-04-20 11:30:00-04:00,272.57,275.96,276.06,275.96,278.0,46.2,29,1d+1h+4h,0.569,False,nofill,0.0
2026-04-20 12:30:00-04:00,272.19,275.95,276.04,275.95,277.94,46.2,29,1d+1h+4h,0.631,False,nofill,0.0
2026-04-20 13:30:00-04:00,273.45,275.95,276.04,275.95,277.92,46.2,29,1d+1h+4h,0.42,False,nofill,0.0
2026-04-20 14:30:00-04:00,272.69,275.99,276.08,275.99,277.88,46.2,29,1d+1h+4h,0.554,False,nofill,0.0
2026-04-20 15:30:00-04:00,272.93,275.96,276.05,275.96,277.78,46.2,29,1d+1h+4h,0.509,False,nofill,0.0
2026-04-21 09:30:00-04:00,269.58,275.99,276.08,275.99,277.95,46.2,29,1d+1h+4h,1.055,False,nofill,0.0
2026-04-21 10:30:00-04:00,267.93,275.85,275.94,275.85,277.82,46.2,29,1d+1h+4h,1.303,False,nofill,0.0
2026-04-21 11:30:00-04:00,265.86,275.99,276.08,275.99,277.99,46.2,29,1d+1h+4h,1.667,False,nofill,0.0
2026-04-21 12:30:00-04:00,266.16,275.85,275.94,275.85,277.81,46.2,29,1d+1h+4h,1.595,False,nofill,0.0
2026-04-21 13:30:00-04:00,266.38,275.62,275.71,275.62,277.52,47.2,30,1d+1h+4h,1.522,False,nofill,0.0
2026-04-21 14:30:00-04:00,267.96,275.62,275.71,275.62,277.52,47.2,30,1d+1h+4h,1.261,False,nofill,0.0
2026-04-21 15:30:00-04:00,266.22,275.62,275.71,275.62,277.54,47.2,30,1d+1h+4h,1.547,False,nofill,0.0
2026-04-22 09:30:00-04:00,271.94,275.62,275.72,275.62,277.83,47.2,30,1d+1h+4h,0.595,False,nofill,0.0
2026-04-22 10:30:00-04:00,272.4,275.62,275.72,275.62,277.81,47.2,30,1d+1h+4h,0.521,False,nofill,0.0
2026-04-22 11:30:00-04:00,272.69,275.62,275.72,275.62,277.74,47.2,30,1d+1h+4h,0.474,False,nofill,0.0
2026-04-22 12:30:00-04:00,273.21,275.62,275.72,275.62,277.67,47.2,30,1d+1h+4h,0.39,False,nofill,0.0
2026-04-22 13:30:00-04:00,272.68,275.62,275.71,275.62,277.61,47.2,30,1d+1h+4h,0.475,True,scratch,-0.09433197577658481
2026-04-22 14:30:00-04:00,272.71,275.62,275.71,275.62,277.52,47.2,30,1d+1h+4h,0.471,True,scratch,-0.09281034704535784
2026-04-22 15:30:00-04:00,273.19,275.62,275.7,275.62,277.44,47.2,30,1d+1h+4h,0.393,True,scratch,-0.09138506969876836
2026-04-23 09:30:00-04:00,273.9,275.62,275.71,275.62,277.51,47.2,30,1d+1h+4h,0.284,False,nofill,0.0
2026-04-23 10:30:00-04:00,273.68,275.62,275.71,275.62,277.45,47.2,30,1d+1h+4h,0.321,False,nofill,0.0
2026-04-23 11:30:00-04:00,273.6,275.62,275.7,275.62,277.42,47.2,30,1d+1h+4h,0.335,False,nofill,0.0
2026-04-23 12:30:00-04:00,272.24,275.62,275.7,275.62,277.43,48.2,31,1d+1h+4h,0.56,False,nofill,0.0
2026-04-23 13:30:00-04:00,273.66,275.62,275.71,275.62,277.47,48.2,31,1d+1h+4h,0.325,False,nofill,0.0
2026-04-23 14:30:00-04:00,274.17,275.62,275.7,275.62,277.41,48.2,31,1d+1h+4h,0.24,False,nofill,0.0
2026-04-23 15:30:00-04:00,273.44,275.62,275.7,275.62,277.37,48.2,31,1d+1h+4h,0.361,False,nofill,0.0
2026-04-24 09:30:00-04:00,272.07,275.99,276.08,275.99,277.87,47.2,30,1d+1h+4h,0.667,False,nofill,0.0
2026-04-24 10:30:00-04:00,270.68,275.99,276.08,275.99,277.88,47.2,30,1d+1h+4h,0.904,False,nofill,0.0
2026-04-24 11:30:00-04:00,270.99,275.99,276.08,275.99,277.89,47.2,30,1d+1h+4h,0.851,False,nofill,0.0
2026-04-24 12:30:00-04:00,270.06,275.99,276.08,275.99,277.87,47.2,30,1d+1h+4h,1.009,False,nofill,0.0
2026-04-24 13:30:00-04:00,269.96,275.99,276.07,275.99,277.77,49.0,31,1d+1h+4h,1.027,False,nofill,0.0
2026-04-24 14:30:00-04:00,270.09,275.99,276.07,275.99,277.69,49.0,31,1d+1h+4h,1.004,False,nofill,0.0
2026-04-24 15:30:00-04:00,271.06,275.99,276.07,275.99,277.68,49.0,31,1d+1h+4h,0.839,False,nofill,0.0
2026-04-27 09:30:00-04:00,267.36,275.96,276.05,275.96,277.98,49.0,31,1d+1h+4h,1.463,False,nofill,0.0
2026-04-27 10:30:00-04:00,267.11,275.96,276.05,275.96,277.92,49.0,31,1d+1h+4h,1.505,False,nofill,0.0
2026-04-27 11:30:00-04:00,266.3,275.95,276.04,275.95,277.87,49.0,31,1d+1h+4h,1.642,False,nofill,0.0
2026-04-27 12:30:00-04:00,266.84,275.95,276.04,275.95,277.79,49.0,31,1d+1h+4h,1.55,False,nofill,0.0
2026-04-27 13:30:00-04:00,266.35,275.95,276.03,275.95,277.73,49.0,31,1d+1h+4h,1.633,False,nofill,0.0
2026-04-27 14:30:00-04:00,267.15,275.99,276.07,275.99,277.72,49.0,31,1d+1h+4h,1.503,False,nofill,0.0
2026-04-27 15:30:00-04:00,267.68,275.62,275.7,275.62,277.3,49.0,31,1d+1h+4h,1.35,False,nofill,0.0
2026-04-28 09:30:00-04:00,271.28,275.99,276.08,275.99,277.96,52.0,32,1d+1h+4h,0.803,False,nofill,0.0
2026-04-28 10:30:00-04:00,270.32,275.96,276.05,275.96,277.91,52.0,32,1d+1h+4h,0.961,False,nofill,0.0
2026-04-28 11:30:00-04:00,269.52,275.96,276.05,275.96,277.86,52.0,32,1d+1h+4h,1.1,False,nofill,0.0
2026-04-28 12:30:00-04:00,269.87,275.99,276.07,275.99,277.81,52.0,32,1d+1h+4h,1.044,False,nofill,0.0
2026-04-28 13:30:00-04:00,270.5,275.99,276.07,275.99,277.76,52.0,32,1d+1h+4h,0.936,False,nofill,0.0
2026-04-28 14:30:00-04:00,270.23,275.99,276.07,275.99,277.69,52.0,32,1d+1h+4h,0.983,False,nofill,0.0
2026-04-28 15:30:00-04:00,270.76,275.99,276.07,275.99,277.64,52.0,32,1d+1h+4h,0.892,False,nofill,0.0
2026-04-29 09:30:00-04:00,269.4,275.99,276.07,275.99,277.8,52.0,32,1d+1h+4h,1.15,False,nofill,0.0
2026-04-29 10:30:00-04:00,268.84,275.95,276.03,275.95,277.72,52.0,32,1d+1h+4h,1.242,False,nofill,0.0
2026-04-29 11:30:00-04:00,269.82,275.95,276.03,275.95,277.74,52.0,32,1d+1h+4h,1.069,False,nofill,0.0
2026-04-29 12:30:00-04:00,270.2,275.95,276.03,275.95,277.71,52.0,32,1d+1h+4h,1.004,False,nofill,0.0
2026-04-29 13:30:00-04:00,269.74,275.95,276.03,275.95,277.66,52.0,32,1d+1h+4h,1.084,False,nofill,0.0
2026-04-29 14:30:00-04:00,270.28,275.95,276.03,275.95,277.62,52.0,32,1d+1h+4h,0.99,False,nofill,0.0
2026-04-29 15:30:00-04:00,270.19,275.95,276.03,275.95,277.55,52.0,32,1d+1h+4h,1.006,False,nofill,0.0
2026-04-30 09:30:00-04:00,271.92,275.96,276.04,275.96,277.75,52.0,32,1d+1h+4h,0.687,False,nofill,0.0
2026-04-30 10:30:00-04:00,271.52,275.99,276.07,275.99,277.76,52.0,32,1d+1h+4h,0.76,False,nofill,0.0
2026-04-30 11:30:00-04:00,273.06,275.96,276.04,275.96,277.75,52.0,32,1d+1h+4h,0.493,False,nofill,0.0
2026-04-30 12:30:00-04:00,272.79,275.99,276.07,275.99,277.81,52.0,32,1d+1h+4h,0.545,False,nofill,0.0
2026-04-30 13:30:00-04:00,273.6,275.96,276.04,275.96,277.76,52.0,32,1d+1h+4h,0.401,True,target,0.5597675967501159
2026-04-30 14:30:00-04:00,274.49,275.99,276.07,275.99,277.78,52.0,32,1d+1h+4h,0.255,True,target,0.5586235774460935
2026-04-30 15:30:00-04:00,271.36,275.99,276.09,275.99,278.07,52.0,32,1d+1h+4h,0.787,True,target,0.6592041236319846
2026-05-01 12:30:00-04:00,282.81,287.21,287.36,287.21,290.27,6.8,4,1d+1h+4h,0.668,False,nofill,0.0
2026-05-01 13:30:00-04:00,281.23,287.21,287.35,287.21,290.21,6.8,4,1d+1h+4h,0.908,False,nofill,0.0
2026-05-01 14:30:00-04:00,280.35,280.9,281.04,280.9,283.81,22.0,14,1d+1h+4h,0.084,False,nofill,0.0
2026-05-01 15:30:00-04:00,280.15,280.9,281.04,280.9,283.68,22.0,14,1d+1h+4h,0.115,False,nofill,0.0
2026-05-04 09:30:00-04:00,276.25,276.63,276.77,276.63,279.64,48.0,30,1d+1h+4h,0.058,True,scratch,-0.11173461146160024
2026-05-04 10:30:00-04:00,276.83,277.32,277.46,277.32,280.26,36.4,24,1d+1h+4h,0.074,False,nofill,0.0
2026-05-04 11:30:00-04:00,276.09,276.44,276.58,276.44,279.31,50.0,32,1d+1h+4h,0.054,True,scratch,-0.1094277312610692
2026-05-04 12:30:00-04:00,277.04,278.59,278.72,278.59,281.36,28.0,18,1d+1h+4h,0.237,False,nofill,0.0
2026-05-04 13:30:00-04:00,276.77,277.32,277.45,277.32,279.95,36.4,24,1d+1h+4h,0.084,True,scratch,-0.10512383831002836
2026-05-04 14:30:00-04:00,277.08,278.59,278.71,278.59,281.14,28.0,18,1d+1h+4h,0.231,True,target,0.8106720231338516
2026-05-04 15:30:00-04:00,276.84,277.32,277.44,277.32,279.75,36.4,24,1d+1h+4h,0.074,True,target,0.7730418974062792
2026-05-05 09:30:00-04:00,281.19,287.21,287.33,287.21,289.83,8.6,5,1d+1h+4h,0.907,False,nofill,0.0
2026-05-05 10:30:00-04:00,280.22,280.9,281.03,280.9,283.6,22.0,14,1d+1h+4h,0.103,True,target,0.8530773834289462
2026-05-05 11:30:00-04:00,281.4,287.21,287.34,287.21,289.84,8.6,5,1d+1h+4h,0.875,False,nofill,0.0
2026-05-05 12:30:00-04:00,282.82,287.21,287.34,287.21,289.9,8.6,5,1d+1h+4h,0.662,False,nofill,0.0
2026-05-05 13:30:00-04:00,284.25,287.21,287.34,287.21,289.85,8.6,5,1d+1h+4h,0.446,False,nofill,0.0
2026-05-05 14:30:00-04:00,284.21,287.21,287.33,287.21,289.74,8.6,5,1d+1h+4h,0.452,False,nofill,0.0
2026-05-05 15:30:00-04:00,284.17,287.21,287.32,287.21,289.62,8.6,5,1d+1h+4h,0.458,False,nofill,0.0
2026-05-06 09:30:00-04:00,286.11,287.21,287.34,287.21,289.87,8.6,5,1d+1h+4h,0.165,False,nofill,0.0
2026-05-06 10:30:00-04:00,284.74,287.21,287.34,287.21,289.87,8.6,5,1d+1h+4h,0.371,True,scratch,-0.10401948034945985
2026-05-06 11:30:00-04:00,286.26,287.21,287.33,287.21,289.81,8.6,5,1d+1h+4h,0.143,True,scratch,-0.1030109594201023
2026-05-06 12:30:00-04:00,286.74,287.21,287.33,287.21,289.73,8.6,5,1d+1h+4h,0.071,True,scratch,-0.1017019467230762
2026-05-06 13:30:00-04:00,287.18,287.84,287.95,287.84,290.27,8.6,5,1d+1h+4h,0.099,True,target,0.7448741513940593
2026-05-06 14:30:00-04:00,287.76,288.61,288.72,288.61,290.96,8.6,5,1d+1h+4h,0.128,True,target,0.7159272473499012
2026-05-06 15:30:00-04:00,287.53,288.61,288.72,288.61,290.87,8.6,5,1d+1h+4h,0.162,True,target,0.6849941646705604
2026-05-07 13:30:00-04:00,288.27,288.61,288.72,288.61,290.88,8.6,5,1d+1h+4h,0.051,True,target,0.6884870159138412
2026-05-07 14:30:00-04:00,286.74,287.21,287.32,287.21,289.51,8.6,5,1d+1h+4h,0.071,True,target,0.7020122736948409
2026-05-07 15:30:00-04:00,287.47,287.84,287.94,287.84,290.07,8.6,5,1d+1h+4h,0.055,True,target,0.6777858897218492
2026-05-20 12:30:00-04:00,301.05,302.37,302.46,302.37,304.32,6.8,4,1d+1h+4h,0.222,True,scratch,-0.0907292231486001
2026-05-20 13:30:00-04:00,301.47,302.37,302.46,302.37,304.25,6.8,4,1d+1h+4h,0.151,True,scratch,-0.08948921906269947
2026-05-20 14:30:00-04:00,302.19,302.94,303.03,302.94,304.78,6.8,4,1d+1h+4h,0.126,True,scratch,-0.08889685707862416
2026-05-20 15:30:00-04:00,302.26,302.94,303.02,302.94,304.7,6.8,4,1d+1h+4h,0.113,True,scratch,-0.08761221088627869
2026-05-21 09:30:00-04:00,301.95,302.37,302.46,302.37,304.2,6.8,4,1d+1h+4h,0.071,True,target,0.5171264693552668
2026-06-04 12:30:00-04:00,311.67,312.76,312.86,312.76,314.88,6.8,6,1h+4h,0.185,False,nofill,0.0
2026-06-04 13:30:00-04:00,311.42,312.76,312.86,312.76,314.81,6.8,6,1h+4h,0.227,True,scratch,-0.09111247897133357
2026-06-04 14:30:00-04:00,311.94,312.76,312.85,312.76,314.71,6.8,6,1h+4h,0.139,True,scratch,-0.08970022180986303
2026-06-04 15:30:00-04:00,311.16,312.76,312.85,312.76,314.7,6.8,6,1h+4h,0.271,True,scratch,-0.08951704694651896
2026-06-05 11:30:00-04:00,312.0,312.76,312.86,312.76,314.92,6.8,6,1h+4h,0.125,False,nofill,0.0
2026-06-05 12:30:00-04:00,311.51,312.76,312.86,312.76,314.96,6.8,6,1h+4h,0.206,False,nofill,0.0
2026-06-05 13:30:00-04:00,311.53,312.76,312.86,312.76,314.91,6.8,6,1h+4h,0.204,True,scratch,-0.09267008471151028
2026-06-05 14:30:00-04:00,308.91,312.76,312.87,312.76,315.12,6.8,6,1h+4h,0.635,True,scratch,-0.09588999858372027
2026-06-05 15:30:00-04:00,307.39,312.76,312.87,312.76,315.07,6.8,6,1h+4h,0.886,True,scratch,-0.09517350991536944
2026-06-08 09:30:00-04:00,311.98,312.76,312.89,312.76,315.49,6.8,6,1h+4h,0.116,True,scratch,-0.10153276781832421
2026-06-08 13:30:00-04:00,304.86,311.82,311.99,311.82,315.37,6.8,6,1h+4h,1.026,False,nofill,0.0
2026-06-08 14:30:00-04:00,302.7,303.2,303.37,303.2,306.76,9.8,5,1d+1h+4h,0.073,False,nofill,0.0
2026-06-08 15:30:00-04:00,301.57,303.2,303.36,303.2,306.66,9.8,5,1d+1h+4h,0.24,False,nofill,0.0
2026-06-09 09:30:00-04:00,292.53,304.76,304.94,304.76,308.67,11.6,6,1d+1h+4h,1.679,False,nofill,0.0
2026-06-09 10:30:00-04:00,291.58,304.76,304.94,304.76,308.57,11.6,6,1d+1h+4h,1.809,False,nofill,0.0
2026-06-09 11:30:00-04:00,289.5,302.94,303.12,302.94,306.67,9.8,5,1d+1h+4h,1.845,False,nofill,0.0
2026-06-09 12:30:00-04:00,290.46,304.76,304.93,304.76,308.47,11.6,6,1d+1h+4h,1.963,False,nofill,0.0
2026-06-09 13:30:00-04:00,290.95,304.76,304.93,304.76,308.33,11.6,6,1d+1h+4h,1.896,False,nofill,0.0
2026-06-09 14:30:00-04:00,291.13,304.76,304.92,304.76,308.19,11.6,6,1d+1h+4h,1.871,False,nofill,0.0
2026-06-09 15:30:00-04:00,290.36,304.76,304.92,304.76,308.17,11.6,6,1d+1h+4h,1.977,False,nofill,0.0
2026-06-10 09:30:00-04:00,289.74,302.94,303.1,302.94,306.39,9.8,5,1d+1h+4h,1.811,False,nofill,0.0
2026-06-10 10:30:00-04:00,289.99,302.94,303.1,302.94,306.31,9.8,5,1d+1h+4h,1.776,False,nofill,0.0
2026-06-10 11:30:00-04:00,291.73,304.76,304.91,304.76,308.04,11.6,6,1d+1h+4h,1.787,False,nofill,0.0
2026-06-10 12:30:00-04:00,293.15,304.76,304.91,304.76,307.94,11.6,6,1d+1h+4h,1.592,False,nofill,0.0
2026-06-10 13:30:00-04:00,294.31,304.76,304.91,304.76,307.88,11.6,6,1d+1h+4h,1.433,False,nofill,0.0
2026-06-10 14:30:00-04:00,291.93,304.76,304.9,304.76,307.86,11.6,6,1d+1h+4h,1.76,False,nofill,0.0
2026-06-10 15:30:00-04:00,291.5,304.76,304.9,304.76,307.76,11.6,6,1d+1h+4h,1.819,False,nofill,0.0
2026-06-11 09:30:00-04:00,290.58,304.76,304.9,304.76,307.86,11.6,6,1d+1h+4h,1.943,False,nofill,0.0
2026-06-11 10:30:00-04:00,291.19,304.76,304.9,304.76,307.8,11.6,6,1d+1h+4h,1.859,False,nofill,0.0
2026-06-11 11:30:00-04:00,292.98,304.76,304.9,304.76,307.8,11.6,6,1d+1h+4h,1.613,False,nofill,0.0
2026-06-11 12:30:00-04:00,295.96,304.76,304.9,304.76,307.81,11.6,6,1d+1h+4h,1.206,False,nofill,0.0
2026-06-11 13:30:00-04:00,295.54,304.76,304.9,304.76,307.74,11.6,6,1d+1h+4h,1.263,False,nofill,0.0
2026-06-11 14:30:00-04:00,295.4,304.76,304.89,304.76,307.6,11.6,6,1d+1h+4h,1.282,False,nofill,0.0
2026-06-11 15:30:00-04:00,295.36,304.76,304.89,304.76,307.51,11.6,6,1d+1h+4h,1.288,False,nofill,0.0
2026-06-12 09:30:00-04:00,292.0,304.76,304.9,304.76,307.8,11.6,6,1d+1h+4h,1.745,False,nofill,0.0
2026-06-12 10:30:00-04:00,292.88,304.76,304.9,304.76,307.81,11.6,6,1d+1h+4h,1.625,False,nofill,0.0
2026-06-12 11:30:00-04:00,291.58,304.76,304.9,304.76,307.75,11.6,6,1d+1h+4h,1.802,False,nofill,0.0
2026-06-12 12:30:00-04:00,291.46,304.76,304.89,304.76,307.64,11.6,6,1d+1h+4h,1.818,False,nofill,0.0
2026-06-12 13:30:00-04:00,290.23,304.76,304.89,304.76,307.58,11.6,6,1d+1h+4h,1.987,False,nofill,0.0
2026-06-12 14:30:00-04:00,290.64,304.76,304.88,304.76,307.43,11.6,6,1d+1h+4h,1.93,False,nofill,0.0
2026-06-12 15:30:00-04:00,291.08,304.76,304.88,304.76,307.35,11.6,6,1d+1h+4h,1.87,False,nofill,0.0
2026-06-15 09:30:00-04:00,295.68,303.2,303.33,303.2,306.0,9.8,5,1d+1h+4h,1.035,False,nofill,0.0
2026-06-15 10:30:00-04:00,296.53,303.2,303.33,303.2,305.92,9.8,5,1d+1h+4h,0.918,False,nofill,0.0
2026-06-15 11:30:00-04:00,297.24,303.2,303.33,303.2,305.84,9.8,5,1d+1h+4h,0.82,False,nofill,0.0
2026-06-15 12:30:00-04:00,296.66,303.2,303.32,303.2,305.73,9.8,5,1d+1h+4h,0.9,False,nofill,0.0
2026-06-15 13:30:00-04:00,295.07,303.2,303.32,303.2,305.71,9.8,5,1d+1h+4h,1.119,False,nofill,0.0
2026-06-15 14:30:00-04:00,296.5,303.2,303.32,303.2,305.65,9.8,5,1d+1h+4h,0.922,False,nofill,0.0
2026-06-15 15:30:00-04:00,296.42,303.2,303.31,303.2,305.55,9.8,5,1d+1h+4h,0.933,False,nofill,0.0
2026-06-16 09:30:00-04:00,297.54,303.2,303.32,303.2,305.69,9.8,5,1d+1h+4h,0.786,False,nofill,0.0
2026-06-16 10:30:00-04:00,298.2,303.2,303.32,303.2,305.62,9.8,5,1d+1h+4h,0.693,False,nofill,0.0
2026-06-16 11:30:00-04:00,298.94,303.2,303.31,303.2,305.58,9.8,5,1d+1h+4h,0.591,False,nofill,0.0
2026-06-16 12:30:00-04:00,300.27,303.2,303.31,303.2,305.54,9.8,5,1d+1h+4h,0.406,False,nofill,0.0
2026-06-16 13:30:00-04:00,298.73,303.2,303.31,303.2,305.51,9.8,5,1d+1h+4h,0.621,False,nofill,0.0
2026-06-16 14:30:00-04:00,298.34,303.2,303.31,303.2,305.45,9.8,5,1d+1h+4h,0.674,False,nofill,0.0
2026-06-16 15:30:00-04:00,299.25,303.2,303.3,303.2,305.39,9.8,5,1d+1h+4h,0.548,False,nofill,0.0
2026-06-17 09:30:00-04:00,300.45,303.2,303.31,303.2,305.44,9.8,5,1d+1h+4h,0.38,False,nofill,0.0
2026-06-17 10:30:00-04:00,297.43,303.2,303.31,303.2,305.54,9.8,5,1d+1h+4h,0.796,False,nofill,0.0
2026-06-17 11:30:00-04:00,298.62,303.2,303.31,303.2,305.56,9.8,5,1d+1h+4h,0.633,False,nofill,0.0
2026-06-17 12:30:00-04:00,296.81,303.2,303.31,303.2,305.56,10.8,6,1d+1h+4h,0.882,False,nofill,0.0
2026-06-17 13:30:00-04:00,295.83,303.2,303.31,303.2,305.56,10.8,6,1d+1h+4h,1.016,False,nofill,0.0
2026-06-17 14:30:00-04:00,295.18,303.2,303.31,303.2,305.54,10.8,6,1d+1h+4h,1.106,False,nofill,0.0
2026-06-17 15:30:00-04:00,295.88,303.2,303.31,303.2,305.5,10.8,6,1d+1h+4h,1.01,False,nofill,0.0
2026-06-18 09:30:00-04:00,299.61,303.2,303.32,303.2,305.7,10.8,6,1d+1h+4h,0.507,False,nofill,0.0
2026-06-18 10:30:00-04:00,297.11,303.2,303.32,303.2,305.79,10.8,6,1d+1h+4h,0.86,False,nofill,0.0
2026-06-18 11:30:00-04:00,297.49,303.2,303.32,303.2,305.74,10.8,6,1d+1h+4h,0.806,False,nofill,0.0
2026-06-18 12:30:00-04:00,297.82,303.2,303.32,303.2,305.67,10.8,6,1d+1h+4h,0.76,False,nofill,0.0
2026-06-18 13:30:00-04:00,297.11,303.2,303.31,303.2,305.57,12.6,7,1d+1h+4h,0.86,False,nofill,0.0
2026-06-18 14:30:00-04:00,297.38,303.2,303.31,303.2,305.48,12.6,7,1d+1h+4h,0.822,False,nofill,0.0
2026-06-18 15:30:00-04:00,297.89,303.2,303.31,303.2,305.48,12.6,7,1d+1h+4h,0.75,False,nofill,0.0
2026-06-22 09:30:00-04:00,301.2,303.2,303.32,303.2,305.69,12.6,7,1d+1h+4h,0.287,False,nofill,0.0
2026-06-22 10:30:00-04:00,299.94,303.2,303.32,303.2,305.68,12.6,7,1d+1h+4h,0.467,False,nofill,0.0
2026-06-22 11:30:00-04:00,300.54,303.2,303.32,303.2,305.62,12.6,7,1d+1h+4h,0.381,False,nofill,0.0
2026-06-22 12:30:00-04:00,299.81,303.2,303.31,303.2,305.54,13.6,8,1d+1h+4h,0.486,False,nofill,0.0
2026-06-22 13:30:00-04:00,298.92,303.2,303.31,303.2,305.47,13.6,8,1d+1h+4h,0.613,False,nofill,0.0
2026-06-22 14:30:00-04:00,299.06,303.2,303.3,303.2,305.37,13.6,8,1d+1h+4h,0.593,False,nofill,0.0
2026-06-22 15:30:00-04:00,296.79,303.2,303.3,303.2,305.38,13.6,8,1d+1h+4h,0.918,False,nofill,0.0
2026-06-23 09:30:00-04:00,300.51,303.2,303.32,303.2,305.71,13.6,8,1d+1h+4h,0.384,False,nofill,0.0
2026-06-23 10:30:00-04:00,298.55,303.2,303.32,303.2,305.72,13.6,8,1d+1h+4h,0.663,False,nofill,0.0
2026-06-23 11:30:00-04:00,298.62,303.2,303.32,303.2,305.65,13.6,8,1d+1h+4h,0.653,False,nofill,0.0
2026-06-23 12:30:00-04:00,299.4,303.2,303.31,303.2,305.6,13.6,8,1d+1h+4h,0.542,False,nofill,0.0
2026-06-23 13:30:00-04:00,298.52,303.2,303.31,303.2,305.56,15.4,9,1d+1h+4h,0.667,False,nofill,0.0
2026-06-23 14:30:00-04:00,295.84,303.2,303.32,303.2,305.66,15.4,9,1d+1h+4h,1.049,False,nofill,0.0
2026-06-23 15:30:00-04:00,294.28,303.2,303.32,303.2,305.65,15.4,9,1d+1h+4h,1.272,False,nofill,0.0
2026-06-24 09:30:00-04:00,295.46,303.2,303.32,303.2,305.72,15.4,9,1d+1h+4h,1.106,False,nofill,0.0
2026-06-24 10:30:00-04:00,298.79,303.2,303.32,303.2,305.82,15.4,9,1d+1h+4h,0.631,False,nofill,0.0
2026-06-24 11:30:00-04:00,298.07,303.2,303.32,303.2,305.78,15.4,9,1d+1h+4h,0.733,False,nofill,0.0
2026-06-24 12:30:00-04:00,296.42,303.2,303.32,303.2,305.76,15.4,9,1d+1h+4h,0.969,False,nofill,0.0
2026-06-24 13:30:00-04:00,296.0,303.2,303.32,303.2,305.69,15.4,9,1d+1h+4h,1.029,False,nofill,0.0
2026-06-24 14:30:00-04:00,294.94,303.2,303.32,303.2,305.66,15.4,9,1d+1h+4h,1.181,False,nofill,0.0
2026-06-24 15:30:00-04:00,293.26,303.2,303.32,303.2,305.67,15.4,9,1d+1h+4h,1.421,False,nofill,0.0
2026-06-25 09:30:00-04:00,279.63,280.03,280.2,280.03,283.51,25.0,17,1d+1h+4h,0.051,False,nofill,0.0
2026-06-25 10:30:00-04:00,277.64,278.59,278.76,278.59,282.09,32.6,21,1d+1h+4h,0.121,True,scratch,-0.1198096565529605
2026-06-25 11:30:00-04:00,274.56,275.36,275.53,275.36,279.0,60.6,39,1d+1h+4h,0.101,True,target,1.198435217278182
2026-06-25 12:30:00-04:00,278.04,278.59,278.77,278.59,282.32,32.6,21,1d+1h+4h,0.07,True,scratch,-0.12367163703341788
2026-06-25 13:30:00-04:00,279.35,279.75,279.93,279.75,283.51,27.8,19,1d+1h+4h,0.051,True,scratch,-0.12396449510493346
2026-06-25 14:30:00-04:00,276.73,277.32,277.5,277.32,281.13,46.0,30,1d+1h+4h,0.076,True,scratch,-0.12529065950767082
2026-06-25 15:30:00-04:00,275.05,276.11,276.29,276.11,279.91,59.6,38,1d+1h+4h,0.135,True,target,1.2499277859418179
2026-06-26 09:30:00-04:00,278.26,278.89,279.07,278.89,282.77,32.6,21,1d+1h+4h,0.077,True,scratch,-0.12622930088851403
2026-06-26 10:30:00-04:00,279.03,279.44,279.62,279.44,283.23,27.8,19,1d+1h+4h,0.05,True,target,1.2289410931854317
2026-06-26 11:30:00-04:00,275.9,276.44,276.62,276.44,280.27,56.8,36,1d+1h+4h,0.066,True,target,1.2582320501974609
2026-06-26 12:30:00-04:00,279.2,279.67,279.85,279.67,283.49,27.8,19,1d+1h+4h,0.058,True,scratch,-0.12490441905290695
2026-06-26 13:30:00-04:00,280.19,280.9,281.08,280.9,284.65,24.0,16,1d+1h+4h,0.088,True,scratch,-0.12337956404249173
2026-06-26 14:30:00-04:00,280.15,280.9,281.08,280.9,284.56,24.0,16,1d+1h+4h,0.093,True,scratch,-0.12192506299738559
2026-06-26 15:30:00-04:00,281.2,287.78,287.96,287.78,291.62,16.4,10,1d+1h+4h,0.807,True,scratch,-0.12350056128059839
2026-06-29 09:30:00-04:00,280.87,287.78,287.98,287.78,291.94,16.4,10,1d+1h+4h,0.845,False,nofill,0.0
2026-06-29 10:30:00-04:00,282.33,287.78,287.97,287.78,291.83,16.4,10,1d+1h+4h,0.667,False,nofill,0.0
2026-06-29 11:30:00-04:00,280.56,281.07,281.26,281.07,285.05,23.0,15,1d+1h+4h,0.063,True,scratch,-0.12723306730381134
2026-06-29 12:30:00-04:00,281.48,288.37,288.55,288.37,292.19,17.4,11,1d+1h+4h,0.843,False,nofill,0.0
2026-06-29 13:30:00-04:00,281.55,288.37,288.54,288.37,292.02,17.4,11,1d+1h+4h,0.834,False,nofill,0.0
2026-06-29 14:30:00-04:00,282.68,288.37,288.54,288.37,291.88,17.4,11,1d+1h+4h,0.696,True,scratch,-0.11793353091172909
2026-06-29 15:30:00-04:00,281.63,288.37,288.53,288.37,291.73,17.4,11,1d+1h+4h,0.824,True,scratch,-0.11536658632679275
2026-06-30 09:30:00-04:00,286.02,287.78,287.95,287.78,291.32,17.4,11,1d+1h+4h,0.213,True,scratch,-0.11844953782907952
2026-06-30 10:30:00-04:00,288.27,303.2,303.37,303.2,306.74,21.2,12,1d+1h+4h,1.809,False,nofill,0.0
2026-06-30 11:30:00-04:00,288.14,303.2,303.36,303.2,306.6,21.2,12,1d+1h+4h,1.824,False,nofill,0.0
2026-06-30 12:30:00-04:00,288.43,303.2,303.36,303.2,306.48,21.2,12,1d+1h+4h,1.79,False,nofill,0.0
2026-06-30 13:30:00-04:00,288.09,303.2,303.35,303.2,306.34,21.2,12,1d+1h+4h,1.831,False,nofill,0.0
2026-06-30 14:30:00-04:00,287.53,303.2,303.34,303.2,306.23,21.2,12,1d+1h+4h,1.899,False,nofill,0.0
2026-06-30 15:30:00-04:00,289.09,303.2,303.34,303.2,306.2,21.2,12,1d+1h+4h,1.71,False,nofill,0.0
2026-07-01 09:30:00-04:00,293.06,303.2,303.35,303.2,306.32,21.2,12,1d+1h+4h,1.238,False,nofill,0.0
2026-07-01 10:30:00-04:00,295.75,303.2,303.35,303.2,306.38,21.2,12,1d+1h+4h,0.909,False,nofill,0.0
2026-07-01 11:30:00-04:00,294.94,303.2,303.34,303.2,306.24,21.2,12,1d+1h+4h,1.008,False,nofill,0.0
2026-07-01 12:30:00-04:00,294.09,303.2,303.34,303.2,306.11,21.2,12,1d+1h+4h,1.112,False,nofill,0.0
2026-07-01 13:30:00-04:00,294.8,303.2,303.34,303.2,306.08,21.2,12,1d+1h+4h,1.025,True,target,0.8445837156513702
2026-07-01 14:30:00-04:00,294.02,303.2,303.33,303.2,305.99,21.2,12,1d+1h+4h,1.122,True,target,0.8159905937535461
2026-07-01 15:30:00-04:00,294.25,303.2,303.33,303.2,305.93,21.2,12,1d+1h+4h,1.093,True,target,0.795788238917039
2026-07-02 09:30:00-04:00,305.05,317.13,317.29,317.13,320.53,12.4,8,1d+1h+4h,1.384,False,nofill,0.0
2026-07-02 10:30:00-04:00,305.42,317.13,317.29,317.13,320.51,12.4,8,1d+1h+4h,1.342,False,nofill,0.0
2026-07-02 11:30:00-04:00,308.09,315.0,315.16,315.0,318.38,12.4,8,1d+1h+4h,0.792,False,nofill,0.0
2026-07-02 12:30:00-04:00,307.8,315.0,315.16,315.0,318.28,12.4,8,1d+1h+4h,0.824,False,nofill,0.0
2026-07-02 13:30:00-04:00,307.33,315.0,315.15,315.0,318.16,12.4,8,1d+1h+4h,0.879,False,nofill,0.0
2026-07-02 14:30:00-04:00,307.42,315.0,315.14,315.0,318.02,12.4,8,1d+1h+4h,0.868,False,nofill,0.0
2026-07-02 15:30:00-04:00,308.22,315.0,315.14,315.0,317.97,12.4,8,1d+1h+4h,0.777,False,nofill,0.0
2026-07-06 09:30:00-04:00,311.73,315.0,315.15,315.0,318.11,12.4,8,1d+1h+4h,0.379,False,nofill,0.0
2026-07-06 10:30:00-04:00,313.58,315.0,315.15,315.0,318.07,12.4,8,1d+1h+4h,0.165,False,nofill,0.0
2026-07-06 11:30:00-04:00,312.25,315.0,315.14,315.0,318.0,12.4,8,1d+1h+4h,0.319,False,nofill,0.0
2026-07-06 12:30:00-04:00,312.38,315.0,315.14,315.0,317.87,12.4,8,1d+1h+4h,0.304,False,nofill,0.0
2026-07-06 13:30:00-04:00,313.07,315.0,315.13,315.0,317.74,12.4,8,1d+1h+4h,0.224,True,scratch,-0.10138393913016186
2026-07-06 14:30:00-04:00,313.4,315.0,315.12,315.0,317.59,13.4,9,1d+1h+4h,0.186,True,scratch,-0.09916374321484733
2026-07-06 15:30:00-04:00,312.81,315.0,315.12,315.0,317.54,13.4,9,1d+1h+4h,0.254,True,scratch,-0.09827958629734512
2026-07-07 09:30:00-04:00,311.45,315.17,315.3,315.17,317.92,13.4,9,1d+1h+4h,0.444,False,nofill,0.0
2026-07-07 10:30:00-04:00,314.08,315.17,315.3,315.17,317.96,13.4,9,1d+1h+4h,0.13,False,nofill,0.0
2026-07-07 11:30:00-04:00,313.17,315.17,315.3,315.17,317.92,13.4,9,1d+1h+4h,0.239,False,nofill,0.0
2026-07-07 12:30:00-04:00,312.84,315.17,315.3,315.17,317.85,13.4,9,1d+1h+4h,0.278,False,nofill,0.0
2026-07-07 13:30:00-04:00,312.62,315.17,315.29,315.17,317.75,13.4,9,1d+1h+4h,0.304,False,nofill,0.0
2026-07-07 14:30:00-04:00,311.9,315.17,315.29,315.17,317.68,13.4,9,1d+1h+4h,0.391,False,nofill,0.0
2026-07-07 15:30:00-04:00,310.66,315.17,315.29,315.17,317.65,13.4,9,1d+1h+4h,0.538,False,nofill,0.0
2026-07-08 09:30:00-04:00,308.85,316.94,317.07,316.94,319.62,13.4,9,1d+1h+4h,0.97,False,nofill,0.0
2026-07-08 10:30:00-04:00,310.06,315.17,315.3,315.17,317.82,13.4,9,1d+1h+4h,0.612,False,nofill,0.0
2026-07-08 11:30:00-04:00,311.6,315.17,315.3,315.17,317.81,13.4,9,1d+1h+4h,0.428,False,nofill,0.0
2026-07-08 12:30:00-04:00,314.12,315.17,315.3,315.17,317.84,13.4,9,1d+1h+4h,0.126,False,nofill,0.0
2026-07-08 13:30:00-04:00,314.12,315.17,315.3,315.17,317.92,15.2,10,1d+1h+4h,0.125,False,nofill,0.0
2026-07-08 14:30:00-04:00,313.82,315.17,315.29,315.17,317.78,15.2,10,1d+1h+4h,0.162,False,nofill,0.0
2026-07-08 15:30:00-04:00,313.26,315.17,315.29,315.17,317.7,15.2,10,1d+1h+4h,0.229,False,nofill,0.0
2026-07-09 09:30:00-04:00,312.09,315.17,315.3,315.17,317.91,16.2,11,1d+1h+4h,0.369,True,scratch,-0.1012764624549467
2026-07-09 10:30:00-04:00,314.46,315.17,315.31,315.17,318.02,16.2,11,1d+1h+4h,0.085,True,scratch,-0.10302266235648894
2026-07-09 11:30:00-04:00,314.9,315.48,315.61,315.48,318.21,16.2,11,1d+1h+4h,0.07,True,scratch,-0.10117642192373211
2026-07-09 12:30:00-04:00,314.72,315.17,315.3,315.17,317.8,16.2,11,1d+1h+4h,0.054,True,scratch,-0.09961932014469488
2026-07-09 13:30:00-04:00,314.56,315.17,315.29,315.17,317.69,16.2,11,1d+1h+4h,0.073,True,scratch,-0.09801685064557697
2026-07-09 14:30:00-04:00,315.41,316.94,317.06,316.94,319.39,15.2,10,1d+1h+4h,0.183,False,nofill,0.0
2026-07-09 15:30:00-04:00,316.18,316.94,317.05,316.94,319.3,15.2,10,1d+1h+4h,0.091,False,nofill,0.0
2026-07-10 09:30:00-04:00,313.13,315.48,315.6,315.48,317.93,16.2,11,1d+1h+4h,0.291,False,nofill,0.0
2026-07-10 10:30:00-04:00,313.34,315.48,315.6,315.48,317.9,16.2,11,1d+1h+4h,0.265,False,nofill,0.0
2026-07-10 11:30:00-04:00,314.36,315.48,315.59,315.48,317.89,16.2,11,1d+1h+4h,0.139,True,scratch,-0.09635025326444335
2026-07-10 12:30:00-04:00,314.46,315.48,315.59,315.48,317.78,16.2,11,1d+1h+4h,0.126,True,scratch,-0.09470310941062099
2026-07-10 13:30:00-04:00,314.84,315.48,315.59,315.48,317.69,16.2,11,1d+1h+4h,0.079,True,scratch,-0.09335413156272843
2026-07-10 14:30:00-04:00,316.16,316.94,317.04,316.94,319.13,16.2,11,1d+1h+4h,0.096,True,target,0.5961101986559081
2026-07-10 15:30:00-04:00,315.33,316.53,316.63,316.53,318.72,16.2,11,1d+1h+4h,0.148,True,target,0.5980562183583782
2026-07-13 12:30:00-04:00,316.47,316.94,317.06,316.94,319.53,16.2,11,1d+1h+4h,0.058,True,scratch,-0.09883388561254813
2026-07-13 13:30:00-04:00,316.84,317.4,317.52,317.4,319.87,12.4,8,1d+1h+4h,0.069,True,scratch,-0.09706939731576325
2026-07-13 14:30:00-04:00,316.33,316.94,317.05,316.94,319.34,16.2,11,1d+1h+4h,0.075,True,scratch,-0.09599043644733518
2026-07-14 09:30:00-04:00,314.94,315.48,315.6,315.48,318.08,17.2,12,1d+1h+4h,0.068,True,scratch,-0.09917902282998714
2026-07-14 10:30:00-04:00,314.3,315.48,315.6,315.48,318.06,17.2,12,1d+1h+4h,0.149,False,nofill,0.0
2026-07-14 11:30:00-04:00,313.27,315.48,315.6,315.48,318.02,17.2,12,1d+1h+4h,0.28,True,scratch,-0.09831995850723141
2026-07-14 12:30:00-04:00,314.87,315.48,315.6,315.48,317.98,17.2,12,1d+1h+4h,0.077,True,scratch,-0.09768533748383268
2026-07-14 13:30:00-04:00,315.22,315.78,315.89,315.78,318.16,17.2,12,1d+1h+4h,0.071,True,target,0.6576487092321281
2026-07-14 14:30:00-04:00,315.7,316.53,316.64,316.53,318.82,17.2,12,1d+1h+4h,0.105,True,target,0.6284922114929481
2026-07-14 15:30:00-04:00,314.92,315.48,315.59,315.48,317.69,17.2,12,1d+1h+4h,0.071,True,target,0.6079153469420673
2026-07-23 09:30:00-04:00,321.49,322.22,322.35,322.22,325.02,6.6,5,1h+4h,0.092,True,scratch,-0.10133659240798565
2026-07-23 10:30:00-04:00,321.28,322.22,322.35,322.22,324.99,6.6,5,1h+4h,0.119,False,nofill,0.0
2026-07-23 11:30:00-04:00,320.36,322.22,322.35,322.22,324.9,6.6,5,1h+4h,0.235,False,nofill,0.0
2026-07-23 12:30:00-04:00,320.87,322.22,322.34,322.22,324.79,6.6,5,1h+4h,0.171,False,nofill,0.0
2026-07-23 13:30:00-04:00,320.27,322.22,322.34,322.22,324.71,6.6,5,1h+4h,0.247,True,target,0.6747180476869064
2026-07-23 14:30:00-04:00,320.42,322.22,322.34,322.22,324.64,6.6,5,1h+4h,0.228,True,target,0.6541373174533183
2026-07-23 15:30:00-04:00,321.61,322.22,322.33,322.22,324.61,6.6,5,1h+4h,0.077,True,target,0.6460956546553209
2026-07-24 14:30:00-04:00,332.49,334.37,334.49,334.37,336.94,6.8,4,1d+1h+4h,0.228,True,target,0.6726297195470021
2026-07-24 15:30:00-04:00,333.07,334.37,334.49,334.37,336.88,6.8,4,1d+1h+4h,0.157,True,target,0.6544532044945761
2026-07-30 09:30:00-04:00,331.31,334.37,334.52,334.37,337.49,7.8,5,1d+1h+4h,0.38,False,nofill,0.0
2026-07-30 10:30:00-04:00,331.22,334.37,334.52,334.37,337.53,7.8,5,1d+1h+4h,0.391,False,nofill,0.0
2026-07-30 11:30:00-04:00,332.09,334.37,334.52,334.37,337.45,7.8,5,1d+1h+4h,0.283,False,nofill,0.0
2026-07-30 12:30:00-04:00,332.09,334.37,334.51,334.37,337.34,7.8,5,1d+1h+4h,0.283,True,scratch,-0.10220861857028751
2026-07-30 13:30:00-04:00,333.1,334.37,334.51,334.37,337.3,7.8,5,1d+1h+4h,0.158,True,scratch,-0.10160403115176964
2026-07-30 14:30:00-04:00,333.16,334.37,334.5,334.37,337.18,7.8,5,1d+1h+4h,0.15,True,scratch,-0.09990146525569177
2026-07-30 15:30:00-04:00,333.85,334.37,334.5,334.37,337.16,7.8,5,1d+1h+4h,0.065,False,nofill,0.0
2026-07-31 09:30:00-04:00,302.74,317.4,317.64,317.4,322.5,23.0,15,1d+1h+4h,1.486,False,nofill,0.0
2026-07-31 10:30:00-04:00,301.73,316.94,317.17,316.94,321.87,23.0,15,1d+1h+4h,1.542,False,nofill,0.0
2026-07-31 11:30:00-04:00,300.54,317.4,317.63,317.4,322.16,23.0,15,1d+1h+4h,1.709,False,nofill,0.0
2026-07-31 12:30:00-04:00,301.2,317.13,317.34,317.13,321.69,23.0,15,1d+1h+4h,1.615,False,nofill,0.0
2026-07-31 13:30:00-04:00,301.73,316.94,317.15,316.94,321.32,23.0,15,1d+1h+4h,1.542,False,nofill,0.0
2026-07-31 14:30:00-04:00,305.65,317.4,317.61,317.4,321.76,23.0,15,1d+1h+4h,1.191,False,nofill,0.0
2026-07-31 15:30:00-04:00,309.03,317.4,317.61,317.4,321.88,23.0,15,1d+1h+4h,0.849,False,nofill,0.0
2026-08-03 09:30:00-04:00,305.55,317.4,317.62,317.4,322.12,23.0,15,1d+1h+4h,1.207,False,nofill,0.0
2026-08-03 10:30:00-04:00,304.21,317.4,317.62,317.4,321.97,23.0,15,1d+1h+4h,1.343,False,nofill,0.0
2026-08-03 11:30:00-04:00,306.36,317.4,317.62,317.4,321.93,23.0,15,1d+1h+4h,1.124,False,nofill,0.0
2026-08-03 12:30:00-04:00,307.23,317.4,317.61,317.4,321.73,23.0,15,1d+1h+4h,1.036,False,nofill,0.0
2026-08-03 13:30:00-04:00,305.52,317.4,317.6,317.4,321.55,23.0,15,1d+1h+4h,1.21,False,nofill,0.0
2026-08-03 14:30:00-04:00,305.04,317.4,317.59,317.4,321.34,23.0,15,1d+1h+4h,1.258,False,nofill,0.0
2026-08-03 15:30:00-04:00,303.27,317.4,317.58,317.4,321.24,23.0,15,1d+1h+4h,1.439,False,nofill,0.0
2026-08-04 09:30:00-04:00,306.81,317.4,317.59,317.4,321.4,23.0,15,1d+1h+4h,1.084,False,nofill,0.0
2026-08-04 10:30:00-04:00,305.67,317.4,317.58,317.4,321.24,23.0,15,1d+1h+4h,1.201,False,nofill,0.0
2026-08-04 11:30:00-04:00,306.5,317.4,317.57,317.4,321.06,23.0,15,1d+1h+4h,1.116,False,nofill,0.0
2026-08-04 12:30:00-04:00,308.9,317.13,317.3,317.13,320.83,23.0,15,1d+1h+4h,0.842,False,nofill,0.0
2026-08-04 13:30:00-04:00,309.32,317.4,317.57,317.4,320.95,23.0,15,1d+1h+4h,0.827,False,nofill,0.0
2026-08-04 14:30:00-04:00,309.58,317.4,317.56,317.4,320.81,23.0,15,1d+1h+4h,0.801,False,nofill,0.0
2026-08-04 15:30:00-04:00,309.39,317.4,317.56,317.4,320.68,23.0,15,1d+1h+4h,0.82,False,nofill,0.0
2026-08-05 09:30:00-04:00,306.73,317.13,317.28,317.13,320.45,23.0,15,1d+1h+4h,1.095,False,nofill,0.0
2026-08-05 10:30:00-04:00,308.6,317.13,317.29,317.13,320.63,23.0,15,1d+1h+4h,0.898,False,nofill,0.0
2026-08-05 11:30:00-04:00,308.64,317.13,317.29,317.13,320.5,23.0,15,1d+1h+4h,0.893,False,nofill,0.0
2026-08-05 12:30:00-04:00,309.74,317.13,317.28,317.13,320.37,23.0,15,1d+1h+4h,0.778,False,nofill,0.0
2026-08-05 13:30:00-04:00,308.19,317.13,317.28,317.13,320.3,23.0,15,1d+1h+4h,0.941,False,nofill,0.0
2026-08-05 14:30:00-04:00,309.62,317.13,317.27,317.13,320.21,23.0,15,1d+1h+4h,0.79,False,nofill,0.0
2026-08-05 15:30:00-04:00,310.92,317.13,317.27,317.13,320.15,23.0,15,1d+1h+4h,0.653,False,nofill,0.0
2026-08-06 09:30:00-04:00,312.84,317.13,317.28,317.13,320.34,23.0,15,1d+1h+4h,0.46,False,nofill,0.0
2026-08-06 10:30:00-04:00,310.1,317.13,317.28,317.13,320.41,23.0,15,1d+1h+4h,0.753,False,nofill,0.0
2026-08-06 11:30:00-04:00,311.16,317.13,317.28,317.13,320.32,23.0,15,1d+1h+4h,0.64,False,nofill,0.0
2026-08-06 12:30:00-04:00,311.2,317.13,317.27,317.13,320.17,24.0,16,1d+1h+4h,0.635,False,nofill,0.0
2026-08-06 13:30:00-04:00,312.24,317.13,317.27,317.13,320.05,24.0,16,1d+1h+4h,0.524,False,nofill,0.0
2026-08-06 14:30:00-04:00,312.58,317.13,317.26,317.13,319.91,24.0,16,1d+1h+4h,0.488,False,nofill,0.0
2026-08-06 15:30:00-04:00,312.45,317.13,317.25,317.13,319.8,24.0,16,1d+1h+4h,0.501,False,nofill,0.0
2026-08-07 09:30:00-04:00,314.08,317.13,317.26,317.13,319.86,24.0,16,1d+1h+4h,0.34,False,nofill,0.0
2026-08-07 10:30:00-04:00,313.36,317.13,317.25,317.13,319.8,24.0,16,1d+1h+4h,0.421,False,nofill,0.0
2026-08-07 11:30:00-04:00,311.69,317.13,317.25,317.13,319.75,24.0,16,1d+1h+4h,0.607,False,nofill,0.0
2026-08-07 12:30:00-04:00,312.74,317.13,317.25,317.13,319.66,24.0,16,1d+1h+4h,0.49,False,nofill,0.0
2026-08-07 13:30:00-04:00,311.92,317.13,317.24,317.13,319.59,25.8,17,1d+1h+4h,0.582,False,nofill,0.0
2026-08-07 14:30:00-04:00,313.28,317.13,317.24,317.13,319.54,25.8,17,1d+1h+4h,0.43,False,nofill,0.0
2026-08-07 15:30:00-04:00,313.3,317.13,317.24,317.13,319.46,25.8,17,1d+1h+4h,0.428,False,nofill,0.0
2026-08-10 09:30:00-04:00,306.88,317.13,317.26,317.13,319.95,25.8,17,1d+1h+4h,1.149,False,nofill,0.0
2026-08-10 10:30:00-04:00,306.56,317.13,317.25,317.13,319.82,25.8,17,1d+1h+4h,1.186,False,nofill,0.0
2026-08-10 11:30:00-04:00,305.53,317.13,317.25,317.13,319.79,25.8,17,1d+1h+4h,1.301,False,nofill,0.0
2026-08-10 12:30:00-04:00,306.47,317.13,317.25,317.13,319.72,25.8,17,1d+1h+4h,1.195,False,nofill,0.0
2026-08-10 13:30:00-04:00,306.71,317.13,317.24,317.13,319.61,25.8,17,1d+1h+4h,1.168,False,nofill,0.0
2026-08-10 14:30:00-04:00,307.23,317.13,317.24,317.13,319.51,25.8,17,1d+1h+4h,1.11,False,nofill,0.0
2026-08-10 15:30:00-04:00,308.19,317.13,317.24,317.13,319.45,25.8,17,1d+1h+4h,1.003,False,nofill,0.0
2026-08-11 09:30:00-04:00,306.19,317.13,317.24,317.13,319.6,26.0,16,1d+1h+4h,1.244,False,nofill,0.0
2026-08-11 10:30:00-04:00,306.7,316.94,317.05,316.94,319.31,26.0,16,1d+1h+4h,1.164,False,nofill,0.0
2026-08-11 11:30:00-04:00,306.56,317.13,317.24,317.13,319.41,26.0,16,1d+1h+4h,1.203,False,nofill,0.0
2026-08-11 12:30:00-04:00,306.19,317.13,317.23,317.13,319.31,26.0,16,1d+1h+4h,1.244,False,nofill,0.0
2026-08-11 13:30:00-04:00,303.3,317.13,317.24,317.13,319.44,26.0,16,1d+1h+4h,1.573,False,nofill,0.0
2026-08-11 14:30:00-04:00,305.16,317.13,317.24,317.13,319.44,26.0,16,1d+1h+4h,1.361,False,nofill,0.0
2026-08-11 15:30:00-04:00,304.9,317.13,317.23,317.13,319.39,26.0,16,1d+1h+4h,1.391,False,nofill,0.0
2026-08-12 09:30:00-04:00,302.35,317.13,317.24,317.13,319.49,26.0,16,1d+1h+4h,1.734,False,nofill,0.0
2026-08-12 10:30:00-04:00,301.08,317.13,317.24,317.13,319.48,26.0,16,1d+1h+4h,1.882,False,nofill,0.0
2026-08-12 11:30:00-04:00,301.51,317.13,317.24,317.13,319.41,26.0,16,1d+1h+4h,1.832,False,nofill,0.0
2026-08-12 12:30:00-04:00,302.16,317.13,317.23,317.13,319.33,26.0,16,1d+1h+4h,1.755,False,nofill,0.0
2026-08-12 13:30:00-04:00,301.12,317.13,317.23,317.13,319.26,26.0,16,1d+1h+4h,1.877,False,nofill,0.0
2026-08-12 14:30:00-04:00,301.68,317.13,317.22,317.13,319.19,26.0,16,1d+1h+4h,1.812,False,nofill,0.0
2026-08-12 15:30:00-04:00,302.23,317.13,317.22,317.13,319.13,26.0,16,1d+1h+4h,1.748,False,nofill,0.0
2026-08-13 09:30:00-04:00,305.64,317.4,317.5,317.4,319.56,25.0,15,1d+1h+4h,1.434,False,nofill,0.0
2026-08-13 10:30:00-04:00,303.72,317.4,317.5,317.4,319.59,25.0,15,1d+1h+4h,1.669,False,nofill,0.0
2026-08-13 11:30:00-04:00,303.43,317.4,317.5,317.4,319.54,25.0,15,1d+1h+4h,1.704,False,nofill,0.0
2026-08-13 12:30:00-04:00,303.34,317.4,317.5,317.4,319.45,25.0,15,1d+1h+4h,1.715,False,nofill,0.0
2026-08-13 13:30:00-04:00,303.31,317.4,317.49,317.4,319.38,25.0,15,1d+1h+4h,1.719,False,nofill,0.0
2026-08-13 14:30:00-04:00,304.4,317.4,317.49,317.4,319.35,25.0,15,1d+1h+4h,1.586,False,nofill,0.0
2026-08-13 15:30:00-04:00,305.32,317.4,317.49,317.4,319.32,25.0,15,1d+1h+4h,1.473,False,nofill,0.0
2026-08-14 09:30:00-04:00,304.99,317.4,317.49,317.4,319.38,25.0,15,1d+1h+4h,1.583,False,nofill,0.0
2026-08-14 10:30:00-04:00,305.53,317.4,317.49,317.4,319.37,25.0,15,1d+1h+4h,1.513,False,nofill,0.0
2026-08-14 11:30:00-04:00,305.44,317.4,317.49,317.4,319.3,25.0,15,1d+1h+4h,1.525,False,nofill,0.0
2026-08-14 12:30:00-04:00,305.19,317.4,317.49,317.4,319.2,25.0,15,1d+1h+4h,1.557,False,nofill,0.0
2026-08-14 13:30:00-04:00,305.98,317.4,317.48,317.4,319.16,25.0,15,1d+1h+4h,1.457,False,nofill,0.0
2026-08-14 14:30:00-04:00,305.94,317.4,317.48,317.4,319.1,25.0,15,1d+1h+4h,1.461,False,nofill,0.0
2026-08-14 15:30:00-04:00,305.95,317.4,317.48,317.4,319.02,25.0,15,1d+1h+4h,1.46,False,nofill,0.0
2026-08-17 09:30:00-04:00,304.5,316.02,316.1,316.02,317.79,24.0,16,1d+1h+4h,1.512,False,nofill,0.0
2026-08-17 10:30:00-04:00,304.54,316.02,316.1,316.02,317.76,24.0,16,1d+1h+4h,1.507,False,nofill,0.0
2026-08-17 11:30:00-04:00,303.56,316.02,316.1,316.02,317.75,24.0,16,1d+1h+4h,1.636,False,nofill,0.0
2026-08-17 12:30:00-04:00,304.42,316.02,316.1,316.02,317.74,24.0,16,1d+1h+4h,1.523,False,nofill,0.0
2026-08-17 13:30:00-04:00,304.7,315.78,315.86,315.78,317.45,24.0,16,1d+1h+4h,1.454,False,nofill,0.0
2026-08-17 14:30:00-04:00,306.14,316.02,316.1,316.02,317.68,24.0,16,1d+1h+4h,1.296,False,nofill,0.0
2026-08-17 15:30:00-04:00,305.69,316.02,316.1,316.02,317.66,24.0,16,1d+1h+4h,1.356,False,nofill,0.0
2026-08-18 09:30:00-04:00,309.66,316.02,316.11,316.02,317.89,24.0,16,1d+1h+4h,0.848,False,nofill,0.0
2026-08-18 10:30:00-04:00,310.43,315.78,315.87,315.78,317.66,24.0,16,1d+1h+4h,0.714,False,nofill,0.0
2026-08-18 11:30:00-04:00,310.62,315.78,315.87,315.78,317.64,24.0,16,1d+1h+4h,0.689,False,nofill,0.0
2026-08-18 12:30:00-04:00,310.4,315.78,315.87,315.78,317.57,24.0,16,1d+1h+4h,0.718,False,nofill,0.0
2026-08-18 13:30:00-04:00,310.63,316.02,316.1,316.02,317.74,24.0,16,1d+1h+4h,0.719,True,scratch,-0.08597879144941478
2026-08-18 14:30:00-04:00,309.71,316.02,316.1,316.02,317.76,24.0,16,1d+1h+4h,0.842,True,scratch,-0.08623334917453596
2026-08-18 15:30:00-04:00,310.2,316.02,316.1,316.02,317.75,24.0,16,1d+1h+4h,0.776,True,scratch,-0.08601546778084224
2026-08-19 09:30:00-04:00,316.01,316.53,316.64,316.53,318.75,23.0,15,1d+1h+4h,0.068,True,scratch,-0.09336976496466809
2026-08-19 10:30:00-04:00,318.18,319.07,319.19,319.07,321.4,9.6,6,1d+1h+4h,0.117,False,nofill,0.0
2026-08-19 11:30:00-04:00,316.56,317.74,317.85,317.74,320.07,22.2,13,1d+1h+4h,0.154,False,nofill,0.0
2026-08-19 12:30:00-04:00,315.06,316.02,316.13,316.02,318.34,24.0,16,1d+1h+4h,0.125,True,scratch,-0.0948994285239535
2026-08-19 13:30:00-04:00,314.84,315.78,315.89,315.78,318.01,24.0,16,1d+1h+4h,0.123,True,scratch,-0.09360977591466035
2026-08-19 14:30:00-04:00,316.68,317.74,317.85,317.74,320.0,23.2,14,1d+1h+4h,0.139,True,scratch,-0.09375514131135798
2026-08-19 15:30:00-04:00,316.88,317.74,317.85,317.74,319.96,23.2,14,1d+1h+4h,0.112,True,scratch,-0.09322951534427304
2026-08-20 09:30:00-04:00,316.47,317.4,317.51,317.4,319.77,23.2,14,1d+1h+4h,0.119,True,scratch,-0.09545108433707261
2026-08-20 10:30:00-04:00,317.22,317.74,317.85,317.74,320.07,23.2,14,1d+1h+4h,0.067,False,nofill,0.0
2026-08-20 11:30:00-04:00,316.46,317.4,317.51,317.4,319.66,23.2,14,1d+1h+4h,0.12,True,scratch,-0.09387375556294542
2026-08-20 12:30:00-04:00,316.67,317.74,317.84,317.74,319.94,23.2,14,1d+1h+4h,0.137,False,nofill,0.0
2026-08-20 13:30:00-04:00,314.84,315.48,315.58,315.48,317.68,25.0,17,1d+1h+4h,0.082,True,scratch,-0.09309762554724488
2026-08-20 14:30:00-04:00,313.37,315.48,315.59,315.48,317.7,25.0,17,1d+1h+4h,0.271,False,nofill,0.0
2026-08-20 15:30:00-04:00,311.34,316.02,316.13,316.02,318.3,25.0,17,1d+1h+4h,0.6,False,nofill,0.0
2026-08-21 09:30:00-04:00,307.8,316.02,316.14,316.02,318.54,25.0,17,1d+1h+4h,1.079,False,nofill,0.0
2026-08-21 10:30:00-04:00,310.6,315.78,315.9,315.78,318.35,25.0,17,1d+1h+4h,0.68,False,nofill,0.0
2026-08-21 11:30:00-04:00,311.2,316.02,316.14,316.02,318.52,25.0,17,1d+1h+4h,0.632,False,nofill,0.0
2026-08-21 12:30:00-04:00,311.06,315.78,315.9,315.78,318.21,25.0,17,1d+1h+4h,0.619,False,nofill,0.0
2026-08-21 13:30:00-04:00,308.47,316.02,316.13,316.02,318.48,25.0,17,1d+1h+4h,0.991,False,nofill,0.0
2026-08-21 14:30:00-04:00,309.74,316.02,316.13,316.02,318.43,25.0,17,1d+1h+4h,0.824,False,nofill,0.0
2026-08-21 15:30:00-04:00,309.42,316.02,316.13,316.02,318.33,25.0,17,1d+1h+4h,0.866,False,nofill,0.0
2026-08-24 09:30:00-04:00,312.94,315.78,315.9,315.78,318.21,25.0,17,1d+1h+4h,0.386,False,nofill,0.0
2026-08-24 10:30:00-04:00,312.24,316.02,316.13,316.02,318.41,25.0,17,1d+1h+4h,0.513,False,nofill,0.0
2026-08-24 11:30:00-04:00,311.93,316.02,316.13,316.02,318.32,25.0,17,1d+1h+4h,0.555,False,nofill,0.0
2026-08-24 12:30:00-04:00,312.12,316.02,316.12,316.02,318.27,25.0,17,1d+1h+4h,0.529,False,nofill,0.0
2026-08-24 13:30:00-04:00,311.74,316.02,316.12,316.02,318.17,25.0,17,1d+1h+4h,0.581,False,nofill,0.0
2026-08-24 14:30:00-04:00,311.25,316.02,316.12,316.02,318.1,25.0,17,1d+1h+4h,0.648,False,nofill,0.0
2026-08-24 15:30:00-04:00,310.35,316.02,316.11,316.02,318.04,25.0,17,1d+1h+4h,0.77,False,nofill,0.0
2026-08-25 09:30:00-04:00,310.08,315.78,315.88,315.78,317.95,25.0,17,1d+1h+4h,0.789,False,nofill,0.0
2026-08-25 10:30:00-04:00,309.31,315.78,315.88,315.78,317.97,25.0,17,1d+1h+4h,0.896,False,nofill,0.0
2026-08-25 11:30:00-04:00,309.96,315.78,315.88,315.78,317.89,25.0,17,1d+1h+4h,0.807,False,nofill,0.0
2026-08-25 12:30:00-04:00,309.65,315.78,315.88,315.78,317.78,25.0,17,1d+1h+4h,0.848,False,nofill,0.0
2026-08-25 13:30:00-04:00,309.54,315.78,315.87,315.78,317.77,25.0,17,1d+1h+4h,0.864,False,nofill,0.0
2026-08-25 14:30:00-04:00,308.97,315.78,315.87,315.78,317.73,25.0,17,1d+1h+4h,0.943,False,nofill,0.0
2026-08-25 15:30:00-04:00,309.9,315.78,315.87,315.78,317.72,25.0,17,1d+1h+4h,0.814,False,nofill,0.0
2026-08-26 09:30:00-04:00,311.8,315.78,315.88,315.78,317.93,25.0,17,1d+1h+4h,0.555,False,nofill,0.0
2026-08-26 10:30:00-04:00,312.52,315.78,315.88,315.78,317.91,25.0,17,1d+1h+4h,0.454,False,nofill,0.0
2026-08-26 11:30:00-04:00,313.29,315.78,315.88,315.78,317.89,25.0,17,1d+1h+4h,0.346,False,nofill,0.0
2026-08-26 12:30:00-04:00,313.13,315.78,315.88,315.78,317.81,25.0,17,1d+1h+4h,0.369,False,nofill,0.0
2026-08-26 13:30:00-04:00,313.05,315.78,315.87,315.78,317.71,25.0,17,1d+1h+4h,0.38,False,nofill,0.0
2026-08-26 14:30:00-04:00,314.84,315.78,315.87,315.78,317.75,25.0,17,1d+1h+4h,0.13,False,nofill,0.0
2026-08-26 15:30:00-04:00,313.48,315.78,315.87,315.78,317.77,25.0,17,1d+1h+4h,0.32,False,nofill,0.0
2026-08-27 09:30:00-04:00,310.79,315.78,315.88,315.78,317.94,25.0,17,1d+1h+4h,0.703,False,nofill,0.0
2026-08-27 10:30:00-04:00,314.65,315.78,315.89,315.78,318.12,25.0,17,1d+1h+4h,0.159,False,nofill,0.0
2026-08-27 11:30:00-04:00,314.57,315.78,315.89,315.78,318.03,26.0,18,1d+1h+4h,0.171,False,nofill,0.0
2026-08-27 12:30:00-04:00,315.27,315.78,315.88,315.78,317.95,26.0,18,1d+1h+4h,0.072,False,nofill,0.0
2026-08-27 13:30:00-04:00,314.18,315.78,315.88,315.78,317.9,26.0,18,1d+1h+4h,0.226,True,target,0.5787128621111748
2026-08-27 14:30:00-04:00,313.57,315.78,315.88,315.78,317.83,26.0,18,1d+1h+4h,0.312,True,target,0.5589059185122203
2026-08-27 15:30:00-04:00,314.58,315.78,315.88,315.78,317.82,26.0,18,1d+1h+4h,0.17,True,target,0.553571829414512
2026-08-28 09:30:00-04:00,316.73,317.74,317.84,317.74,319.9,23.2,14,1d+1h+4h,0.142,True,target,0.5860662818160112
2026-08-28 10:30:00-04:00,321.94,334.37,334.49,334.37,336.79,8.8,6,1d+1h+4h,1.74,False,nofill,0.0
2026-08-28 11:30:00-04:00,320.97,334.37,334.48,334.37,336.75,8.8,6,1d+1h+4h,1.876,False,nofill,0.0
2026-08-28 12:30:00-04:00,319.74,320.28,320.39,320.28,322.64,11.6,6,1d+1h+4h,0.076,False,nofill,0.0
2026-08-28 13:30:00-04:00,319.54,320.28,320.39,320.28,322.52,11.6,6,1d+1h+4h,0.104,True,scratch,-0.09324888498625228
2026-08-28 14:30:00-04:00,319.54,320.28,320.38,320.28,322.43,11.6,6,1d+1h+4h,0.103,True,scratch,-0.09192031656529709
2026-08-28 15:30:00-04:00,319.64,320.28,320.38,320.28,322.34,11.6,6,1d+1h+4h,0.09,True,scratch,-0.09056410245732449
2026-08-31 09:30:00-04:00,315.71,316.29,316.4,316.29,318.63,24.0,16,1d+1h+4h,0.08,False,nofill,0.0
2026-08-31 10:30:00-04:00,315.07,315.78,315.89,315.78,318.07,26.0,18,1d+1h+4h,0.098,True,scratch,-0.09444535541239807
2026-08-31 11:30:00-04:00,314.67,315.78,315.89,315.78,318.0,26.0,18,1d+1h+4h,0.153,True,scratch,-0.09343597036765017
2026-08-31 12:30:00-04:00,313.88,315.78,315.89,315.78,318.08,26.0,18,1d+1h+4h,0.263,True,scratch,-0.09466175054108072
2026-08-31 13:30:00-04:00,315.68,316.29,316.4,316.29,318.62,24.0,16,1d+1h+4h,0.084,True,scratch,-0.09510513879733562
2026-08-31 14:30:00-04:00,316.02,316.53,316.64,316.53,318.78,24.0,16,1d+1h+4h,0.07,True,scratch,-0.09386829077867587
2026-08-31 15:30:00-04:00,317.23,317.74,317.85,317.74,319.98,23.2,14,1d+1h+4h,0.07,True,target,0.6114093266216036
2026-09-01 09:30:00-04:00,325.34,334.37,334.51,334.37,337.25,8.8,6,1d+1h+4h,1.185,False,nofill,0.0
2026-09-01 10:30:00-04:00,324.6,334.37,334.51,334.37,337.28,8.8,6,1d+1h+4h,1.283,False,nofill,0.0
2026-09-01 11:30:00-04:00,326.66,334.37,334.51,334.37,337.32,8.8,6,1d+1h+4h,1.012,False,nofill,0.0
2026-09-01 12:30:00-04:00,324.65,334.37,334.51,334.37,337.29,8.8,6,1d+1h+4h,1.276,False,nofill,0.0
2026-09-01 13:30:00-04:00,325.21,334.37,334.5,334.37,337.19,8.8,6,1d+1h+4h,1.203,False,nofill,0.0
2026-09-01 14:30:00-04:00,325.57,334.37,334.5,334.37,337.1,8.8,6,1d+1h+4h,1.155,False,nofill,0.0
2026-09-01 15:30:00-04:00,325.14,334.37,334.5,334.37,337.04,8.8,6,1d+1h+4h,1.212,False,nofill,0.0
2026-09-02 09:30:00-04:00,324.57,334.37,334.51,334.37,337.21,8.8,6,1d+1h+4h,1.321,False,nofill,0.0
2026-09-02 10:30:00-04:00,326.55,334.37,334.5,334.37,337.2,8.8,6,1d+1h+4h,1.054,False,nofill,0.0
2026-09-02 11:30:00-04:00,324.67,334.37,334.51,334.37,337.24,8.8,6,1d+1h+4h,1.307,False,nofill,0.0
2026-09-02 12:30:00-04:00,325.08,334.37,334.5,334.37,337.17,8.8,6,1d+1h+4h,1.253,False,nofill,0.0
2026-09-02 13:30:00-04:00,326.3,334.37,334.5,334.37,337.11,8.8,6,1d+1h+4h,1.088,False,nofill,0.0
2026-09-02 14:30:00-04:00,325.64,334.37,334.5,334.37,337.05,8.8,6,1d+1h+4h,1.176,False,nofill,0.0
2026-09-02 15:30:00-04:00,324.99,334.37,334.49,334.37,336.95,8.8,6,1d+1h+4h,1.264,False,nofill,0.0
2026-09-03 09:30:00-04:00,329.72,334.37,334.51,334.37,337.23,8.8,6,1d+1h+4h,0.632,False,nofill,0.0
2026-09-03 10:30:00-04:00,329.83,334.37,334.51,334.37,337.27,8.8,6,1d+1h+4h,0.616,False,nofill,0.0
2026-09-03 11:30:00-04:00,330.07,334.37,334.5,334.37,337.16,8.8,6,1d+1h+4h,0.583,False,nofill,0.0
2026-09-03 12:30:00-04:00,327.73,334.37,334.5,334.37,337.17,8.8,6,1d+1h+4h,0.901,False,nofill,0.0
2026-09-03 13:30:00-04:00,327.12,334.37,334.5,334.37,337.07,8.8,6,1d+1h+4h,0.984,False,nofill,0.0
2026-09-03 14:30:00-04:00,327.8,334.37,334.49,334.37,336.98,8.8,6,1d+1h+4h,0.892,False,nofill,0.0
2026-09-03 15:30:00-04:00,328.21,334.37,334.49,334.37,336.9,8.8,6,1d+1h+4h,0.836,False,nofill,0.0
2026-09-04 09:30:00-04:00,320.71,321.24,321.38,321.24,324.22,13.4,9,1d+1h+4h,0.069,True,scratch,-0.10422462014402223
2026-09-04 10:30:00-04:00,319.47,321.24,321.38,321.24,324.26,13.4,9,1d+1h+4h,0.231,True,scratch,-0.10472925960062218
2026-09-04 11:30:00-04:00,320.5,321.24,321.38,321.24,324.21,13.4,9,1d+1h+4h,0.096,True,scratch,-0.10399802902313349
2026-09-04 12:30:00-04:00,321.68,322.22,322.36,322.22,325.09,11.4,9,1h+4h,0.07,False,nofill,0.0
2026-09-04 13:30:00-04:00,320.88,322.22,322.35,322.22,324.96,11.4,9,1h+4h,0.176,False,nofill,0.0
2026-09-04 14:30:00-04:00,321.79,322.22,322.35,322.22,324.86,11.4,9,1h+4h,0.057,False,nofill,0.0
2026-09-04 15:30:00-04:00,319.99,321.24,321.36,321.24,323.84,13.4,9,1d+1h+4h,0.163,False,nofill,0.0
2026-09-08 09:30:00-04:00,315.67,316.29,316.42,316.29,319.12,25.0,17,1d+1h+4h,0.083,True,scratch,-0.10251430913069681
2026-09-08 10:30:00-04:00,316.25,317.74,317.87,317.74,320.48,24.2,15,1d+1h+4h,0.199,False,nofill,0.0
2026-09-08 11:30:00-04:00,316.08,316.53,316.66,316.53,319.17,25.0,17,1d+1h+4h,0.059,True,scratch,-0.099730576243795
2026-09-08 12:30:00-04:00,316.27,317.74,317.86,317.74,320.26,24.2,15,1d+1h+4h,0.196,False,nofill,0.0
2026-09-08 13:30:00-04:00,316.39,317.74,317.85,317.74,320.14,24.2,15,1d+1h+4h,0.18,True,scratch,-0.09586763970569345
2026-09-08 14:30:00-04:00,315.8,316.29,316.4,316.29,318.64,26.0,18,1d+1h+4h,0.065,True,scratch,-0.09527362905557002
2026-09-08 15:30:00-04:00,316.35,317.74,317.85,317.74,320.01,24.2,15,1d+1h+4h,0.185,True,scratch,-0.09391187431652126
2026-09-09 09:30:00-04:00,314.75,316.02,316.13,316.02,318.41,28.0,20,1d+1h+4h,0.166,False,nofill,0.0
2026-09-09 10:30:00-04:00,312.5,316.02,316.13,316.02,318.43,28.0,20,1d+1h+4h,0.461,False,nofill,0.0
2026-09-09 11:30:00-04:00,313.67,316.02,316.13,316.02,318.37,28.0,20,1d+1h+4h,0.308,True,scratch,-0.09544530376939253
2026-09-09 12:30:00-04:00,311.7,316.02,316.14,316.02,318.51,28.0,20,1d+1h+4h,0.565,True,scratch,-0.09746155700387504
2026-09-09 13:30:00-04:00,312.13,316.02,316.14,316.02,318.66,28.0,20,1d+1h+4h,0.51,True,scratch,-0.0998190016656797
2026-09-09 14:30:00-04:00,315.57,316.02,316.16,316.02,319.01,28.0,20,1d+1h+4h,0.059,True,target,0.8423774079806767
2026-09-09 15:30:00-04:00,315.41,316.02,316.15,316.02,318.88,28.0,20,1d+1h+4h,0.08,True,target,0.801962367259379
2026-09-10 09:30:00-04:00,318.96,319.35,319.5,319.35,322.59,18.4,12,1d+1h+4h,0.05,True,scratch,-0.10820436190484006
2026-09-10 10:30:00-04:00,323.71,324.11,324.27,324.11,327.49,11.4,9,1h+4h,0.051,True,scratch,-0.10953920880479862
2026-09-10 11:30:00-04:00,321.9,322.37,322.54,322.37,325.89,12.4,10,1h+4h,0.059,True,target,0.9790726426869067
2026-09-10 12:30:00-04:00,324.82,330.81,330.98,330.81,334.35,9.8,7,1d+1h+4h,0.758,False,nofill,0.0
2026-09-10 13:30:00-04:00,324.12,330.81,330.97,330.81,334.27,9.8,7,1d+1h+4h,0.847,True,target,0.9349062974897793
2026-09-10 14:30:00-04:00,325.29,330.81,330.97,330.81,334.21,9.8,7,1d+1h+4h,0.7,True,target,0.9175564804953629
2026-09-10 15:30:00-04:00,326.6,328.93,329.09,328.93,332.2,9.8,7,1d+1h+4h,0.296,True,target,0.8856900370411092
2026-09-11 09:30:00-04:00,334.09,334.7,334.87,334.7,338.36,8.8,6,1d+1h+4h,0.076,True,scratch,-0.11196523478887999
2026-09-11 11:30:00-04:00,334.17,334.7,334.87,334.7,338.26,8.8,6,1d+1h+4h,0.066,False,nofill,0.0
2026-09-11 12:30:00-04:00,333.95,334.37,334.53,334.37,337.76,8.8,6,1d+1h+4h,0.052,False,nofill,0.0
2026-09-11 13:30:00-04:00,332.86,334.37,334.53,334.37,337.65,9.8,7,1d+1h+4h,0.188,False,nofill,0.0
2026-09-11 14:30:00-04:00,332.64,334.37,334.52,334.37,337.47,9.8,7,1d+1h+4h,0.215,False,nofill,0.0
