ts,close,level,buy_price,stop,target,score,n_events,tfs,dist_atr,filled,outcome,ret_pct
2023-11-22 13:30:00-05:00,233.21,253.68,253.84,253.68,257.11,28.0,10,1d+1h,1.904,False,nofill,0.0
2023-11-22 14:30:00-05:00,233.08,253.68,253.84,253.68,257.01,28.0,10,1d+1h,1.916,False,nofill,0.0
2023-11-22 15:30:00-05:00,234.21,253.68,253.83,253.68,256.89,28.0,10,1d+1h,1.811,False,nofill,0.0
2023-11-24 09:30:00-05:00,235.36,253.68,253.84,253.68,256.99,28.0,10,1d+1h,1.755,False,nofill,0.0
2023-11-24 10:30:00-05:00,237.85,253.68,253.84,253.68,257.03,28.0,10,1d+1h,1.517,False,nofill,0.0
2023-11-24 11:30:00-05:00,237.35,253.68,253.83,253.68,256.91,28.0,10,1d+1h,1.564,False,nofill,0.0
2023-11-27 09:30:00-05:00,234.19,253.68,253.84,253.68,257.08,28.0,10,1d+1h,1.922,False,nofill,0.0
2023-11-27 10:30:00-05:00,234.35,253.68,253.84,253.68,257.05,28.0,10,1d+1h,1.906,False,nofill,0.0
2023-11-27 11:30:00-05:00,236.98,253.68,253.84,253.68,257.03,28.0,10,1d+1h,1.647,False,nofill,0.0
2023-11-27 12:30:00-05:00,237.44,253.68,253.83,253.68,256.91,28.0,10,1d+1h,1.602,False,nofill,0.0
2023-11-27 13:30:00-05:00,237.08,253.68,253.83,253.68,256.79,28.0,10,1d+1h,1.637,False,nofill,0.0
2023-11-27 14:30:00-05:00,236.64,253.68,253.82,253.68,256.71,28.0,10,1d+1h,1.68,False,nofill,0.0
2023-11-27 15:30:00-05:00,236.11,253.68,253.82,253.68,256.58,28.0,10,1d+1h,1.733,False,nofill,0.0
2023-11-28 09:30:00-05:00,235.79,253.68,253.83,253.68,256.74,28.0,10,1d+1h,1.73,False,nofill,0.0
2023-11-28 10:30:00-05:00,240.95,253.68,253.84,253.68,257.12,28.0,10,1d+1h,1.231,False,nofill,0.0
2023-11-28 11:30:00-05:00,242.58,253.68,253.84,253.68,257.03,28.0,10,1d+1h,1.074,False,nofill,0.0
2023-11-28 12:30:00-05:00,243.82,253.68,253.84,253.68,256.98,28.0,10,1d+1h,0.953,False,nofill,0.0
2023-11-28 13:30:00-05:00,245.41,253.68,253.83,253.68,256.89,28.0,10,1d+1h,0.8,False,nofill,0.0
2023-11-28 14:30:00-05:00,245.39,253.68,253.83,253.68,256.78,28.0,10,1d+1h,0.802,False,nofill,0.0
2023-11-28 15:30:00-05:00,246.72,253.68,253.82,253.68,256.68,28.0,10,1d+1h,0.673,False,nofill,0.0
2023-11-29 09:30:00-05:00,251.23,253.68,253.83,253.68,256.92,28.0,10,1d+1h,0.237,False,nofill,0.0
2023-11-29 10:30:00-05:00,245.57,253.68,253.85,253.68,257.15,28.0,10,1d+1h,0.786,False,nofill,0.0
2023-11-29 11:30:00-05:00,248.96,253.68,253.85,253.68,257.17,28.0,10,1d+1h,0.458,False,nofill,0.0
2023-11-29 12:30:00-05:00,247.11,253.68,253.84,253.68,257.11,29.0,11,1d+1h,0.637,False,nofill,0.0
2023-11-29 13:30:00-05:00,246.26,253.68,253.84,253.68,257.0,29.0,11,1d+1h,0.72,False,nofill,0.0
2023-11-29 14:30:00-05:00,243.16,253.68,253.84,253.68,257.03,29.0,11,1d+1h,1.02,False,nofill,0.0
2023-11-29 15:30:00-05:00,244.15,253.68,253.83,253.68,256.9,29.0,11,1d+1h,0.924,False,nofill,0.0
2023-11-30 09:30:00-05:00,243.44,253.68,253.84,253.68,257.1,29.0,11,1d+1h,1.006,False,nofill,0.0
2023-11-30 10:30:00-05:00,239.88,253.68,253.85,253.68,257.21,29.0,11,1d+1h,1.356,False,nofill,0.0
2023-11-30 11:30:00-05:00,240.18,253.68,253.84,253.68,257.11,29.0,11,1d+1h,1.327,False,nofill,0.0
2023-11-30 12:30:00-05:00,239.72,253.68,253.84,253.68,257.04,30.8,12,1d+1h+4h,1.372,False,nofill,0.0
2023-11-30 13:30:00-05:00,239.96,253.68,253.84,253.68,256.96,30.8,12,1d+1h+4h,1.348,False,nofill,0.0
2023-11-30 14:30:00-05:00,239.42,253.68,253.84,253.68,256.96,30.8,12,1d+1h+4h,1.402,False,nofill,0.0
2023-11-30 15:30:00-05:00,239.99,253.68,253.84,253.68,256.99,30.8,12,1d+1h+4h,1.346,False,nofill,0.0
2023-12-01 09:30:00-05:00,233.26,252.75,252.93,252.75,256.43,27.8,11,1d+1h+4h,1.942,False,nofill,0.0
2023-12-01 10:30:00-05:00,236.99,253.68,253.86,253.68,257.5,30.8,12,1d+1h+4h,1.662,False,nofill,0.0
2023-12-01 11:30:00-05:00,239.48,253.68,253.86,253.68,257.51,30.8,12,1d+1h+4h,1.415,False,nofill,0.0
2023-12-01 12:30:00-05:00,238.91,253.68,253.86,253.68,257.38,30.8,12,1d+1h+4h,1.471,False,nofill,0.0
2023-12-01 13:30:00-05:00,238.08,253.68,253.85,253.68,257.29,30.8,12,1d+1h+4h,1.554,False,nofill,0.0
2023-12-01 14:30:00-05:00,238.65,253.68,253.84,253.68,257.14,30.8,12,1d+1h+4h,1.497,False,nofill,0.0
2023-12-01 15:30:00-05:00,238.79,253.68,253.84,253.68,256.97,30.8,12,1d+1h+4h,1.483,False,nofill,0.0
2023-12-04 09:30:00-05:00,235.8,253.68,253.84,253.68,257.09,33.8,13,1d+1h+4h,1.833,False,nofill,0.0
2023-12-04 10:30:00-05:00,235.44,253.68,253.84,253.68,257.07,33.8,13,1d+1h+4h,1.869,False,nofill,0.0
2023-12-04 11:30:00-05:00,237.17,253.68,253.84,253.68,257.02,33.8,13,1d+1h+4h,1.692,False,nofill,0.0
2023-12-04 12:30:00-05:00,236.46,253.68,253.83,253.68,256.93,33.8,13,1d+1h+4h,1.765,False,nofill,0.0
2023-12-04 13:30:00-05:00,237.12,253.68,253.83,253.68,256.82,33.8,13,1d+1h+4h,1.697,False,nofill,0.0
2023-12-04 14:30:00-05:00,236.13,253.68,253.83,253.68,256.73,33.8,13,1d+1h+4h,1.798,False,nofill,0.0
2023-12-04 15:30:00-05:00,235.56,253.68,253.82,253.68,256.64,33.8,13,1d+1h+4h,1.857,False,nofill,0.0
2023-12-05 09:30:00-05:00,242.1,253.68,253.84,253.68,257.14,33.8,13,1d+1h+4h,1.16,False,nofill,0.0
2023-12-05 10:30:00-05:00,244.72,253.68,253.85,253.68,257.25,33.8,13,1d+1h+4h,0.897,False,nofill,0.0
2023-12-05 11:30:00-05:00,243.4,253.68,253.85,253.68,257.18,33.8,13,1d+1h+4h,1.029,False,nofill,0.0
2023-12-05 12:30:00-05:00,240.1,253.68,253.85,253.68,257.22,33.8,13,1d+1h+4h,1.36,False,nofill,0.0
2023-12-05 13:30:00-05:00,239.22,253.68,253.85,253.68,257.17,33.8,13,1d+1h+4h,1.448,False,nofill,0.0
2023-12-05 14:30:00-05:00,239.39,253.68,253.84,253.68,257.1,33.8,13,1d+1h+4h,1.431,False,nofill,0.0
2023-12-05 15:30:00-05:00,238.73,253.68,253.84,253.68,256.99,33.8,13,1d+1h+4h,1.497,False,nofill,0.0
2023-12-06 09:30:00-05:00,242.03,253.68,253.85,253.68,257.32,33.8,13,1d+1h+4h,1.185,False,nofill,0.0
2023-12-06 10:30:00-05:00,245.14,253.68,253.85,253.68,257.31,33.8,13,1d+1h+4h,0.869,False,nofill,0.0
2023-12-06 11:30:00-05:00,244.61,253.68,253.85,253.68,257.22,33.8,13,1d+1h+4h,0.922,False,nofill,0.0
2023-12-06 12:30:00-05:00,242.42,253.68,253.85,253.68,257.31,33.8,13,1d+1h+4h,1.146,False,nofill,0.0
2023-12-06 13:30:00-05:00,241.65,253.68,253.85,253.68,257.18,33.8,13,1d+1h+4h,1.224,False,nofill,0.0
2023-12-06 14:30:00-05:00,239.96,253.68,253.85,253.68,257.18,33.8,13,1d+1h+4h,1.395,False,nofill,0.0
2023-12-06 15:30:00-05:00,239.41,253.68,253.84,253.68,257.05,33.8,13,1d+1h+4h,1.451,False,nofill,0.0
2023-12-07 09:30:00-05:00,240.05,252.75,252.92,252.75,256.31,30.8,12,1d+1h+4h,1.318,False,nofill,0.0
2023-12-07 10:30:00-05:00,242.07,253.68,253.85,253.68,257.35,30.8,12,1d+1h+4h,1.205,False,nofill,0.0
2023-12-07 11:30:00-05:00,241.27,254.17,254.34,254.17,257.74,30.8,12,1d+1h+4h,1.338,False,nofill,0.0
2023-12-07 12:30:00-05:00,239.99,252.75,252.91,252.75,256.21,30.8,12,1d+1h+4h,1.324,False,nofill,0.0
2023-12-07 13:30:00-05:00,241.42,254.17,254.33,254.17,257.53,30.8,12,1d+1h+4h,1.323,False,nofill,0.0
2023-12-07 14:30:00-05:00,241.79,252.75,252.9,252.75,255.98,30.8,12,1d+1h+4h,1.137,False,nofill,0.0
2023-12-07 15:30:00-05:00,242.64,253.68,253.83,253.68,256.8,30.8,12,1d+1h+4h,1.145,False,nofill,0.0
2023-12-08 09:30:00-05:00,244.66,254.17,254.33,254.17,257.49,30.8,12,1d+1h+4h,1.014,False,nofill,0.0
2023-12-08 10:30:00-05:00,244.26,254.17,254.33,254.17,257.46,30.8,12,1d+1h+4h,1.057,False,nofill,0.0
2023-12-08 11:30:00-05:00,241.34,254.17,254.33,254.17,257.54,30.8,12,1d+1h+4h,1.368,False,nofill,0.0
2023-12-08 12:30:00-05:00,242.54,253.68,253.84,253.68,256.96,30.8,12,1d+1h+4h,1.188,False,nofill,0.0
2023-12-08 13:30:00-05:00,244.01,254.12,254.27,254.12,257.3,30.8,12,1d+1h+4h,1.078,False,nofill,0.0
2023-12-08 14:30:00-05:00,243.77,254.12,254.27,254.12,257.2,30.8,12,1d+1h+4h,1.104,False,nofill,0.0
2023-12-08 15:30:00-05:00,243.77,254.12,254.26,254.12,257.04,30.8,12,1d+1h+4h,1.104,False,nofill,0.0
2023-12-11 09:30:00-05:00,239.56,253.68,253.82,253.68,256.72,30.8,12,1d+1h+4h,1.541,False,nofill,0.0
2023-12-11 10:30:00-05:00,239.75,254.17,254.31,254.17,257.19,30.8,12,1d+1h+4h,1.573,False,nofill,0.0
2023-12-11 11:30:00-05:00,238.71,252.75,252.89,252.75,255.74,30.8,12,1d+1h+4h,1.532,False,nofill,0.0
2023-12-11 12:30:00-05:00,238.72,252.75,252.89,252.75,255.63,30.8,12,1d+1h+4h,1.531,False,nofill,0.0
2023-12-11 13:30:00-05:00,240.2,254.17,254.31,254.17,257.02,30.8,12,1d+1h+4h,1.524,False,nofill,0.0
2023-12-11 14:30:00-05:00,239.61,254.17,254.3,254.17,256.93,30.8,12,1d+1h+4h,1.589,False,nofill,0.0
2023-12-11 15:30:00-05:00,239.65,254.17,254.3,254.17,256.8,30.8,12,1d+1h+4h,1.584,False,nofill,0.0
2023-12-12 09:30:00-05:00,236.0,253.68,253.82,253.68,256.55,30.8,12,1d+1h+4h,1.98,False,nofill,0.0
2023-12-12 10:30:00-05:00,235.69,252.75,252.89,252.75,255.59,30.8,12,1d+1h+4h,1.911,False,nofill,0.0
2023-12-12 11:30:00-05:00,234.37,241.4,241.53,241.4,244.2,26.0,12,1d+1h,0.787,False,nofill,0.0
2023-12-12 12:30:00-05:00,234.69,241.4,241.53,241.4,244.11,26.0,12,1d+1h,0.752,False,nofill,0.0
2023-12-12 13:30:00-05:00,236.75,254.17,254.3,254.17,256.87,30.8,12,1d+1h+4h,1.951,False,nofill,0.0
2023-12-12 14:30:00-05:00,236.94,254.17,254.29,254.17,256.77,30.8,12,1d+1h+4h,1.929,False,nofill,0.0
2023-12-12 15:30:00-05:00,236.97,252.75,252.87,252.75,255.22,30.8,12,1d+1h+4h,1.767,False,nofill,0.0
2023-12-13 09:30:00-05:00,233.86,241.4,241.53,241.4,244.05,26.0,12,1d+1h,0.824,False,nofill,0.0
2023-12-13 10:30:00-05:00,229.4,232.1,232.24,232.1,235.03,39.6,18,1d+1h+4h,0.295,True,target,1.140722504625269
2023-12-13 11:30:00-05:00,230.44,231.67,231.8,231.67,234.54,39.6,18,1d+1h+4h,0.134,True,target,1.12172495642473
2023-12-13 12:30:00-05:00,230.33,231.67,231.8,231.67,234.48,39.6,18,1d+1h+4h,0.146,True,target,1.097072292178547
2023-12-13 13:30:00-05:00,233.94,241.4,241.54,241.4,244.35,26.0,12,1d+1h,0.815,True,target,1.1026192155304981
2023-12-13 14:30:00-05:00,236.81,254.17,254.33,254.17,257.48,30.8,12,1d+1h+4h,1.896,False,nofill,0.0
2023-12-13 15:30:00-05:00,239.28,253.68,253.84,253.68,256.96,30.8,12,1d+1h+4h,1.573,False,nofill,0.0
2023-12-14 09:30:00-05:00,246.77,252.75,252.93,252.75,256.45,30.8,12,1d+1h+4h,0.627,True,scratch,-0.12965625392290514
2023-12-14 10:30:00-05:00,248.28,252.75,252.93,252.75,256.46,30.8,12,1d+1h+4h,0.469,True,scratch,-0.12985846986691696
2023-12-14 11:30:00-05:00,252.28,253.68,253.86,253.68,257.44,30.8,12,1d+1h+4h,0.147,True,scratch,-0.1304499262501091
2023-12-14 12:30:00-05:00,249.58,252.75,252.93,252.75,256.58,30.8,12,1d+1h+4h,0.333,False,nofill,0.0
2023-12-14 13:30:00-05:00,250.07,252.75,252.93,252.75,256.57,30.8,12,1d+1h+4h,0.281,True,scratch,-0.13177591131899868
2023-12-14 14:30:00-05:00,251.1,252.75,252.93,252.75,256.47,30.8,12,1d+1h+4h,0.172,True,scratch,-0.13000759036168041
2023-12-14 15:30:00-05:00,251.14,252.75,252.92,252.75,256.33,31.8,13,1d+1h+4h,0.169,True,scratch,-0.12732192705717793
2023-12-15 09:30:00-05:00,252.79,253.68,253.86,253.68,257.36,31.8,13,1d+1h+4h,0.096,False,nofill,0.0
2023-12-15 10:30:00-05:00,251.87,252.75,252.92,252.75,256.4,31.8,13,1d+1h+4h,0.095,True,scratch,-0.12875474289680833
2023-12-15 11:30:00-05:00,253.19,253.68,253.85,253.68,257.27,31.8,13,1d+1h+4h,0.052,False,nofill,0.0
2023-12-15 12:30:00-05:00,252.81,253.68,253.85,253.68,257.15,31.8,13,1d+1h+4h,0.094,True,scratch,-0.12506671624591403
2023-12-15 13:30:00-05:00,250.72,252.75,252.91,252.75,256.15,31.8,13,1d+1h+4h,0.219,True,scratch,-0.12399952722104146
2023-12-15 14:30:00-05:00,251.89,252.75,252.91,252.75,256.03,31.8,13,1d+1h+4h,0.093,True,scratch,-0.12171452647153913
2023-12-15 15:30:00-05:00,253.34,253.88,254.03,253.88,257.1,31.8,13,1d+1h+4h,0.058,True,target,1.1451822901259456
2023-12-18 09:30:00-05:00,258.39,264.21,264.37,264.21,267.66,15.0,5,1d,0.637,False,nofill,0.0
2023-12-18 10:30:00-05:00,255.78,264.21,264.37,264.21,267.64,15.0,5,1d,0.922,False,nofill,0.0
2023-12-18 11:30:00-05:00,254.51,254.98,255.14,254.98,258.4,27.6,12,1d+1h+4h,0.051,True,scratch,-0.12375223337913743
2023-12-18 12:30:00-05:00,254.14,254.98,255.14,254.98,258.26,27.6,12,1d+1h+4h,0.091,False,nofill,0.0
2023-12-18 13:30:00-05:00,252.71,253.68,253.83,253.68,256.9,31.8,13,1d+1h+4h,0.106,True,target,1.1464265355230374
2023-12-18 14:30:00-05:00,252.78,253.68,253.83,253.68,256.78,31.8,13,1d+1h+4h,0.098,True,target,1.10190255859417
2023-12-18 15:30:00-05:00,252.02,252.75,252.89,252.75,255.74,31.8,13,1d+1h+4h,0.08,True,target,1.0660884112973168
2023-12-19 09:30:00-05:00,256.97,264.21,264.36,264.21,267.36,15.0,5,1d,0.81,False,nofill,0.0
2023-12-19 10:30:00-05:00,257.93,264.21,264.36,264.21,267.34,15.0,5,1d,0.703,False,nofill,0.0
2023-12-19 11:30:00-05:00,256.05,264.21,264.36,264.21,267.34,15.0,5,1d,0.913,False,nofill,0.0
2023-12-19 12:30:00-05:00,256.23,264.21,264.35,264.21,267.25,15.0,5,1d,0.893,False,nofill,0.0
2023-12-19 13:30:00-05:00,256.18,264.21,264.35,264.21,267.16,15.0,5,1d,0.898,False,nofill,0.0
2023-12-19 14:30:00-05:00,256.1,264.21,264.35,264.21,267.05,15.0,5,1d,0.907,False,nofill,0.0
2023-12-19 15:30:00-05:00,257.2,264.21,264.34,264.21,266.94,15.0,5,1d,0.785,False,nofill,0.0
2023-12-20 09:30:00-05:00,258.48,264.21,264.35,264.21,267.12,15.0,5,1d,0.622,False,nofill,0.0
2023-12-20 10:30:00-05:00,256.9,264.21,264.35,264.21,267.07,15.0,5,1d,0.793,False,nofill,0.0
2023-12-20 11:30:00-05:00,255.79,264.21,264.34,264.21,267.02,15.0,5,1d,0.914,False,nofill,0.0
2023-12-20 12:30:00-05:00,256.86,259.84,259.97,259.84,262.58,15.8,7,1d+1h+4h,0.323,False,nofill,0.0
2023-12-20 13:30:00-05:00,254.5,254.98,255.11,254.98,257.75,28.6,13,1d+1h+4h,0.052,False,nofill,0.0
2023-12-20 14:30:00-05:00,248.55,254.17,254.32,254.17,257.29,32.8,14,1d+1h+4h,0.61,False,nofill,0.0
2023-12-20 15:30:00-05:00,247.24,254.12,254.27,254.12,257.2,32.8,14,1d+1h+4h,0.747,False,nofill,0.0
2023-12-21 09:30:00-05:00,249.64,254.17,254.33,254.17,257.53,32.8,14,1d+1h+4h,0.498,False,nofill,0.0
2023-12-21 10:30:00-05:00,252.98,253.68,253.84,253.68,257.06,32.8,14,1d+1h+4h,0.077,True,scratch,-0.12340035174053243
2023-12-21 11:30:00-05:00,251.28,252.75,252.91,252.75,256.14,32.8,14,1d+1h+4h,0.162,True,scratch,-0.12375827438512177
2023-12-21 12:30:00-05:00,251.23,252.75,252.91,252.75,256.06,32.8,14,1d+1h+4h,0.167,True,scratch,-0.12218146692982712
2023-12-21 13:30:00-05:00,252.95,253.68,253.83,253.68,256.93,32.8,14,1d+1h+4h,0.08,True,target,1.1601121744814424
2023-12-21 14:30:00-05:00,254.56,255.4,255.55,255.4,258.57,22.8,10,1d+1h+4h,0.092,True,scratch,-0.11901434755696716
2023-12-21 15:30:00-05:00,254.52,254.98,255.12,254.98,258.0,28.6,13,1d+1h+4h,0.051,True,scratch,-0.11637231698263806
2023-12-22 09:30:00-05:00,256.25,259.84,259.99,259.84,262.92,15.8,7,1d+1h+4h,0.401,False,nofill,0.0
2023-12-22 10:30:00-05:00,255.12,259.84,259.98,259.84,262.88,15.8,7,1d+1h+4h,0.527,False,nofill,0.0
2023-12-22 11:30:00-05:00,255.87,259.84,259.98,259.84,262.78,15.8,7,1d+1h+4h,0.444,False,nofill,0.0
2023-12-22 12:30:00-05:00,255.54,259.84,259.97,259.84,262.64,16.8,8,1d+1h+4h,0.481,False,nofill,0.0
2023-12-22 13:30:00-05:00,251.78,252.75,252.89,252.75,255.65,32.8,14,1d+1h+4h,0.108,True,scratch,-0.114638189979277
2023-12-22 14:30:00-05:00,253.32,253.88,254.02,253.88,256.73,32.8,14,1d+1h+4h,0.062,True,target,1.0081670706193036
2023-12-22 15:30:00-05:00,252.54,253.68,253.81,253.68,256.42,32.8,14,1d+1h+4h,0.128,True,target,0.9661402404874231
2023-12-26 09:30:00-05:00,256.17,259.84,259.98,259.84,262.71,19.8,9,1d+1h+4h,0.422,False,nofill,0.0
2023-12-26 10:30:00-05:00,256.4,259.84,259.97,259.84,262.67,19.8,9,1d+1h+4h,0.396,False,nofill,0.0
2023-12-26 11:30:00-05:00,257.44,259.84,259.97,259.84,262.57,19.8,9,1d+1h+4h,0.276,False,nofill,0.0
2023-12-26 12:30:00-05:00,257.72,259.84,259.97,259.84,262.47,21.6,10,1d+1h+4h,0.244,False,nofill,0.0
2023-12-26 13:30:00-05:00,257.5,259.84,259.96,259.84,262.34,21.6,10,1d+1h+4h,0.269,True,target,0.8540811807663751
2023-12-26 14:30:00-05:00,256.86,259.84,259.96,259.84,262.27,21.6,10,1d+1h+4h,0.343,True,target,0.8286198455963678
2023-12-26 15:30:00-05:00,256.71,259.84,259.95,259.84,262.18,21.6,10,1d+1h+4h,0.36,True,target,0.795918324588385
2023-12-27 09:30:00-05:00,262.84,264.21,264.34,264.21,266.88,15.0,5,1d,0.16,False,nofill,0.0
2023-12-27 10:30:00-05:00,262.25,264.21,264.34,264.21,266.86,15.0,5,1d,0.229,False,nofill,0.0
2023-12-27 11:30:00-05:00,262.46,264.21,264.33,264.21,266.75,15.0,5,1d,0.204,False,nofill,0.0
2023-12-27 12:30:00-05:00,262.84,264.21,264.33,264.21,266.65,16.0,6,1d+1h,0.16,False,nofill,0.0
2023-12-27 13:30:00-05:00,262.24,264.21,264.32,264.21,266.6,16.0,6,1d+1h,0.23,True,scratch,-0.10292895819417058
2023-12-27 14:30:00-05:00,260.59,261.18,261.29,261.18,263.57,17.8,7,1d+1h+4h,0.069,True,scratch,-0.10346214898722117
2023-12-27 15:30:00-05:00,261.55,264.21,264.32,264.21,266.51,16.0,6,1d+1h,0.311,True,scratch,-0.10137964159678825
2023-12-28 09:30:00-05:00,260.88,264.21,264.33,264.21,266.74,16.0,6,1d+1h,0.378,False,nofill,0.0
2023-12-28 10:30:00-05:00,259.0,259.84,259.96,259.84,262.43,21.6,10,1d+1h+4h,0.095,False,nofill,0.0
2023-12-28 11:30:00-05:00,258.98,259.84,259.96,259.84,262.33,21.6,10,1d+1h+4h,0.097,False,nofill,0.0
2023-12-28 12:30:00-05:00,256.69,259.84,259.96,259.84,262.4,21.6,10,1d+1h+4h,0.356,False,nofill,0.0
2023-12-28 13:30:00-05:00,256.01,259.84,259.96,259.84,262.35,21.6,10,1d+1h+4h,0.434,False,nofill,0.0
2023-12-28 14:30:00-05:00,253.97,254.53,254.65,254.53,257.11,26.8,12,1d+1h+4h,0.064,True,scratch,-0.10828616908488131
2023-12-28 15:30:00-05:00,253.19,253.68,253.8,253.68,256.21,32.8,14,1d+1h+4h,0.056,True,scratch,-0.10734923013816511
2023-12-29 09:30:00-05:00,252.59,253.68,253.8,253.68,256.3,32.8,14,1d+1h+4h,0.125,False,nofill,0.0
2023-12-29 10:30:00-05:00,248.02,254.12,254.25,254.12,256.95,32.8,14,1d+1h+4h,0.697,False,nofill,0.0
2023-12-29 11:30:00-05:00,248.46,253.68,253.81,253.68,256.46,32.8,14,1d+1h+4h,0.596,False,nofill,0.0
2023-12-29 12:30:00-05:00,249.81,253.68,253.81,253.68,256.43,32.8,14,1d+1h+4h,0.442,False,nofill,0.0
2023-12-29 13:30:00-05:00,249.42,253.68,253.81,253.68,256.36,32.8,14,1d+1h+4h,0.487,False,nofill,0.0
2023-12-29 14:30:00-05:00,250.4,253.68,253.8,253.68,256.27,32.8,14,1d+1h+4h,0.374,False,nofill,0.0
2023-12-29 15:30:00-05:00,248.49,253.68,253.8,253.68,256.26,32.8,14,1d+1h+4h,0.593,False,nofill,0.0
2024-01-02 09:30:00-05:00,249.61,253.68,253.82,253.68,256.59,32.8,14,1d+1h+4h,0.472,False,nofill,0.0
2024-01-02 10:30:00-05:00,250.0,253.68,253.82,253.68,256.64,32.8,14,1d+1h+4h,0.427,False,nofill,0.0
2024-01-02 11:30:00-05:00,248.35,253.68,253.82,253.68,256.65,32.8,14,1d+1h+4h,0.619,False,nofill,0.0
2024-01-02 12:30:00-05:00,248.35,253.68,253.82,253.68,256.6,32.8,14,1d+1h+4h,0.618,False,nofill,0.0
2024-01-02 13:30:00-05:00,248.14,253.68,253.82,253.68,256.55,32.8,14,1d+1h+4h,0.643,False,nofill,0.0
2024-01-02 14:30:00-05:00,246.78,253.68,253.81,253.68,256.5,32.8,14,1d+1h+4h,0.801,False,nofill,0.0
2024-01-02 15:30:00-05:00,248.4,253.68,253.81,253.68,256.49,32.8,14,1d+1h+4h,0.613,False,nofill,0.0
2024-01-03 09:30:00-05:00,237.93,253.68,253.85,253.68,257.2,32.8,14,1d+1h+4h,1.776,False,nofill,0.0
2024-01-03 10:30:00-05:00,239.04,253.68,253.85,253.68,257.19,32.8,14,1d+1h+4h,1.651,False,nofill,0.0
2024-01-03 11:30:00-05:00,240.46,253.68,253.84,253.68,257.13,32.8,14,1d+1h+4h,1.491,False,nofill,0.0
2024-01-03 12:30:00-05:00,240.17,253.68,253.84,253.68,256.99,32.8,14,1d+1h+4h,1.524,False,nofill,0.0
2024-01-03 13:30:00-05:00,241.25,254.17,254.33,254.17,257.45,32.8,14,1d+1h+4h,1.457,False,nofill,0.0
2024-01-03 14:30:00-05:00,239.25,254.17,254.33,254.17,257.43,32.8,14,1d+1h+4h,1.683,False,nofill,0.0
2024-01-03 15:30:00-05:00,238.42,253.68,253.83,253.68,256.84,32.8,14,1d+1h+4h,1.721,False,nofill,0.0
2024-01-04 09:30:00-05:00,240.48,253.68,253.83,253.68,256.92,32.8,14,1d+1h+4h,1.538,False,nofill,0.0
2024-01-04 10:30:00-05:00,241.74,254.12,254.27,254.12,257.3,32.8,14,1d+1h+4h,1.441,False,nofill,0.0
2024-01-04 11:30:00-05:00,241.2,253.88,254.03,253.88,257.01,32.8,14,1d+1h+4h,1.477,False,nofill,0.0
2024-01-04 12:30:00-05:00,241.17,253.88,254.02,253.88,256.9,32.8,14,1d+1h+4h,1.48,False,nofill,0.0
2024-01-04 13:30:00-05:00,239.05,254.12,254.26,254.12,257.13,32.8,14,1d+1h+4h,1.755,False,nofill,0.0
2024-01-04 14:30:00-05:00,239.86,254.12,254.26,254.12,257.03,32.8,14,1d+1h+4h,1.661,False,nofill,0.0
2024-01-04 15:30:00-05:00,237.96,253.68,253.82,253.68,256.57,32.8,14,1d+1h+4h,1.831,False,nofill,0.0
2024-01-05 09:30:00-05:00,239.2,253.68,253.82,253.68,256.72,32.8,14,1d+1h+4h,1.735,False,nofill,0.0
2024-01-05 10:30:00-05:00,238.44,253.68,253.82,253.68,256.65,32.8,14,1d+1h+4h,1.825,False,nofill,0.0
2024-01-05 11:30:00-05:00,236.61,252.75,252.89,252.75,255.69,31.8,15,1d+1h+4h,1.934,False,nofill,0.0
2024-01-05 12:30:00-05:00,237.81,253.88,254.02,253.88,256.75,32.8,14,1d+1h+4h,1.925,False,nofill,0.0
2024-01-05 13:30:00-05:00,238.29,253.68,253.81,253.68,256.47,32.8,14,1d+1h+4h,1.844,False,nofill,0.0
2024-01-05 14:30:00-05:00,236.96,252.75,252.88,252.75,255.47,31.8,15,1d+1h+4h,1.892,False,nofill,0.0
2024-01-05 15:30:00-05:00,237.43,253.88,254.0,253.88,256.49,32.8,14,1d+1h+4h,1.971,False,nofill,0.0
2024-01-08 09:30:00-05:00,236.95,252.75,252.88,252.75,255.46,28.8,14,1d+1h+4h,1.933,False,nofill,0.0
2024-01-08 10:30:00-05:00,238.28,253.88,254.01,253.88,256.58,32.8,14,1d+1h+4h,1.909,False,nofill,0.0
2024-01-08 11:30:00-05:00,239.21,253.68,253.81,253.68,256.36,32.8,14,1d+1h+4h,1.77,False,nofill,0.0
2024-01-08 12:30:00-05:00,238.93,253.68,253.8,253.68,256.25,32.8,14,1d+1h+4h,1.804,False,nofill,0.0
2024-01-08 13:30:00-05:00,239.8,253.88,254.0,253.88,256.39,32.8,14,1d+1h+4h,1.722,False,nofill,0.0
2024-01-08 14:30:00-05:00,240.74,253.88,254.0,253.88,256.32,32.8,14,1d+1h+4h,1.608,False,nofill,0.0
2024-01-08 15:30:00-05:00,240.38,253.88,253.99,253.88,256.22,32.8,14,1d+1h+4h,1.651,False,nofill,0.0
2024-01-09 09:30:00-05:00,232.32,233.29,233.42,233.29,236.09,34.4,18,1d+1h+4h,0.118,True,scratch,-0.11697240138182075
2024-01-09 10:30:00-05:00,234.3,235.3,235.43,235.3,238.13,28.4,16,1d+1h+4h,0.123,True,scratch,-0.11713413165610476
2024-01-09 11:30:00-05:00,234.92,245.27,245.4,245.27,248.04,27.2,16,1d+1h+4h,1.263,False,nofill,0.0
2024-01-09 12:30:00-05:00,234.15,234.58,234.71,234.58,237.27,31.6,16,1d+1h+4h,0.052,True,scratch,-0.11458740011450752
2024-01-09 13:30:00-05:00,233.9,234.58,234.71,234.58,237.22,31.6,16,1d+1h+4h,0.083,True,scratch,-0.11347055477117785
2024-01-09 14:30:00-05:00,234.81,235.3,235.42,235.3,237.83,28.4,16,1d+1h+4h,0.059,True,scratch,-0.11121216018529223
2024-01-09 15:30:00-05:00,234.88,235.3,235.42,235.3,237.76,28.4,16,1d+1h+4h,0.051,True,scratch,-0.10963074916827686
2024-01-10 09:30:00-05:00,233.03,233.7,233.82,233.7,236.3,28.6,15,1d+1h+4h,0.085,True,scratch,-0.11282506918139923
2024-01-10 10:30:00-05:00,232.59,233.29,233.41,233.29,235.89,34.4,18,1d+1h+4h,0.088,True,scratch,-0.11299506546482707
2024-01-10 11:30:00-05:00,232.7,233.29,233.41,233.29,235.82,34.4,18,1d+1h+4h,0.075,True,scratch,-0.11162520788716712
2024-01-10 12:30:00-05:00,233.48,235.3,235.42,235.3,237.77,29.4,17,1d+1h+4h,0.23,False,nofill,0.0
2024-01-10 13:30:00-05:00,234.54,235.3,235.42,235.3,237.72,29.4,17,1d+1h+4h,0.096,False,nofill,0.0
2024-01-10 14:30:00-05:00,233.73,235.3,235.41,235.3,237.68,29.4,17,1d+1h+4h,0.199,False,nofill,0.0
2024-01-10 15:30:00-05:00,233.89,235.3,235.41,235.3,237.6,29.4,17,1d+1h+4h,0.178,False,nofill,0.0
2024-01-11 09:30:00-05:00,227.95,231.46,231.59,231.46,234.19,39.6,18,1d+1h+4h,0.441,False,nofill,0.0
2024-01-11 10:30:00-05:00,226.02,231.4,231.53,231.4,234.16,39.6,18,1d+1h+4h,0.676,False,nofill,0.0
2024-01-11 11:30:00-05:00,225.74,231.67,231.8,231.67,234.38,39.6,18,1d+1h+4h,0.745,False,nofill,0.0
2024-01-11 12:30:00-05:00,226.64,231.67,231.79,231.67,234.32,39.6,18,1d+1h+4h,0.631,False,nofill,0.0
2024-01-11 13:30:00-05:00,226.94,231.67,231.79,231.67,234.25,39.6,18,1d+1h+4h,0.594,False,nofill,0.0
2024-01-11 14:30:00-05:00,228.26,231.4,231.52,231.4,233.94,39.6,18,1d+1h+4h,0.395,False,nofill,0.0
2024-01-11 15:30:00-05:00,227.31,231.67,231.79,231.67,234.2,39.6,18,1d+1h+4h,0.548,False,nofill,0.0
2024-01-12 09:30:00-05:00,221.62,231.4,231.54,231.4,234.33,39.6,18,1d+1h+4h,1.207,False,nofill,0.0
2024-01-12 10:30:00-05:00,221.8,231.4,231.54,231.4,234.31,39.6,18,1d+1h+4h,1.184,False,nofill,0.0
2024-01-12 11:30:00-05:00,218.68,231.67,231.81,231.67,234.72,39.6,18,1d+1h+4h,1.603,False,nofill,0.0
2024-01-12 12:30:00-05:00,219.28,231.67,231.81,231.67,234.61,39.6,18,1d+1h+4h,1.529,False,nofill,0.0
2024-01-12 13:30:00-05:00,217.78,231.67,231.8,231.67,234.52,39.6,18,1d+1h+4h,1.713,False,nofill,0.0
2024-01-12 14:30:00-05:00,218.52,231.67,231.8,231.67,234.43,39.6,18,1d+1h+4h,1.622,False,nofill,0.0
2024-01-12 15:30:00-05:00,218.82,231.67,231.79,231.67,234.32,39.6,18,1d+1h+4h,1.585,False,nofill,0.0
2024-01-16 09:30:00-05:00,222.96,231.9,232.06,231.9,235.21,40.6,19,1d+1h+4h,1.073,False,nofill,0.0
2024-01-16 10:30:00-05:00,221.43,231.9,232.06,231.9,235.25,40.6,19,1d+1h+4h,1.257,False,nofill,0.0
2024-01-16 11:30:00-05:00,219.03,231.9,232.06,231.9,235.27,40.6,19,1d+1h+4h,1.544,False,nofill,0.0
2024-01-16 12:30:00-05:00,221.2,231.9,232.06,231.9,235.21,40.6,19,1d+1h+4h,1.284,False,nofill,0.0
2024-01-16 13:30:00-05:00,220.06,231.9,232.05,231.9,235.11,40.6,19,1d+1h+4h,1.421,False,nofill,0.0
2024-01-16 14:30:00-05:00,219.62,231.9,232.05,231.9,234.98,40.6,19,1d+1h+4h,1.473,False,nofill,0.0
2024-01-16 15:30:00-05:00,220.0,231.9,232.04,231.9,234.82,40.6,19,1d+1h+4h,1.428,False,nofill,0.0
2024-01-17 09:30:00-05:00,213.19,228.2,228.36,228.2,231.49,28.4,14,1d+1h+4h,1.808,False,nofill,0.0
2024-01-17 10:30:00-05:00,213.34,228.2,228.35,228.2,231.42,28.4,14,1d+1h+4h,1.79,False,nofill,0.0
2024-01-17 11:30:00-05:00,214.08,230.6,230.75,230.6,233.74,33.6,16,1d+1h+4h,1.989,False,nofill,0.0
2024-01-17 12:30:00-05:00,212.8,228.2,228.35,228.2,231.25,28.4,14,1d+1h+4h,1.855,False,nofill,0.0
2024-01-17 13:30:00-05:00,213.89,230.0,230.14,230.0,232.97,32.4,16,1d+1h+4h,1.94,False,nofill,0.0
2024-01-17 14:30:00-05:00,214.12,230.6,230.74,230.6,233.47,33.6,16,1d+1h+4h,1.984,False,nofill,0.0
2024-01-17 15:30:00-05:00,215.54,231.67,231.8,231.67,234.45,39.6,18,1d+1h+4h,1.942,False,nofill,0.0
2024-01-18 09:30:00-05:00,214.3,230.6,230.74,230.6,233.48,33.6,16,1d+1h+4h,1.956,False,nofill,0.0
2024-01-18 10:30:00-05:00,211.98,228.2,228.34,228.2,231.18,28.4,14,1d+1h+4h,1.947,False,nofill,0.0
2024-01-18 11:30:00-05:00,210.64,226.67,226.81,226.67,229.67,26.4,14,1d+1h+4h,1.923,False,nofill,0.0
2024-01-18 12:30:00-05:00,209.28,225.4,225.54,225.4,228.35,24.4,14,1d+1h+4h,1.935,False,nofill,0.0
2024-01-18 13:30:00-05:00,211.57,228.2,228.34,228.2,231.13,28.4,14,1d+1h+4h,1.996,False,nofill,0.0
2024-01-18 14:30:00-05:00,211.6,228.2,228.34,228.2,231.05,28.4,14,1d+1h+4h,1.992,False,nofill,0.0
2024-01-18 15:30:00-05:00,211.8,228.2,228.33,228.2,230.93,28.4,14,1d+1h+4h,1.968,False,nofill,0.0
2024-01-19 09:30:00-05:00,210.02,225.4,225.54,225.4,228.26,24.4,14,1d+1h+4h,1.89,False,nofill,0.0
2024-01-19 10:30:00-05:00,209.35,225.4,225.54,225.4,228.24,24.4,14,1d+1h+4h,1.972,False,nofill,0.0
2024-01-19 11:30:00-05:00,209.3,225.4,225.53,225.4,228.18,24.4,14,1d+1h+4h,1.978,False,nofill,0.0
2024-01-19 12:30:00-05:00,210.66,226.67,226.8,226.67,229.39,26.4,14,1d+1h+4h,1.967,False,nofill,0.0
2024-01-19 13:30:00-05:00,211.58,226.67,226.79,226.67,229.33,26.4,14,1d+1h+4h,1.854,False,nofill,0.0
2024-01-19 14:30:00-05:00,211.6,226.67,226.79,226.67,229.3,26.4,14,1d+1h+4h,1.851,False,nofill,0.0
2024-01-19 15:30:00-05:00,212.17,228.2,228.32,228.2,230.75,28.4,14,1d+1h+4h,1.969,False,nofill,0.0
2024-01-22 09:30:00-05:00,212.71,228.2,228.34,228.2,231.15,28.4,14,1d+1h+4h,1.848,False,nofill,0.0
2024-01-22 10:30:00-05:00,209.2,225.4,225.54,225.4,228.44,24.4,14,1d+1h+4h,1.933,False,nofill,0.0
2024-01-22 11:30:00-05:00,210.14,226.67,226.81,226.67,229.63,26.4,14,1d+1h+4h,1.971,False,nofill,0.0
2024-01-22 12:30:00-05:00,207.8,208.5,208.64,208.5,211.46,29.0,11,1d+1h,0.083,True,scratch,-0.1275143904504339
2024-01-22 13:30:00-05:00,206.94,207.56,207.7,207.56,210.53,36.8,14,1d+1h+4h,0.075,True,target,1.3005297825876116
2024-01-22 14:30:00-05:00,209.41,225.4,225.54,225.4,228.39,24.4,14,1d+1h+4h,1.907,False,nofill,0.0
2024-01-22 15:30:00-05:00,208.75,225.4,225.54,225.4,228.25,24.4,14,1d+1h+4h,1.986,False,nofill,0.0
2024-01-23 09:30:00-05:00,211.26,226.67,226.82,226.67,229.83,26.4,14,1d+1h+4h,1.846,False,nofill,0.0
2024-01-23 10:30:00-05:00,209.74,226.37,226.52,226.37,229.49,26.4,14,1d+1h+4h,1.993,False,nofill,0.0
2024-01-23 11:30:00-05:00,208.78,225.4,225.54,225.4,228.42,24.4,14,1d+1h+4h,1.991,False,nofill,0.0
2024-01-23 12:30:00-05:00,208.32,208.74,208.88,208.74,211.65,29.0,11,1d+1h,0.05,True,scratch,-0.1262079240281322
2024-01-23 13:30:00-05:00,208.68,225.03,225.17,225.03,227.85,24.4,14,1d+1h+4h,1.96,False,nofill,0.0
2024-01-23 14:30:00-05:00,209.15,225.4,225.53,225.4,228.11,24.4,14,1d+1h+4h,1.947,False,nofill,0.0
2024-01-23 15:30:00-05:00,209.13,225.4,225.52,225.4,227.99,24.4,14,1d+1h+4h,1.949,False,nofill,0.0
2024-01-24 09:30:00-05:00,210.03,226.37,226.5,226.37,229.09,26.4,14,1d+1h+4h,1.998,False,nofill,0.0
2024-01-24 10:30:00-05:00,211.05,226.67,226.8,226.67,229.38,26.4,14,1d+1h+4h,1.91,False,nofill,0.0
2024-01-24 11:30:00-05:00,211.71,226.67,226.79,226.67,229.32,26.4,14,1d+1h+4h,1.829,False,nofill,0.0
2024-01-24 12:30:00-05:00,210.84,226.67,226.79,226.67,229.26,26.4,14,1d+1h+4h,1.936,False,nofill,0.0
2024-01-24 13:30:00-05:00,208.45,209.08,209.21,209.08,211.71,24.0,10,1d+1h,0.077,True,scratch,-0.11982654371990309
2024-01-24 14:30:00-05:00,207.11,207.56,207.69,207.56,210.19,39.6,16,1d+1h+4h,0.055,True,scratch,-0.12023797588318619
2024-01-24 15:30:00-05:00,207.76,208.21,208.33,208.21,210.76,33.8,13,1d+1h+4h,0.055,False,nofill,0.0
2024-01-25 09:30:00-05:00,187.14,206.27,206.46,206.27,210.28,41.6,18,1d+1h+4h,1.998,False,nofill,0.0
2024-01-25 10:30:00-05:00,186.37,204.88,205.07,204.88,208.78,37.4,17,1d+1h+4h,1.933,False,nofill,0.0
2024-01-25 11:30:00-05:00,180.93,198.59,198.78,198.59,202.63,19.0,7,1d+1h,1.844,False,nofill,0.0
2024-01-25 12:30:00-05:00,181.94,200.82,201.01,200.82,204.72,21.8,9,1d+1h+4h,1.972,False,nofill,0.0
2024-01-25 13:30:00-05:00,181.58,200.66,200.84,200.66,204.47,21.8,9,1d+1h+4h,1.992,False,nofill,0.0
2024-01-25 14:30:00-05:00,182.25,200.82,201.0,200.82,204.53,21.8,9,1d+1h+4h,1.939,False,nofill,0.0
2024-01-25 15:30:00-05:00,182.56,200.82,200.99,200.82,204.34,21.8,9,1d+1h+4h,1.907,False,nofill,0.0
2024-01-26 09:30:00-05:00,183.84,200.82,200.99,200.82,204.41,21.8,9,1d+1h+4h,1.84,False,nofill,0.0
2024-01-26 10:30:00-05:00,184.04,200.82,200.99,200.82,204.31,21.8,9,1d+1h+4h,1.819,False,nofill,0.0
2024-01-26 11:30:00-05:00,184.1,202.51,202.67,202.51,205.85,22.8,10,1d+1h+4h,1.995,False,nofill,0.0
2024-01-26 12:30:00-05:00,183.48,200.82,200.97,200.82,204.04,21.8,9,1d+1h+4h,1.879,False,nofill,0.0
2024-01-26 13:30:00-05:00,182.28,200.66,200.81,200.66,203.76,21.8,9,1d+1h+4h,1.992,False,nofill,0.0
2024-01-26 14:30:00-05:00,182.63,200.82,200.96,200.82,203.79,21.8,9,1d+1h+4h,1.971,False,nofill,0.0
2024-01-26 15:30:00-05:00,183.23,200.82,200.95,200.82,203.65,21.8,9,1d+1h+4h,1.906,False,nofill,0.0
2024-01-29 09:30:00-05:00,185.28,202.6,202.74,202.6,205.5,22.8,10,1d+1h+4h,1.892,False,nofill,0.0
2024-01-29 10:30:00-05:00,189.86,206.86,207.01,206.86,209.99,44.6,19,1d+1h+4h,1.856,False,nofill,0.0
2024-01-29 11:30:00-05:00,187.68,205.69,205.84,205.69,208.82,35.6,16,1d+1h+4h,1.967,False,nofill,0.0
2024-01-29 12:30:00-05:00,187.42,205.69,205.83,205.69,208.73,35.6,16,1d+1h+4h,1.995,False,nofill,0.0
2024-01-29 13:30:00-05:00,189.03,206.86,207.0,206.86,209.84,44.6,19,1d+1h+4h,1.947,False,nofill,0.0
2024-01-29 14:30:00-05:00,191.2,206.86,207.0,206.86,209.84,44.6,19,1d+1h+4h,1.71,False,nofill,0.0
2024-01-29 15:30:00-05:00,190.97,206.86,206.99,206.86,209.75,44.6,19,1d+1h+4h,1.735,False,nofill,0.0
2024-01-30 09:30:00-05:00,194.8,206.86,207.0,206.86,209.88,44.6,19,1d+1h+4h,1.353,False,nofill,0.0
2024-01-30 10:30:00-05:00,193.27,206.86,207.0,206.86,209.95,44.6,19,1d+1h+4h,1.524,False,nofill,0.0
2024-01-30 11:30:00-05:00,191.64,206.86,207.0,206.86,209.95,44.6,19,1d+1h+4h,1.707,False,nofill,0.0
2024-01-30 12:30:00-05:00,192.08,206.86,207.0,206.86,209.85,44.6,19,1d+1h+4h,1.657,False,nofill,0.0
2024-01-30 13:30:00-05:00,191.85,206.86,206.99,206.86,209.73,44.6,19,1d+1h+4h,1.683,False,nofill,0.0
2024-01-30 14:30:00-05:00,191.98,206.86,206.99,206.86,209.6,44.6,19,1d+1h+4h,1.669,False,nofill,0.0
2024-01-30 15:30:00-05:00,191.59,206.86,206.98,206.86,209.45,44.6,19,1d+1h+4h,1.713,False,nofill,0.0
2024-01-31 09:30:00-05:00,188.73,206.33,206.47,206.33,209.17,41.6,18,1d+1h+4h,1.988,False,nofill,0.0
2024-01-31 10:30:00-05:00,190.53,206.86,206.99,206.86,209.7,41.6,18,1d+1h+4h,1.844,False,nofill,0.0
2024-01-31 11:30:00-05:00,190.83,206.86,206.99,206.86,209.61,41.6,18,1d+1h+4h,1.809,False,nofill,0.0
2024-01-31 12:30:00-05:00,191.33,206.86,206.98,206.86,209.52,41.6,18,1d+1h+4h,1.753,False,nofill,0.0
2024-01-31 13:30:00-05:00,189.62,206.86,206.98,206.86,209.54,41.6,18,1d+1h+4h,1.946,False,nofill,0.0
2024-01-31 14:30:00-05:00,189.21,206.86,206.99,206.86,209.76,41.6,18,1d+1h+4h,1.993,False,nofill,0.0
2024-01-31 15:30:00-05:00,187.22,204.74,204.88,204.74,207.6,28.6,13,1d+1h+4h,1.979,False,nofill,0.0
2024-02-01 09:30:00-05:00,187.58,204.74,204.88,204.74,207.62,28.6,13,1d+1h+4h,1.99,False,nofill,0.0
2024-02-01 10:30:00-05:00,185.09,200.66,200.8,200.66,203.61,21.8,9,1d+1h+4h,1.806,False,nofill,0.0
2024-02-01 11:30:00-05:00,186.72,202.6,202.74,202.6,205.51,22.8,10,1d+1h+4h,1.842,False,nofill,0.0
2024-02-01 12:30:00-05:00,187.19,204.16,204.3,204.16,207.01,25.4,13,1d+1h+4h,1.968,False,nofill,0.0
2024-02-01 13:30:00-05:00,187.6,204.74,204.87,204.74,207.49,28.6,13,1d+1h+4h,1.988,False,nofill,0.0
2024-02-01 14:30:00-05:00,188.31,204.74,204.87,204.74,207.43,28.6,13,1d+1h+4h,1.906,False,nofill,0.0
2024-02-01 15:30:00-05:00,188.8,205.69,205.81,205.69,208.25,35.6,16,1d+1h+4h,1.959,False,nofill,0.0
2024-02-02 09:30:00-05:00,183.7,200.66,200.8,200.66,203.53,21.8,9,1d+1h+4h,1.996,False,nofill,0.0
2024-02-02 10:30:00-05:00,183.41,198.92,199.05,198.92,201.71,19.0,7,1d+1h,1.825,False,nofill,0.0
2024-02-02 11:30:00-05:00,183.06,198.92,199.05,198.92,201.62,19.0,7,1d+1h,1.867,False,nofill,0.0
2024-02-02 12:30:00-05:00,185.27,200.66,200.79,200.66,203.42,21.8,9,1d+1h+4h,1.811,False,nofill,0.0
2024-02-02 13:30:00-05:00,187.85,204.74,204.88,204.74,207.6,25.6,12,1d+1h+4h,1.988,False,nofill,0.0
2024-02-02 14:30:00-05:00,188.26,204.88,205.01,204.88,207.62,25.6,12,1d+1h+4h,1.956,False,nofill,0.0
2024-02-02 15:30:00-05:00,187.83,204.74,204.87,204.74,207.34,25.6,12,1d+1h+4h,1.99,False,nofill,0.0
2024-02-05 09:30:00-05:00,178.93,186.78,186.93,186.78,189.87,18.0,8,1d+1h,0.891,False,nofill,0.0
2024-02-05 10:30:00-05:00,177.39,187.61,187.76,187.61,190.78,18.0,8,1d+1h,1.16,False,nofill,0.0
2024-02-05 11:30:00-05:00,180.36,197.85,198.0,197.85,201.01,18.8,8,1d+1h+4h,1.985,False,nofill,0.0
2024-02-05 12:30:00-05:00,181.36,198.92,199.08,198.92,202.18,19.0,7,1d+1h,1.993,False,nofill,0.0
2024-02-05 13:30:00-05:00,181.96,198.92,199.07,198.92,202.06,19.0,7,1d+1h,1.925,False,nofill,0.0
2024-02-05 14:30:00-05:00,180.5,197.85,198.0,197.85,200.99,18.8,8,1d+1h+4h,1.969,False,nofill,0.0
2024-02-05 15:30:00-05:00,181.03,197.85,197.99,197.85,200.85,18.8,8,1d+1h+4h,1.909,False,nofill,0.0
2024-02-06 09:30:00-05:00,182.87,198.92,199.09,198.92,202.41,19.0,7,1d+1h,1.813,False,nofill,0.0
2024-02-06 10:30:00-05:00,183.28,200.66,200.82,200.66,204.12,21.8,9,1d+1h+4h,1.963,False,nofill,0.0
2024-02-06 11:30:00-05:00,183.02,200.66,200.82,200.66,204.06,21.8,9,1d+1h+4h,1.992,False,nofill,0.0
2024-02-06 12:30:00-05:00,182.74,198.92,199.07,198.92,202.15,19.0,7,1d+1h,1.828,False,nofill,0.0
2024-02-06 13:30:00-05:00,183.08,200.66,200.81,200.66,203.76,21.8,9,1d+1h+4h,1.986,False,nofill,0.0
2024-02-06 14:30:00-05:00,184.45,200.66,200.81,200.66,203.74,21.8,9,1d+1h+4h,1.831,False,nofill,0.0
2024-02-06 15:30:00-05:00,185.1,202.6,202.74,202.6,205.56,22.8,10,1d+1h+4h,1.977,False,nofill,0.0
2024-02-07 09:30:00-05:00,186.19,202.6,202.75,202.6,205.84,22.8,10,1d+1h+4h,1.88,False,nofill,0.0
2024-02-07 10:30:00-05:00,187.16,204.16,204.31,204.16,207.31,28.4,14,1d+1h+4h,1.948,False,nofill,0.0
2024-02-07 11:30:00-05:00,186.94,204.16,204.3,204.16,207.17,28.4,14,1d+1h+4h,1.972,False,nofill,0.0
2024-02-07 12:30:00-05:00,189.2,206.33,206.48,206.33,209.35,41.6,18,1d+1h+4h,1.963,False,nofill,0.0
2024-02-07 13:30:00-05:00,188.78,205.69,205.83,205.69,208.65,35.6,16,1d+1h+4h,1.937,False,nofill,0.0
2024-02-07 14:30:00-05:00,188.68,205.69,205.82,205.69,208.52,35.6,16,1d+1h+4h,1.949,False,nofill,0.0
2024-02-07 15:30:00-05:00,187.67,204.74,204.87,204.74,207.48,28.6,13,1d+1h+4h,1.956,False,nofill,0.0
2024-02-08 09:30:00-05:00,188.16,204.73,204.86,204.73,207.55,28.6,13,1d+1h+4h,1.941,False,nofill,0.0
2024-02-08 10:30:00-05:00,190.79,206.86,206.99,206.86,209.71,41.6,18,1d+1h+4h,1.882,False,nofill,0.0
2024-02-08 11:30:00-05:00,190.66,206.86,206.99,206.86,209.62,41.6,18,1d+1h+4h,1.898,False,nofill,0.0
2024-02-08 12:30:00-05:00,188.91,205.69,205.82,205.69,208.42,35.6,16,1d+1h+4h,1.966,False,nofill,0.0
2024-02-08 13:30:00-05:00,189.61,206.27,206.4,206.27,208.92,38.6,17,1d+1h+4h,1.952,False,nofill,0.0
2024-02-08 14:30:00-05:00,190.0,206.86,206.98,206.86,209.42,41.6,18,1d+1h+4h,1.974,False,nofill,0.0
2024-02-08 15:30:00-05:00,189.48,206.27,206.39,206.27,208.72,38.6,17,1d+1h+4h,1.967,False,nofill,0.0
2024-02-09 09:30:00-05:00,193.56,207.56,207.69,207.56,210.19,39.6,16,1d+1h+4h,1.695,False,nofill,0.0
2024-02-09 10:30:00-05:00,191.08,207.56,207.69,207.56,210.22,39.6,16,1d+1h+4h,1.996,False,nofill,0.0
2024-02-09 11:30:00-05:00,192.12,207.75,207.88,207.75,210.36,39.6,16,1d+1h+4h,1.893,False,nofill,0.0
2024-02-09 12:30:00-05:00,193.13,207.56,207.68,207.56,210.12,39.6,16,1d+1h+4h,1.747,False,nofill,0.0
2024-02-09 13:30:00-05:00,192.92,207.56,207.68,207.56,210.0,39.6,16,1d+1h+4h,1.773,False,nofill,0.0
2024-02-09 14:30:00-05:00,192.75,207.56,207.67,207.56,209.91,39.6,16,1d+1h+4h,1.794,False,nofill,0.0
2024-02-09 15:30:00-05:00,193.57,207.56,207.67,207.56,209.84,39.6,16,1d+1h+4h,1.694,False,nofill,0.0
2024-02-12 09:30:00-05:00,192.56,207.1,207.21,207.1,209.47,39.6,16,1d+1h+4h,1.772,False,nofill,0.0
2024-02-12 10:30:00-05:00,191.31,207.7,207.81,207.7,210.12,39.6,16,1d+1h+4h,1.998,False,nofill,0.0
2024-02-12 11:30:00-05:00,188.32,204.16,204.28,204.16,206.73,22.6,11,1d+1h+4h,1.931,False,nofill,0.0
2024-02-12 12:30:00-05:00,188.79,204.88,205.0,204.88,207.41,25.6,12,1d+1h+4h,1.962,False,nofill,0.0
2024-02-12 13:30:00-05:00,188.54,204.88,205.0,204.88,207.37,25.6,12,1d+1h+4h,1.993,False,nofill,0.0
2024-02-12 14:30:00-05:00,188.52,204.88,204.99,204.88,207.29,25.6,12,1d+1h+4h,1.995,False,nofill,0.0
2024-02-12 15:30:00-05:00,187.98,204.16,204.27,204.16,206.48,22.6,11,1d+1h+4h,1.973,False,nofill,0.0
2024-02-13 09:30:00-05:00,184.86,198.92,199.04,198.92,201.43,19.0,7,1d+1h,1.748,False,nofill,0.0
2024-02-13 10:30:00-05:00,184.5,198.92,199.04,198.92,201.4,19.0,7,1d+1h,1.793,False,nofill,0.0
2024-02-13 11:30:00-05:00,183.19,198.92,199.04,198.92,201.39,19.0,7,1d+1h,1.955,False,nofill,0.0
2024-02-13 12:30:00-05:00,184.37,198.92,199.04,198.92,201.34,19.0,7,1d+1h,1.809,False,nofill,0.0
2024-02-13 13:30:00-05:00,182.95,198.92,199.03,198.92,201.31,19.0,7,1d+1h,1.985,False,nofill,0.0
2024-02-13 14:30:00-05:00,182.44,186.78,186.89,186.78,189.1,19.0,9,1d+1h,0.54,True,scratch,-0.11914516638071859
2024-02-13 15:30:00-05:00,184.01,198.92,199.03,198.92,201.21,19.0,7,1d+1h,1.854,False,nofill,0.0
2024-02-14 09:30:00-05:00,186.08,198.92,199.03,198.92,201.32,19.0,7,1d+1h,1.632,False,nofill,0.0
2024-02-14 10:30:00-05:00,185.21,198.92,199.04,198.92,201.34,19.0,7,1d+1h,1.743,False,nofill,0.0
2024-02-14 11:30:00-05:00,186.06,198.92,199.03,198.92,201.26,19.0,7,1d+1h,1.635,False,nofill,0.0
2024-02-14 12:30:00-05:00,186.2,187.06,187.17,187.06,189.33,20.0,10,1d+1h,0.109,True,scratch,-0.11782585374321419
2024-02-14 13:30:00-05:00,187.16,202.6,202.71,202.6,204.83,19.8,9,1d+1h+4h,1.963,False,nofill,0.0
2024-02-14 14:30:00-05:00,188.08,202.6,202.7,202.6,204.78,19.8,9,1d+1h+4h,1.846,False,nofill,0.0
2024-02-14 15:30:00-05:00,188.72,204.16,204.26,204.16,206.26,22.6,11,1d+1h+4h,1.963,False,nofill,0.0
2024-02-15 09:30:00-05:00,195.16,207.7,207.81,207.7,210.18,39.6,16,1d+1h+4h,1.534,False,nofill,0.0
2024-02-15 10:30:00-05:00,193.65,207.56,207.68,207.56,210.09,39.6,16,1d+1h+4h,1.702,False,nofill,0.0
2024-02-15 11:30:00-05:00,195.58,207.7,207.82,207.7,210.26,39.6,16,1d+1h+4h,1.483,False,nofill,0.0
2024-02-15 12:30:00-05:00,198.11,207.7,207.82,207.7,210.29,39.6,16,1d+1h+4h,1.173,False,nofill,0.0
2024-02-15 13:30:00-05:00,197.9,207.7,207.82,207.7,210.23,39.6,16,1d+1h+4h,1.199,False,nofill,0.0
2024-02-15 14:30:00-05:00,198.82,207.7,207.81,207.7,210.15,39.6,16,1d+1h+4h,1.087,False,nofill,0.0
2024-02-15 15:30:00-05:00,200.49,207.1,207.21,207.1,209.53,39.6,16,1d+1h+4h,0.808,False,nofill,0.0
2024-02-16 09:30:00-05:00,199.11,207.56,207.69,207.56,210.25,39.6,16,1d+1h+4h,1.056,False,nofill,0.0
2024-02-16 10:30:00-05:00,201.22,207.56,207.69,207.56,210.34,39.6,16,1d+1h+4h,0.792,False,nofill,0.0
2024-02-16 11:30:00-05:00,200.5,207.1,207.23,207.1,209.92,39.6,16,1d+1h+4h,0.824,False,nofill,0.0
2024-02-16 12:30:00-05:00,199.41,207.56,207.7,207.56,210.42,39.6,16,1d+1h+4h,1.018,False,nofill,0.0
2024-02-16 13:30:00-05:00,200.86,207.1,207.23,207.1,209.93,39.6,16,1d+1h+4h,0.779,False,nofill,0.0
2024-02-16 14:30:00-05:00,200.09,207.56,207.69,207.56,210.36,39.6,16,1d+1h+4h,0.934,False,nofill,0.0
2024-02-16 15:30:00-05:00,199.94,207.56,207.69,207.56,210.23,39.6,16,1d+1h+4h,0.952,False,nofill,0.0
2024-02-20 09:30:00-05:00,191.42,207.7,207.85,207.7,210.82,39.6,16,1d+1h+4h,1.985,False,nofill,0.0
2024-02-20 10:30:00-05:00,192.63,207.7,207.84,207.7,210.8,39.6,16,1d+1h+4h,1.837,False,nofill,0.0
2024-02-20 11:30:00-05:00,190.18,206.33,206.48,206.33,209.48,35.6,16,1d+1h+4h,1.969,False,nofill,0.0
2024-02-20 12:30:00-05:00,190.54,206.86,207.0,206.86,209.93,37.6,16,1d+1h+4h,1.989,False,nofill,0.0
2024-02-20 13:30:00-05:00,191.59,207.7,207.84,207.7,210.68,39.6,16,1d+1h+4h,1.964,False,nofill,0.0
2024-02-20 14:30:00-05:00,193.14,207.7,207.84,207.7,210.6,39.6,16,1d+1h+4h,1.775,False,nofill,0.0
2024-02-20 15:30:00-05:00,193.76,207.56,207.69,207.56,210.39,39.6,16,1d+1h+4h,1.682,False,nofill,0.0
2024-02-21 09:30:00-05:00,196.17,207.7,207.84,207.7,210.75,39.6,16,1d+1h+4h,1.414,False,nofill,0.0
2024-02-21 10:30:00-05:00,194.06,207.56,207.7,207.56,210.6,39.6,16,1d+1h+4h,1.656,False,nofill,0.0
2024-02-21 11:30:00-05:00,193.03,207.7,207.84,207.7,210.67,39.6,16,1d+1h+4h,1.799,False,nofill,0.0
2024-02-21 12:30:00-05:00,192.82,207.7,207.83,207.7,210.6,39.6,16,1d+1h+4h,1.825,False,nofill,0.0
2024-02-21 13:30:00-05:00,193.47,207.7,207.83,207.7,210.56,39.6,16,1d+1h+4h,1.745,False,nofill,0.0
2024-02-21 14:30:00-05:00,193.36,207.7,207.83,207.7,210.46,39.6,16,1d+1h+4h,1.759,False,nofill,0.0
2024-02-21 15:30:00-05:00,194.88,207.56,207.69,207.56,210.24,39.6,16,1d+1h+4h,1.556,False,nofill,0.0
2024-02-22 09:30:00-05:00,193.22,207.1,207.23,207.1,209.89,39.6,16,1d+1h+4h,1.72,False,nofill,0.0
2024-02-22 10:30:00-05:00,193.9,207.1,207.23,207.1,209.9,39.6,16,1d+1h+4h,1.636,False,nofill,0.0
2024-02-22 11:30:00-05:00,195.9,207.1,207.23,207.1,209.87,39.6,16,1d+1h+4h,1.387,False,nofill,0.0
2024-02-22 12:30:00-05:00,197.28,207.1,207.23,207.1,209.83,39.6,16,1d+1h+4h,1.216,False,nofill,0.0
2024-02-22 13:30:00-05:00,197.54,207.56,207.69,207.56,210.19,39.6,16,1d+1h+4h,1.243,False,nofill,0.0
2024-02-22 14:30:00-05:00,197.66,207.7,207.82,207.7,210.25,39.6,16,1d+1h+4h,1.244,False,nofill,0.0
2024-02-22 15:30:00-05:00,197.38,207.1,207.21,207.1,209.55,39.6,16,1d+1h+4h,1.205,False,nofill,0.0
2024-02-23 09:30:00-05:00,193.58,207.56,207.69,207.56,210.29,39.6,16,1d+1h+4h,1.765,False,nofill,0.0
2024-02-23 10:30:00-05:00,194.52,207.56,207.69,207.56,210.26,39.6,16,1d+1h+4h,1.646,False,nofill,0.0
2024-02-23 11:30:00-05:00,193.92,207.56,207.68,207.56,210.18,39.6,16,1d+1h+4h,1.721,False,nofill,0.0
2024-02-23 12:30:00-05:00,193.97,207.56,207.68,207.56,210.1,39.6,16,1d+1h+4h,1.715,False,nofill,0.0
2024-02-23 13:30:00-05:00,192.61,207.56,207.68,207.56,210.06,39.6,16,1d+1h+4h,1.887,False,nofill,0.0
2024-02-23 14:30:00-05:00,191.97,207.56,207.68,207.56,209.98,39.6,16,1d+1h+4h,1.967,False,nofill,0.0
2024-02-23 15:30:00-05:00,191.92,207.56,207.67,207.56,209.87,39.6,16,1d+1h+4h,1.974,False,nofill,0.0
2024-02-26 09:30:00-05:00,197.71,207.56,207.69,207.56,210.3,39.6,16,1d+1h+4h,1.222,False,nofill,0.0
2024-02-26 10:30:00-05:00,199.96,207.7,207.83,207.7,210.47,39.6,16,1d+1h+4h,0.96,False,nofill,0.0
2024-02-26 11:30:00-05:00,200.28,207.7,207.83,207.7,210.46,39.6,16,1d+1h+4h,0.92,False,nofill,0.0
2024-02-26 12:30:00-05:00,199.23,207.7,207.82,207.7,210.38,39.6,16,1d+1h+4h,1.051,False,nofill,0.0
2024-02-26 13:30:00-05:00,199.66,207.7,207.82,207.7,210.3,39.6,16,1d+1h+4h,0.998,False,nofill,0.0
2024-02-26 14:30:00-05:00,199.42,207.7,207.82,207.7,210.22,39.6,16,1d+1h+4h,1.027,False,nofill,0.0
2024-02-26 15:30:00-05:00,199.35,207.7,207.81,207.7,210.12,39.6,16,1d+1h+4h,1.036,False,nofill,0.0
2024-02-27 09:30:00-05:00,202.5,207.56,207.69,207.56,210.28,39.6,16,1d+1h+4h,0.632,False,nofill,0.0
2024-02-27 10:30:00-05:00,201.98,207.56,207.69,207.56,210.28,39.6,16,1d+1h+4h,0.697,False,nofill,0.0
2024-02-27 11:30:00-05:00,200.63,207.56,207.69,207.56,210.24,39.6,16,1d+1h+4h,0.865,False,nofill,0.0
2024-02-27 12:30:00-05:00,198.61,207.56,207.69,207.56,210.25,40.6,17,1d+1h+4h,1.118,False,nofill,0.0
2024-02-27 13:30:00-05:00,200.66,207.56,207.69,207.56,210.25,40.6,17,1d+1h+4h,0.861,False,nofill,0.0
2024-02-27 14:30:00-05:00,199.99,207.56,207.68,207.56,210.17,40.6,17,1d+1h+4h,0.946,False,nofill,0.0
2024-02-27 15:30:00-05:00,199.72,207.56,207.68,207.56,210.07,40.6,17,1d+1h+4h,0.979,False,nofill,0.0
2024-02-28 09:30:00-05:00,202.75,207.56,207.69,207.56,210.26,40.6,17,1d+1h+4h,0.607,False,nofill,0.0
2024-02-28 10:30:00-05:00,205.12,207.56,207.69,207.56,210.27,40.6,17,1d+1h+4h,0.308,False,nofill,0.0
2024-02-28 11:30:00-05:00,203.26,207.56,207.69,207.56,210.26,40.6,17,1d+1h+4h,0.543,False,nofill,0.0
2024-02-28 12:30:00-05:00,202.8,207.56,207.68,207.56,210.16,42.4,18,1d+1h+4h,0.601,False,nofill,0.0
2024-02-28 13:30:00-05:00,202.16,207.56,207.68,207.56,210.1,42.4,18,1d+1h+4h,0.681,False,nofill,0.0
2024-02-28 14:30:00-05:00,202.05,207.56,207.68,207.56,210.0,42.4,18,1d+1h+4h,0.695,False,nofill,0.0
2024-02-28 15:30:00-05:00,202.15,207.56,207.67,207.56,209.88,42.4,18,1d+1h+4h,0.683,False,nofill,0.0
2024-02-29 09:30:00-05:00,202.04,207.56,207.68,207.56,210.07,42.4,18,1d+1h+4h,0.703,False,nofill,0.0
2024-02-29 10:30:00-05:00,199.67,207.56,207.68,207.56,210.1,42.4,18,1d+1h+4h,1.005,False,nofill,0.0
2024-02-29 11:30:00-05:00,199.57,207.56,207.68,207.56,210.06,42.4,18,1d+1h+4h,1.018,False,nofill,0.0
2024-02-29 12:30:00-05:00,200.61,207.56,207.68,207.56,209.99,42.4,18,1d+1h+4h,0.886,False,nofill,0.0
2024-02-29 13:30:00-05:00,200.05,207.56,207.67,207.56,209.91,42.4,18,1d+1h+4h,0.957,False,nofill,0.0
2024-02-29 14:30:00-05:00,200.86,207.56,207.67,207.56,209.83,42.4,18,1d+1h+4h,0.853,False,nofill,0.0
2024-02-29 15:30:00-05:00,201.75,207.56,207.67,207.56,209.78,42.4,18,1d+1h+4h,0.74,False,nofill,0.0
2024-03-01 09:30:00-05:00,199.56,207.1,207.21,207.1,209.4,43.4,19,1d+1h+4h,0.977,False,nofill,0.0
2024-03-01 10:30:00-05:00,200.86,207.1,207.21,207.1,209.39,43.4,19,1d+1h+4h,0.808,False,nofill,0.0
2024-03-01 11:30:00-05:00,202.44,206.86,206.97,206.86,209.15,43.4,19,1d+1h+4h,0.572,False,nofill,0.0
2024-03-01 12:30:00-05:00,204.27,206.82,206.93,206.82,209.12,43.4,19,1d+1h+4h,0.33,False,nofill,0.0
2024-03-01 13:30:00-05:00,203.58,206.82,206.93,206.82,209.07,43.4,19,1d+1h+4h,0.42,False,nofill,0.0
2024-03-01 14:30:00-05:00,203.33,206.82,206.92,206.82,209.01,43.4,19,1d+1h+4h,0.452,False,nofill,0.0
2024-03-01 15:30:00-05:00,202.7,206.86,206.96,206.86,208.95,43.4,19,1d+1h+4h,0.539,False,nofill,0.0
2024-03-04 09:30:00-05:00,192.06,207.1,207.23,207.1,209.86,46.4,20,1d+1h+4h,1.81,False,nofill,0.0
2024-03-04 10:30:00-05:00,190.56,207.1,207.23,207.1,209.84,46.4,20,1d+1h+4h,1.992,False,nofill,0.0
2024-03-04 11:30:00-05:00,189.16,204.52,204.65,204.52,207.22,42.0,22,1d+1h+4h,1.85,False,nofill,0.0
2024-03-04 12:30:00-05:00,187.35,202.51,202.64,202.51,205.2,27.6,14,1d+1h+4h,1.826,False,nofill,0.0
2024-03-04 13:30:00-05:00,187.23,202.51,202.63,202.51,205.09,27.6,14,1d+1h+4h,1.841,False,nofill,0.0
2024-03-04 14:30:00-05:00,189.99,206.33,206.46,206.33,208.95,43.4,21,1d+1h+4h,1.968,False,nofill,0.0
2024-03-04 15:30:00-05:00,188.13,204.52,204.64,204.52,207.1,42.0,22,1d+1h+4h,1.974,False,nofill,0.0
2024-03-05 09:30:00-05:00,178.9,190.61,190.76,190.61,193.71,23.6,14,1d+1h+4h,1.384,False,nofill,0.0
2024-03-05 10:30:00-05:00,178.22,190.61,190.76,190.61,193.67,23.6,14,1d+1h+4h,1.463,False,nofill,0.0
2024-03-05 11:30:00-05:00,181.24,190.14,190.29,190.14,193.21,24.6,15,1d+1h+4h,1.051,False,nofill,0.0
2024-03-05 12:30:00-05:00,180.65,189.79,189.93,189.79,192.76,24.6,15,1d+1h+4h,1.08,False,nofill,0.0
2024-03-05 13:30:00-05:00,180.9,189.79,189.93,189.79,192.66,24.6,15,1d+1h+4h,1.05,False,nofill,0.0
2024-03-05 14:30:00-05:00,180.28,189.79,189.92,189.79,192.58,24.6,15,1d+1h+4h,1.124,False,nofill,0.0
2024-03-05 15:30:00-05:00,180.8,189.79,189.92,189.79,192.47,24.6,15,1d+1h+4h,1.062,False,nofill,0.0
2024-03-06 09:30:00-05:00,176.4,189.79,189.93,189.79,192.82,24.6,15,1d+1h+4h,1.59,False,nofill,0.0
2024-03-06 10:30:00-05:00,176.62,189.79,189.93,189.79,192.74,24.6,15,1d+1h+4h,1.564,False,nofill,0.0
2024-03-06 11:30:00-05:00,178.66,190.61,190.75,190.61,193.57,24.6,15,1d+1h+4h,1.419,False,nofill,0.0
2024-03-06 12:30:00-05:00,179.88,190.41,190.54,190.41,193.3,24.6,15,1d+1h+4h,1.25,False,nofill,0.0
2024-03-06 13:30:00-05:00,177.08,189.79,189.93,189.79,192.76,24.6,15,1d+1h+4h,1.51,False,nofill,0.0
2024-03-06 14:30:00-05:00,177.22,190.61,190.75,190.61,193.49,24.6,15,1d+1h+4h,1.59,False,nofill,0.0
2024-03-06 15:30:00-05:00,176.5,189.79,189.92,189.79,192.54,24.6,15,1d+1h+4h,1.578,False,nofill,0.0
2024-03-07 09:30:00-05:00,175.92,190.14,190.28,190.14,193.15,24.6,15,1d+1h+4h,1.719,False,nofill,0.0
2024-03-07 10:30:00-05:00,177.38,189.79,189.94,189.79,192.89,24.6,15,1d+1h+4h,1.5,False,nofill,0.0
2024-03-07 11:30:00-05:00,176.89,190.14,190.28,190.14,193.13,24.6,15,1d+1h+4h,1.601,False,nofill,0.0
2024-03-07 12:30:00-05:00,179.0,189.79,189.93,189.79,192.73,24.6,15,1d+1h+4h,1.304,False,nofill,0.0
2024-03-07 13:30:00-05:00,179.4,189.79,189.93,189.79,192.64,24.6,15,1d+1h+4h,1.256,False,nofill,0.0
2024-03-07 14:30:00-05:00,179.02,189.79,189.92,189.79,192.53,24.6,15,1d+1h+4h,1.302,False,nofill,0.0
2024-03-07 15:30:00-05:00,178.57,189.79,189.92,189.79,192.43,24.6,15,1d+1h+4h,1.356,False,nofill,0.0
2024-03-08 09:30:00-05:00,179.02,189.79,189.92,189.79,192.62,24.6,15,1d+1h+4h,1.305,False,nofill,0.0
2024-03-08 10:30:00-05:00,175.06,189.79,189.93,189.79,192.75,24.6,15,1d+1h+4h,1.784,False,nofill,0.0
2024-03-08 11:30:00-05:00,176.25,190.14,190.28,190.14,193.05,24.6,15,1d+1h+4h,1.682,False,nofill,0.0
2024-03-08 12:30:00-05:00,176.07,190.14,190.27,190.14,192.93,24.6,15,1d+1h+4h,1.704,False,nofill,0.0
2024-03-08 13:30:00-05:00,175.48,189.79,189.92,189.79,192.48,24.6,15,1d+1h+4h,1.733,False,nofill,0.0
2024-03-08 14:30:00-05:00,175.6,189.79,189.91,189.79,192.39,24.6,15,1d+1h+4h,1.719,False,nofill,0.0
2024-03-08 15:30:00-05:00,175.34,190.14,190.26,190.14,192.64,24.6,15,1d+1h+4h,1.793,False,nofill,0.0
2024-03-11 09:30:00-04:00,179.88,190.61,190.75,190.61,193.53,24.6,15,1d+1h+4h,1.302,False,nofill,0.0
2024-03-11 10:30:00-04:00,177.88,190.61,190.75,190.61,193.53,24.6,15,1d+1h+4h,1.544,False,nofill,0.0
2024-03-11 11:30:00-04:00,178.5,190.61,190.75,190.61,193.46,24.6,15,1d+1h+4h,1.468,False,nofill,0.0
2024-03-11 12:30:00-04:00,178.91,190.61,190.74,190.61,193.35,24.6,15,1d+1h+4h,1.419,False,nofill,0.0
2024-03-11 13:30:00-04:00,179.1,190.61,190.73,190.61,193.23,24.6,15,1d+1h+4h,1.396,False,nofill,0.0
2024-03-11 14:30:00-04:00,176.73,190.14,190.26,190.14,192.76,24.6,15,1d+1h+4h,1.627,False,nofill,0.0
2024-03-11 15:30:00-04:00,177.83,190.61,190.73,190.61,193.14,24.6,15,1d+1h+4h,1.55,False,nofill,0.0
2024-03-12 09:30:00-04:00,175.3,190.61,190.74,190.61,193.38,24.6,15,1d+1h+4h,1.877,False,nofill,0.0
2024-03-12 10:30:00-04:00,178.55,190.61,190.75,190.61,193.48,24.6,15,1d+1h+4h,1.479,False,nofill,0.0
2024-03-12 11:30:00-04:00,178.11,190.61,190.75,190.61,193.45,24.6,15,1d+1h+4h,1.533,False,nofill,0.0
2024-03-12 12:30:00-04:00,178.1,190.61,190.74,190.61,193.35,24.6,15,1d+1h+4h,1.533,False,nofill,0.0
2024-03-12 13:30:00-04:00,178.83,190.61,190.73,190.61,193.23,24.6,15,1d+1h+4h,1.444,False,nofill,0.0
2024-03-12 14:30:00-04:00,179.06,190.61,190.73,190.61,193.11,24.6,15,1d+1h+4h,1.417,False,nofill,0.0
2024-03-12 15:30:00-04:00,177.48,190.61,190.73,190.61,193.06,24.6,15,1d+1h+4h,1.61,False,nofill,0.0
2024-03-13 09:30:00-04:00,172.36,182.1,182.23,182.1,184.81,24.4,14,1d+1h+4h,1.192,False,nofill,0.0
2024-03-13 10:30:00-04:00,172.7,180.4,180.53,180.4,183.1,24.6,13,1d+1h+4h,0.942,False,nofill,0.0
2024-03-13 11:30:00-04:00,171.82,180.4,180.53,180.4,183.04,24.6,13,1d+1h+4h,1.05,False,nofill,0.0
2024-03-13 12:30:00-04:00,171.75,180.4,180.52,180.4,182.94,24.6,13,1d+1h+4h,1.059,False,nofill,0.0
2024-03-13 13:30:00-04:00,170.17,180.4,180.52,180.4,182.9,24.6,13,1d+1h+4h,1.252,False,nofill,0.0
2024-03-13 14:30:00-04:00,169.56,180.4,180.52,180.4,182.86,24.6,13,1d+1h+4h,1.327,False,nofill,0.0
2024-03-13 15:30:00-04:00,169.49,180.4,180.52,180.4,182.75,24.6,13,1d+1h+4h,1.335,False,nofill,0.0
2024-03-14 09:30:00-04:00,166.05,181.9,182.03,181.9,184.55,30.4,16,1d+1h+4h,1.899,False,nofill,0.0
2024-03-14 10:30:00-04:00,163.35,176.11,176.24,176.11,178.83,17.8,9,1d+1h+4h,1.528,False,nofill,0.0
2024-03-14 11:30:00-04:00,162.59,176.11,176.24,176.11,178.79,17.8,9,1d+1h+4h,1.619,False,nofill,0.0
2024-03-14 12:30:00-04:00,162.1,176.11,176.23,176.11,178.72,17.8,9,1d+1h+4h,1.678,False,nofill,0.0
2024-03-14 13:30:00-04:00,162.36,176.11,176.23,176.11,178.67,17.8,9,1d+1h+4h,1.647,False,nofill,0.0
2024-03-14 14:30:00-04:00,161.14,176.11,176.23,176.11,178.64,17.8,9,1d+1h+4h,1.793,False,nofill,0.0
2024-03-14 15:30:00-04:00,162.48,176.11,176.23,176.11,178.62,17.8,9,1d+1h+4h,1.632,False,nofill,0.0
2024-03-15 09:30:00-04:00,162.92,176.11,176.24,176.11,178.74,17.8,9,1d+1h+4h,1.635,False,nofill,0.0
2024-03-15 10:30:00-04:00,163.6,176.11,176.23,176.11,178.69,17.8,9,1d+1h+4h,1.551,False,nofill,0.0
2024-03-15 11:30:00-04:00,161.83,176.11,176.23,176.11,178.68,17.8,9,1d+1h+4h,1.77,False,nofill,0.0
2024-03-15 12:30:00-04:00,161.96,176.11,176.23,176.11,178.6,17.8,9,1d+1h+4h,1.754,False,nofill,0.0
2024-03-15 13:30:00-04:00,162.66,176.11,176.23,176.11,178.53,17.8,9,1d+1h+4h,1.667,False,nofill,0.0
2024-03-15 14:30:00-04:00,163.19,176.11,176.22,176.11,178.45,17.8,9,1d+1h+4h,1.601,False,nofill,0.0
2024-03-15 15:30:00-04:00,163.59,176.11,176.22,176.11,178.37,17.8,9,1d+1h+4h,1.552,False,nofill,0.0
2024-03-18 09:30:00-04:00,171.15,181.9,182.03,181.9,184.57,30.4,16,1d+1h+4h,1.297,False,nofill,0.0
2024-03-18 10:30:00-04:00,173.68,181.9,182.03,181.9,184.65,30.4,16,1d+1h+4h,0.992,False,nofill,0.0
2024-03-18 11:30:00-04:00,172.81,181.9,182.03,181.9,184.58,30.4,16,1d+1h+4h,1.097,False,nofill,0.0
2024-03-18 12:30:00-04:00,172.82,181.9,182.02,181.9,184.52,30.4,16,1d+1h+4h,1.095,False,nofill,0.0
2024-03-18 13:30:00-04:00,174.16,181.9,182.02,181.9,184.5,30.4,16,1d+1h+4h,0.934,False,nofill,0.0
2024-03-18 14:30:00-04:00,174.15,181.9,182.02,181.9,184.39,30.4,16,1d+1h+4h,0.935,False,nofill,0.0
2024-03-18 15:30:00-04:00,173.94,181.9,182.01,181.9,184.29,30.4,16,1d+1h+4h,0.96,False,nofill,0.0
2024-03-19 09:30:00-04:00,169.36,181.9,182.03,181.9,184.61,27.4,15,1d+1h+4h,1.538,False,nofill,0.0
2024-03-19 10:30:00-04:00,171.76,182.0,182.13,182.0,184.74,27.4,15,1d+1h+4h,1.256,False,nofill,0.0
2024-03-19 11:30:00-04:00,171.94,181.9,182.03,181.9,184.54,27.4,15,1d+1h+4h,1.222,False,nofill,0.0
2024-03-19 12:30:00-04:00,171.73,181.9,182.02,181.9,184.47,27.4,15,1d+1h+4h,1.248,False,nofill,0.0
2024-03-19 13:30:00-04:00,171.43,181.9,182.02,181.9,184.39,27.4,15,1d+1h+4h,1.284,False,nofill,0.0
2024-03-19 14:30:00-04:00,171.22,181.9,182.01,181.9,184.3,27.4,15,1d+1h+4h,1.31,False,nofill,0.0
2024-03-19 15:30:00-04:00,171.31,181.9,182.01,181.9,184.18,27.4,15,1d+1h+4h,1.299,False,nofill,0.0
2024-03-20 09:30:00-04:00,171.12,182.0,182.11,182.0,184.38,27.4,15,1d+1h+4h,1.367,False,nofill,0.0
2024-03-20 10:30:00-04:00,172.65,182.0,182.11,182.0,184.39,27.4,15,1d+1h+4h,1.175,False,nofill,0.0
2024-03-20 11:30:00-04:00,171.92,181.9,182.01,181.9,184.25,27.4,15,1d+1h+4h,1.255,False,nofill,0.0
2024-03-20 12:30:00-04:00,172.95,182.0,182.11,182.0,184.29,27.4,15,1d+1h+4h,1.137,False,nofill,0.0
2024-03-20 13:30:00-04:00,173.87,182.0,182.11,182.0,184.27,27.4,15,1d+1h+4h,1.022,False,nofill,0.0
2024-03-20 14:30:00-04:00,175.38,182.0,182.11,182.0,184.35,27.4,15,1d+1h+4h,0.832,False,nofill,0.0
2024-03-20 15:30:00-04:00,175.73,181.9,182.01,181.9,184.16,27.4,15,1d+1h+4h,0.775,False,nofill,0.0
2024-03-21 09:30:00-04:00,175.05,182.0,182.12,182.0,184.42,27.4,15,1d+1h+4h,0.885,False,nofill,0.0
2024-03-21 10:30:00-04:00,175.08,182.0,182.11,182.0,184.38,27.4,15,1d+1h+4h,0.882,False,nofill,0.0
2024-03-21 11:30:00-04:00,174.26,182.0,182.11,182.0,184.33,27.4,15,1d+1h+4h,0.987,False,nofill,0.0
2024-03-21 12:30:00-04:00,173.37,182.0,182.11,182.0,184.28,27.4,15,1d+1h+4h,1.1,False,nofill,0.0
2024-03-21 13:30:00-04:00,172.25,181.9,182.01,181.9,184.15,27.4,15,1d+1h+4h,1.23,False,nofill,0.0
2024-03-21 14:30:00-04:00,173.1,182.0,182.1,182.0,184.2,27.4,15,1d+1h+4h,1.135,False,nofill,0.0
2024-03-21 15:30:00-04:00,172.77,181.9,182.0,181.9,183.99,27.4,15,1d+1h+4h,1.164,False,nofill,0.0
2024-03-22 09:30:00-04:00,169.32,181.9,182.02,181.9,184.32,27.4,15,1d+1h+4h,1.623,False,nofill,0.0
2024-03-22 10:30:00-04:00,170.68,181.9,182.01,181.9,184.3,27.4,15,1d+1h+4h,1.448,False,nofill,0.0
2024-03-22 11:30:00-04:00,169.37,181.9,182.01,181.9,184.28,27.4,15,1d+1h+4h,1.617,False,nofill,0.0
2024-03-22 12:30:00-04:00,170.39,181.9,182.01,181.9,184.2,27.4,15,1d+1h+4h,1.485,False,nofill,0.0
2024-03-22 13:30:00-04:00,170.9,181.9,182.0,181.9,184.1,27.4,15,1d+1h+4h,1.42,False,nofill,0.0
2024-03-22 14:30:00-04:00,170.62,181.9,182.0,181.9,184.01,27.4,15,1d+1h+4h,1.455,False,nofill,0.0
2024-03-22 15:30:00-04:00,170.78,181.9,182.0,181.9,183.91,27.4,15,1d+1h+4h,1.435,False,nofill,0.0
2024-03-25 09:30:00-04:00,170.56,181.9,182.01,181.9,184.26,27.4,15,1d+1h+4h,1.479,False,nofill,0.0
2024-03-25 10:30:00-04:00,171.18,181.9,182.01,181.9,184.22,27.4,15,1d+1h+4h,1.399,False,nofill,0.0
2024-03-25 11:30:00-04:00,172.32,181.9,182.01,181.9,184.18,27.4,15,1d+1h+4h,1.25,False,nofill,0.0
2024-03-25 12:30:00-04:00,172.27,181.9,182.0,181.9,184.09,27.4,15,1d+1h+4h,1.256,False,nofill,0.0
2024-03-25 13:30:00-04:00,173.32,181.9,182.0,181.9,184.04,27.4,15,1d+1h+4h,1.119,True,scratch,-0.11605490179074085
2024-03-25 14:30:00-04:00,171.98,181.9,182.0,181.9,184.03,27.4,15,1d+1h+4h,1.295,True,scratch,-0.1155601871647538
2024-03-25 15:30:00-04:00,172.64,181.9,182.0,181.9,183.94,27.4,15,1d+1h+4h,1.208,True,scratch,-0.1134153193595333
2024-03-26 09:30:00-04:00,182.24,190.61,190.74,190.61,193.31,24.6,15,1d+1h+4h,1.054,False,nofill,0.0
2024-03-26 10:30:00-04:00,181.86,190.14,190.27,190.14,192.86,24.6,15,1d+1h+4h,1.042,False,nofill,0.0
2024-03-26 11:30:00-04:00,180.52,181.9,182.03,181.9,184.61,27.4,15,1d+1h+4h,0.174,False,nofill,0.0
2024-03-26 12:30:00-04:00,179.3,181.9,182.03,181.9,184.58,27.4,15,1d+1h+4h,0.327,False,nofill,0.0
2024-03-26 13:30:00-04:00,179.02,181.9,182.02,181.9,184.48,27.4,15,1d+1h+4h,0.362,False,nofill,0.0
2024-03-26 14:30:00-04:00,178.52,181.9,182.02,181.9,184.38,27.4,15,1d+1h+4h,0.425,False,nofill,0.0
2024-03-26 15:30:00-04:00,177.69,181.9,182.01,181.9,184.29,27.4,15,1d+1h+4h,0.53,False,nofill,0.0
2024-03-27 09:30:00-04:00,177.75,182.0,182.13,182.0,184.64,27.4,15,1d+1h+4h,0.545,False,nofill,0.0
2024-03-27 10:30:00-04:00,179.04,181.9,182.02,181.9,184.52,27.4,15,1d+1h+4h,0.366,False,nofill,0.0
2024-03-27 11:30:00-04:00,180.65,181.9,182.02,181.9,184.52,27.4,15,1d+1h+4h,0.16,False,nofill,0.0
2024-03-27 12:30:00-04:00,179.85,182.0,182.12,182.0,184.6,27.4,15,1d+1h+4h,0.276,False,nofill,0.0
2024-03-27 13:30:00-04:00,180.45,181.9,182.02,181.9,184.4,27.4,15,1d+1h+4h,0.186,False,nofill,0.0
2024-03-27 14:30:00-04:00,179.75,182.0,182.12,182.0,184.43,27.4,15,1d+1h+4h,0.288,False,nofill,0.0
2024-03-27 15:30:00-04:00,179.91,181.91,182.02,181.91,184.24,28.4,16,1d+1h+4h,0.256,False,nofill,0.0
2024-03-28 09:30:00-04:00,176.91,181.9,182.02,181.9,184.38,28.4,16,1d+1h+4h,0.659,False,nofill,0.0
2024-03-28 10:30:00-04:00,176.63,181.91,182.03,181.91,184.33,28.4,16,1d+1h+4h,0.698,False,nofill,0.0
2024-03-28 11:30:00-04:00,177.46,181.9,182.01,181.9,184.27,28.4,16,1d+1h+4h,0.587,False,nofill,0.0
2024-03-28 12:30:00-04:00,177.16,181.9,182.01,181.9,184.18,28.4,16,1d+1h+4h,0.627,False,nofill,0.0
2024-03-28 13:30:00-04:00,176.64,181.91,182.01,181.91,184.1,28.4,16,1d+1h+4h,0.697,False,nofill,0.0
2024-03-28 14:30:00-04:00,175.86,181.9,182.0,181.9,184.02,28.4,16,1d+1h+4h,0.798,False,nofill,0.0
2024-03-28 15:30:00-04:00,175.79,181.9,182.0,181.9,183.92,28.4,16,1d+1h+4h,0.808,False,nofill,0.0
2024-04-01 09:30:00-04:00,171.73,181.9,182.01,181.9,184.14,28.4,16,1d+1h+4h,1.358,False,nofill,0.0
2024-04-01 10:30:00-04:00,172.1,181.91,182.02,181.91,184.13,28.4,16,1d+1h+4h,1.309,False,nofill,0.0
2024-04-01 11:30:00-04:00,172.28,181.91,182.01,181.91,184.09,28.4,16,1d+1h+4h,1.285,False,nofill,0.0
2024-04-01 12:30:00-04:00,171.89,181.9,182.0,181.9,184.04,28.4,16,1d+1h+4h,1.336,False,nofill,0.0
2024-04-01 13:30:00-04:00,172.94,181.91,182.01,181.91,184.0,28.4,16,1d+1h+4h,1.197,False,nofill,0.0
2024-04-01 14:30:00-04:00,173.96,181.91,182.01,181.91,183.96,28.4,16,1d+1h+4h,1.062,False,nofill,0.0
2024-04-01 15:30:00-04:00,175.12,181.9,182.0,181.9,183.96,28.4,16,1d+1h+4h,0.905,False,nofill,0.0
2024-04-02 09:30:00-04:00,165.57,180.4,180.54,180.4,183.2,25.6,14,1d+1h+4h,1.902,False,nofill,0.0
2024-04-02 10:30:00-04:00,165.67,180.4,180.53,180.4,183.14,25.6,14,1d+1h+4h,1.889,False,nofill,0.0
2024-04-02 11:30:00-04:00,166.26,180.4,180.53,180.4,183.06,25.6,14,1d+1h+4h,1.813,False,nofill,0.0
2024-04-02 12:30:00-04:00,166.73,182.0,182.12,182.0,184.6,28.4,16,1d+1h+4h,1.958,False,nofill,0.0
2024-04-02 13:30:00-04:00,165.96,180.4,180.52,180.4,182.9,25.6,14,1d+1h+4h,1.852,False,nofill,0.0
2024-04-02 14:30:00-04:00,166.06,180.4,180.52,180.4,182.79,25.6,14,1d+1h+4h,1.838,False,nofill,0.0
2024-04-02 15:30:00-04:00,166.6,182.0,182.11,182.0,184.31,28.4,16,1d+1h+4h,1.974,False,nofill,0.0
2024-04-03 09:30:00-04:00,167.23,181.9,182.02,181.9,184.35,28.4,16,1d+1h+4h,1.921,False,nofill,0.0
2024-04-03 10:30:00-04:00,167.74,181.9,182.02,181.9,184.33,28.4,16,1d+1h+4h,1.854,False,nofill,0.0
2024-04-03 11:30:00-04:00,168.16,181.9,182.01,181.9,184.26,28.4,16,1d+1h+4h,1.799,False,nofill,0.0
2024-04-03 12:30:00-04:00,167.71,181.9,182.01,181.9,184.18,28.4,16,1d+1h+4h,1.858,False,nofill,0.0
2024-04-03 13:30:00-04:00,168.08,181.9,182.0,181.9,184.09,28.4,16,1d+1h+4h,1.809,False,nofill,0.0
2024-04-03 14:30:00-04:00,167.52,181.9,182.0,181.9,184.02,28.4,16,1d+1h+4h,1.883,False,nofill,0.0
2024-04-03 15:30:00-04:00,168.39,181.9,182.0,181.9,183.97,28.4,16,1d+1h+4h,1.769,False,nofill,0.0
2024-04-04 09:30:00-04:00,170.1,181.9,182.0,181.9,184.03,28.4,16,1d+1h+4h,1.523,False,nofill,0.0
2024-04-04 10:30:00-04:00,171.86,181.91,182.01,181.91,184.04,28.4,16,1d+1h+4h,1.297,False,nofill,0.0
2024-04-04 11:30:00-04:00,175.45,181.91,182.02,181.91,184.18,28.4,16,1d+1h+4h,0.834,False,nofill,0.0
2024-04-04 12:30:00-04:00,175.93,181.91,182.02,181.91,184.16,28.4,16,1d+1h+4h,0.772,False,nofill,0.0
2024-04-04 13:30:00-04:00,173.47,181.9,182.01,181.9,184.21,28.4,16,1d+1h+4h,1.088,False,nofill,0.0
2024-04-04 14:30:00-04:00,170.88,181.91,182.02,181.91,184.26,28.4,16,1d+1h+4h,1.424,False,nofill,0.0
2024-04-04 15:30:00-04:00,171.21,181.91,182.02,181.91,184.2,28.4,16,1d+1h+4h,1.381,False,nofill,0.0
2024-04-05 09:30:00-04:00,169.1,182.0,182.12,182.0,184.43,28.4,16,1d+1h+4h,1.622,False,nofill,0.0
2024-04-05 10:30:00-04:00,161.37,176.11,176.25,176.11,179.06,27.4,17,1d+1h+4h,1.854,False,nofill,0.0
2024-04-05 11:30:00-04:00,167.08,181.9,182.06,181.9,185.21,28.4,16,1d+1h+4h,1.864,False,nofill,0.0
2024-04-05 12:30:00-04:00,167.8,181.9,182.05,181.9,185.15,28.4,16,1d+1h+4h,1.773,False,nofill,0.0
2024-04-05 13:30:00-04:00,164.28,176.11,176.27,176.11,179.42,29.2,18,1d+1h+4h,1.487,False,nofill,0.0
2024-04-05 14:30:00-04:00,165.09,176.11,176.26,176.11,179.3,29.2,18,1d+1h+4h,1.386,False,nofill,0.0
2024-04-05 15:30:00-04:00,164.85,176.11,176.25,176.11,179.13,29.2,18,1d+1h+4h,1.416,False,nofill,0.0
2024-04-08 09:30:00-04:00,171.48,175.7,175.86,175.7,179.13,31.2,18,1d+1h+4h,0.522,False,nofill,0.0
2024-04-08 10:30:00-04:00,173.65,175.7,175.86,175.7,179.16,31.2,18,1d+1h+4h,0.254,False,nofill,0.0
2024-04-08 11:30:00-04:00,173.19,175.7,175.86,175.7,179.02,31.2,18,1d+1h+4h,0.311,False,nofill,0.0
2024-04-08 12:30:00-04:00,173.8,175.7,175.85,175.7,178.92,31.2,18,1d+1h+4h,0.235,False,nofill,0.0
2024-04-08 13:30:00-04:00,173.89,175.7,175.85,175.7,178.77,32.2,19,1d+1h+4h,0.225,True,scratch,-0.1430452893927625
2024-04-08 14:30:00-04:00,173.33,175.7,175.84,175.7,178.64,32.2,19,1d+1h+4h,0.293,True,scratch,-0.139449303913608
2024-04-08 15:30:00-04:00,172.99,175.7,175.83,175.7,178.49,32.2,19,1d+1h+4h,0.336,True,scratch,-0.13557566641794194
2024-04-09 09:30:00-04:00,177.14,181.9,182.05,181.9,185.04,28.4,16,1d+1h+4h,0.594,False,nofill,0.0
2024-04-09 10:30:00-04:00,175.06,175.7,175.85,175.7,178.8,32.2,19,1d+1h+4h,0.08,True,scratch,-0.14374645354635618
2024-04-09 11:30:00-04:00,175.39,176.11,176.25,176.11,179.1,30.2,19,1d+1h+4h,0.089,True,scratch,-0.14058180766456374
2024-04-09 12:30:00-04:00,175.39,176.11,176.25,176.11,178.97,30.2,19,1d+1h+4h,0.09,True,scratch,-0.13717643005889402
2024-04-09 13:30:00-04:00,176.02,181.9,182.03,181.9,184.65,28.4,16,1d+1h+4h,0.734,False,nofill,0.0
2024-04-09 14:30:00-04:00,175.97,181.9,182.03,181.9,184.55,28.4,16,1d+1h+4h,0.74,False,nofill,0.0
2024-04-09 15:30:00-04:00,177.0,181.9,182.02,181.9,184.44,28.4,16,1d+1h+4h,0.611,False,nofill,0.0
2024-04-10 09:30:00-04:00,172.14,176.11,176.24,176.11,178.94,30.2,19,1d+1h+4h,0.501,False,nofill,0.0
2024-04-10 10:30:00-04:00,172.47,176.11,176.24,176.11,178.89,30.2,19,1d+1h+4h,0.459,False,nofill,0.0
2024-04-10 11:30:00-04:00,171.42,176.11,176.24,176.11,178.81,30.2,19,1d+1h+4h,0.592,True,scratch,-0.13297625484669506
2024-04-10 12:30:00-04:00,171.4,176.11,176.24,176.11,178.74,30.2,19,1d+1h+4h,0.594,True,scratch,-0.131085147131782
2024-04-10 13:30:00-04:00,170.8,176.11,176.23,176.11,178.65,30.2,19,1d+1h+4h,0.669,True,scratch,-0.128559956899732
2024-04-10 14:30:00-04:00,171.43,176.11,176.25,176.11,178.98,30.2,19,1d+1h+4h,0.59,False,nofill,0.0
2024-04-10 15:30:00-04:00,171.75,176.11,176.24,176.11,178.87,30.2,19,1d+1h+4h,0.55,False,nofill,0.0
2024-04-11 09:30:00-04:00,169.35,175.29,175.43,175.29,178.27,29.2,18,1d+1h+4h,0.753,False,nofill,0.0
2024-04-11 10:30:00-04:00,170.5,175.24,175.38,175.24,178.16,30.2,19,1d+1h+4h,0.6,False,nofill,0.0
2024-04-11 11:30:00-04:00,172.08,175.24,175.38,175.24,178.11,30.2,19,1d+1h+4h,0.4,False,nofill,0.0
2024-04-11 12:30:00-04:00,173.84,175.29,175.43,175.29,178.13,30.2,19,1d+1h+4h,0.184,True,scratch,-0.13709934301581184
2024-04-11 13:30:00-04:00,174.96,175.7,175.83,175.7,178.45,28.4,18,1d+1h+4h,0.094,True,scratch,-0.13428810962180515
2024-04-11 14:30:00-04:00,174.93,175.7,175.83,175.7,178.35,28.4,18,1d+1h+4h,0.098,True,scratch,-0.13158081528246157
2024-04-11 15:30:00-04:00,174.6,175.29,175.41,175.29,177.85,30.2,19,1d+1h+4h,0.088,False,nofill,0.0
2024-04-12 09:30:00-04:00,171.92,175.29,175.41,175.29,177.88,30.2,19,1d+1h+4h,0.442,False,nofill,0.0
2024-04-12 10:30:00-04:00,172.49,175.29,175.41,175.29,177.8,30.2,19,1d+1h+4h,0.367,False,nofill,0.0
2024-04-12 11:30:00-04:00,171.56,175.29,175.41,175.29,177.73,30.2,19,1d+1h+4h,0.489,False,nofill,0.0
2024-04-12 12:30:00-04:00,170.6,175.29,175.4,175.29,177.67,30.2,19,1d+1h+4h,0.615,False,nofill,0.0
2024-04-12 13:30:00-04:00,171.3,175.29,175.4,175.29,177.59,30.2,19,1d+1h+4h,0.522,False,nofill,0.0
2024-04-12 14:30:00-04:00,171.07,175.29,175.39,175.29,177.49,30.2,19,1d+1h+4h,0.553,False,nofill,0.0
2024-04-12 15:30:00-04:00,171.06,175.29,175.39,175.29,177.38,30.2,19,1d+1h+4h,0.554,False,nofill,0.0
2024-04-15 09:30:00-04:00,166.06,180.4,180.52,180.4,182.82,31.4,17,1d+1h+4h,1.844,False,nofill,0.0
2024-04-15 10:30:00-04:00,166.3,180.4,180.52,180.4,182.8,31.4,17,1d+1h+4h,1.813,False,nofill,0.0
2024-04-15 11:30:00-04:00,164.77,175.29,175.4,175.29,177.68,30.2,19,1d+1h+4h,1.352,False,nofill,0.0
2024-04-15 12:30:00-04:00,162.97,175.29,175.4,175.29,177.65,30.2,19,1d+1h+4h,1.584,False,nofill,0.0
2024-04-15 13:30:00-04:00,162.53,175.29,175.4,175.29,177.56,30.2,19,1d+1h+4h,1.641,False,nofill,0.0
2024-04-15 14:30:00-04:00,161.91,175.29,175.4,175.29,177.53,30.2,19,1d+1h+4h,1.72,False,nofill,0.0
2024-04-15 15:30:00-04:00,161.45,175.29,175.39,175.29,177.45,30.2,19,1d+1h+4h,1.779,False,nofill,0.0
2024-04-16 09:30:00-04:00,155.56,167.12,167.24,167.12,169.71,18.6,11,1d+1h+4h,1.487,False,nofill,0.0
2024-04-16 10:30:00-04:00,158.02,167.12,167.25,167.12,169.77,18.6,11,1d+1h+4h,1.171,False,nofill,0.0
2024-04-16 11:30:00-04:00,156.88,167.12,167.24,167.12,169.72,18.6,11,1d+1h+4h,1.317,False,nofill,0.0
2024-04-16 12:30:00-04:00,156.73,167.12,167.24,167.12,169.63,18.6,11,1d+1h+4h,1.336,False,nofill,0.0
2024-04-16 13:30:00-04:00,155.84,167.12,167.24,167.12,169.62,18.6,11,1d+1h+4h,1.451,False,nofill,0.0
2024-04-16 14:30:00-04:00,157.33,167.12,167.24,167.12,169.57,18.6,11,1d+1h+4h,1.259,False,nofill,0.0
2024-04-16 15:30:00-04:00,157.08,167.12,167.23,167.12,169.46,18.6,11,1d+1h+4h,1.291,False,nofill,0.0
2024-04-17 09:30:00-04:00,154.86,166.19,166.31,166.19,168.66,17.8,9,1d+1h+4h,1.502,False,nofill,0.0
2024-04-17 10:30:00-04:00,155.85,166.19,166.31,166.19,168.65,17.8,9,1d+1h+4h,1.371,False,nofill,0.0
2024-04-17 11:30:00-04:00,155.65,166.19,166.3,166.19,168.57,17.8,9,1d+1h+4h,1.398,False,nofill,0.0
2024-04-17 12:30:00-04:00,157.17,166.19,166.3,166.19,168.59,17.8,9,1d+1h+4h,1.196,False,nofill,0.0
2024-04-17 13:30:00-04:00,157.05,166.19,166.3,166.19,168.51,17.8,9,1d+1h+4h,1.212,False,nofill,0.0
2024-04-17 14:30:00-04:00,156.24,166.19,166.3,166.19,168.5,17.8,9,1d+1h+4h,1.319,False,nofill,0.0
2024-04-17 15:30:00-04:00,155.43,166.19,166.3,166.19,168.43,17.8,9,1d+1h+4h,1.427,False,nofill,0.0
2024-04-18 09:30:00-04:00,151.26,166.19,166.31,166.19,168.78,17.8,9,1d+1h+4h,1.994,False,nofill,0.0
2024-04-18 10:30:00-04:00,150.88,165.18,165.3,165.18,167.7,16.8,8,1d+1h+4h,1.911,False,nofill,0.0
2024-04-18 11:30:00-04:00,150.48,165.18,165.3,165.18,167.61,16.8,8,1d+1h+4h,1.964,False,nofill,0.0
2024-04-18 12:30:00-04:00,150.87,165.18,165.3,165.18,167.55,16.8,8,1d+1h+4h,1.911,False,nofill,0.0
2024-04-18 13:30:00-04:00,150.5,165.18,165.29,165.18,167.49,16.8,8,1d+1h+4h,1.961,False,nofill,0.0
2024-04-18 14:30:00-04:00,150.67,165.18,165.29,165.18,167.44,16.8,8,1d+1h+4h,1.939,False,nofill,0.0
2024-04-18 15:30:00-04:00,149.84,164.35,164.45,164.35,166.53,12.8,6,1d+1h+4h,1.938,False,nofill,0.0
2024-04-19 09:30:00-04:00,149.52,152.37,152.48,152.37,154.61,11.8,5,1d+1h+4h,0.391,False,nofill,0.0
2024-04-19 10:30:00-04:00,149.96,152.37,152.48,152.37,154.59,12.8,6,1d+1h+4h,0.331,False,nofill,0.0
2024-04-19 11:30:00-04:00,148.18,152.37,152.48,152.37,154.59,12.8,6,1d+1h+4h,0.574,False,nofill,0.0
2024-04-19 12:30:00-04:00,148.9,152.37,152.47,152.37,154.57,12.8,6,1d+1h+4h,0.475,False,nofill,0.0
2024-04-19 13:30:00-04:00,147.72,152.37,152.47,152.37,154.54,12.8,6,1d+1h+4h,0.638,False,nofill,0.0
2024-04-19 14:30:00-04:00,147.22,152.37,152.47,152.37,154.49,12.8,6,1d+1h+4h,0.707,False,nofill,0.0
2024-04-19 15:30:00-04:00,147.02,152.37,152.47,152.37,154.41,12.8,6,1d+1h+4h,0.734,False,nofill,0.0
2024-04-22 09:30:00-04:00,141.24,152.37,152.49,152.37,154.88,12.8,6,1d+1h+4h,1.513,False,nofill,0.0
2024-04-22 10:30:00-04:00,140.16,152.37,152.51,152.37,155.26,12.8,6,1d+1h+4h,1.659,False,nofill,0.0
2024-04-22 11:30:00-04:00,142.13,152.37,152.51,152.37,155.27,12.8,6,1d+1h+4h,1.391,False,nofill,0.0
2024-04-22 12:30:00-04:00,142.17,152.37,152.5,152.37,155.15,12.8,6,1d+1h+4h,1.386,False,nofill,0.0
2024-04-22 13:30:00-04:00,141.89,152.37,152.5,152.37,155.07,12.8,6,1d+1h+4h,1.424,False,nofill,0.0
2024-04-22 14:30:00-04:00,142.35,152.37,152.49,152.37,154.96,12.8,6,1d+1h+4h,1.362,False,nofill,0.0
2024-04-22 15:30:00-04:00,142.03,152.37,152.49,152.37,154.84,12.8,6,1d+1h+4h,1.405,False,nofill,0.0
2024-04-23 09:30:00-04:00,144.76,152.37,152.5,152.37,155.01,12.8,6,1d+1h+4h,1.047,False,nofill,0.0
2024-04-23 10:30:00-04:00,145.66,152.37,152.49,152.37,154.99,12.8,6,1d+1h+4h,0.923,False,nofill,0.0
2024-04-23 11:30:00-04:00,146.88,152.37,152.49,152.37,154.98,12.8,6,1d+1h+4h,0.755,False,nofill,0.0
2024-04-23 12:30:00-04:00,145.7,152.37,152.49,152.37,154.94,12.8,6,1d+1h+4h,0.917,False,nofill,0.0
2024-04-23 13:30:00-04:00,145.41,152.37,152.49,152.37,154.81,12.8,6,1d+1h+4h,0.957,True,target,1.4620473325883676
2024-04-23 14:30:00-04:00,145.03,152.37,152.48,152.37,154.74,12.8,6,1d+1h+4h,1.009,True,target,1.4221779636017784
2024-04-23 15:30:00-04:00,144.87,152.37,152.48,152.37,154.62,12.8,6,1d+1h+4h,1.031,True,target,1.3449211955002704
2024-04-24 09:30:00-04:00,164.58,175.29,175.47,175.29,179.11,33.2,20,1d+1h+4h,1.272,False,nofill,0.0
2024-04-24 10:30:00-04:00,161.33,178.09,178.27,178.09,181.97,33.2,18,1d+1h+4h,1.991,False,nofill,0.0
2024-04-24 11:30:00-04:00,158.62,175.29,175.48,175.29,179.26,33.2,20,1d+1h+4h,1.981,False,nofill,0.0
2024-04-24 12:30:00-04:00,160.79,175.29,175.48,175.29,179.24,33.2,20,1d+1h+4h,1.723,False,nofill,0.0
2024-04-24 13:30:00-04:00,161.18,175.29,175.47,175.29,179.07,33.2,20,1d+1h+4h,1.677,False,nofill,0.0
2024-04-24 14:30:00-04:00,161.88,178.09,178.27,178.09,181.77,33.2,18,1d+1h+4h,1.926,False,nofill,0.0
2024-04-24 15:30:00-04:00,162.18,178.09,178.26,178.09,181.58,33.2,18,1d+1h+4h,1.89,False,nofill,0.0
2024-04-25 09:30:00-04:00,165.49,175.29,175.47,175.29,179.09,33.2,20,1d+1h+4h,1.125,False,nofill,0.0
2024-04-25 10:30:00-04:00,166.45,175.29,175.47,175.29,179.01,33.2,20,1d+1h+4h,1.015,False,nofill,0.0
2024-04-25 11:30:00-04:00,163.65,175.24,175.42,175.24,178.93,33.2,20,1d+1h+4h,1.33,False,nofill,0.0
2024-04-25 12:30:00-04:00,164.63,175.29,175.46,175.29,178.9,33.2,20,1d+1h+4h,1.224,False,nofill,0.0
2024-04-25 13:30:00-04:00,166.15,175.29,175.46,175.29,178.83,33.2,20,1d+1h+4h,1.049,False,nofill,0.0
2024-04-25 14:30:00-04:00,169.36,175.29,175.46,175.29,178.96,33.2,20,1d+1h+4h,0.68,False,nofill,0.0
2024-04-25 15:30:00-04:00,170.31,175.24,175.41,175.24,178.78,33.2,20,1d+1h+4h,0.566,False,nofill,0.0
2024-04-26 09:30:00-04:00,168.4,175.29,175.46,175.29,178.88,33.2,20,1d+1h+4h,0.81,False,nofill,0.0
2024-04-26 10:30:00-04:00,170.67,175.29,175.46,175.29,178.83,33.2,20,1d+1h+4h,0.544,False,nofill,0.0
2024-04-26 11:30:00-04:00,171.36,175.29,175.45,175.29,178.73,33.2,20,1d+1h+4h,0.462,False,nofill,0.0
2024-04-26 12:30:00-04:00,170.95,175.29,175.45,175.29,178.58,33.2,20,1d+1h+4h,0.511,False,nofill,0.0
2024-04-26 13:30:00-04:00,168.31,175.29,175.45,175.29,178.56,33.2,20,1d+1h+4h,0.821,True,target,1.7155993759190302
2024-04-26 14:30:00-04:00,167.59,175.29,175.44,175.29,178.49,33.2,20,1d+1h+4h,0.907,True,target,1.6742532203958493
2024-04-26 15:30:00-04:00,168.29,175.7,175.85,175.7,178.8,33.2,20,1d+1h+4h,0.872,True,target,1.6181142041276297
2024-04-29 09:30:00-04:00,185.61,204.88,205.1,204.88,209.45,51.0,25,1d+1h+4h,1.913,False,nofill,0.0
2024-04-29 10:30:00-04:00,192.78,206.86,207.09,206.86,211.71,52.4,24,1d+1h+4h,1.397,False,nofill,0.0
2024-04-29 11:30:00-04:00,198.56,206.27,206.51,206.27,211.34,52.4,24,1d+1h+4h,0.766,False,nofill,0.0
2024-04-29 12:30:00-04:00,195.63,206.33,206.58,206.33,211.46,52.4,24,1d+1h+4h,1.062,False,nofill,0.0
2024-04-29 13:30:00-04:00,193.28,206.86,207.1,206.86,211.88,52.4,24,1d+1h+4h,1.348,False,nofill,0.0
2024-04-29 14:30:00-04:00,192.36,206.33,206.57,206.33,211.23,52.4,24,1d+1h+4h,1.387,False,nofill,0.0
2024-04-29 15:30:00-04:00,194.2,206.33,206.56,206.33,211.12,52.4,24,1d+1h+4h,1.205,False,nofill,0.0
2024-04-30 09:30:00-04:00,186.3,206.33,206.57,206.33,211.37,52.4,24,1d+1h+4h,1.973,False,nofill,0.0
2024-04-30 10:30:00-04:00,184.28,204.52,204.76,204.52,209.5,48.0,24,1d+1h+4h,1.993,False,nofill,0.0
2024-04-30 11:30:00-04:00,185.4,205.69,205.92,205.69,210.51,52.2,25,1d+1h+4h,1.997,False,nofill,0.0
2024-04-30 12:30:00-04:00,184.4,204.52,204.74,204.52,209.15,48.0,24,1d+1h+4h,1.981,False,nofill,0.0
2024-04-30 13:30:00-04:00,184.66,204.88,205.09,204.88,209.31,51.0,25,1d+1h+4h,1.991,False,nofill,0.0
2024-04-30 14:30:00-04:00,183.7,203.17,203.38,203.17,207.49,42.2,21,1d+1h+4h,1.917,False,nofill,0.0
2024-04-30 15:30:00-04:00,183.38,203.17,203.37,203.17,207.31,42.2,21,1d+1h+4h,1.949,False,nofill,0.0
2024-05-01 09:30:00-04:00,180.44,184.25,184.45,184.25,188.43,36.4,20,1d+1h+4h,0.384,False,nofill,0.0
2024-05-01 10:30:00-04:00,180.5,184.25,184.45,184.25,188.37,36.4,20,1d+1h+4h,0.378,False,nofill,0.0
2024-05-01 11:30:00-04:00,181.37,184.25,184.44,184.25,188.25,36.4,20,1d+1h+4h,0.291,True,scratch,-0.16314640179644346
2024-05-01 12:30:00-04:00,180.01,184.25,184.44,184.25,188.19,36.4,20,1d+1h+4h,0.427,True,scratch,-0.16168832164926705
2024-05-01 13:30:00-04:00,182.3,184.28,184.46,184.28,188.14,36.4,20,1d+1h+4h,0.2,True,scratch,-0.15947987776824268
2024-05-01 14:30:00-04:00,183.8,203.39,203.58,203.39,207.35,36.2,19,1d+1h+4h,1.975,False,nofill,0.0
2024-05-01 15:30:00-04:00,180.0,184.25,184.44,184.25,188.22,36.4,20,1d+1h+4h,0.429,True,scratch,-0.1623987957551587
2024-05-02 09:30:00-04:00,177.93,184.25,184.46,184.25,188.58,36.4,20,1d+1h+4h,0.643,False,nofill,0.0
2024-05-02 10:30:00-04:00,179.95,184.25,184.45,184.25,188.48,37.4,21,1d+1h+4h,0.437,False,nofill,0.0
2024-05-02 11:30:00-04:00,179.76,184.25,184.44,184.25,188.31,37.4,21,1d+1h+4h,0.458,False,nofill,0.0
2024-05-02 12:30:00-04:00,180.4,184.25,184.44,184.25,188.18,37.4,21,1d+1h+4h,0.392,False,nofill,0.0
2024-05-02 13:30:00-04:00,180.83,184.25,184.43,184.25,188.02,37.4,21,1d+1h+4h,0.348,True,scratch,-0.1573865171061839
2024-05-02 14:30:00-04:00,180.89,184.25,184.42,184.25,187.85,37.4,21,1d+1h+4h,0.342,True,scratch,-0.15292936323877404
2024-05-02 15:30:00-04:00,180.02,184.25,184.41,184.25,187.71,37.4,21,1d+1h+4h,0.431,True,scratch,-0.14923498309816763
2024-05-03 09:30:00-04:00,181.04,184.25,184.42,184.25,187.82,37.4,21,1d+1h+4h,0.335,False,nofill,0.0
2024-05-03 10:30:00-04:00,179.61,184.25,184.42,184.25,187.78,37.4,21,1d+1h+4h,0.485,False,nofill,0.0
2024-05-03 11:30:00-04:00,179.96,184.25,184.41,184.25,187.63,37.4,21,1d+1h+4h,0.448,False,nofill,0.0
2024-05-03 12:30:00-04:00,181.33,184.25,184.41,184.25,187.51,37.4,21,1d+1h+4h,0.305,False,nofill,0.0
2024-05-03 13:30:00-04:00,181.5,184.25,184.4,184.25,187.37,37.4,21,1d+1h+4h,0.287,True,scratch,-0.1405360329171934
2024-05-03 14:30:00-04:00,181.42,184.25,184.39,184.25,187.24,37.4,21,1d+1h+4h,0.296,True,scratch,-0.137242979337715
2024-05-03 15:30:00-04:00,181.24,184.25,184.39,184.25,187.09,37.4,21,1d+1h+4h,0.314,True,scratch,-0.13323518830303804
2024-05-06 09:30:00-04:00,184.44,198.5,198.65,198.5,201.61,33.6,16,1d+1h+4h,1.505,False,nofill,0.0
2024-05-06 10:30:00-04:00,183.17,184.25,184.4,184.25,187.46,36.4,20,1d+1h+4h,0.116,True,scratch,-0.14272363011221811
2024-05-06 11:30:00-04:00,182.83,184.25,184.4,184.25,187.34,36.4,20,1d+1h+4h,0.152,True,scratch,-0.13979415336089485
2024-05-06 12:30:00-04:00,184.53,198.59,198.73,198.59,201.61,33.6,16,1d+1h+4h,1.504,False,nofill,0.0
2024-05-06 13:30:00-04:00,185.34,203.39,203.53,203.39,206.29,36.2,19,1d+1h+4h,1.931,False,nofill,0.0
2024-05-06 14:30:00-04:00,183.64,184.25,184.38,184.25,187.08,36.4,20,1d+1h+4h,0.065,True,scratch,-0.1329627680923373
2024-05-06 15:30:00-04:00,184.89,203.39,203.52,203.39,206.12,36.2,19,1d+1h+4h,1.979,False,nofill,0.0
2024-05-07 09:30:00-04:00,179.16,184.25,184.39,184.25,187.29,36.4,20,1d+1h+4h,0.552,False,nofill,0.0
2024-05-07 10:30:00-04:00,179.51,184.28,184.42,184.28,187.27,36.4,20,1d+1h+4h,0.518,False,nofill,0.0
2024-05-07 11:30:00-04:00,179.7,184.25,184.39,184.25,187.12,36.4,20,1d+1h+4h,0.495,False,nofill,0.0
2024-05-07 12:30:00-04:00,179.4,180.05,180.18,180.05,182.82,37.2,22,1d+1h+4h,0.071,False,nofill,0.0
2024-05-07 13:30:00-04:00,178.14,180.05,180.18,180.05,182.77,37.2,22,1d+1h+4h,0.207,False,nofill,0.0
2024-05-07 14:30:00-04:00,178.14,180.05,180.17,180.05,182.65,37.2,22,1d+1h+4h,0.207,False,nofill,0.0
2024-05-07 15:30:00-04:00,177.81,180.05,180.17,180.05,182.52,37.2,22,1d+1h+4h,0.243,False,nofill,0.0
2024-05-08 09:30:00-04:00,174.09,178.16,178.3,178.16,181.03,44.0,24,1d+1h+4h,0.447,False,nofill,0.0
2024-05-08 10:30:00-04:00,174.97,178.16,178.29,178.16,180.96,44.0,24,1d+1h+4h,0.351,False,nofill,0.0
2024-05-08 11:30:00-04:00,174.28,178.16,178.29,178.16,180.9,44.0,24,1d+1h+4h,0.427,False,nofill,0.0
2024-05-08 12:30:00-04:00,174.48,178.16,178.29,178.16,180.79,44.0,24,1d+1h+4h,0.405,False,nofill,0.0
2024-05-08 13:30:00-04:00,174.91,178.16,178.28,178.16,180.66,44.0,24,1d+1h+4h,0.357,False,nofill,0.0
2024-05-08 14:30:00-04:00,174.73,178.16,178.27,178.16,180.55,44.0,24,1d+1h+4h,0.377,False,nofill,0.0
2024-05-08 15:30:00-04:00,174.78,178.16,178.27,178.16,180.43,44.0,24,1d+1h+4h,0.372,False,nofill,0.0
2024-05-09 09:30:00-04:00,173.53,178.16,178.27,178.16,180.46,41.0,23,1d+1h+4h,0.529,False,nofill,0.0
2024-05-09 10:30:00-04:00,172.5,178.16,178.27,178.16,180.47,41.0,23,1d+1h+4h,0.647,False,nofill,0.0
2024-05-09 11:30:00-04:00,173.05,178.16,178.27,178.16,180.41,41.0,23,1d+1h+4h,0.584,False,nofill,0.0
2024-05-09 12:30:00-04:00,173.16,178.16,178.26,178.16,180.32,41.0,23,1d+1h+4h,0.571,False,nofill,0.0
2024-05-09 13:30:00-04:00,172.32,178.16,178.26,178.16,180.24,41.0,23,1d+1h+4h,0.667,False,nofill,0.0
2024-05-09 14:30:00-04:00,171.78,178.16,178.26,178.16,180.16,41.0,23,1d+1h+4h,0.729,False,nofill,0.0
2024-05-09 15:30:00-04:00,171.96,178.16,178.25,178.16,180.08,41.0,23,1d+1h+4h,0.709,False,nofill,0.0
2024-05-10 09:30:00-04:00,169.23,178.09,178.19,178.09,180.17,41.0,23,1d+1h+4h,1.042,False,nofill,0.0
2024-05-10 10:30:00-04:00,169.15,178.09,178.19,178.09,180.15,41.0,23,1d+1h+4h,1.051,False,nofill,0.0
2024-05-10 11:30:00-04:00,168.42,178.09,178.19,178.09,180.12,41.0,23,1d+1h+4h,1.137,False,nofill,0.0
2024-05-10 12:30:00-04:00,168.62,178.09,178.18,178.09,180.04,41.0,23,1d+1h+4h,1.114,False,nofill,0.0
2024-05-10 13:30:00-04:00,168.55,178.09,178.18,178.09,180.0,41.0,23,1d+1h+4h,1.122,False,nofill,0.0
2024-05-10 14:30:00-04:00,169.15,178.09,178.18,178.09,179.93,41.0,23,1d+1h+4h,1.051,False,nofill,0.0
2024-05-10 15:30:00-04:00,168.46,178.09,178.17,178.09,179.86,41.0,23,1d+1h+4h,1.132,False,nofill,0.0
2024-05-13 09:30:00-04:00,174.48,178.09,178.19,178.09,180.25,41.0,23,1d+1h+4h,0.43,False,nofill,0.0
2024-05-13 10:30:00-04:00,172.45,178.09,178.19,178.09,180.28,41.0,23,1d+1h+4h,0.672,False,nofill,0.0
2024-05-13 11:30:00-04:00,171.87,178.09,178.19,178.09,180.24,41.0,23,1d+1h+4h,0.741,False,nofill,0.0
2024-05-13 12:30:00-04:00,171.59,178.09,178.19,178.09,180.18,41.0,23,1d+1h+4h,0.775,False,nofill,0.0
2024-05-13 13:30:00-04:00,172.11,178.09,178.19,178.09,180.12,41.0,23,1d+1h+4h,0.713,False,nofill,0.0
2024-05-13 14:30:00-04:00,171.87,175.7,175.79,175.7,177.64,41.0,25,1d+1h+4h,0.456,True,scratch,-0.11244870343197766
2024-05-13 15:30:00-04:00,171.92,178.09,178.18,178.09,179.93,41.0,23,1d+1h+4h,0.735,True,scratch,-0.10919066468265681
2024-05-14 09:30:00-04:00,176.11,178.09,178.19,178.09,180.25,41.0,23,1d+1h+4h,0.238,True,scratch,-0.11757003739678584
2024-05-14 10:30:00-04:00,178.93,180.05,180.16,180.05,182.38,34.2,21,1d+1h+4h,0.134,False,nofill,0.0
2024-05-14 11:30:00-04:00,177.02,178.09,178.2,178.09,180.42,41.0,23,1d+1h+4h,0.128,False,nofill,0.0
2024-05-14 12:30:00-04:00,176.25,178.09,178.2,178.09,180.4,41.0,23,1d+1h+4h,0.221,False,nofill,0.0
2024-05-14 13:30:00-04:00,176.59,178.09,178.2,178.09,180.31,42.0,24,1d+1h+4h,0.18,True,scratch,-0.11932926159746726
2024-05-14 14:30:00-04:00,177.6,178.09,178.19,178.09,180.26,42.0,24,1d+1h+4h,0.059,True,scratch,-0.11803535381617047
2024-05-14 15:30:00-04:00,177.61,178.09,178.19,178.09,180.16,42.0,24,1d+1h+4h,0.058,True,scratch,-0.11532236241806881
2024-05-15 09:30:00-04:00,173.21,175.4,175.52,175.4,177.83,41.0,25,1d+1h+4h,0.266,False,nofill,0.0
2024-05-15 10:30:00-04:00,174.84,175.4,175.51,175.4,177.81,41.0,25,1d+1h+4h,0.068,True,scratch,-0.12535423402958434
2024-05-15 11:30:00-04:00,174.9,175.4,175.51,175.4,177.73,41.0,25,1d+1h+4h,0.061,True,scratch,-0.12326696591439257
2024-05-15 12:30:00-04:00,175.31,176.11,176.22,176.11,178.32,40.0,26,1d+1h+4h,0.097,False,nofill,0.0
2024-05-15 13:30:00-04:00,174.72,175.4,175.5,175.4,177.55,41.0,25,1d+1h+4h,0.082,False,nofill,0.0
2024-05-15 14:30:00-04:00,174.64,175.4,175.5,175.4,177.43,41.0,25,1d+1h+4h,0.093,True,scratch,-0.11506395227048882
2024-05-15 15:30:00-04:00,174.09,175.4,175.49,175.4,177.36,41.0,25,1d+1h+4h,0.159,True,scratch,-0.11320501373792702
2024-05-16 09:30:00-04:00,174.21,175.4,175.5,175.4,177.44,42.0,26,1d+1h+4h,0.149,True,scratch,-0.11519876116320438
2024-05-16 10:30:00-04:00,174.36,175.4,175.5,175.4,177.41,42.0,26,1d+1h+4h,0.131,False,nofill,0.0
2024-05-16 11:30:00-04:00,175.32,176.11,176.2,176.11,178.09,40.0,26,1d+1h+4h,0.099,False,nofill,0.0
2024-05-16 12:30:00-04:00,174.27,175.4,175.49,175.4,177.33,42.0,26,1d+1h+4h,0.141,False,nofill,0.0
2024-05-16 13:30:00-04:00,174.4,175.4,175.49,175.4,177.24,42.0,26,1d+1h+4h,0.126,True,target,0.939569584084432
2024-05-16 14:30:00-04:00,174.96,175.4,175.48,175.4,177.18,42.0,26,1d+1h+4h,0.055,True,target,0.9043938561504428
2024-05-16 15:30:00-04:00,174.86,175.6,175.68,175.6,177.3,42.0,26,1d+1h+4h,0.093,True,target,0.8597028834331999
2024-05-17 09:30:00-04:00,175.79,178.54,178.63,178.54,180.35,38.0,22,1d+1h+4h,0.348,True,scratch,-0.10827184744128804
2024-05-17 10:30:00-04:00,177.87,178.54,178.63,178.54,180.42,38.0,22,1d+1h+4h,0.084,True,scratch,-0.11014679774737912
2024-05-17 11:30:00-04:00,179.26,180.4,180.49,180.4,182.3,36.2,21,1d+1h+4h,0.146,False,nofill,0.0
2024-05-17 12:30:00-04:00,177.22,178.54,178.63,178.54,180.49,38.0,22,1d+1h+4h,0.168,False,nofill,0.0
2024-05-17 13:30:00-04:00,176.17,179.01,179.1,179.01,180.94,38.0,22,1d+1h+4h,0.36,False,nofill,0.0
2024-05-17 14:30:00-04:00,177.12,178.54,178.63,178.54,180.43,38.0,22,1d+1h+4h,0.18,False,nofill,0.0
2024-05-17 15:30:00-04:00,177.57,178.54,178.63,178.54,180.35,39.0,23,1d+1h+4h,0.123,False,nofill,0.0
2024-05-20 09:30:00-04:00,174.74,175.6,175.69,175.6,177.57,42.0,26,1d+1h+4h,0.113,True,scratch,-0.11341185972855161
2024-05-20 10:30:00-04:00,174.36,178.54,178.63,178.54,180.5,42.0,24,1d+1h+4h,0.549,False,nofill,0.0
2024-05-20 11:30:00-04:00,174.09,179.01,179.1,179.01,180.93,42.0,24,1d+1h+4h,0.646,False,nofill,0.0
2024-05-20 12:30:00-04:00,174.25,179.01,179.1,179.01,180.89,43.0,25,1d+1h+4h,0.625,False,nofill,0.0
2024-05-20 13:30:00-04:00,174.26,179.01,179.1,179.01,180.84,44.8,26,1d+1h+4h,0.623,True,scratch,-0.10850696640222202
2024-05-20 14:30:00-04:00,174.91,179.01,179.09,179.01,180.76,44.8,26,1d+1h+4h,0.538,True,scratch,-0.10657615918177044
2024-05-20 15:30:00-04:00,174.97,179.01,179.09,179.01,180.68,44.8,26,1d+1h+4h,0.53,True,scratch,-0.10434513168080528
2024-05-21 09:30:00-04:00,178.13,178.54,178.63,178.54,180.46,44.8,26,1d+1h+4h,0.052,True,scratch,-0.11117269126864615
2024-05-21 10:30:00-04:00,178.9,180.4,180.49,180.4,182.29,42.0,24,1d+1h+4h,0.19,True,target,0.9374247227096566
2024-05-21 11:30:00-04:00,181.85,185.85,185.94,185.85,187.9,29.6,16,1d+1h+4h,0.503,True,scratch,-0.11266834126967273
2024-05-21 12:30:00-04:00,181.65,185.85,185.94,185.85,187.88,29.6,16,1d+1h+4h,0.528,True,scratch,-0.11207259949724824
2024-05-21 13:30:00-04:00,184.41,185.85,185.95,185.85,188.03,29.6,16,1d+1h+4h,0.181,True,scratch,-0.11593194811100327
2024-05-21 14:30:00-04:00,184.77,185.85,185.95,185.85,188.04,29.6,16,1d+1h+4h,0.136,True,scratch,-0.11611989995482519
2024-05-21 15:30:00-04:00,186.69,198.92,199.02,198.92,201.12,27.8,13,1d+1h+4h,1.54,False,nofill,0.0
2024-05-22 09:30:00-04:00,181.11,181.9,182.02,181.9,184.42,34.2,19,1d+1h+4h,0.099,True,scratch,-0.12583576292671816
2024-05-22 10:30:00-04:00,180.48,181.9,182.02,181.9,184.38,34.2,19,1d+1h+4h,0.179,False,nofill,0.0
2024-05-22 11:30:00-04:00,180.83,181.9,182.01,181.9,184.26,34.2,19,1d+1h+4h,0.134,False,nofill,0.0
2024-05-22 12:30:00-04:00,179.67,180.4,180.51,180.4,182.7,42.0,24,1d+1h+4h,0.092,False,nofill,0.0
2024-05-22 13:30:00-04:00,178.19,179.01,179.12,179.01,181.28,44.8,26,1d+1h+4h,0.103,True,scratch,-0.12026177158673823
2024-05-22 14:30:00-04:00,179.61,180.4,180.51,180.4,182.63,42.0,24,1d+1h+4h,0.099,True,scratch,-0.11874748163579474
2024-05-22 15:30:00-04:00,180.2,181.9,182.0,181.9,184.07,34.2,19,1d+1h+4h,0.213,False,nofill,0.0
2024-05-23 09:30:00-04:00,176.65,178.09,178.21,178.09,180.55,44.8,26,1d+1h+4h,0.179,False,nofill,0.0
2024-05-23 10:30:00-04:00,176.5,178.54,178.66,178.54,180.96,44.8,26,1d+1h+4h,0.254,False,nofill,0.0
2024-05-23 11:30:00-04:00,177.75,178.54,178.65,178.54,180.89,44.8,26,1d+1h+4h,0.098,False,nofill,0.0
2024-05-23 12:30:00-04:00,177.02,178.09,178.2,178.09,180.39,44.8,26,1d+1h+4h,0.133,False,nofill,0.0
2024-05-23 13:30:00-04:00,173.54,178.54,178.65,178.54,180.95,44.8,26,1d+1h+4h,0.623,False,nofill,0.0
2024-05-23 14:30:00-04:00,173.72,178.54,178.65,178.54,180.84,44.8,26,1d+1h+4h,0.6,True,scratch,-0.12117740988726311
2024-05-23 15:30:00-04:00,173.74,178.54,178.64,178.54,180.73,44.8,26,1d+1h+4h,0.598,True,scratch,-0.11833638438026872
2024-05-24 09:30:00-04:00,177.82,178.54,178.65,178.54,180.89,44.8,26,1d+1h+4h,0.091,True,scratch,-0.1226569391227228
2024-05-24 10:30:00-04:00,178.49,179.01,179.12,179.01,181.38,44.8,26,1d+1h+4h,0.066,True,scratch,-0.12300876613264844
2024-05-24 11:30:00-04:00,178.81,180.4,180.51,180.4,182.69,43.0,25,1d+1h+4h,0.201,False,nofill,0.0
2024-05-24 12:30:00-04:00,179.05,180.4,180.51,180.4,182.59,43.0,25,1d+1h+4h,0.171,False,nofill,0.0
2024-05-24 13:30:00-04:00,179.8,180.4,180.5,180.4,182.51,43.0,25,1d+1h+4h,0.076,False,nofill,0.0
2024-05-24 14:30:00-04:00,179.52,180.4,180.5,180.4,182.44,43.0,25,1d+1h+4h,0.112,False,nofill,0.0
2024-05-24 15:30:00-04:00,179.34,180.4,180.5,180.4,182.38,43.0,25,1d+1h+4h,0.134,False,nofill,0.0
2024-05-28 09:30:00-04:00,175.56,179.01,179.12,179.01,181.31,44.8,26,1d+1h+4h,0.444,False,nofill,0.0
2024-05-28 10:30:00-04:00,176.09,179.01,179.12,179.01,181.28,44.8,26,1d+1h+4h,0.375,False,nofill,0.0
2024-05-28 11:30:00-04:00,177.3,178.54,178.65,178.54,180.83,45.8,27,1d+1h+4h,0.159,False,nofill,0.0
2024-05-28 12:30:00-04:00,176.02,179.01,179.12,179.01,181.25,45.8,27,1d+1h+4h,0.384,False,nofill,0.0
2024-05-28 13:30:00-04:00,175.34,178.54,178.64,178.54,180.73,45.8,27,1d+1h+4h,0.411,False,nofill,0.0
2024-05-28 14:30:00-04:00,176.3,178.54,178.64,178.54,180.7,45.8,27,1d+1h+4h,0.288,False,nofill,0.0
2024-05-28 15:30:00-04:00,176.74,178.54,178.64,178.54,180.6,45.8,27,1d+1h+4h,0.231,False,nofill,0.0
2024-05-29 09:30:00-04:00,175.5,178.54,178.65,178.54,180.77,45.8,27,1d+1h+4h,0.404,False,nofill,0.0
2024-05-29 10:30:00-04:00,175.21,178.54,178.64,178.54,180.72,45.8,27,1d+1h+4h,0.442,False,nofill,0.0
2024-05-29 11:30:00-04:00,176.11,178.54,178.64,178.54,180.69,45.8,27,1d+1h+4h,0.323,False,nofill,0.0
2024-05-29 12:30:00-04:00,176.83,178.54,178.64,178.54,180.65,45.8,27,1d+1h+4h,0.227,False,nofill,0.0
2024-05-29 13:30:00-04:00,176.44,178.54,178.64,178.54,180.58,45.8,27,1d+1h+4h,0.279,True,scratch,-0.11420458895456953
2024-05-29 14:30:00-04:00,177.62,178.54,178.64,178.54,180.54,45.8,27,1d+1h+4h,0.122,True,scratch,-0.1133590714622934
2024-05-29 15:30:00-04:00,176.21,178.54,178.64,178.54,180.55,45.8,27,1d+1h+4h,0.31,True,scratch,-0.1134626140318229
2024-05-30 09:30:00-04:00,181.06,185.85,185.96,185.85,188.19,35.4,19,1d+1h+4h,0.637,False,nofill,0.0
2024-05-30 10:30:00-04:00,176.7,178.54,178.67,178.54,181.17,45.8,27,1d+1h+4h,0.245,True,scratch,-0.1301507076046704
2024-05-30 11:30:00-04:00,176.87,178.54,178.66,178.54,181.1,45.8,27,1d+1h+4h,0.222,True,scratch,-0.12806677978778325
2024-05-30 12:30:00-04:00,178.39,179.01,179.13,179.01,181.55,41.8,25,1d+1h+4h,0.083,True,scratch,-0.12736188825790418
2024-05-30 13:30:00-04:00,179.52,180.4,180.52,180.4,182.88,41.0,25,1d+1h+4h,0.118,False,nofill,0.0
2024-05-30 14:30:00-04:00,178.94,180.4,180.52,180.4,182.83,41.0,25,1d+1h+4h,0.195,False,nofill,0.0
2024-05-30 15:30:00-04:00,178.83,180.4,180.52,180.4,182.78,41.0,25,1d+1h+4h,0.21,False,nofill,0.0
2024-05-31 09:30:00-04:00,177.54,178.54,178.66,178.54,181.01,42.8,26,1d+1h+4h,0.134,False,nofill,0.0
2024-05-31 10:30:00-04:00,175.45,178.54,178.66,178.54,181.01,42.8,26,1d+1h+4h,0.416,False,nofill,0.0
2024-05-31 11:30:00-04:00,174.81,178.54,178.66,178.54,180.98,42.8,26,1d+1h+4h,0.501,False,nofill,0.0
2024-05-31 12:30:00-04:00,175.94,178.54,178.65,178.54,180.91,43.8,27,1d+1h+4h,0.35,False,nofill,0.0
2024-05-31 13:30:00-04:00,175.67,178.54,178.65,178.54,180.8,43.8,27,1d+1h+4h,0.386,True,scratch,-0.12029620150484366
2024-05-31 14:30:00-04:00,175.69,178.54,178.64,178.54,180.71,43.8,27,1d+1h+4h,0.383,True,scratch,-0.11778764757881532
2024-05-31 15:30:00-04:00,178.06,178.54,178.65,178.54,180.76,43.8,27,1d+1h+4h,0.065,True,scratch,-0.11907248189116926
2024-06-03 09:30:00-04:00,180.42,185.85,185.96,185.85,188.31,35.4,19,1d+1h+4h,0.725,False,nofill,0.0
2024-06-03 10:30:00-04:00,179.05,180.32,180.44,180.32,182.8,42.0,26,1d+1h+4h,0.17,False,nofill,0.0
2024-06-03 11:30:00-04:00,176.35,178.54,178.66,178.54,181.11,46.8,28,1d+1h+4h,0.293,False,nofill,0.0
2024-06-03 12:30:00-04:00,175.79,178.54,178.66,178.54,181.09,46.8,28,1d+1h+4h,0.367,False,nofill,0.0
2024-06-03 13:30:00-04:00,176.39,178.54,178.66,178.54,181.0,46.8,28,1d+1h+4h,0.288,False,nofill,0.0
2024-06-03 14:30:00-04:00,176.57,178.54,178.65,178.54,180.9,46.8,28,1d+1h+4h,0.263,False,nofill,0.0
2024-06-03 15:30:00-04:00,176.38,178.54,178.65,178.54,180.82,46.8,28,1d+1h+4h,0.289,False,nofill,0.0
2024-06-04 09:30:00-04:00,174.97,178.54,178.65,178.54,180.88,43.8,27,1d+1h+4h,0.494,False,nofill,0.0
2024-06-04 10:30:00-04:00,176.06,178.54,178.65,178.54,180.85,43.8,27,1d+1h+4h,0.343,False,nofill,0.0
2024-06-04 11:30:00-04:00,175.65,178.54,178.65,178.54,180.81,43.8,27,1d+1h+4h,0.4,False,nofill,0.0
2024-06-04 12:30:00-04:00,175.66,178.54,178.64,178.54,180.72,44.8,28,1d+1h+4h,0.399,False,nofill,0.0
2024-06-04 13:30:00-04:00,176.81,178.54,178.64,178.54,180.69,44.8,28,1d+1h+4h,0.24,False,nofill,0.0
2024-06-04 14:30:00-04:00,175.74,178.54,178.64,178.54,180.7,44.8,28,1d+1h+4h,0.388,False,nofill,0.0
2024-06-04 15:30:00-04:00,174.72,178.54,178.64,178.54,180.63,44.8,28,1d+1h+4h,0.529,False,nofill,0.0
2024-06-05 09:30:00-04:00,173.93,174.49,174.59,174.49,176.67,44.8,30,1d+1h+4h,0.08,True,scratch,-0.11928879804744552
2024-06-05 10:30:00-04:00,175.09,178.54,178.64,178.54,180.67,43.8,27,1d+1h+4h,0.493,False,nofill,0.0
2024-06-05 11:30:00-04:00,175.53,178.54,178.64,178.54,180.59,43.8,27,1d+1h+4h,0.43,False,nofill,0.0
2024-06-05 12:30:00-04:00,175.55,178.54,178.63,178.54,180.52,43.8,27,1d+1h+4h,0.428,False,nofill,0.0
2024-06-05 13:30:00-04:00,174.9,178.54,178.63,178.54,180.45,43.8,27,1d+1h+4h,0.521,False,nofill,0.0
2024-06-05 14:30:00-04:00,174.7,178.54,178.63,178.54,180.38,43.8,27,1d+1h+4h,0.549,False,nofill,0.0
2024-06-05 15:30:00-04:00,174.96,178.54,178.62,178.54,180.31,43.8,27,1d+1h+4h,0.512,False,nofill,0.0
2024-06-06 09:30:00-04:00,173.78,174.49,174.58,174.49,176.44,45.8,31,1d+1h+4h,0.102,True,scratch,-0.11323111947062481
2024-06-06 10:30:00-04:00,174.44,174.81,174.9,174.81,176.72,45.8,31,1d+1h+4h,0.053,True,target,0.9809823197870937
2024-06-06 11:30:00-04:00,175.9,178.54,178.63,178.54,180.44,43.8,27,1d+1h+4h,0.378,True,scratch,-0.11056047931295998
2024-06-06 12:30:00-04:00,177.99,178.54,178.63,178.54,180.49,43.8,27,1d+1h+4h,0.079,True,scratch,-0.11183252430820856
2024-06-06 13:30:00-04:00,178.29,179.01,179.1,179.01,180.95,41.0,25,1d+1h+4h,0.103,True,scratch,-0.11160971141960241
2024-06-06 14:30:00-04:00,178.59,179.01,179.1,179.01,180.89,41.0,25,1d+1h+4h,0.06,True,scratch,-0.1099555764477067
2024-06-06 15:30:00-04:00,177.94,178.54,178.63,178.54,180.38,43.8,27,1d+1h+4h,0.086,True,scratch,-0.10903870361994583
2024-06-07 09:30:00-04:00,178.39,179.01,179.1,179.01,180.96,41.0,25,1d+1h+4h,0.092,True,scratch,-0.11179098412181787
2024-06-07 10:30:00-04:00,178.34,179.01,179.1,179.01,180.95,41.0,25,1d+1h+4h,0.099,False,nofill,0.0
2024-06-07 11:30:00-04:00,178.46,179.01,179.1,179.01,180.88,41.0,25,1d+1h+4h,0.082,False,nofill,0.0
2024-06-07 12:30:00-04:00,177.49,178.54,178.63,178.54,180.39,44.8,28,1d+1h+4h,0.155,False,nofill,0.0
2024-06-07 13:30:00-04:00,176.25,178.54,178.63,178.54,180.43,44.8,28,1d+1h+4h,0.339,False,nofill,0.0
2024-06-07 14:30:00-04:00,177.33,178.54,178.63,178.54,180.39,44.8,28,1d+1h+4h,0.179,False,nofill,0.0
2024-06-07 15:30:00-04:00,177.4,178.54,178.63,178.54,180.33,44.8,28,1d+1h+4h,0.169,False,nofill,0.0
2024-06-10 09:30:00-04:00,176.75,178.54,178.63,178.54,180.42,46.6,29,1d+1h+4h,0.268,False,nofill,0.0
2024-06-10 10:30:00-04:00,175.94,178.54,178.63,178.54,180.41,46.6,29,1d+1h+4h,0.389,False,nofill,0.0
2024-06-10 11:30:00-04:00,175.76,178.54,178.63,178.54,180.34,46.6,29,1d+1h+4h,0.417,False,nofill,0.0
2024-06-10 12:30:00-04:00,174.86,178.57,178.66,178.57,180.37,47.6,30,1d+1h+4h,0.557,False,nofill,0.0
2024-06-10 13:30:00-04:00,173.73,178.57,178.66,178.57,180.36,47.6,30,1d+1h+4h,0.726,False,nofill,0.0
2024-06-10 14:30:00-04:00,175.0,178.54,178.63,178.54,180.34,47.6,30,1d+1h+4h,0.531,False,nofill,0.0
2024-06-10 15:30:00-04:00,173.79,178.57,178.65,178.57,180.35,47.6,30,1d+1h+4h,0.717,False,nofill,0.0
2024-06-11 09:30:00-04:00,169.76,178.54,178.64,178.54,180.72,47.6,30,1d+1h+4h,1.309,False,nofill,0.0
2024-06-11 10:30:00-04:00,168.41,178.57,178.67,178.57,180.74,47.6,30,1d+1h+4h,1.513,False,nofill,0.0
2024-06-11 11:30:00-04:00,167.84,178.57,178.67,178.57,180.71,47.6,30,1d+1h+4h,1.598,False,nofill,0.0
2024-06-11 12:30:00-04:00,168.68,178.54,178.64,178.54,180.65,47.6,30,1d+1h+4h,1.469,False,nofill,0.0
2024-06-11 13:30:00-04:00,170.03,178.54,178.64,178.54,180.61,47.6,30,1d+1h+4h,1.268,False,nofill,0.0
2024-06-11 14:30:00-04:00,169.68,178.54,178.64,178.54,180.54,47.6,30,1d+1h+4h,1.32,False,nofill,0.0
2024-06-11 15:30:00-04:00,170.58,178.54,178.63,178.54,180.51,47.6,30,1d+1h+4h,1.186,True,scratch,-0.11249247702603826
2024-06-12 09:30:00-04:00,175.89,178.57,178.68,178.57,180.86,48.6,31,1d+1h+4h,0.383,True,scratch,-0.12095470019105603
2024-06-12 10:30:00-04:00,178.41,179.01,179.12,179.01,181.34,44.8,28,1d+1h+4h,0.086,True,scratch,-0.12199737336242578
2024-06-12 11:30:00-04:00,178.93,180.4,180.52,180.4,182.76,43.8,27,1d+1h+4h,0.21,True,scratch,-0.12208586365495266
2024-06-12 12:30:00-04:00,178.96,180.4,180.51,180.4,182.69,43.8,27,1d+1h+4h,0.206,True,scratch,-0.12023924010138298
2024-06-12 13:30:00-04:00,180.33,185.86,185.97,185.86,188.2,35.4,19,1d+1h+4h,0.79,True,scratch,-0.11985849119166003
2024-06-12 14:30:00-04:00,178.06,178.57,178.68,178.57,180.92,48.6,31,1d+1h+4h,0.074,True,target,1.194055468772559
2024-06-12 15:30:00-04:00,177.19,178.57,178.68,178.57,180.87,48.6,31,1d+1h+4h,0.197,True,target,1.1656162283946836
2024-06-13 09:30:00-04:00,185.06,185.85,186.0,185.85,189.02,35.4,19,1d+1h+4h,0.105,False,nofill,0.0
2024-06-13 10:30:00-04:00,183.87,186.01,186.16,186.01,189.2,35.4,19,1d+1h+4h,0.286,False,nofill,0.0
2024-06-13 11:30:00-04:00,184.46,185.85,185.99,185.85,188.98,35.4,19,1d+1h+4h,0.185,False,nofill,0.0
2024-06-13 12:30:00-04:00,183.75,186.01,186.16,186.01,189.09,35.4,19,1d+1h+4h,0.302,False,nofill,0.0
2024-06-13 13:30:00-04:00,184.47,185.85,185.99,185.85,188.8,35.4,19,1d+1h+4h,0.184,True,scratch,-0.1355670705331491
2024-06-13 14:30:00-04:00,182.56,185.85,185.98,185.85,188.76,35.4,19,1d+1h+4h,0.439,True,scratch,-0.13458282510695474
2024-06-13 15:30:00-04:00,182.56,185.85,185.98,185.85,188.68,35.4,19,1d+1h+4h,0.439,True,scratch,-0.13255656902468882
2024-06-14 09:30:00-04:00,179.21,180.32,180.47,180.32,183.54,45.8,29,1d+1h+4h,0.146,False,nofill,0.0
2024-06-14 10:30:00-04:00,179.17,180.32,180.47,180.32,183.4,45.8,29,1d+1h+4h,0.151,False,nofill,0.0
2024-06-14 11:30:00-04:00,178.85,180.32,180.47,180.32,183.37,45.8,29,1d+1h+4h,0.193,False,nofill,0.0
2024-06-14 12:30:00-04:00,179.16,180.32,180.46,180.32,183.25,45.8,29,1d+1h+4h,0.153,False,nofill,0.0
2024-06-14 13:30:00-04:00,177.93,178.54,178.68,178.54,181.4,52.6,33,1d+1h+4h,0.08,True,scratch,-0.13608886232332473
2024-06-14 14:30:00-04:00,178.64,180.32,180.45,180.32,183.06,45.8,29,1d+1h+4h,0.221,True,target,1.3858171351896598
2024-06-14 15:30:00-04:00,177.96,178.54,178.66,178.54,181.15,52.6,33,1d+1h+4h,0.076,True,target,1.3311241647106398
2024-06-17 09:30:00-04:00,181.97,185.86,185.99,185.86,188.68,36.4,20,1d+1h+4h,0.493,True,scratch,-0.13217537574199412
2024-06-17 10:30:00-04:00,185.58,186.0,186.14,186.0,188.97,36.4,20,1d+1h+4h,0.053,True,scratch,-0.1360163252850266
2024-06-17 11:30:00-04:00,186.17,186.88,187.02,186.88,189.78,33.6,18,1d+1h+4h,0.09,True,scratch,-0.13387805494823324
2024-06-17 12:30:00-04:00,187.14,187.56,187.7,187.56,190.47,32.4,18,1d+1h+4h,0.053,True,scratch,-0.13373263638293276
2024-06-17 13:30:00-04:00,187.1,187.56,187.7,187.56,190.42,32.4,18,1d+1h+4h,0.058,True,scratch,-0.1325350412738069
2024-06-17 14:30:00-04:00,188.42,204.16,204.29,204.16,206.99,36.2,19,1d+1h+4h,1.992,False,nofill,0.0
2024-06-17 15:30:00-04:00,187.52,188.69,188.82,188.69,191.43,30.4,18,1d+1h+4h,0.148,False,nofill,0.0
2024-06-18 09:30:00-04:00,183.47,186.0,186.14,186.0,188.86,36.4,20,1d+1h+4h,0.328,False,nofill,0.0
2024-06-18 10:30:00-04:00,183.27,186.0,186.13,186.0,188.79,36.4,20,1d+1h+4h,0.355,False,nofill,0.0
2024-06-18 11:30:00-04:00,184.67,185.85,185.98,185.85,188.59,36.4,20,1d+1h+4h,0.153,False,nofill,0.0
2024-06-18 12:30:00-04:00,184.67,185.85,185.97,185.85,188.51,36.4,20,1d+1h+4h,0.153,False,nofill,0.0
2024-06-18 13:30:00-04:00,185.04,185.85,185.97,185.85,188.43,36.4,20,1d+1h+4h,0.105,False,nofill,0.0
2024-06-18 14:30:00-04:00,184.43,185.85,185.96,185.85,188.3,36.4,20,1d+1h+4h,0.184,False,nofill,0.0
2024-06-18 15:30:00-04:00,184.88,185.85,185.96,185.85,188.19,36.4,20,1d+1h+4h,0.125,False,nofill,0.0
2024-06-20 09:30:00-04:00,182.46,186.0,186.12,186.0,188.52,37.4,21,1d+1h+4h,0.469,False,nofill,0.0
2024-06-20 10:30:00-04:00,182.8,186.01,186.13,186.01,188.51,37.4,21,1d+1h+4h,0.425,False,nofill,0.0
2024-06-20 11:30:00-04:00,181.72,187.06,187.18,187.06,189.51,37.4,21,1d+1h+4h,0.707,False,nofill,0.0
2024-06-20 12:30:00-04:00,180.19,181.9,182.01,181.9,184.31,40.0,24,1d+1h+4h,0.227,False,nofill,0.0
2024-06-20 13:30:00-04:00,181.15,181.9,182.01,181.9,184.27,40.0,24,1d+1h+4h,0.099,True,scratch,-0.1218327940887165
2024-06-20 14:30:00-04:00,181.09,181.9,182.01,181.9,184.19,40.0,24,1d+1h+4h,0.108,True,scratch,-0.11980852676847231
2024-06-20 15:30:00-04:00,181.52,181.9,182.01,181.9,184.12,40.0,24,1d+1h+4h,0.05,True,scratch,-0.11792877649867695
2024-06-21 09:30:00-04:00,181.74,185.85,185.96,185.85,188.15,37.4,21,1d+1h+4h,0.567,False,nofill,0.0
2024-06-21 10:30:00-04:00,182.21,186.0,186.11,186.0,188.32,37.4,21,1d+1h+4h,0.524,False,nofill,0.0
2024-06-21 11:30:00-04:00,182.64,187.06,187.17,187.06,189.3,37.4,21,1d+1h+4h,0.611,False,nofill,0.0
2024-06-21 12:30:00-04:00,181.47,186.01,186.12,186.01,188.22,37.4,21,1d+1h+4h,0.627,False,nofill,0.0
2024-06-21 13:30:00-04:00,182.0,186.0,186.1,186.0,188.14,37.4,21,1d+1h+4h,0.552,True,scratch,-0.11459233290759263
2024-06-21 14:30:00-04:00,181.94,186.0,186.1,186.0,188.04,37.4,21,1d+1h+4h,0.56,True,scratch,-0.11226550965128812
2024-06-21 15:30:00-04:00,183.04,186.01,186.11,186.01,188.06,37.4,21,1d+1h+4h,0.41,True,scratch,-0.11245029871779222
2024-06-24 09:30:00-04:00,183.97,187.06,187.17,187.06,189.37,37.4,21,1d+1h+4h,0.431,False,nofill,0.0
2024-06-24 10:30:00-04:00,184.79,185.85,185.96,185.85,188.21,37.4,21,1d+1h+4h,0.147,False,nofill,0.0
2024-06-24 11:30:00-04:00,185.28,185.85,185.95,185.85,188.12,37.4,21,1d+1h+4h,0.08,False,nofill,0.0
2024-06-24 12:30:00-04:00,183.5,187.06,187.17,187.06,189.32,38.4,22,1d+1h+4h,0.497,False,nofill,0.0
2024-06-24 13:30:00-04:00,183.34,187.06,187.16,187.06,189.24,38.4,22,1d+1h+4h,0.519,False,nofill,0.0
2024-06-24 14:30:00-04:00,184.3,187.06,187.16,187.06,189.17,38.4,22,1d+1h+4h,0.386,False,nofill,0.0
2024-06-24 15:30:00-04:00,182.66,187.06,187.16,187.06,189.15,38.4,22,1d+1h+4h,0.614,True,scratch,-0.11320996056559673
2024-06-25 09:30:00-04:00,186.11,187.06,187.17,187.06,189.38,38.4,22,1d+1h+4h,0.134,True,scratch,-0.11893998547566342
2024-06-25 10:30:00-04:00,185.96,187.06,187.17,187.06,189.36,38.4,22,1d+1h+4h,0.155,True,scratch,-0.11842852500020262
2024-06-25 11:30:00-04:00,185.97,187.06,187.17,187.06,189.36,38.4,22,1d+1h+4h,0.154,True,scratch,-0.1185253546718279
2024-06-25 12:30:00-04:00,185.48,187.06,187.17,187.06,189.31,38.4,22,1d+1h+4h,0.223,True,scratch,-0.1173002078752372
2024-06-25 13:30:00-04:00,186.82,187.56,187.67,187.56,189.81,38.0,22,1d+1h+4h,0.104,True,scratch,-0.11712144105076039
2024-06-25 14:30:00-04:00,187.57,190.14,190.24,190.14,192.34,36.0,22,1d+1h+4h,0.363,True,target,1.0397102790477009
2024-06-25 15:30:00-04:00,187.43,190.14,190.24,190.14,192.26,36.0,22,1d+1h+4h,0.383,True,target,1.0002020849667614
2024-06-26 09:30:00-04:00,192.18,206.86,206.98,206.86,209.41,43.4,19,1d+1h+4h,1.987,False,nofill,0.0
2024-06-26 10:30:00-04:00,193.09,207.1,207.22,207.1,209.62,43.4,19,1d+1h+4h,1.896,False,nofill,0.0
2024-06-26 11:30:00-04:00,194.53,207.1,207.22,207.1,209.65,43.4,19,1d+1h+4h,1.7,False,nofill,0.0
2024-06-26 12:30:00-04:00,194.92,207.1,207.22,207.1,209.63,43.4,19,1d+1h+4h,1.648,False,nofill,0.0
2024-06-26 13:30:00-04:00,196.04,207.1,207.22,207.1,209.6,43.4,19,1d+1h+4h,1.495,False,nofill,0.0
2024-06-26 14:30:00-04:00,196.64,207.1,207.21,207.1,209.53,43.4,19,1d+1h+4h,1.416,False,nofill,0.0
2024-06-26 15:30:00-04:00,196.4,207.1,207.21,207.1,209.47,43.4,19,1d+1h+4h,1.447,False,nofill,0.0
2024-06-27 09:30:00-04:00,196.81,207.1,207.22,207.1,209.64,42.4,18,1d+1h+4h,1.429,False,nofill,0.0
2024-06-27 10:30:00-04:00,194.82,207.1,207.22,207.1,209.64,42.4,18,1d+1h+4h,1.706,False,nofill,0.0
2024-06-27 11:30:00-04:00,196.05,207.1,207.22,207.1,209.62,42.4,18,1d+1h+4h,1.535,False,nofill,0.0
2024-06-27 12:30:00-04:00,196.72,207.1,207.21,207.1,209.52,42.4,18,1d+1h+4h,1.442,False,nofill,0.0
2024-06-27 13:30:00-04:00,195.86,207.1,207.21,207.1,209.49,42.4,18,1d+1h+4h,1.562,False,nofill,0.0
2024-06-27 14:30:00-04:00,196.9,207.1,207.21,207.1,209.42,42.4,18,1d+1h+4h,1.417,False,nofill,0.0
2024-06-27 15:30:00-04:00,197.4,207.1,207.2,207.1,209.35,42.4,18,1d+1h+4h,1.347,False,nofill,0.0
2024-06-28 09:30:00-04:00,200.42,207.1,207.22,207.1,209.6,42.4,18,1d+1h+4h,0.921,False,nofill,0.0
2024-06-28 10:30:00-04:00,200.87,207.1,207.22,207.1,209.64,42.4,18,1d+1h+4h,0.859,False,nofill,0.0
2024-06-28 11:30:00-04:00,197.57,207.1,207.22,207.1,209.77,42.4,18,1d+1h+4h,1.314,False,nofill,0.0
2024-06-28 12:30:00-04:00,196.84,207.1,207.22,207.1,209.76,42.4,18,1d+1h+4h,1.415,False,nofill,0.0
2024-06-28 13:30:00-04:00,196.77,207.1,207.22,207.1,209.66,42.4,18,1d+1h+4h,1.424,True,target,1.1171865766156808
2024-06-28 14:30:00-04:00,196.1,207.1,207.21,207.1,209.56,42.4,18,1d+1h+4h,1.517,True,target,1.0717088150439036
2024-06-28 15:30:00-04:00,198.0,207.1,207.22,207.1,209.6,42.4,18,1d+1h+4h,1.255,True,target,1.0883583639480054
2024-07-01 09:30:00-04:00,209.8,216.28,216.43,216.28,219.5,24.6,13,1d+1h+4h,0.828,False,nofill,0.0
2024-07-01 10:30:00-04:00,210.36,216.28,216.44,216.28,219.56,24.6,13,1d+1h+4h,0.756,False,nofill,0.0
2024-07-01 11:30:00-04:00,210.23,216.28,216.43,216.28,219.48,24.6,13,1d+1h+4h,0.773,False,nofill,0.0
2024-07-01 12:30:00-04:00,209.78,216.28,216.43,216.28,219.4,24.6,13,1d+1h+4h,0.83,False,nofill,0.0
2024-07-01 13:30:00-04:00,212.18,226.67,226.82,226.67,229.88,26.4,14,1d+1h+4h,1.851,True,target,1.288207853003076
2024-07-01 14:30:00-04:00,210.63,216.28,216.43,216.28,219.51,24.6,13,1d+1h+4h,0.722,True,target,1.3598362063119707
2024-07-01 15:30:00-04:00,209.86,216.28,216.43,216.28,219.48,24.6,13,1d+1h+4h,0.82,True,target,1.3484384900841917
2024-07-02 09:30:00-04:00,229.44,231.9,232.11,231.9,236.35,40.6,19,1d+1h+4h,0.28,False,nofill,0.0
2024-07-02 10:30:00-04:00,229.58,231.9,232.11,231.9,236.32,40.6,19,1d+1h+4h,0.264,False,nofill,0.0
2024-07-02 11:30:00-04:00,229.02,231.9,232.11,231.9,236.24,40.6,19,1d+1h+4h,0.327,False,nofill,0.0
2024-07-02 12:30:00-04:00,227.34,231.9,232.1,231.9,236.12,40.6,19,1d+1h+4h,0.518,False,nofill,0.0
2024-07-02 13:30:00-04:00,228.89,231.9,232.1,231.9,236.08,41.6,20,1d+1h+4h,0.342,True,target,1.6536986498176143
2024-07-02 14:30:00-04:00,228.58,231.9,232.09,231.9,235.91,41.6,20,1d+1h+4h,0.377,True,target,1.5854806861075543
2024-07-02 15:30:00-04:00,231.24,231.9,232.09,231.9,235.84,41.6,20,1d+1h+4h,0.075,True,target,1.5540943864393864
2024-07-03 09:30:00-04:00,244.56,252.75,252.97,252.75,257.41,34.8,16,1d+1h+4h,0.872,False,nofill,0.0
2024-07-03 10:30:00-04:00,242.14,252.75,252.98,252.75,257.61,34.8,16,1d+1h+4h,1.13,False,nofill,0.0
2024-07-03 11:30:00-04:00,244.97,252.75,252.99,252.75,257.71,34.8,16,1d+1h+4h,0.828,False,nofill,0.0
2024-07-05 09:30:00-04:00,246.66,252.75,253.0,252.75,258.1,34.8,16,1d+1h+4h,0.646,False,nofill,0.0
2024-07-05 10:30:00-04:00,248.43,252.75,253.0,252.75,258.08,34.8,16,1d+1h+4h,0.459,False,nofill,0.0
2024-07-05 11:30:00-04:00,245.86,252.75,253.0,252.75,257.98,34.8,16,1d+1h+4h,0.731,False,nofill,0.0
2024-07-05 12:30:00-04:00,246.64,252.75,252.99,252.75,257.84,35.8,17,1d+1h+4h,0.647,False,nofill,0.0
2024-07-05 13:30:00-04:00,249.22,252.75,252.99,252.75,257.77,35.8,17,1d+1h+4h,0.375,True,scratch,-0.15437901546060395
2024-07-05 14:30:00-04:00,250.52,252.75,252.98,252.75,257.65,35.8,17,1d+1h+4h,0.236,True,scratch,-0.15225180635942692
2024-07-05 15:30:00-04:00,251.42,252.75,252.98,252.75,257.48,35.8,17,1d+1h+4h,0.141,True,scratch,-0.14897958321746785
2024-07-08 09:30:00-04:00,250.52,253.68,253.92,253.68,258.79,38.8,18,1d+1h+4h,0.322,True,target,1.855701318907288
2024-07-08 10:30:00-04:00,256.26,258.74,258.99,258.74,263.96,24.4,12,1d+1h+4h,0.252,True,scratch,-0.15599118295991365
2024-07-08 11:30:00-04:00,256.15,258.74,258.98,258.74,263.88,24.4,12,1d+1h+4h,0.264,False,nofill,0.0
2024-07-08 12:30:00-04:00,251.93,253.68,253.93,253.68,259.02,38.8,18,1d+1h+4h,0.178,True,scratch,-0.16003913306574802
2024-07-08 13:30:00-04:00,251.82,253.68,253.92,253.68,258.8,38.8,18,1d+1h+4h,0.19,True,scratch,-0.15598839897428274
2024-07-08 14:30:00-04:00,252.9,253.68,253.92,253.68,258.66,38.8,18,1d+1h+4h,0.08,True,scratch,-0.15333617815992406
2024-07-08 15:30:00-04:00,252.91,253.68,253.92,253.68,258.64,38.8,18,1d+1h+4h,0.078,True,target,1.799414115283371
2024-07-09 09:30:00-04:00,256.08,258.74,258.99,258.74,263.94,25.4,13,1d+1h+4h,0.261,True,scratch,-0.15550820089169637
2024-07-09 10:30:00-04:00,258.71,259.44,259.69,259.44,264.65,25.4,13,1d+1h+4h,0.071,True,target,1.850590134032748
2024-07-09 11:30:00-04:00,264.27,265.1,265.35,265.1,270.45,20.8,8,1d+1h+4h,0.081,True,scratch,-0.1559795322768398
2024-07-09 12:30:00-04:00,260.47,261.18,261.43,261.18,266.52,20.8,10,1d+1h+4h,0.07,True,scratch,-0.1571125397233475
2024-07-09 13:30:00-04:00,262.97,264.0,264.26,264.0,269.36,20.8,8,1d+1h+4h,0.101,True,scratch,-0.1565178156865743
2024-07-09 14:30:00-04:00,262.6,263.34,263.59,263.34,268.5,20.8,8,1d+1h+4h,0.073,True,scratch,-0.15307411171158192
2024-07-09 15:30:00-04:00,262.41,263.34,263.57,263.34,268.27,20.8,8,1d+1h+4h,0.091,True,scratch,-0.14902821010785994
2024-07-10 09:30:00-04:00,259.18,259.84,260.08,259.84,264.91,22.6,11,1d+1h+4h,0.065,True,target,1.7960007328924776
2024-07-10 10:30:00-04:00,261.97,263.34,263.58,263.34,268.46,20.8,8,1d+1h+4h,0.135,True,scratch,-0.15250950061033164
2024-07-10 11:30:00-04:00,263.7,264.21,264.45,264.21,269.18,20.8,8,1d+1h+4h,0.05,True,scratch,-0.14948027031761457
2024-07-10 12:30:00-04:00,265.2,265.72,265.95,265.72,270.5,21.8,9,1d+1h+4h,0.051,True,scratch,-0.14550408421546424
2024-07-10 13:30:00-04:00,266.0,276.99,277.21,276.99,281.64,12.0,4,1d,1.08,False,nofill,0.0
2024-07-10 14:30:00-04:00,265.5,266.33,266.55,266.33,270.87,21.8,9,1d+1h+4h,0.082,True,scratch,-0.1409404290323324
2024-07-10 15:30:00-04:00,263.26,264.0,264.21,264.0,268.4,21.8,9,1d+1h+4h,0.073,True,scratch,-0.1391843768994372
2024-07-11 09:30:00-04:00,266.23,278.98,279.2,278.98,283.69,15.0,5,1d,1.091,False,nofill,0.0
2024-07-11 10:30:00-04:00,261.79,266.33,266.57,266.33,271.28,27.8,11,1d+1h+4h,0.389,False,nofill,0.0
2024-07-11 11:30:00-04:00,247.31,254.17,254.46,254.17,260.36,38.8,18,1d+1h+4h,0.587,False,nofill,0.0
2024-07-11 12:30:00-04:00,248.07,253.88,254.18,253.88,260.12,38.8,18,1d+1h+4h,0.497,False,nofill,0.0
2024-07-11 13:30:00-04:00,243.77,254.17,254.47,254.17,260.46,38.8,18,1d+1h+4h,0.89,False,nofill,0.0
2024-07-11 14:30:00-04:00,240.46,252.75,253.05,252.75,259.0,38.8,18,1d+1h+4h,1.051,False,nofill,0.0
2024-07-11 15:30:00-04:00,240.87,252.75,253.04,252.75,258.85,38.8,18,1d+1h+4h,1.016,False,nofill,0.0
2024-07-12 09:30:00-04:00,246.46,254.17,254.49,254.17,260.95,40.6,19,1d+1h+4h,0.632,False,nofill,0.0
2024-07-12 10:30:00-04:00,249.18,254.17,254.49,254.17,260.87,40.6,19,1d+1h+4h,0.409,False,nofill,0.0
2024-07-12 11:30:00-04:00,249.52,254.17,254.48,254.17,260.63,40.6,19,1d+1h+4h,0.381,False,nofill,0.0
2024-07-12 12:30:00-04:00,249.67,254.17,254.46,254.17,260.36,40.6,19,1d+1h+4h,0.369,False,nofill,0.0
2024-07-12 13:30:00-04:00,250.95,254.17,254.45,254.17,260.05,40.6,19,1d+1h+4h,0.264,True,target,2.1413758235313107
2024-07-12 14:30:00-04:00,250.35,254.17,254.44,254.17,259.78,41.6,20,1d+1h+4h,0.313,True,target,2.0395112154275585
2024-07-12 15:30:00-04:00,248.33,254.17,254.43,254.17,259.61,41.6,20,1d+1h+4h,0.479,True,target,1.9754650360676917
2024-07-15 09:30:00-04:00,264.23,266.33,266.63,266.33,272.64,27.8,11,1d+1h+4h,0.168,False,nofill,0.0
2024-07-15 10:30:00-04:00,261.98,263.34,263.63,263.34,269.51,30.8,12,1d+1h+4h,0.108,False,nofill,0.0
2024-07-15 11:30:00-04:00,259.89,263.34,263.63,263.34,269.5,30.8,12,1d+1h+4h,0.275,False,nofill,0.0
2024-07-15 12:30:00-04:00,260.55,263.34,263.62,263.34,269.27,30.8,12,1d+1h+4h,0.222,False,nofill,0.0
2024-07-15 13:30:00-04:00,259.4,263.34,263.61,263.34,269.04,31.8,13,1d+1h+4h,0.314,False,nofill,0.0
2024-07-15 14:30:00-04:00,255.6,257.18,257.45,257.18,262.8,34.4,16,1d+1h+4h,0.126,True,scratch,-0.1637791478835693
2024-07-15 15:30:00-04:00,252.77,254.12,254.38,254.12,259.64,41.6,20,1d+1h+4h,0.107,True,scratch,-0.1632099839830592
2024-07-16 09:30:00-04:00,247.69,254.17,254.46,254.17,260.26,41.6,20,1d+1h+4h,0.515,True,scratch,-0.17378991344340067
2024-07-16 10:30:00-04:00,251.89,254.12,254.41,254.12,260.2,41.6,20,1d+1h+4h,0.177,True,scratch,-0.17365058602430983
2024-07-16 11:30:00-04:00,250.72,254.12,254.4,254.12,260.08,41.6,20,1d+1h+4h,0.27,True,scratch,-0.1714964295137178
2024-07-16 12:30:00-04:00,254.53,257.18,257.47,257.18,263.11,34.4,16,1d+1h+4h,0.211,True,scratch,-0.1694810593253826
2024-07-16 13:30:00-04:00,256.44,257.18,257.45,257.18,262.89,34.4,16,1d+1h+4h,0.059,True,scratch,-0.16546245706534624
2024-07-16 14:30:00-04:00,255.99,257.18,257.44,257.18,262.67,34.4,16,1d+1h+4h,0.095,True,scratch,-0.1614397541904955
2024-07-16 15:30:00-04:00,256.44,257.18,257.43,257.18,262.41,34.4,16,1d+1h+4h,0.059,True,scratch,-0.15658213196284576
2024-07-17 09:30:00-04:00,251.01,254.12,254.38,254.12,259.58,41.6,20,1d+1h+4h,0.248,True,scratch,-0.16216569045527374
2024-07-17 10:30:00-04:00,250.02,254.12,254.38,254.12,259.64,41.6,20,1d+1h+4h,0.326,False,nofill,0.0
2024-07-17 11:30:00-04:00,247.73,254.12,254.38,254.12,259.53,41.6,20,1d+1h+4h,0.509,False,nofill,0.0
2024-07-17 12:30:00-04:00,249.9,254.12,254.37,254.12,259.32,41.6,20,1d+1h+4h,0.336,False,nofill,0.0
2024-07-17 13:30:00-04:00,248.02,254.12,254.36,254.12,259.24,41.6,20,1d+1h+4h,0.486,True,scratch,-0.1558404884726583
2024-07-17 14:30:00-04:00,248.89,254.12,254.36,254.12,259.1,41.6,20,1d+1h+4h,0.416,True,scratch,-0.15324482883758428
2024-07-17 15:30:00-04:00,248.49,254.12,254.35,254.12,258.93,41.6,20,1d+1h+4h,0.448,True,scratch,-0.15003810189448963
2024-07-18 09:30:00-04:00,254.38,257.18,257.43,257.18,262.29,35.4,17,1d+1h+4h,0.226,False,nofill,0.0
2024-07-18 10:30:00-04:00,253.53,254.17,254.41,254.17,259.3,41.6,20,1d+1h+4h,0.052,True,scratch,-0.15601407657411803
2024-07-18 11:30:00-04:00,253.91,254.82,255.06,254.82,259.83,37.6,18,1d+1h+4h,0.073,True,scratch,-0.15360242638066124
2024-07-18 12:30:00-04:00,255.96,257.18,257.42,257.18,262.1,35.4,17,1d+1h+4h,0.099,False,nofill,0.0
2024-07-18 13:30:00-04:00,250.77,254.12,254.36,254.12,259.11,41.6,20,1d+1h+4h,0.27,False,nofill,0.0
2024-07-18 14:30:00-04:00,248.61,254.12,254.35,254.12,259.03,41.6,20,1d+1h+4h,0.445,False,nofill,0.0
2024-07-18 15:30:00-04:00,249.28,254.17,254.4,254.17,258.93,42.6,21,1d+1h+4h,0.395,False,nofill,0.0
2024-07-19 09:30:00-04:00,241.76,254.12,254.36,254.12,259.11,42.6,21,1d+1h+4h,0.998,False,nofill,0.0
2024-07-19 10:30:00-04:00,240.28,254.12,254.36,254.12,259.07,42.6,21,1d+1h+4h,1.117,False,nofill,0.0
2024-07-19 11:30:00-04:00,238.96,254.12,254.35,254.12,258.94,42.6,21,1d+1h+4h,1.224,False,nofill,0.0
2024-07-19 12:30:00-04:00,239.27,254.17,254.39,254.17,258.84,42.6,21,1d+1h+4h,1.203,False,nofill,0.0
2024-07-19 13:30:00-04:00,239.17,254.12,254.33,254.12,258.61,42.6,21,1d+1h+4h,1.207,False,nofill,0.0
2024-07-19 14:30:00-04:00,240.53,254.17,254.38,254.17,258.55,42.6,21,1d+1h+4h,1.101,False,nofill,0.0
2024-07-19 15:30:00-04:00,239.26,254.17,254.37,254.17,258.41,42.6,21,1d+1h+4h,1.203,False,nofill,0.0
2024-07-22 09:30:00-04:00,246.39,254.17,254.4,254.17,259.03,42.6,21,1d+1h+4h,0.622,False,nofill,0.0
2024-07-22 10:30:00-04:00,246.34,254.17,254.4,254.17,258.96,42.6,21,1d+1h+4h,0.626,False,nofill,0.0
2024-07-22 11:30:00-04:00,249.36,254.17,254.39,254.17,258.88,42.6,21,1d+1h+4h,0.385,False,nofill,0.0
2024-07-22 12:30:00-04:00,250.96,254.12,254.34,254.12,258.66,43.6,22,1d+1h+4h,0.252,False,nofill,0.0
2024-07-22 13:30:00-04:00,251.4,254.12,254.33,254.12,258.47,43.6,22,1d+1h+4h,0.218,True,scratch,-0.14129520915276972
2024-07-22 14:30:00-04:00,251.94,254.12,254.32,254.12,258.35,43.6,22,1d+1h+4h,0.174,True,scratch,-0.13905345608737907
2024-07-22 15:30:00-04:00,251.69,254.12,254.31,254.12,258.16,43.6,22,1d+1h+4h,0.194,True,scratch,-0.13551391780881605
2024-07-23 09:30:00-04:00,248.98,254.12,254.33,254.12,258.47,43.6,22,1d+1h+4h,0.416,False,nofill,0.0
2024-07-23 10:30:00-04:00,249.08,254.12,254.33,254.12,258.46,43.6,22,1d+1h+4h,0.409,False,nofill,0.0
2024-07-23 11:30:00-04:00,247.02,254.17,254.37,254.17,258.46,43.6,22,1d+1h+4h,0.58,False,nofill,0.0
2024-07-23 12:30:00-04:00,247.5,254.12,254.32,254.12,258.25,43.6,22,1d+1h+4h,0.537,False,nofill,0.0
2024-07-23 13:30:00-04:00,247.27,254.12,254.31,254.12,258.07,43.6,22,1d+1h+4h,0.555,False,nofill,0.0
2024-07-23 14:30:00-04:00,249.37,254.17,254.35,254.17,258.01,43.6,22,1d+1h+4h,0.389,False,nofill,0.0
2024-07-23 15:30:00-04:00,246.38,254.17,254.35,254.17,257.97,43.6,22,1d+1h+4h,0.632,False,nofill,0.0
2024-07-24 09:30:00-04:00,217.06,234.01,234.29,234.01,239.92,65.6,34,1d+1h+4h,1.235,False,nofill,0.0
2024-07-24 10:30:00-04:00,218.01,234.01,234.28,234.01,239.72,65.6,34,1d+1h+4h,1.166,False,nofill,0.0
2024-07-24 11:30:00-04:00,221.26,234.01,234.28,234.01,239.66,65.6,34,1d+1h+4h,0.929,False,nofill,0.0
2024-07-24 12:30:00-04:00,220.77,234.01,234.27,234.01,239.42,65.6,34,1d+1h+4h,0.965,False,nofill,0.0
2024-07-24 13:30:00-04:00,219.9,234.01,234.26,234.01,239.28,65.6,34,1d+1h+4h,1.029,False,nofill,0.0
2024-07-24 14:30:00-04:00,217.8,234.01,234.25,234.01,239.12,65.6,34,1d+1h+4h,1.182,False,nofill,0.0
2024-07-24 15:30:00-04:00,215.5,234.01,234.25,234.01,239.03,65.6,34,1d+1h+4h,1.349,False,nofill,0.0
2024-07-25 09:30:00-04:00,224.36,233.09,233.35,233.09,238.42,63.0,31,1d+1h+4h,0.649,False,nofill,0.0
2024-07-25 10:30:00-04:00,222.6,233.09,233.34,233.09,238.29,63.0,31,1d+1h+4h,0.78,False,nofill,0.0
2024-07-25 11:30:00-04:00,223.58,233.09,233.33,233.09,238.12,63.0,31,1d+1h+4h,0.707,False,nofill,0.0
2024-07-25 12:30:00-04:00,223.8,233.09,233.32,233.09,237.96,63.0,31,1d+1h+4h,0.691,False,nofill,0.0
2024-07-25 13:30:00-04:00,224.84,233.09,233.31,233.09,237.79,63.0,31,1d+1h+4h,0.613,False,nofill,0.0
2024-07-25 14:30:00-04:00,224.23,233.09,233.31,233.09,237.7,63.0,31,1d+1h+4h,0.659,False,nofill,0.0
2024-07-25 15:30:00-04:00,220.25,233.09,233.31,233.09,237.71,63.0,31,1d+1h+4h,0.954,False,nofill,0.0
2024-07-26 09:30:00-04:00,216.74,233.09,233.32,233.09,237.88,60.0,30,1d+1h+4h,1.259,False,nofill,0.0
2024-07-26 10:30:00-04:00,216.52,233.09,233.31,233.09,237.71,60.0,30,1d+1h+4h,1.276,False,nofill,0.0
2024-07-26 11:30:00-04:00,219.64,233.09,233.31,233.09,237.69,60.0,30,1d+1h+4h,1.036,False,nofill,0.0
2024-07-26 12:30:00-04:00,221.9,233.09,233.3,233.09,237.55,60.0,30,1d+1h+4h,0.861,False,nofill,0.0
2024-07-26 13:30:00-04:00,220.46,233.09,233.3,233.09,237.44,60.0,30,1d+1h+4h,0.972,False,nofill,0.0
2024-07-26 14:30:00-04:00,220.25,233.09,233.29,233.09,237.26,60.0,30,1d+1h+4h,0.989,True,scratch,-0.14498730786336456
2024-07-26 15:30:00-04:00,219.96,233.09,233.28,233.09,237.06,60.0,30,1d+1h+4h,1.011,True,scratch,-0.14102423454045443
2024-07-29 09:30:00-04:00,232.49,233.87,234.09,233.87,238.55,62.6,33,1d+1h+4h,0.105,True,scratch,-0.15517656519675738
2024-07-29 10:30:00-04:00,229.32,233.09,233.32,233.09,237.89,63.0,31,1d+1h+4h,0.288,True,scratch,-0.15797139251719772
2024-07-29 11:30:00-04:00,230.94,233.09,233.32,233.09,237.87,63.0,31,1d+1h+4h,0.164,True,scratch,-0.15752009124216926
2024-07-29 12:30:00-04:00,231.18,233.09,233.31,233.09,237.77,63.0,31,1d+1h+4h,0.146,False,nofill,0.0
2024-07-29 13:30:00-04:00,231.38,233.09,233.3,233.09,237.59,64.0,32,1d+1h+4h,0.131,False,nofill,0.0
2024-07-29 14:30:00-04:00,230.5,233.09,233.3,233.09,237.47,64.0,32,1d+1h+4h,0.198,False,nofill,0.0
2024-07-29 15:30:00-04:00,232.13,233.09,233.29,233.09,237.34,64.0,32,1d+1h+4h,0.073,False,nofill,0.0
2024-07-30 09:30:00-04:00,231.09,234.27,234.48,234.27,238.63,63.6,34,1d+1h+4h,0.244,False,nofill,0.0
2024-07-30 10:30:00-04:00,226.71,234.27,234.48,234.27,238.74,63.6,34,1d+1h+4h,0.58,False,nofill,0.0
2024-07-30 11:30:00-04:00,221.98,234.27,234.49,234.27,238.84,63.6,34,1d+1h+4h,0.942,False,nofill,0.0
2024-07-30 12:30:00-04:00,223.22,234.27,234.48,234.27,238.76,63.6,34,1d+1h+4h,0.847,False,nofill,0.0
2024-07-30 13:30:00-04:00,222.68,234.27,234.48,234.27,238.6,65.4,35,1d+1h+4h,0.889,True,scratch,-0.1477958205424068
2024-07-30 14:30:00-04:00,221.23,234.27,234.47,234.27,238.47,65.4,35,1d+1h+4h,1.0,True,scratch,-0.14527011903429088
2024-07-30 15:30:00-04:00,222.5,234.27,234.47,234.27,238.45,65.4,35,1d+1h+4h,0.902,True,scratch,-0.14484134895219603
2024-07-31 09:30:00-04:00,230.5,234.27,234.5,234.27,239.07,65.4,35,1d+1h+4h,0.291,False,nofill,0.0
2024-07-31 10:30:00-04:00,231.75,234.27,234.49,234.27,238.85,65.4,35,1d+1h+4h,0.194,False,nofill,0.0
2024-07-31 11:30:00-04:00,231.57,234.27,234.48,234.27,238.64,65.4,35,1d+1h+4h,0.208,False,nofill,0.0
2024-07-31 12:30:00-04:00,231.01,234.27,234.47,234.27,238.43,65.4,35,1d+1h+4h,0.251,False,nofill,0.0
2024-07-31 13:30:00-04:00,231.21,234.27,234.46,234.27,238.3,65.4,35,1d+1h+4h,0.236,False,nofill,0.0
2024-07-31 14:30:00-04:00,231.2,234.27,234.46,234.27,238.23,65.4,35,1d+1h+4h,0.236,False,nofill,0.0
2024-07-31 15:30:00-04:00,232.1,234.27,234.45,234.27,238.11,65.4,35,1d+1h+4h,0.167,False,nofill,0.0
2024-08-01 09:30:00-04:00,226.8,233.09,233.28,233.09,237.08,65.8,33,1d+1h+4h,0.472,False,nofill,0.0
2024-08-01 10:30:00-04:00,224.94,233.09,233.28,233.09,237.04,66.8,34,1d+1h+4h,0.612,False,nofill,0.0
2024-08-01 11:30:00-04:00,222.29,233.09,233.28,233.09,237.01,66.8,34,1d+1h+4h,0.811,False,nofill,0.0
2024-08-01 12:30:00-04:00,219.78,233.09,233.27,233.09,236.94,66.8,34,1d+1h+4h,1.0,False,nofill,0.0
2024-08-01 13:30:00-04:00,217.6,233.09,233.27,233.09,236.92,66.8,34,1d+1h+4h,1.163,False,nofill,0.0
2024-08-01 14:30:00-04:00,216.46,233.09,233.27,233.09,236.93,66.8,34,1d+1h+4h,1.249,False,nofill,0.0
2024-08-01 15:30:00-04:00,216.76,233.09,233.27,233.09,236.81,66.8,34,1d+1h+4h,1.226,False,nofill,0.0
2024-08-02 09:30:00-04:00,213.27,233.09,233.28,233.09,237.02,66.8,34,1d+1h+4h,1.507,False,nofill,0.0
2024-08-02 10:30:00-04:00,208.96,233.09,233.29,233.09,237.29,66.8,34,1d+1h+4h,1.834,False,nofill,0.0
2024-08-02 11:30:00-04:00,209.6,233.09,233.29,233.09,237.28,66.8,34,1d+1h+4h,1.786,False,nofill,0.0
2024-08-02 12:30:00-04:00,207.51,233.09,233.29,233.09,237.19,66.8,34,1d+1h+4h,1.944,False,nofill,0.0
2024-08-02 13:30:00-04:00,208.32,233.09,233.28,233.09,237.09,66.8,34,1d+1h+4h,1.883,False,nofill,0.0
2024-08-02 14:30:00-04:00,206.86,233.09,233.28,233.09,237.04,66.8,34,1d+1h+4h,1.994,False,nofill,0.0
2024-08-02 15:30:00-04:00,207.6,233.09,233.27,233.09,236.93,66.8,34,1d+1h+4h,1.938,False,nofill,0.0
2024-08-05 09:30:00-04:00,194.78,205.6,205.85,205.6,210.93,71.0,33,1d+1h+4h,0.771,False,nofill,0.0
2024-08-05 10:30:00-04:00,201.41,205.6,205.87,205.6,211.22,71.0,33,1d+1h+4h,0.298,False,nofill,0.0
2024-08-05 11:30:00-04:00,202.74,205.6,205.86,205.6,211.07,71.0,33,1d+1h+4h,0.204,False,nofill,0.0
2024-08-05 12:30:00-04:00,199.89,205.6,205.86,205.6,210.98,71.0,33,1d+1h+4h,0.407,False,nofill,0.0
2024-08-05 13:30:00-04:00,198.83,205.6,205.85,205.6,210.89,71.0,33,1d+1h+4h,0.482,False,nofill,0.0
2024-08-05 14:30:00-04:00,198.23,205.69,205.94,205.69,210.86,71.0,33,1d+1h+4h,0.531,False,nofill,0.0
2024-08-05 15:30:00-04:00,198.87,205.6,205.84,205.6,210.57,71.0,33,1d+1h+4h,0.479,False,nofill,0.0
2024-08-06 09:30:00-04:00,196.07,205.69,205.94,205.69,210.94,71.0,33,1d+1h+4h,0.698,False,nofill,0.0
2024-08-06 10:30:00-04:00,195.12,205.69,205.93,205.69,210.79,71.0,33,1d+1h+4h,0.767,False,nofill,0.0
2024-08-06 11:30:00-04:00,200.28,205.69,205.94,205.69,210.88,71.0,33,1d+1h+4h,0.392,False,nofill,0.0
2024-08-06 12:30:00-04:00,201.56,205.69,205.93,205.69,210.72,71.0,33,1d+1h+4h,0.299,False,nofill,0.0
2024-08-06 13:30:00-04:00,202.22,205.69,205.92,205.69,210.48,71.0,33,1d+1h+4h,0.252,False,nofill,0.0
2024-08-06 14:30:00-04:00,201.14,205.69,205.91,205.69,210.39,71.0,33,1d+1h+4h,0.331,False,nofill,0.0
2024-08-06 15:30:00-04:00,200.36,205.69,205.9,205.69,210.19,71.0,33,1d+1h+4h,0.387,False,nofill,0.0
2024-08-07 09:30:00-04:00,198.05,205.69,205.91,205.69,210.32,71.0,33,1d+1h+4h,0.56,False,nofill,0.0
2024-08-07 10:30:00-04:00,198.89,205.69,205.91,205.69,210.23,71.0,33,1d+1h+4h,0.498,False,nofill,0.0
2024-08-07 11:30:00-04:00,198.21,205.69,205.9,205.69,210.17,71.0,33,1d+1h+4h,0.548,False,nofill,0.0
2024-08-07 12:30:00-04:00,195.86,205.69,205.9,205.69,210.1,72.0,34,1d+1h+4h,0.72,False,nofill,0.0
2024-08-07 13:30:00-04:00,193.58,205.69,205.9,205.69,210.14,72.0,34,1d+1h+4h,0.887,False,nofill,0.0
2024-08-07 14:30:00-04:00,193.3,205.69,205.9,205.69,210.02,72.0,34,1d+1h+4h,0.908,False,nofill,0.0
2024-08-07 15:30:00-04:00,191.69,205.69,205.89,205.69,209.88,72.0,34,1d+1h+4h,1.026,False,nofill,0.0
2024-08-08 09:30:00-04:00,197.4,205.6,205.81,205.6,209.92,69.0,33,1d+1h+4h,0.616,False,nofill,0.0
2024-08-08 10:30:00-04:00,198.76,205.69,205.89,205.69,209.89,69.0,33,1d+1h+4h,0.521,False,nofill,0.0
2024-08-08 11:30:00-04:00,197.43,205.6,205.79,205.6,209.66,69.0,33,1d+1h+4h,0.613,False,nofill,0.0
2024-08-08 12:30:00-04:00,199.93,205.6,205.79,205.6,209.63,69.0,33,1d+1h+4h,0.426,False,nofill,0.0
2024-08-08 13:30:00-04:00,200.04,205.6,205.78,205.6,209.47,70.8,34,1d+1h+4h,0.418,False,nofill,0.0
2024-08-08 14:30:00-04:00,198.13,205.6,205.78,205.6,209.36,70.8,34,1d+1h+4h,0.561,False,nofill,0.0
2024-08-08 15:30:00-04:00,199.02,205.69,205.86,205.69,209.32,70.8,34,1d+1h+4h,0.501,False,nofill,0.0
2024-08-09 09:30:00-04:00,196.1,205.6,205.78,205.6,209.31,70.8,34,1d+1h+4h,0.744,False,nofill,0.0
2024-08-09 10:30:00-04:00,197.74,205.69,205.87,205.69,209.44,70.8,34,1d+1h+4h,0.622,False,nofill,0.0
2024-08-09 11:30:00-04:00,197.15,205.69,205.86,205.69,209.31,70.8,34,1d+1h+4h,0.668,False,nofill,0.0
2024-08-09 12:30:00-04:00,200.24,205.6,205.77,205.6,209.19,70.8,34,1d+1h+4h,0.42,False,nofill,0.0
2024-08-09 13:30:00-04:00,199.49,205.69,205.86,205.69,209.16,70.8,34,1d+1h+4h,0.485,False,nofill,0.0
2024-08-09 14:30:00-04:00,199.63,205.69,205.85,205.69,209.0,70.8,34,1d+1h+4h,0.474,False,nofill,0.0
2024-08-09 15:30:00-04:00,200.03,205.69,205.84,205.69,208.82,70.8,34,1d+1h+4h,0.443,False,nofill,0.0
2024-08-12 09:30:00-04:00,197.0,205.3,205.46,205.3,208.61,64.8,32,1d+1h+4h,0.678,False,nofill,0.0
2024-08-12 10:30:00-04:00,196.62,205.3,205.45,205.3,208.55,64.8,32,1d+1h+4h,0.709,False,nofill,0.0
2024-08-12 11:30:00-04:00,197.24,205.25,205.4,205.25,208.49,64.8,32,1d+1h+4h,0.654,False,nofill,0.0
2024-08-12 12:30:00-04:00,197.43,205.25,205.4,205.25,208.39,64.8,32,1d+1h+4h,0.639,False,nofill,0.0
2024-08-12 13:30:00-04:00,198.53,205.3,205.45,205.3,208.35,64.8,32,1d+1h+4h,0.553,True,scratch,-0.1306522943992583
2024-08-12 14:30:00-04:00,197.68,205.3,205.44,205.3,208.21,64.8,32,1d+1h+4h,0.622,True,scratch,-0.12746552547306944
2024-08-12 15:30:00-04:00,197.48,205.25,205.38,205.25,208.04,64.8,32,1d+1h+4h,0.635,True,scratch,-0.12473031855426697
2024-08-13 09:30:00-04:00,205.12,206.27,206.43,206.27,209.53,58.2,27,1d+1h+4h,0.094,True,scratch,-0.13505256926399367
2024-08-13 10:30:00-04:00,205.32,206.27,206.42,206.27,209.51,58.2,27,1d+1h+4h,0.078,True,scratch,-0.1346362562630543
2024-08-13 11:30:00-04:00,205.34,206.27,206.42,206.27,209.38,58.2,27,1d+1h+4h,0.077,True,scratch,-0.13161432940282936
2024-08-13 12:30:00-04:00,207.52,231.67,231.82,231.67,234.82,58.2,29,1d+1h+4h,1.982,False,nofill,0.0
2024-08-13 13:30:00-04:00,207.06,231.14,231.29,231.14,234.21,54.2,27,1d+1h+4h,1.976,False,nofill,0.0
2024-08-13 14:30:00-04:00,206.83,231.14,231.28,231.14,234.09,54.2,27,1d+1h+4h,1.995,False,nofill,0.0
2024-08-13 15:30:00-04:00,207.93,232.1,232.24,232.1,234.96,60.0,30,1d+1h+4h,1.984,False,nofill,0.0
2024-08-14 09:30:00-04:00,201.72,205.25,205.4,205.25,208.49,64.8,32,1d+1h+4h,0.294,False,nofill,0.0
2024-08-14 10:30:00-04:00,202.07,205.25,205.4,205.25,208.45,64.8,32,1d+1h+4h,0.265,False,nofill,0.0
2024-08-14 11:30:00-04:00,200.38,205.25,205.4,205.25,208.47,64.8,32,1d+1h+4h,0.406,False,nofill,0.0
2024-08-14 12:30:00-04:00,200.72,205.3,205.45,205.3,208.44,64.8,32,1d+1h+4h,0.381,False,nofill,0.0
2024-08-14 13:30:00-04:00,200.73,205.6,205.74,205.6,208.61,64.8,32,1d+1h+4h,0.406,True,target,1.3320655577011786
2024-08-14 14:30:00-04:00,200.25,205.3,205.44,205.3,208.18,64.8,32,1d+1h+4h,0.421,True,target,1.2754369283025868
2024-08-14 15:30:00-04:00,201.35,205.6,205.73,205.6,208.41,64.8,32,1d+1h+4h,0.354,True,target,1.2389847838006007
2024-08-15 09:30:00-04:00,214.48,234.01,234.18,234.01,237.62,66.4,36,1d+1h+4h,1.603,False,nofill,0.0
2024-08-15 10:30:00-04:00,213.93,234.01,234.18,234.01,237.52,66.4,36,1d+1h+4h,1.648,False,nofill,0.0
2024-08-15 11:30:00-04:00,213.93,234.01,234.17,234.01,237.39,66.4,36,1d+1h+4h,1.648,False,nofill,0.0
2024-08-15 12:30:00-04:00,213.92,234.01,234.16,234.01,237.23,66.4,36,1d+1h+4h,1.648,False,nofill,0.0
2024-08-15 13:30:00-04:00,214.03,234.01,234.16,234.01,237.15,66.4,36,1d+1h+4h,1.639,False,nofill,0.0
2024-08-15 14:30:00-04:00,213.97,234.01,234.15,234.01,237.0,66.4,36,1d+1h+4h,1.645,False,nofill,0.0
2024-08-15 15:30:00-04:00,214.14,234.01,234.15,234.01,236.88,66.4,36,1d+1h+4h,1.631,False,nofill,0.0
2024-08-16 09:30:00-04:00,218.16,234.01,234.17,234.01,237.35,66.4,36,1d+1h+4h,1.326,False,nofill,0.0
2024-08-16 10:30:00-04:00,214.72,234.01,234.17,234.01,237.45,66.4,36,1d+1h+4h,1.613,False,nofill,0.0
2024-08-16 11:30:00-04:00,216.34,234.01,234.17,234.01,237.39,66.4,36,1d+1h+4h,1.478,False,nofill,0.0
2024-08-16 12:30:00-04:00,217.64,234.01,234.17,234.01,237.28,66.4,36,1d+1h+4h,1.369,False,nofill,0.0
2024-08-16 13:30:00-04:00,216.12,234.01,234.16,234.01,237.23,66.4,36,1d+1h+4h,1.496,False,nofill,0.0
2024-08-16 14:30:00-04:00,216.47,234.01,234.16,234.01,237.08,66.4,36,1d+1h+4h,1.467,False,nofill,0.0
2024-08-16 15:30:00-04:00,216.12,234.01,234.15,234.01,236.91,66.4,36,1d+1h+4h,1.496,False,nofill,0.0
2024-08-19 09:30:00-04:00,221.86,233.45,233.61,233.45,236.74,63.8,33,1d+1h+4h,0.987,False,nofill,0.0
2024-08-19 10:30:00-04:00,220.06,233.45,233.61,233.45,236.76,63.8,33,1d+1h+4h,1.14,False,nofill,0.0
2024-08-19 11:30:00-04:00,220.94,233.45,233.6,233.45,236.67,63.8,33,1d+1h+4h,1.066,False,nofill,0.0
2024-08-19 12:30:00-04:00,220.83,233.45,233.6,233.45,236.55,63.8,33,1d+1h+4h,1.075,False,nofill,0.0
2024-08-19 13:30:00-04:00,221.37,233.45,233.59,233.45,236.4,63.8,33,1d+1h+4h,1.029,False,nofill,0.0
2024-08-19 14:30:00-04:00,222.87,233.45,233.59,233.45,236.31,63.8,33,1d+1h+4h,0.901,False,nofill,0.0
2024-08-19 15:30:00-04:00,222.84,233.45,233.58,233.45,236.17,63.8,33,1d+1h+4h,0.904,False,nofill,0.0
2024-08-20 09:30:00-04:00,221.8,233.45,233.6,233.45,236.5,63.8,33,1d+1h+4h,1.011,False,nofill,0.0
2024-08-20 10:30:00-04:00,221.41,233.45,233.6,233.45,236.51,63.8,33,1d+1h+4h,1.045,False,nofill,0.0
2024-08-20 11:30:00-04:00,222.41,233.45,233.59,233.45,236.47,63.8,33,1d+1h+4h,0.958,False,nofill,0.0
2024-08-20 12:30:00-04:00,221.02,233.45,233.6,233.45,236.51,63.8,33,1d+1h+4h,1.079,False,nofill,0.0
2024-08-20 13:30:00-04:00,221.02,233.45,233.59,233.45,236.36,63.8,33,1d+1h+4h,1.079,False,nofill,0.0
2024-08-20 14:30:00-04:00,221.56,233.45,233.58,233.45,236.23,63.8,33,1d+1h+4h,1.032,False,nofill,0.0
2024-08-20 15:30:00-04:00,221.1,233.45,233.58,233.45,236.14,63.8,33,1d+1h+4h,1.072,False,nofill,0.0
2024-08-21 09:30:00-04:00,220.8,232.54,232.68,232.54,235.48,61.0,31,1d+1h+4h,1.057,False,nofill,0.0
2024-08-21 10:30:00-04:00,221.39,232.54,232.68,232.54,235.49,61.0,31,1d+1h+4h,1.004,False,nofill,0.0
2024-08-21 11:30:00-04:00,221.23,232.54,232.68,232.54,235.44,61.0,31,1d+1h+4h,1.018,False,nofill,0.0
2024-08-21 12:30:00-04:00,221.96,232.54,232.67,232.54,235.33,61.0,31,1d+1h+4h,0.952,False,nofill,0.0
2024-08-21 13:30:00-04:00,223.54,232.54,232.67,232.54,235.26,61.0,31,1d+1h+4h,0.81,False,nofill,0.0
2024-08-21 14:30:00-04:00,222.28,232.54,232.67,232.54,235.24,61.0,31,1d+1h+4h,0.923,False,nofill,0.0
2024-08-21 15:30:00-04:00,223.22,232.54,232.66,232.54,235.15,61.0,31,1d+1h+4h,0.839,False,nofill,0.0
2024-08-22 09:30:00-04:00,220.48,232.54,232.68,232.54,235.34,61.0,31,1d+1h+4h,1.063,False,nofill,0.0
2024-08-22 10:30:00-04:00,218.34,232.54,232.67,232.54,235.36,61.0,31,1d+1h+4h,1.251,False,nofill,0.0
2024-08-22 11:30:00-04:00,217.19,232.54,232.68,232.54,235.38,61.0,31,1d+1h+4h,1.353,False,nofill,0.0
2024-08-22 12:30:00-04:00,215.67,232.54,232.67,232.54,235.35,61.0,31,1d+1h+4h,1.487,False,nofill,0.0
2024-08-22 13:30:00-04:00,213.95,232.54,232.68,232.54,235.36,61.0,31,1d+1h+4h,1.638,False,nofill,0.0
2024-08-22 14:30:00-04:00,212.83,232.54,232.67,232.54,235.26,61.0,31,1d+1h+4h,1.736,False,nofill,0.0
2024-08-22 15:30:00-04:00,210.66,232.54,232.67,232.54,235.28,61.0,31,1d+1h+4h,1.928,False,nofill,0.0
2024-08-23 09:30:00-04:00,220.69,232.54,232.7,232.54,235.85,61.0,31,1d+1h+4h,1.047,False,nofill,0.0
2024-08-23 10:30:00-04:00,218.7,232.54,232.71,232.54,236.03,61.0,31,1d+1h+4h,1.224,False,nofill,0.0
2024-08-23 11:30:00-04:00,216.69,232.54,232.71,232.54,236.03,61.0,31,1d+1h+4h,1.401,False,nofill,0.0
2024-08-23 12:30:00-04:00,218.78,232.54,232.71,232.54,236.03,61.0,31,1d+1h+4h,1.216,False,nofill,0.0
2024-08-23 13:30:00-04:00,219.57,232.54,232.7,232.54,235.88,61.0,31,1d+1h+4h,1.146,False,nofill,0.0
2024-08-23 14:30:00-04:00,220.6,232.54,232.7,232.54,235.78,61.0,31,1d+1h+4h,1.056,False,nofill,0.0
2024-08-23 15:30:00-04:00,220.29,232.54,232.69,232.54,235.63,61.0,31,1d+1h+4h,1.083,False,nofill,0.0
2024-08-26 09:30:00-04:00,212.96,232.54,232.71,232.54,235.98,61.0,31,1d+1h+4h,1.753,False,nofill,0.0
2024-08-26 10:30:00-04:00,213.5,232.54,232.7,232.54,235.91,61.0,31,1d+1h+4h,1.705,False,nofill,0.0
2024-08-26 11:30:00-04:00,213.81,232.54,232.7,232.54,235.81,61.0,31,1d+1h+4h,1.677,False,nofill,0.0
2024-08-26 12:30:00-04:00,212.76,232.54,232.69,232.54,235.7,61.0,31,1d+1h+4h,1.771,False,nofill,0.0
2024-08-26 13:30:00-04:00,212.28,232.54,232.69,232.54,235.63,61.0,31,1d+1h+4h,1.814,False,nofill,0.0
2024-08-26 14:30:00-04:00,212.84,232.54,232.68,232.54,235.5,61.0,31,1d+1h+4h,1.763,False,nofill,0.0
2024-08-26 15:30:00-04:00,213.23,232.54,232.68,232.54,235.38,61.0,31,1d+1h+4h,1.729,False,nofill,0.0
2024-08-27 09:30:00-04:00,209.12,230.6,230.76,230.6,233.89,59.0,29,1d+1h+4h,1.954,False,nofill,0.0
2024-08-27 10:30:00-04:00,209.33,230.6,230.75,230.6,233.78,59.0,29,1d+1h+4h,1.935,False,nofill,0.0
2024-08-27 11:30:00-04:00,209.26,230.6,230.75,230.6,233.7,59.0,29,1d+1h+4h,1.941,False,nofill,0.0
2024-08-27 12:30:00-04:00,210.14,230.6,230.74,230.6,233.6,59.0,29,1d+1h+4h,1.861,False,nofill,0.0
2024-08-27 13:30:00-04:00,209.37,230.6,230.74,230.6,233.5,59.0,29,1d+1h+4h,1.931,False,nofill,0.0
2024-08-27 14:30:00-04:00,210.01,230.6,230.73,230.6,233.39,59.0,29,1d+1h+4h,1.873,False,nofill,0.0
2024-08-27 15:30:00-04:00,209.12,230.6,230.73,230.6,233.27,59.0,29,1d+1h+4h,1.954,False,nofill,0.0
2024-08-28 09:30:00-04:00,207.57,208.21,208.34,208.21,211.11,54.0,26,1d+1h+4h,0.059,False,nofill,0.0
2024-08-28 10:30:00-04:00,205.2,206.82,206.96,206.82,209.79,59.2,28,1d+1h+4h,0.149,True,scratch,-0.12817837379893726
2024-08-28 11:30:00-04:00,204.73,206.82,206.96,206.82,209.71,59.2,28,1d+1h+4h,0.192,True,scratch,-0.12653316034649809
2024-08-28 12:30:00-04:00,206.01,206.82,206.96,206.82,209.69,59.2,28,1d+1h+4h,0.075,False,nofill,0.0
2024-08-28 13:30:00-04:00,203.28,206.82,206.96,206.82,209.76,59.2,28,1d+1h+4h,0.326,True,target,1.291352631985232
2024-08-28 14:30:00-04:00,205.42,206.82,206.96,206.82,209.75,59.2,28,1d+1h+4h,0.129,True,target,1.2877643930698568
2024-08-28 15:30:00-04:00,205.55,206.82,206.95,206.82,209.63,59.2,28,1d+1h+4h,0.117,True,target,1.2307034584198684
2024-08-29 09:30:00-04:00,211.51,232.04,232.2,232.04,235.35,57.2,28,1d+1h+4h,1.911,False,nofill,0.0
2024-08-29 10:30:00-04:00,209.95,230.6,230.76,230.6,233.88,52.0,26,1d+1h+4h,1.922,False,nofill,0.0
2024-08-29 11:30:00-04:00,212.3,233.7,233.85,233.7,236.94,60.8,32,1d+1h+4h,1.991,False,nofill,0.0
2024-08-29 12:30:00-04:00,211.7,232.04,232.19,232.04,235.16,57.2,28,1d+1h+4h,1.893,False,nofill,0.0
2024-08-29 13:30:00-04:00,209.04,230.0,230.15,230.0,233.18,46.2,23,1d+1h+4h,1.95,False,nofill,0.0
2024-08-29 14:30:00-04:00,207.32,208.21,208.36,208.21,211.36,54.0,26,1d+1h+4h,0.083,True,target,1.3785775043941628
2024-08-29 15:30:00-04:00,206.28,206.82,206.97,206.82,209.9,59.2,28,1d+1h+4h,0.05,True,target,1.3574913563055624
2024-08-30 09:30:00-04:00,208.78,228.65,228.8,228.65,231.85,42.2,21,1d+1h+4h,1.88,False,nofill,0.0
2024-08-30 10:30:00-04:00,209.64,230.6,230.75,230.6,233.7,52.0,26,1d+1h+4h,1.983,False,nofill,0.0
2024-08-30 11:30:00-04:00,209.17,230.0,230.14,230.0,233.02,46.2,23,1d+1h+4h,1.97,False,nofill,0.0
2024-08-30 12:30:00-04:00,210.48,230.6,230.74,230.6,233.57,52.0,26,1d+1h+4h,1.904,False,nofill,0.0
2024-08-30 13:30:00-04:00,211.02,232.1,232.24,232.1,234.97,57.2,28,1d+1h+4h,1.994,False,nofill,0.0
2024-08-30 14:30:00-04:00,212.31,232.04,232.17,232.04,234.84,57.2,28,1d+1h+4h,1.867,False,nofill,0.0
2024-08-30 15:30:00-04:00,214.1,233.7,233.83,233.7,236.51,60.8,32,1d+1h+4h,1.854,False,nofill,0.0
2024-09-03 09:30:00-04:00,218.08,233.7,233.85,233.7,236.85,60.8,32,1d+1h+4h,1.481,False,nofill,0.0
2024-09-03 10:30:00-04:00,213.4,233.7,233.86,233.7,236.99,60.8,32,1d+1h+4h,1.924,False,nofill,0.0
2024-09-03 11:30:00-04:00,215.63,233.7,233.85,233.7,236.93,60.8,32,1d+1h+4h,1.713,False,nofill,0.0
2024-09-03 12:30:00-04:00,215.07,233.7,233.85,233.7,236.84,60.8,32,1d+1h+4h,1.766,False,nofill,0.0
2024-09-03 13:30:00-04:00,212.03,232.1,232.25,232.1,235.26,57.2,28,1d+1h+4h,1.903,False,nofill,0.0
2024-09-03 14:30:00-04:00,211.48,232.1,232.25,232.1,235.19,57.2,28,1d+1h+4h,1.955,False,nofill,0.0
2024-09-03 15:30:00-04:00,210.64,230.6,230.74,230.6,233.62,52.0,26,1d+1h+4h,1.892,False,nofill,0.0
2024-09-04 09:30:00-04:00,219.42,233.7,233.87,233.7,237.17,60.8,32,1d+1h+4h,1.344,False,nofill,0.0
2024-09-04 10:30:00-04:00,219.81,233.7,233.86,233.7,237.11,60.8,32,1d+1h+4h,1.307,False,nofill,0.0
2024-09-04 11:30:00-04:00,220.74,233.7,233.86,233.7,237.05,60.8,32,1d+1h+4h,1.219,False,nofill,0.0
2024-09-04 12:30:00-04:00,220.96,233.7,233.85,233.7,236.92,60.8,32,1d+1h+4h,1.199,False,nofill,0.0
2024-09-04 13:30:00-04:00,221.21,233.7,233.85,233.7,236.8,60.8,32,1d+1h+4h,1.175,True,scratch,-0.12300463474157475
2024-09-04 14:30:00-04:00,218.59,233.7,233.85,233.7,236.86,60.8,32,1d+1h+4h,1.422,True,scratch,-0.12433274706873387
2024-09-04 15:30:00-04:00,219.45,233.7,233.85,233.7,236.83,60.8,32,1d+1h+4h,1.341,True,scratch,-0.12369363371581565
2024-09-05 09:30:00-04:00,234.03,234.58,234.77,234.58,238.65,56.6,31,1d+1h+4h,0.05,False,nofill,0.0
2024-09-05 10:30:00-04:00,227.66,233.7,233.91,233.7,238.02,60.8,32,1d+1h+4h,0.55,False,nofill,0.0
2024-09-05 11:30:00-04:00,229.88,233.7,233.91,233.7,238.04,60.8,32,1d+1h+4h,0.348,False,nofill,0.0
2024-09-05 12:30:00-04:00,227.47,233.7,233.9,233.7,237.97,61.8,33,1d+1h+4h,0.567,False,nofill,0.0
2024-09-05 13:30:00-04:00,230.13,233.7,233.9,233.7,237.97,61.8,33,1d+1h+4h,0.325,False,nofill,0.0
2024-09-05 14:30:00-04:00,229.28,233.7,233.9,233.7,237.88,61.8,33,1d+1h+4h,0.403,False,nofill,0.0
2024-09-05 15:30:00-04:00,230.18,233.7,233.89,233.7,237.71,61.8,33,1d+1h+4h,0.321,False,nofill,0.0
2024-09-06 09:30:00-04:00,220.74,233.45,233.67,233.45,238.14,64.8,34,1d+1h+4h,1.073,False,nofill,0.0
2024-09-06 10:30:00-04:00,216.83,233.45,233.67,233.45,238.16,64.8,34,1d+1h+4h,1.403,False,nofill,0.0
2024-09-06 11:30:00-04:00,215.16,233.45,233.67,233.45,238.03,64.8,34,1d+1h+4h,1.544,False,nofill,0.0
2024-09-06 12:30:00-04:00,215.88,233.45,233.66,233.45,237.91,64.8,34,1d+1h+4h,1.483,False,nofill,0.0
2024-09-06 13:30:00-04:00,213.58,233.45,233.66,233.45,237.82,66.6,35,1d+1h+4h,1.677,False,nofill,0.0
2024-09-06 14:30:00-04:00,213.61,233.45,233.65,233.45,237.65,66.6,35,1d+1h+4h,1.675,False,nofill,0.0
2024-09-06 15:30:00-04:00,210.71,233.45,233.65,233.45,237.58,66.6,35,1d+1h+4h,1.92,False,nofill,0.0
2024-09-09 09:30:00-04:00,219.17,233.45,233.67,233.45,237.97,66.6,35,1d+1h+4h,1.225,False,nofill,0.0
2024-09-09 10:30:00-04:00,215.61,233.45,233.67,233.45,238.02,66.6,35,1d+1h+4h,1.531,False,nofill,0.0
2024-09-09 11:30:00-04:00,217.55,233.45,233.66,233.45,237.9,66.6,35,1d+1h+4h,1.364,False,nofill,0.0
2024-09-09 12:30:00-04:00,217.72,233.45,233.65,233.45,237.72,66.6,35,1d+1h+4h,1.35,False,nofill,0.0
2024-09-09 13:30:00-04:00,216.95,233.45,233.64,233.45,237.51,66.6,35,1d+1h+4h,1.416,False,nofill,0.0
2024-09-09 14:30:00-04:00,216.42,233.45,233.64,233.45,237.36,66.6,35,1d+1h+4h,1.461,False,nofill,0.0
2024-09-09 15:30:00-04:00,216.48,233.45,233.63,233.45,237.16,66.6,35,1d+1h+4h,1.456,False,nofill,0.0
2024-09-10 09:30:00-04:00,223.64,233.45,233.65,233.45,237.64,69.6,36,1d+1h+4h,0.85,False,nofill,0.0
2024-09-10 10:30:00-04:00,223.75,233.45,233.65,233.45,237.56,69.6,36,1d+1h+4h,0.84,False,nofill,0.0
2024-09-10 11:30:00-04:00,219.04,233.45,233.65,233.45,237.67,69.6,36,1d+1h+4h,1.248,False,nofill,0.0
2024-09-10 12:30:00-04:00,221.01,233.45,233.65,233.45,237.59,69.6,36,1d+1h+4h,1.077,False,nofill,0.0
2024-09-10 13:30:00-04:00,222.96,233.45,233.64,233.45,237.46,69.6,36,1d+1h+4h,0.909,False,nofill,0.0
2024-09-10 14:30:00-04:00,224.74,233.45,233.63,233.45,237.33,69.6,36,1d+1h+4h,0.754,False,nofill,0.0
2024-09-10 15:30:00-04:00,226.13,233.45,233.63,233.45,237.21,69.6,36,1d+1h+4h,0.634,False,nofill,0.0
2024-09-11 09:30:00-04:00,219.01,233.45,233.64,233.45,237.48,69.6,36,1d+1h+4h,1.25,False,nofill,0.0
2024-09-11 10:30:00-04:00,220.02,233.45,233.64,233.45,237.45,69.6,36,1d+1h+4h,1.162,False,nofill,0.0
2024-09-11 11:30:00-04:00,222.43,233.45,233.64,233.45,237.41,69.6,36,1d+1h+4h,0.954,False,nofill,0.0
2024-09-11 12:30:00-04:00,223.1,233.45,233.63,233.45,237.29,69.6,36,1d+1h+4h,0.896,False,nofill,0.0
2024-09-11 13:30:00-04:00,225.38,233.45,233.63,233.45,237.22,69.6,36,1d+1h+4h,0.699,False,nofill,0.0
2024-09-11 14:30:00-04:00,226.72,233.45,233.63,233.45,237.14,69.6,36,1d+1h+4h,0.583,False,nofill,0.0
2024-09-11 15:30:00-04:00,228.09,233.45,233.62,233.45,237.04,69.6,36,1d+1h+4h,0.464,False,nofill,0.0
2024-09-12 09:30:00-04:00,229.4,232.54,232.72,232.54,236.41,66.8,34,1d+1h+4h,0.279,False,nofill,0.0
2024-09-12 10:30:00-04:00,228.13,232.54,232.72,232.54,236.41,66.8,34,1d+1h+4h,0.391,False,nofill,0.0
2024-09-12 11:30:00-04:00,228.94,232.54,232.72,232.54,236.31,66.8,34,1d+1h+4h,0.32,False,nofill,0.0
2024-09-12 12:30:00-04:00,230.16,232.54,232.72,232.54,236.25,67.8,35,1d+1h+4h,0.211,False,nofill,0.0
2024-09-12 13:30:00-04:00,229.55,232.54,232.71,232.54,236.16,67.8,35,1d+1h+4h,0.265,False,nofill,0.0
2024-09-12 14:30:00-04:00,229.79,232.54,232.71,232.54,236.12,67.8,35,1d+1h+4h,0.244,False,nofill,0.0
2024-09-12 15:30:00-04:00,229.83,232.54,232.7,232.54,235.97,67.8,35,1d+1h+4h,0.24,False,nofill,0.0
2024-09-13 09:30:00-04:00,227.76,233.7,233.87,233.7,237.35,67.6,36,1d+1h+4h,0.544,False,nofill,0.0
2024-09-13 10:30:00-04:00,230.64,233.7,233.87,233.7,237.36,67.6,36,1d+1h+4h,0.28,False,nofill,0.0
2024-09-13 11:30:00-04:00,228.55,233.7,233.87,233.7,237.33,67.6,36,1d+1h+4h,0.472,False,nofill,0.0
2024-09-13 12:30:00-04:00,229.16,233.7,233.87,233.7,237.22,67.6,36,1d+1h+4h,0.416,False,nofill,0.0
2024-09-13 13:30:00-04:00,229.04,233.7,233.86,233.7,237.1,67.6,36,1d+1h+4h,0.427,False,nofill,0.0
2024-09-13 14:30:00-04:00,229.62,233.7,233.85,233.7,236.93,67.6,36,1d+1h+4h,0.374,False,nofill,0.0
2024-09-13 15:30:00-04:00,230.27,233.7,233.85,233.7,236.76,67.6,36,1d+1h+4h,0.314,False,nofill,0.0
2024-09-16 09:30:00-04:00,227.36,233.7,233.86,233.7,237.04,67.6,36,1d+1h+4h,0.597,False,nofill,0.0
2024-09-16 10:30:00-04:00,229.12,233.7,233.86,233.7,237.14,67.6,36,1d+1h+4h,0.431,False,nofill,0.0
2024-09-16 11:30:00-04:00,228.11,233.7,233.86,233.7,237.08,67.6,36,1d+1h+4h,0.526,False,nofill,0.0
2024-09-16 12:30:00-04:00,226.69,233.7,233.86,233.7,237.01,67.6,36,1d+1h+4h,0.66,False,nofill,0.0
2024-09-16 13:30:00-04:00,227.56,233.7,233.85,233.7,236.87,69.4,37,1d+1h+4h,0.578,True,scratch,-0.1245572333694156
2024-09-16 14:30:00-04:00,227.74,233.7,233.85,233.7,236.76,69.4,37,1d+1h+4h,0.561,True,scratch,-0.12215935539326983
2024-09-16 15:30:00-04:00,226.75,233.7,233.84,233.7,236.63,69.4,37,1d+1h+4h,0.655,True,scratch,-0.11968857674765632
2024-09-17 09:30:00-04:00,232.58,233.7,233.86,233.7,237.01,66.6,35,1d+1h+4h,0.107,False,nofill,0.0
2024-09-17 10:30:00-04:00,231.98,232.54,232.69,232.54,235.79,66.6,35,1d+1h+4h,0.054,False,nofill,0.0
2024-09-17 11:30:00-04:00,230.12,232.54,232.7,232.54,235.83,66.6,35,1d+1h+4h,0.231,False,nofill,0.0
2024-09-17 12:30:00-04:00,229.6,233.7,233.85,233.7,236.9,67.6,36,1d+1h+4h,0.393,False,nofill,0.0
2024-09-17 13:30:00-04:00,227.78,233.7,233.85,233.7,236.89,67.6,36,1d+1h+4h,0.567,False,nofill,0.0
2024-09-17 14:30:00-04:00,228.06,233.7,233.85,233.7,236.77,67.6,36,1d+1h+4h,0.54,False,nofill,0.0
2024-09-17 15:30:00-04:00,227.89,233.7,233.84,233.7,236.62,67.6,36,1d+1h+4h,0.557,False,nofill,0.0
2024-09-18 09:30:00-04:00,229.34,232.54,232.69,232.54,235.59,66.6,35,1d+1h+4h,0.31,False,nofill,0.0
2024-09-18 10:30:00-04:00,228.23,232.54,232.69,232.54,235.53,66.6,35,1d+1h+4h,0.418,True,scratch,-0.12111383432092948
2024-09-18 11:30:00-04:00,228.9,232.54,232.68,232.54,235.48,66.6,35,1d+1h+4h,0.353,True,scratch,-0.12009190593724739
2024-09-18 12:30:00-04:00,230.14,232.54,232.68,232.54,235.41,67.6,36,1d+1h+4h,0.233,True,scratch,-0.1186685307103752
2024-09-18 13:30:00-04:00,233.37,234.01,234.15,234.01,237.04,63.6,34,1d+1h+4h,0.062,True,scratch,-0.12161717523569981
2024-09-18 14:30:00-04:00,231.14,232.54,232.7,232.54,235.92,67.6,36,1d+1h+4h,0.136,True,target,1.3212856795256078
2024-09-18 15:30:00-04:00,227.17,232.54,232.71,232.54,236.04,67.6,36,1d+1h+4h,0.52,True,target,1.3703782688543553
2024-09-19 09:30:00-04:00,239.47,253.88,254.08,253.88,258.07,42.6,21,1d+1h+4h,1.334,False,nofill,0.0
2024-09-19 10:30:00-04:00,241.77,253.68,253.88,253.68,257.84,42.6,21,1d+1h+4h,1.103,False,nofill,0.0
2024-09-19 11:30:00-04:00,242.59,253.68,253.87,253.68,257.68,42.6,21,1d+1h+4h,1.027,False,nofill,0.0
2024-09-19 12:30:00-04:00,243.32,253.68,253.86,253.68,257.54,42.6,21,1d+1h+4h,0.959,False,nofill,0.0
2024-09-19 13:30:00-04:00,243.94,253.88,254.06,253.88,257.57,42.6,21,1d+1h+4h,0.92,False,nofill,0.0
2024-09-19 14:30:00-04:00,242.84,253.68,253.85,253.68,257.28,42.6,21,1d+1h+4h,1.004,False,nofill,0.0
2024-09-19 15:30:00-04:00,243.85,253.88,254.05,253.88,257.35,42.6,21,1d+1h+4h,0.929,False,nofill,0.0
2024-09-20 09:30:00-04:00,239.73,253.88,254.05,253.88,257.53,42.6,21,1d+1h+4h,1.334,False,nofill,0.0
2024-09-20 10:30:00-04:00,238.13,253.88,254.06,253.88,257.57,42.6,21,1d+1h+4h,1.485,False,nofill,0.0
2024-09-20 11:30:00-04:00,238.94,253.68,253.85,253.68,257.32,42.6,21,1d+1h+4h,1.39,False,nofill,0.0
2024-09-20 12:30:00-04:00,238.21,253.88,254.05,253.88,257.37,42.6,21,1d+1h+4h,1.478,False,nofill,0.0
2024-09-20 13:30:00-04:00,237.79,253.88,254.04,253.88,257.26,42.6,21,1d+1h+4h,1.517,False,nofill,0.0
2024-09-20 14:30:00-04:00,239.92,253.88,254.04,253.88,257.22,42.6,21,1d+1h+4h,1.316,False,nofill,0.0
2024-09-20 15:30:00-04:00,238.26,253.88,254.04,253.88,257.2,42.6,21,1d+1h+4h,1.473,False,nofill,0.0
2024-09-23 09:30:00-04:00,247.84,253.68,253.86,253.68,257.53,42.6,21,1d+1h+4h,0.546,False,nofill,0.0
2024-09-23 10:30:00-04:00,248.23,253.68,253.86,253.68,257.43,42.6,21,1d+1h+4h,0.51,False,nofill,0.0
2024-09-23 11:30:00-04:00,247.87,253.68,253.85,253.68,257.32,42.6,21,1d+1h+4h,0.544,False,nofill,0.0
2024-09-23 12:30:00-04:00,247.7,253.68,253.85,253.68,257.17,42.6,21,1d+1h+4h,0.56,False,nofill,0.0
2024-09-23 13:30:00-04:00,249.3,253.68,253.84,253.68,257.06,42.6,21,1d+1h+4h,0.41,True,scratch,-0.12343870972361115
2024-09-23 14:30:00-04:00,249.26,253.68,253.84,253.68,256.94,42.6,21,1d+1h+4h,0.413,True,scratch,-0.1210167331411216
2024-09-23 15:30:00-04:00,250.0,253.68,253.83,253.68,256.79,42.6,21,1d+1h+4h,0.344,True,scratch,-0.11824036008393213
2024-09-24 09:30:00-04:00,250.68,253.68,253.84,253.68,257.1,42.6,21,1d+1h+4h,0.286,True,scratch,-0.1241856848320455
2024-09-24 10:30:00-04:00,253.46,254.12,254.29,254.12,257.69,37.6,18,1d+1h+4h,0.063,False,nofill,0.0
2024-09-24 11:30:00-04:00,252.28,253.68,253.85,253.68,257.16,42.6,21,1d+1h+4h,0.134,False,nofill,0.0
2024-09-24 12:30:00-04:00,252.43,253.68,253.84,253.68,257.03,42.6,21,1d+1h+4h,0.119,True,scratch,-0.12275837265358636
2024-09-24 13:30:00-04:00,252.35,253.68,253.83,253.68,256.88,42.6,21,1d+1h+4h,0.127,True,scratch,-0.11997728112090877
2024-09-24 14:30:00-04:00,252.56,253.68,253.83,253.68,256.76,42.6,21,1d+1h+4h,0.106,True,scratch,-0.11782137407604365
2024-09-24 15:30:00-04:00,254.38,254.98,255.12,254.98,258.0,34.4,18,1d+1h+4h,0.057,True,scratch,-0.11634081057046997
2024-09-25 09:30:00-04:00,254.64,255.76,255.9,255.76,258.8,31.4,17,1d+1h+4h,0.111,True,scratch,-0.11647943235415514
2024-09-25 10:30:00-04:00,254.03,254.82,254.96,254.82,257.81,34.4,18,1d+1h+4h,0.078,True,scratch,-0.11584419260007861
2024-09-25 11:30:00-04:00,255.5,258.74,258.88,258.74,261.73,27.4,15,1d+1h+4h,0.321,False,nofill,0.0
2024-09-25 12:30:00-04:00,256.11,258.74,258.88,258.74,261.65,27.4,15,1d+1h+4h,0.26,False,nofill,0.0
2024-09-25 13:30:00-04:00,256.05,258.74,258.87,258.74,261.54,29.2,16,1d+1h+4h,0.266,True,scratch,-0.11148653677911513
2024-09-25 14:30:00-04:00,256.23,258.74,258.87,258.74,261.4,29.2,16,1d+1h+4h,0.249,True,scratch,-0.10894637761167392
2024-09-25 15:30:00-04:00,256.99,258.74,258.86,258.74,261.31,29.2,16,1d+1h+4h,0.173,True,scratch,-0.10714571112910853
2024-09-26 09:30:00-04:00,256.19,258.74,258.87,258.74,261.51,29.2,16,1d+1h+4h,0.252,False,nofill,0.0
2024-09-26 10:30:00-04:00,254.29,254.82,254.96,254.82,257.76,36.2,19,1d+1h+4h,0.052,True,scratch,-0.11497386270875598
2024-09-26 11:30:00-04:00,254.6,255.76,255.9,255.76,258.68,33.2,18,1d+1h+4h,0.115,False,nofill,0.0
2024-09-26 12:30:00-04:00,253.28,253.88,254.02,253.88,256.78,38.6,19,1d+1h+4h,0.059,True,scratch,-0.11436751107511967
2024-09-26 13:30:00-04:00,254.31,254.82,254.95,254.82,257.63,36.2,19,1d+1h+4h,0.05,True,scratch,-0.11249612081905003
2024-09-26 14:30:00-04:00,253.74,254.53,254.66,254.53,257.3,37.6,18,1d+1h+4h,0.078,True,scratch,-0.11167367870843492
2024-09-26 15:30:00-04:00,254.17,254.82,254.94,254.82,257.47,36.2,19,1d+1h+4h,0.064,True,scratch,-0.10955246668536978
2024-09-27 09:30:00-04:00,254.81,255.76,255.89,255.76,258.6,33.2,18,1d+1h+4h,0.096,True,target,0.9972265971929462
2024-09-27 10:30:00-04:00,256.78,259.44,259.57,259.44,262.29,30.2,17,1d+1h+4h,0.27,True,scratch,-0.11230329546757511
2024-09-27 11:30:00-04:00,258.99,263.34,263.48,263.34,266.25,25.6,12,1d+1h+4h,0.441,False,nofill,0.0
2024-09-27 12:30:00-04:00,258.79,259.44,259.57,259.44,262.28,30.2,17,1d+1h+4h,0.066,True,scratch,-0.11210127818147564
2024-09-27 13:30:00-04:00,258.73,259.44,259.57,259.44,262.24,30.2,17,1d+1h+4h,0.072,True,scratch,-0.11137646246286437
2024-09-27 14:30:00-04:00,260.64,263.34,263.47,263.34,266.13,27.4,13,1d+1h+4h,0.274,True,scratch,-0.1103855757312644
2024-09-27 15:30:00-04:00,260.46,263.34,263.47,263.34,266.0,27.4,13,1d+1h+4h,0.292,True,scratch,-0.10797184919909553
2024-09-30 09:30:00-04:00,259.63,263.34,263.48,263.34,266.31,27.4,13,1d+1h+4h,0.379,False,nofill,0.0
2024-09-30 10:30:00-04:00,259.49,263.34,263.48,263.34,266.36,27.4,13,1d+1h+4h,0.393,False,nofill,0.0
2024-09-30 11:30:00-04:00,260.72,263.34,263.49,263.34,266.39,27.4,13,1d+1h+4h,0.268,False,nofill,0.0
2024-09-30 12:30:00-04:00,258.52,259.44,259.58,259.44,262.46,30.2,17,1d+1h+4h,0.094,True,scratch,-0.11528103982882953
2024-09-30 13:30:00-04:00,256.87,259.44,259.59,259.44,262.58,30.2,17,1d+1h+4h,0.262,True,scratch,-0.11755858981801204
2024-09-30 14:30:00-04:00,258.72,259.44,259.59,259.44,262.59,30.2,17,1d+1h+4h,0.073,True,scratch,-0.11774954840104712
2024-09-30 15:30:00-04:00,261.6,263.34,263.49,263.34,266.54,28.4,14,1d+1h+4h,0.177,False,nofill,0.0
2024-10-01 09:30:00-04:00,250.13,253.68,253.87,253.68,257.6,45.4,23,1d+1h+4h,0.348,True,scratch,-0.13342215812197633
2024-10-01 10:30:00-04:00,252.24,253.68,253.87,253.68,257.66,45.4,23,1d+1h+4h,0.141,True,scratch,-0.13467192101507264
2024-10-01 11:30:00-04:00,255.05,255.76,255.95,255.76,259.71,33.2,18,1d+1h+4h,0.07,True,scratch,-0.1334305488249532
2024-10-01 12:30:00-04:00,253.08,253.68,253.87,253.68,257.62,45.4,23,1d+1h+4h,0.059,True,target,1.4174904181431636
2024-10-01 13:30:00-04:00,258.67,259.44,259.63,259.44,263.55,30.2,17,1d+1h+4h,0.075,False,nofill,0.0
2024-10-01 14:30:00-04:00,258.09,259.44,259.63,259.44,263.36,30.2,17,1d+1h+4h,0.133,False,nofill,0.0
2024-10-01 15:30:00-04:00,258.01,259.44,259.62,259.44,263.19,30.2,17,1d+1h+4h,0.14,False,nofill,0.0
2024-10-02 09:30:00-04:00,243.17,253.68,253.91,253.68,258.41,45.4,23,1d+1h+4h,0.987,False,nofill,0.0
2024-10-02 10:30:00-04:00,248.73,253.88,254.11,253.88,258.73,45.4,23,1d+1h+4h,0.483,False,nofill,0.0
2024-10-02 11:30:00-04:00,249.34,253.88,254.1,253.88,258.59,45.4,23,1d+1h+4h,0.426,False,nofill,0.0
2024-10-02 12:30:00-04:00,248.58,253.88,254.1,253.88,258.42,45.4,23,1d+1h+4h,0.497,False,nofill,0.0
2024-10-02 13:30:00-04:00,249.09,253.88,254.09,253.88,258.27,45.4,23,1d+1h+4h,0.449,False,nofill,0.0
2024-10-02 14:30:00-04:00,249.96,253.68,253.88,253.68,257.86,45.4,23,1d+1h+4h,0.349,False,nofill,0.0
2024-10-02 15:30:00-04:00,248.98,253.88,254.07,253.88,257.93,45.4,23,1d+1h+4h,0.46,False,nofill,0.0
2024-10-03 09:30:00-04:00,245.94,253.68,253.88,253.68,257.84,45.4,23,1d+1h+4h,0.72,False,nofill,0.0
2024-10-03 10:30:00-04:00,243.63,253.88,254.08,253.88,258.03,45.4,23,1d+1h+4h,0.954,False,nofill,0.0
2024-10-03 11:30:00-04:00,243.0,253.88,254.07,253.88,257.87,45.4,23,1d+1h+4h,1.012,False,nofill,0.0
2024-10-03 12:30:00-04:00,240.25,253.68,253.87,253.68,257.7,45.4,23,1d+1h+4h,1.25,False,nofill,0.0
2024-10-03 13:30:00-04:00,238.7,253.88,254.07,253.88,257.79,45.4,23,1d+1h+4h,1.412,False,nofill,0.0
2024-10-03 14:30:00-04:00,238.92,253.88,254.06,253.88,257.67,45.4,23,1d+1h+4h,1.392,False,nofill,0.0
2024-10-03 15:30:00-04:00,240.7,253.68,253.86,253.68,257.38,45.4,23,1d+1h+4h,1.208,False,nofill,0.0
2024-10-04 09:30:00-04:00,247.21,253.88,254.08,253.88,257.99,45.4,23,1d+1h+4h,0.622,False,nofill,0.0
2024-10-04 10:30:00-04:00,247.75,253.88,254.08,253.88,258.02,45.4,23,1d+1h+4h,0.572,False,nofill,0.0
2024-10-04 11:30:00-04:00,247.31,253.88,254.07,253.88,257.96,45.4,23,1d+1h+4h,0.613,False,nofill,0.0
2024-10-04 12:30:00-04:00,248.65,253.68,253.87,253.68,257.63,45.4,23,1d+1h+4h,0.469,False,nofill,0.0
2024-10-04 13:30:00-04:00,249.18,253.68,253.86,253.68,257.49,45.4,23,1d+1h+4h,0.42,False,nofill,0.0
2024-10-04 14:30:00-04:00,249.9,253.88,254.05,253.88,257.54,45.4,23,1d+1h+4h,0.371,False,nofill,0.0
2024-10-04 15:30:00-04:00,249.98,253.88,254.04,253.88,257.33,45.4,23,1d+1h+4h,0.364,False,nofill,0.0
2024-10-07 09:30:00-04:00,246.54,253.88,254.05,253.88,257.46,45.4,23,1d+1h+4h,0.691,False,nofill,0.0
2024-10-07 10:30:00-04:00,244.22,253.88,254.05,253.88,257.52,45.4,23,1d+1h+4h,0.91,False,nofill,0.0
2024-10-07 11:30:00-04:00,244.89,253.88,254.05,253.88,257.38,45.4,23,1d+1h+4h,0.846,False,nofill,0.0
2024-10-07 12:30:00-04:00,243.95,253.88,254.04,253.88,257.24,45.4,23,1d+1h+4h,0.935,False,nofill,0.0
2024-10-07 13:30:00-04:00,243.72,253.88,254.03,253.88,257.09,45.4,23,1d+1h+4h,0.957,False,nofill,0.0
2024-10-07 14:30:00-04:00,241.74,252.37,252.52,252.37,255.56,45.4,25,1d+1h+4h,1.001,False,nofill,0.0
2024-10-07 15:30:00-04:00,240.84,252.37,252.52,252.37,255.42,45.4,25,1d+1h+4h,1.086,False,nofill,0.0
2024-10-08 09:30:00-04:00,244.16,253.68,253.84,253.68,256.94,45.4,23,1d+1h+4h,0.928,False,nofill,0.0
2024-10-08 10:30:00-04:00,243.89,253.68,253.83,253.68,256.91,45.4,23,1d+1h+4h,0.954,False,nofill,0.0
2024-10-08 11:30:00-04:00,245.17,253.68,253.83,253.68,256.83,45.4,23,1d+1h+4h,0.829,False,nofill,0.0
2024-10-08 12:30:00-04:00,244.31,253.68,253.82,253.68,256.72,45.4,23,1d+1h+4h,0.912,False,nofill,0.0
2024-10-08 13:30:00-04:00,244.39,253.68,253.82,253.68,256.59,45.4,23,1d+1h+4h,0.905,False,nofill,0.0
2024-10-08 14:30:00-04:00,244.45,253.68,253.81,253.68,256.49,45.4,23,1d+1h+4h,0.899,False,nofill,0.0
2024-10-08 15:30:00-04:00,244.55,253.68,253.81,253.68,256.38,45.4,23,1d+1h+4h,0.889,False,nofill,0.0
2024-10-09 09:30:00-04:00,246.21,253.68,253.83,253.68,256.73,45.4,23,1d+1h+4h,0.74,False,nofill,0.0
2024-10-09 10:30:00-04:00,244.27,253.68,253.83,253.68,256.76,45.4,23,1d+1h+4h,0.932,False,nofill,0.0
2024-10-09 11:30:00-04:00,244.65,253.68,253.82,253.68,256.71,45.4,23,1d+1h+4h,0.894,False,nofill,0.0
2024-10-09 12:30:00-04:00,244.31,253.68,253.82,253.68,256.58,45.4,23,1d+1h+4h,0.928,False,nofill,0.0
2024-10-09 13:30:00-04:00,243.46,253.68,253.82,253.68,256.52,45.4,23,1d+1h+4h,1.012,False,nofill,0.0
2024-10-09 14:30:00-04:00,241.48,253.68,253.81,253.68,256.5,45.4,23,1d+1h+4h,1.208,False,nofill,0.0
2024-10-09 15:30:00-04:00,241.03,253.68,253.81,253.68,256.39,45.4,23,1d+1h+4h,1.253,False,nofill,0.0
2024-10-10 09:30:00-04:00,238.42,253.68,253.84,253.68,256.94,45.4,23,1d+1h+4h,1.508,False,nofill,0.0
2024-10-10 10:30:00-04:00,238.91,253.68,253.84,253.68,256.94,45.4,23,1d+1h+4h,1.459,False,nofill,0.0
2024-10-10 11:30:00-04:00,241.09,253.68,253.84,253.68,257.0,45.4,23,1d+1h+4h,1.244,False,nofill,0.0
2024-10-10 12:30:00-04:00,241.8,253.68,253.84,253.68,256.95,45.4,23,1d+1h+4h,1.174,False,nofill,0.0
2024-10-10 13:30:00-04:00,241.24,253.68,253.83,253.68,256.89,45.4,23,1d+1h+4h,1.229,False,nofill,0.0
2024-10-10 14:30:00-04:00,240.93,253.68,253.83,253.68,256.77,45.4,23,1d+1h+4h,1.259,False,nofill,0.0
2024-10-10 15:30:00-04:00,238.74,253.68,253.83,253.68,256.76,45.4,23,1d+1h+4h,1.476,False,nofill,0.0
2024-10-11 09:30:00-04:00,220.52,232.54,232.76,232.54,237.23,72.6,39,1d+1h+4h,1.079,False,nofill,0.0
2024-10-11 10:30:00-04:00,219.57,232.54,232.76,232.54,237.22,72.6,39,1d+1h+4h,1.164,False,nofill,0.0
2024-10-11 11:30:00-04:00,220.56,232.54,232.76,232.54,237.07,72.6,39,1d+1h+4h,1.075,False,nofill,0.0
2024-10-11 12:30:00-04:00,220.0,232.54,232.74,232.54,236.82,72.6,39,1d+1h+4h,1.125,False,nofill,0.0
2024-10-11 13:30:00-04:00,219.3,232.54,232.74,232.54,236.66,72.6,39,1d+1h+4h,1.188,False,nofill,0.0
2024-10-11 14:30:00-04:00,218.98,232.54,232.73,232.54,236.44,72.6,39,1d+1h+4h,1.217,False,nofill,0.0
2024-10-11 15:30:00-04:00,217.69,232.54,232.72,232.54,236.29,72.6,39,1d+1h+4h,1.333,False,nofill,0.0
2024-10-14 09:30:00-04:00,216.82,233.6,233.79,233.6,237.69,72.4,40,1d+1h+4h,1.535,False,nofill,0.0
2024-10-14 10:30:00-04:00,218.54,233.6,233.79,233.6,237.65,72.4,40,1d+1h+4h,1.378,False,nofill,0.0
2024-10-14 11:30:00-04:00,219.5,233.7,233.89,233.7,237.59,72.4,40,1d+1h+4h,1.299,False,nofill,0.0
2024-10-14 12:30:00-04:00,219.29,233.6,233.78,233.6,237.3,72.4,40,1d+1h+4h,1.309,False,nofill,0.0
2024-10-14 13:30:00-04:00,219.79,233.7,233.87,233.7,237.21,72.4,40,1d+1h+4h,1.273,False,nofill,0.0
2024-10-14 14:30:00-04:00,218.96,233.7,233.86,233.7,237.07,72.4,40,1d+1h+4h,1.348,False,nofill,0.0
2024-10-14 15:30:00-04:00,219.15,233.7,233.85,233.7,236.89,72.4,40,1d+1h+4h,1.331,False,nofill,0.0
2024-10-15 09:30:00-04:00,219.93,233.7,233.86,233.7,237.05,72.4,40,1d+1h+4h,1.292,False,nofill,0.0
2024-10-15 10:30:00-04:00,219.99,233.7,233.86,233.7,237.04,72.4,40,1d+1h+4h,1.286,False,nofill,0.0
2024-10-15 11:30:00-04:00,220.56,233.7,233.86,233.7,236.96,72.4,40,1d+1h+4h,1.233,False,nofill,0.0
2024-10-15 12:30:00-04:00,219.83,233.7,233.85,233.7,236.83,72.4,40,1d+1h+4h,1.302,False,nofill,0.0
2024-10-15 13:30:00-04:00,220.17,233.7,233.84,233.7,236.68,72.4,40,1d+1h+4h,1.269,False,nofill,0.0
2024-10-15 14:30:00-04:00,219.4,233.7,233.84,233.7,236.59,72.4,40,1d+1h+4h,1.342,False,nofill,0.0
2024-10-15 15:30:00-04:00,219.67,233.7,233.83,233.7,236.45,72.4,40,1d+1h+4h,1.316,False,nofill,0.0
2024-10-16 09:30:00-04:00,221.16,232.54,232.68,232.54,235.39,68.6,37,1d+1h+4h,1.118,False,nofill,0.0
2024-10-16 10:30:00-04:00,219.88,232.54,232.67,232.54,235.31,68.6,37,1d+1h+4h,1.244,False,nofill,0.0
2024-10-16 11:30:00-04:00,220.87,232.54,232.67,232.54,235.26,68.6,37,1d+1h+4h,1.147,False,nofill,0.0
2024-10-16 12:30:00-04:00,221.0,232.54,232.66,232.54,235.16,68.6,37,1d+1h+4h,1.134,False,nofill,0.0
2024-10-16 13:30:00-04:00,221.72,232.54,232.66,232.54,235.08,68.6,37,1d+1h+4h,1.064,False,nofill,0.0
2024-10-16 14:30:00-04:00,221.47,232.54,232.66,232.54,234.97,68.6,37,1d+1h+4h,1.088,False,nofill,0.0
2024-10-16 15:30:00-04:00,221.36,232.54,232.65,232.54,234.85,68.6,37,1d+1h+4h,1.099,False,nofill,0.0
2024-10-17 09:30:00-04:00,219.46,232.62,232.74,232.62,235.04,65.6,36,1d+1h+4h,1.351,False,nofill,0.0
2024-10-17 10:30:00-04:00,219.52,232.62,232.74,232.62,234.99,65.6,36,1d+1h+4h,1.344,False,nofill,0.0
2024-10-17 11:30:00-04:00,219.72,234.01,234.12,234.01,236.27,65.6,36,1d+1h+4h,1.466,False,nofill,0.0
2024-10-17 12:30:00-04:00,221.08,232.62,232.73,232.62,234.87,65.6,36,1d+1h+4h,1.184,False,nofill,0.0
2024-10-17 13:30:00-04:00,220.27,234.01,234.12,234.01,236.25,65.6,36,1d+1h+4h,1.41,False,nofill,0.0
2024-10-17 14:30:00-04:00,220.05,234.01,234.11,234.01,236.15,65.6,36,1d+1h+4h,1.432,False,nofill,0.0
2024-10-17 15:30:00-04:00,220.89,232.62,232.72,232.62,234.72,65.6,36,1d+1h+4h,1.204,False,nofill,0.0
2024-10-18 09:30:00-04:00,220.24,233.34,233.44,233.34,235.49,62.6,35,1d+1h+4h,1.413,False,nofill,0.0
2024-10-18 10:30:00-04:00,221.88,233.09,233.19,233.09,235.25,62.6,35,1d+1h+4h,1.209,False,nofill,0.0
2024-10-18 11:30:00-04:00,221.42,233.34,233.44,233.34,235.45,62.6,35,1d+1h+4h,1.287,False,nofill,0.0
2024-10-18 12:30:00-04:00,220.94,233.34,233.44,233.34,235.35,62.6,35,1d+1h+4h,1.337,False,nofill,0.0
2024-10-18 13:30:00-04:00,221.35,233.34,233.43,233.34,235.27,62.6,35,1d+1h+4h,1.294,False,nofill,0.0
2024-10-18 14:30:00-04:00,221.49,233.34,233.43,233.34,235.21,62.6,35,1d+1h+4h,1.278,False,nofill,0.0
2024-10-18 15:30:00-04:00,220.72,233.34,233.43,233.34,235.15,62.6,35,1d+1h+4h,1.362,False,nofill,0.0
2024-10-21 09:30:00-04:00,219.4,233.09,233.19,233.09,235.15,62.6,35,1d+1h+4h,1.527,False,nofill,0.0
2024-10-21 10:30:00-04:00,217.78,233.33,233.43,233.33,235.43,62.6,35,1d+1h+4h,1.735,False,nofill,0.0
2024-10-21 11:30:00-04:00,218.56,233.29,233.39,233.29,235.33,62.6,35,1d+1h+4h,1.644,False,nofill,0.0
2024-10-21 12:30:00-04:00,218.21,233.09,233.18,233.09,235.05,62.6,35,1d+1h+4h,1.66,False,nofill,0.0
2024-10-21 13:30:00-04:00,217.54,233.29,233.38,233.29,235.22,62.6,35,1d+1h+4h,1.757,False,nofill,0.0
2024-10-21 14:30:00-04:00,217.86,233.33,233.42,233.33,235.17,62.6,35,1d+1h+4h,1.727,False,nofill,0.0
2024-10-21 15:30:00-04:00,218.9,233.29,233.38,233.29,235.11,62.6,35,1d+1h+4h,1.606,False,nofill,0.0
2024-10-22 09:30:00-04:00,216.68,233.09,233.18,233.09,235.01,61.6,34,1d+1h+4h,1.913,False,nofill,0.0
2024-10-22 10:30:00-04:00,216.28,233.09,233.18,233.09,235.01,61.6,34,1d+1h+4h,1.96,False,nofill,0.0
2024-10-22 11:30:00-04:00,215.58,232.62,232.71,232.62,234.49,57.0,31,1d+1h+4h,1.987,False,nofill,0.0
2024-10-22 12:30:00-04:00,216.7,233.09,233.18,233.09,234.93,61.6,34,1d+1h+4h,1.911,False,nofill,0.0
2024-10-22 13:30:00-04:00,217.73,233.09,233.18,233.09,234.93,61.6,34,1d+1h+4h,1.79,False,nofill,0.0
2024-10-22 14:30:00-04:00,217.86,233.09,233.17,233.09,234.86,61.6,34,1d+1h+4h,1.776,False,nofill,0.0
2024-10-22 15:30:00-04:00,217.91,233.09,233.17,233.09,234.79,61.6,34,1d+1h+4h,1.77,False,nofill,0.0
2024-10-23 09:30:00-04:00,216.32,233.09,233.18,233.09,234.92,61.6,34,1d+1h+4h,1.988,False,nofill,0.0
2024-10-23 10:30:00-04:00,214.77,231.61,231.7,231.61,233.45,54.2,29,1d+1h+4h,1.996,False,nofill,0.0
2024-10-23 11:30:00-04:00,214.81,231.67,231.75,231.67,233.47,54.2,29,1d+1h+4h,1.998,False,nofill,0.0
2024-10-23 12:30:00-04:00,213.38,215.73,215.81,215.73,217.54,47.8,29,1d+1h+4h,0.278,False,nofill,0.0
2024-10-23 13:30:00-04:00,213.6,215.73,215.81,215.73,217.54,47.8,29,1d+1h+4h,0.252,True,target,0.7395390146647918
2024-10-23 14:30:00-04:00,213.67,215.73,215.81,215.73,217.48,47.8,29,1d+1h+4h,0.244,True,target,0.7122108511278036
2024-10-23 15:30:00-04:00,213.56,215.73,215.81,215.73,217.44,47.8,29,1d+1h+4h,0.257,True,target,0.6974151582124888
2024-10-24 09:30:00-04:00,248.94,252.75,252.96,252.75,257.16,48.4,26,1d+1h+4h,0.337,True,scratch,-0.14295145717547753
2024-10-24 10:30:00-04:00,254.11,254.82,255.03,254.82,259.32,42.2,21,1d+1h+4h,0.062,True,scratch,-0.14399210715523303
2024-10-24 11:30:00-04:00,254.96,255.55,255.76,255.55,259.94,39.0,21,1d+1h+4h,0.052,True,target,1.575610817530837
2024-10-24 12:30:00-04:00,256.9,262.78,262.99,262.78,267.12,38.2,17,1d+1h+4h,0.521,False,nofill,0.0
2024-10-24 13:30:00-04:00,257.85,262.78,262.98,262.78,266.98,38.2,17,1d+1h+4h,0.437,True,scratch,-0.13593878237592172
2024-10-24 14:30:00-04:00,259.92,262.78,262.98,262.78,266.89,38.2,17,1d+1h+4h,0.253,True,scratch,-0.1343418947017727
2024-10-24 15:30:00-04:00,260.54,262.78,262.97,262.78,266.79,38.2,17,1d+1h+4h,0.198,True,scratch,-0.13245200078485508
2024-10-25 09:30:00-04:00,267.47,278.98,279.21,278.98,283.76,15.0,5,1d,1.001,False,nofill,0.0
2024-10-25 10:30:00-04:00,266.76,278.98,279.22,278.98,283.92,15.0,5,1d,1.063,False,nofill,0.0
2024-10-25 11:30:00-04:00,267.48,278.98,279.21,278.98,283.79,15.0,5,1d,1.0,False,nofill,0.0
2024-10-25 12:30:00-04:00,267.17,268.94,269.16,268.94,273.62,15.8,7,1d+1h+4h,0.154,True,scratch,-0.14274430916192404
2024-10-25 13:30:00-04:00,266.76,268.94,269.16,268.94,273.55,15.8,7,1d+1h+4h,0.189,True,scratch,-0.14147499417431764
2024-10-25 14:30:00-04:00,267.56,268.94,269.15,268.94,273.4,15.8,7,1d+1h+4h,0.12,True,scratch,-0.1388520054757203
2024-10-25 15:30:00-04:00,269.11,271.0,271.21,271.0,275.31,15.8,7,1d+1h+4h,0.164,True,scratch,-0.13557266068447982
2024-10-28 09:30:00-04:00,271.99,278.98,279.19,278.98,283.49,15.0,5,1d,0.608,False,nofill,0.0
2024-10-28 10:30:00-04:00,272.0,278.98,279.19,278.98,283.37,15.0,5,1d,0.608,False,nofill,0.0
2024-10-28 11:30:00-04:00,270.25,271.0,271.2,271.0,275.3,15.8,7,1d+1h+4h,0.065,False,nofill,0.0
2024-10-28 12:30:00-04:00,269.24,271.0,271.2,271.0,275.18,15.8,7,1d+1h+4h,0.153,False,nofill,0.0
2024-10-28 13:30:00-04:00,267.34,271.0,271.19,271.0,275.09,16.8,8,1d+1h+4h,0.319,False,nofill,0.0
2024-10-28 14:30:00-04:00,264.42,266.33,266.53,266.33,270.42,36.4,16,1d+1h+4h,0.167,False,nofill,0.0
2024-10-28 15:30:00-04:00,262.66,266.33,266.52,266.33,270.32,36.4,16,1d+1h+4h,0.32,False,nofill,0.0
2024-10-29 09:30:00-04:00,261.05,262.78,262.98,262.78,266.95,38.2,17,1d+1h+4h,0.153,False,nofill,0.0
2024-10-29 10:30:00-04:00,259.88,262.78,262.99,262.78,267.07,38.2,17,1d+1h+4h,0.256,False,nofill,0.0
2024-10-29 11:30:00-04:00,257.32,262.78,262.98,262.78,267.0,38.2,17,1d+1h+4h,0.481,False,nofill,0.0
2024-10-29 12:30:00-04:00,258.59,262.78,262.98,262.78,266.95,38.2,17,1d+1h+4h,0.369,False,nofill,0.0
2024-10-29 13:30:00-04:00,259.1,262.78,262.97,262.78,266.8,38.2,17,1d+1h+4h,0.325,False,nofill,0.0
2024-10-29 14:30:00-04:00,259.24,262.78,262.96,262.78,266.59,38.2,17,1d+1h+4h,0.312,True,scratch,-0.12895256416518563
2024-10-29 15:30:00-04:00,259.4,262.78,262.96,262.78,266.46,38.2,17,1d+1h+4h,0.298,True,scratch,-0.12648450927313926
2024-10-30 09:30:00-04:00,262.41,266.33,266.52,266.33,270.24,36.4,16,1d+1h+4h,0.354,False,nofill,0.0
2024-10-30 10:30:00-04:00,262.86,266.33,266.52,266.33,270.16,36.4,16,1d+1h+4h,0.314,False,nofill,0.0
2024-10-30 11:30:00-04:00,261.04,266.33,266.51,266.33,270.1,36.4,16,1d+1h+4h,0.478,False,nofill,0.0
2024-10-30 12:30:00-04:00,262.34,266.33,266.51,266.33,270.01,36.4,16,1d+1h+4h,0.361,False,nofill,0.0
2024-10-30 13:30:00-04:00,261.67,263.35,263.52,263.35,266.92,37.2,18,1d+1h+4h,0.152,False,nofill,0.0
2024-10-30 14:30:00-04:00,259.58,263.34,263.51,263.34,266.93,37.2,18,1d+1h+4h,0.34,False,nofill,0.0
2024-10-30 15:30:00-04:00,257.65,263.34,263.51,263.34,266.85,37.2,18,1d+1h+4h,0.514,False,nofill,0.0
2024-10-31 09:30:00-04:00,254.55,255.32,255.5,255.32,259.11,40.0,22,1d+1h+4h,0.07,False,nofill,0.0
2024-10-31 10:30:00-04:00,251.79,253.68,253.86,253.68,257.55,52.0,28,1d+1h+4h,0.171,False,nofill,0.0
2024-10-31 11:30:00-04:00,252.85,253.68,253.86,253.68,257.45,52.0,28,1d+1h+4h,0.075,False,nofill,0.0
2024-10-31 12:30:00-04:00,252.64,253.68,253.85,253.68,257.31,52.0,28,1d+1h+4h,0.095,False,nofill,0.0
2024-10-31 13:30:00-04:00,250.28,253.68,253.85,253.68,257.29,52.0,28,1d+1h+4h,0.308,True,scratch,-0.12757928079737413
2024-10-31 14:30:00-04:00,250.31,253.68,253.85,253.68,257.17,52.0,28,1d+1h+4h,0.306,True,scratch,-0.12547988063124071
2024-10-31 15:30:00-04:00,249.78,253.68,253.84,253.68,257.09,52.0,28,1d+1h+4h,0.354,True,scratch,-0.12386212867441238
2024-11-01 09:30:00-04:00,252.15,253.88,254.05,253.88,257.37,49.2,26,1d+1h+4h,0.161,False,nofill,0.0
2024-11-01 10:30:00-04:00,252.62,253.68,253.84,253.68,257.13,49.2,26,1d+1h+4h,0.098,False,nofill,0.0
2024-11-01 11:30:00-04:00,248.9,253.88,254.05,253.88,257.41,49.2,26,1d+1h+4h,0.462,False,nofill,0.0
2024-11-01 12:30:00-04:00,248.55,253.88,254.05,253.88,257.35,50.2,27,1d+1h+4h,0.495,False,nofill,0.0
2024-11-01 13:30:00-04:00,248.22,253.88,254.04,253.88,257.25,50.2,27,1d+1h+4h,0.525,False,nofill,0.0
2024-11-01 14:30:00-04:00,249.16,253.88,254.04,253.88,257.17,50.2,27,1d+1h+4h,0.438,False,nofill,0.0
2024-11-01 15:30:00-04:00,248.85,253.88,254.03,253.88,257.02,50.2,27,1d+1h+4h,0.467,False,nofill,0.0
2024-11-04 09:30:00-05:00,246.27,253.88,254.05,253.88,257.55,50.2,27,1d+1h+4h,0.71,False,nofill,0.0
2024-11-04 10:30:00-05:00,246.02,253.88,254.05,253.88,257.53,50.2,27,1d+1h+4h,0.733,False,nofill,0.0
2024-11-04 11:30:00-05:00,244.59,253.88,254.05,253.88,257.48,50.2,27,1d+1h+4h,0.867,False,nofill,0.0
2024-11-04 12:30:00-05:00,244.81,253.68,253.84,253.68,257.13,50.2,27,1d+1h+4h,0.827,False,nofill,0.0
2024-11-04 13:30:00-05:00,243.72,253.88,254.04,253.88,257.21,50.2,27,1d+1h+4h,0.947,False,nofill,0.0
2024-11-04 14:30:00-05:00,243.39,253.68,253.83,253.68,256.93,50.2,27,1d+1h+4h,0.96,False,nofill,0.0
2024-11-04 15:30:00-05:00,242.83,253.88,254.03,253.88,257.01,50.2,27,1d+1h+4h,1.031,True,scratch,-0.11861648799400548
2024-11-05 09:30:00-05:00,251.12,253.68,253.86,253.68,257.39,50.2,27,1d+1h+4h,0.236,True,scratch,-0.12946732401811767
2024-11-05 10:30:00-05:00,251.95,253.68,253.85,253.68,257.27,50.2,27,1d+1h+4h,0.16,True,scratch,-0.12720152469992696
2024-11-05 11:30:00-05:00,254.52,255.32,255.49,255.32,258.86,41.0,23,1d+1h+4h,0.073,False,nofill,0.0
2024-11-05 12:30:00-05:00,254.15,254.82,254.98,254.82,258.19,41.0,23,1d+1h+4h,0.061,True,scratch,-0.12290105097940707
2024-11-05 13:30:00-05:00,254.4,254.98,255.14,254.98,258.25,41.0,23,1d+1h+4h,0.053,True,target,1.1592658002725686
2024-11-05 14:30:00-05:00,252.2,253.68,253.84,253.68,256.96,50.2,27,1d+1h+4h,0.136,True,target,1.16823625036806
2024-11-05 15:30:00-05:00,251.5,253.68,253.83,253.68,256.9,50.2,27,1d+1h+4h,0.201,True,target,1.1466079662556306
2024-11-06 09:30:00-05:00,281.22,296.63,296.91,296.63,302.47,15.0,5,1d,1.204,False,nofill,0.0
2024-11-06 10:30:00-05:00,284.58,296.63,296.91,296.63,302.47,15.0,5,1d,0.942,False,nofill,0.0
2024-11-06 11:30:00-05:00,287.4,296.63,296.9,296.63,302.38,15.0,5,1d,0.721,False,nofill,0.0
2024-11-06 12:30:00-05:00,289.23,313.8,314.06,313.8,319.36,18.0,6,1d,1.92,False,nofill,0.0
2024-11-06 13:30:00-05:00,287.84,296.63,296.89,296.63,302.13,15.0,5,1d,0.687,True,scratch,-0.1482003323125869
2024-11-06 14:30:00-05:00,288.65,313.8,314.05,313.8,319.1,18.0,6,1d,1.965,False,nofill,0.0
2024-11-06 15:30:00-05:00,288.47,313.8,314.04,313.8,318.85,18.0,6,1d,1.98,False,nofill,0.0
2024-11-07 09:30:00-05:00,296.85,315.92,316.19,315.92,321.48,21.0,7,1d,1.479,False,nofill,0.0
2024-11-07 10:30:00-05:00,297.64,315.92,316.18,315.92,321.26,21.0,7,1d,1.417,False,nofill,0.0
2024-11-07 11:30:00-05:00,298.6,315.92,316.17,315.92,321.07,21.0,7,1d,1.344,False,nofill,0.0
2024-11-07 12:30:00-05:00,296.88,315.92,316.16,315.92,320.98,21.0,7,1d,1.477,False,nofill,0.0
2024-11-07 13:30:00-05:00,297.6,315.92,316.16,315.92,320.88,21.0,7,1d,1.421,False,nofill,0.0
2024-11-07 14:30:00-05:00,297.57,315.92,316.15,315.92,320.78,21.0,7,1d,1.423,True,scratch,-0.1331324802255618
2024-11-07 15:30:00-05:00,296.75,315.92,316.15,315.92,320.61,21.0,7,1d,1.487,True,scratch,-0.13052849213749385
2024-11-08 09:30:00-05:00,314.54,315.92,316.2,315.92,321.64,21.0,7,1d,0.097,True,scratch,-0.1460576992983076
2024-11-08 10:30:00-05:00,317.73,318.5,318.78,318.5,324.4,9.0,3,1d,0.054,True,scratch,-0.14803943465745428
2024-11-08 11:30:00-05:00,317.3,318.5,318.78,318.5,324.28,9.0,3,1d,0.084,True,target,1.6665388957332938
2024-11-08 12:30:00-05:00,321.1,324.37,324.64,324.37,330.13,9.0,3,1d,0.229,True,scratch,-0.14443272241505545
2024-11-08 13:30:00-05:00,326.71,351.05,351.33,351.05,356.99,6.0,2,1d,1.708,False,nofill,0.0
2024-11-08 14:30:00-05:00,319.05,324.37,324.66,324.37,330.63,9.0,3,1d,0.373,True,target,1.7762411525232613
2024-11-08 15:30:00-05:00,321.26,324.37,324.66,324.37,330.55,9.0,3,1d,0.218,True,target,1.7530598574455603
2024-11-11 09:30:00-05:00,344.93,371.59,371.97,371.59,379.54,9.0,3,1d,1.677,False,nofill,0.0
2024-11-11 10:30:00-05:00,356.41,371.59,371.99,371.59,380.04,9.0,3,1d,0.955,False,nofill,0.0
2024-11-11 11:30:00-05:00,344.38,371.59,372.02,371.59,380.59,9.0,3,1d,1.711,False,nofill,0.0
2024-11-11 12:30:00-05:00,340.64,371.59,372.03,371.59,380.77,9.0,3,1d,1.946,False,nofill,0.0
2024-11-11 13:30:00-05:00,345.43,371.59,372.03,371.59,380.82,9.0,3,1d,1.645,False,nofill,0.0
2024-11-11 14:30:00-05:00,346.76,371.59,372.02,371.59,380.6,9.0,3,1d,1.561,False,nofill,0.0
2024-11-11 15:30:00-05:00,350.62,371.59,372.01,371.59,380.33,9.0,3,1d,1.318,False,nofill,0.0
2024-11-12 09:30:00-05:00,339.6,371.59,372.03,371.59,380.86,9.0,3,1d,1.919,False,nofill,0.0
2024-11-12 10:30:00-05:00,340.15,371.59,372.02,371.59,380.68,9.0,3,1d,1.886,False,nofill,0.0
2024-11-12 11:30:00-05:00,332.72,350.76,351.2,350.76,359.96,7.0,3,1d+1h,1.082,False,nofill,0.0
2024-11-12 12:30:00-05:00,325.07,326.2,326.65,326.2,335.6,9.0,3,1d,0.068,True,target,2.680416897982174
2024-11-12 13:30:00-05:00,331.7,354.0,354.44,354.0,363.31,8.8,4,1d+1h+4h,1.338,False,nofill,0.0
2024-11-12 14:30:00-05:00,328.34,354.0,354.44,354.0,363.15,8.8,4,1d+1h+4h,1.539,False,nofill,0.0
2024-11-12 15:30:00-05:00,328.23,354.0,354.42,354.0,362.76,8.8,4,1d+1h+4h,1.546,False,nofill,0.0
2024-11-13 09:30:00-05:00,331.02,354.0,354.45,354.0,363.43,8.8,4,1d+1h+4h,1.347,False,nofill,0.0
2024-11-13 10:30:00-05:00,328.9,354.0,354.45,354.0,363.45,8.8,4,1d+1h+4h,1.471,False,nofill,0.0
2024-11-13 11:30:00-05:00,331.76,354.0,354.44,354.0,363.31,8.8,4,1d+1h+4h,1.304,False,nofill,0.0
2024-11-13 12:30:00-05:00,330.28,354.0,354.43,354.0,362.95,8.8,4,1d+1h+4h,1.39,False,nofill,0.0
2024-11-13 13:30:00-05:00,327.1,354.0,354.41,354.0,362.59,8.8,4,1d+1h+4h,1.577,False,nofill,0.0
2024-11-13 14:30:00-05:00,329.0,354.0,354.4,354.0,362.34,8.8,4,1d+1h+4h,1.465,False,nofill,0.0
2024-11-13 15:30:00-05:00,330.19,354.0,354.38,354.0,362.04,8.8,4,1d+1h+4h,1.396,False,nofill,0.0
2024-11-14 09:30:00-05:00,319.42,322.5,322.91,322.5,331.01,13.0,5,1d+1h,0.178,True,scratch,-0.18543696403039434
2024-11-14 10:30:00-05:00,320.26,322.5,322.89,322.5,330.72,13.0,5,1d+1h,0.13,True,scratch,-0.18117865090654384
2024-11-14 11:30:00-05:00,318.91,322.5,322.89,322.5,330.6,13.0,5,1d+1h,0.208,False,nofill,0.0
2024-11-14 12:30:00-05:00,314.59,315.92,316.3,315.92,323.83,21.0,7,1d,0.077,False,nofill,0.0
2024-11-14 13:30:00-05:00,313.03,314.57,314.94,314.57,322.32,21.0,7,1d,0.089,True,scratch,-0.17711009500127606
2024-11-14 14:30:00-05:00,316.05,318.5,318.86,318.5,326.05,16.0,6,1d+1h,0.142,True,scratch,-0.1726776455843737
2024-11-14 15:30:00-05:00,311.18,314.57,314.92,314.57,322.02,21.0,7,1d,0.196,True,scratch,-0.17258057980642505
2024-11-15 09:30:00-05:00,314.29,315.92,316.29,315.92,323.7,21.0,7,1d,0.095,True,target,2.280257396380425
2024-11-15 10:30:00-05:00,322.33,323.31,323.68,323.31,331.17,10.0,4,1d+1h,0.057,True,scratch,-0.1755492581224094
2024-11-15 11:30:00-05:00,318.64,322.5,322.87,322.5,330.32,13.0,5,1d+1h,0.225,False,nofill,0.0
2024-11-15 12:30:00-05:00,319.85,322.5,322.86,322.5,330.07,13.0,5,1d+1h,0.155,False,nofill,0.0
2024-11-15 13:30:00-05:00,318.38,322.5,322.85,322.5,329.79,13.0,5,1d+1h,0.241,True,target,2.089591007924252
2024-11-15 14:30:00-05:00,319.93,322.5,322.84,322.5,329.54,14.0,6,1d+1h,0.15,True,target,2.016832016866621
2024-11-15 15:30:00-05:00,320.83,322.5,322.82,322.5,329.3,14.0,6,1d+1h,0.097,True,target,1.9448472125451532
2024-11-18 09:30:00-05:00,346.7,371.59,371.99,371.59,379.89,9.0,3,1d,1.39,False,nofill,0.0
2024-11-18 10:30:00-05:00,340.86,371.59,371.99,371.59,379.89,9.0,3,1d,1.717,False,nofill,0.0
2024-11-18 11:30:00-05:00,344.06,371.59,371.97,371.59,379.63,9.0,3,1d,1.538,False,nofill,0.0
2024-11-18 12:30:00-05:00,338.92,371.59,371.97,371.59,379.55,9.0,3,1d,1.825,False,nofill,0.0
2024-11-18 13:30:00-05:00,330.64,354.0,354.38,354.0,362.07,8.8,4,1d+1h+4h,1.305,False,nofill,0.0
2024-11-18 14:30:00-05:00,336.12,371.59,371.97,371.59,379.55,9.0,3,1d,1.982,False,nofill,0.0
2024-11-18 15:30:00-05:00,338.87,371.59,371.96,371.59,379.3,9.0,3,1d,1.828,False,nofill,0.0
2024-11-19 09:30:00-05:00,344.36,371.59,371.97,371.59,379.62,9.0,3,1d,1.541,False,nofill,0.0
2024-11-19 10:30:00-05:00,344.81,371.59,371.97,371.59,379.47,9.0,3,1d,1.516,False,nofill,0.0
2024-11-19 11:30:00-05:00,343.87,371.59,371.95,371.59,379.21,9.0,3,1d,1.569,False,nofill,0.0
2024-11-19 12:30:00-05:00,346.25,350.76,351.11,350.76,358.07,9.8,5,1d+1h+4h,0.255,False,nofill,0.0
2024-11-19 13:30:00-05:00,342.67,350.76,351.1,350.76,357.84,9.8,5,1d+1h+4h,0.458,False,nofill,0.0
2024-11-19 14:30:00-05:00,344.45,350.76,351.09,350.76,357.66,9.8,5,1d+1h+4h,0.357,False,nofill,0.0
2024-11-19 15:30:00-05:00,346.0,350.76,351.07,350.76,357.34,9.8,5,1d+1h+4h,0.269,False,nofill,0.0
2024-11-20 09:30:00-05:00,337.15,350.76,351.09,350.76,357.67,9.8,5,1d+1h+4h,0.788,False,nofill,0.0
2024-11-20 10:30:00-05:00,335.17,350.76,351.09,350.76,357.64,9.8,5,1d+1h+4h,0.902,False,nofill,0.0
2024-11-20 11:30:00-05:00,338.06,350.76,351.08,350.76,357.48,9.8,5,1d+1h+4h,0.735,False,nofill,0.0
2024-11-20 12:30:00-05:00,340.99,350.76,351.07,350.76,357.3,9.8,5,1d+1h+4h,0.565,False,nofill,0.0
2024-11-20 13:30:00-05:00,338.48,350.76,351.06,350.76,357.12,9.8,5,1d+1h+4h,0.711,False,nofill,0.0
2024-11-20 14:30:00-05:00,341.34,350.76,351.05,350.76,356.91,9.8,5,1d+1h+4h,0.545,False,nofill,0.0
2024-11-20 15:30:00-05:00,341.94,350.76,351.04,350.76,356.68,9.8,5,1d+1h+4h,0.51,False,nofill,0.0
2024-11-21 09:30:00-05:00,337.19,350.76,351.06,350.76,357.1,12.8,6,1d+1h+4h,0.8,False,nofill,0.0
2024-11-21 10:30:00-05:00,341.69,350.76,351.07,350.76,357.18,12.8,6,1d+1h+4h,0.535,False,nofill,0.0
2024-11-21 11:30:00-05:00,343.72,350.76,351.06,350.76,357.13,12.8,6,1d+1h+4h,0.415,False,nofill,0.0
2024-11-21 12:30:00-05:00,343.42,350.76,351.05,350.76,356.84,13.8,7,1d+1h+4h,0.433,False,nofill,0.0
2024-11-21 13:30:00-05:00,341.58,350.76,351.04,350.76,356.71,13.8,7,1d+1h+4h,0.541,False,nofill,0.0
2024-11-21 14:30:00-05:00,340.57,350.76,351.03,350.76,356.43,13.8,7,1d+1h+4h,0.601,True,scratch,-0.13690936730983427
2024-11-21 15:30:00-05:00,339.55,350.76,351.02,350.76,356.22,13.8,7,1d+1h+4h,0.661,True,scratch,-0.1340298750673541
2024-11-22 09:30:00-05:00,343.4,350.76,351.03,350.76,356.38,13.8,7,1d+1h+4h,0.422,True,scratch,-0.13614167182449677
2024-11-22 10:30:00-05:00,354.26,371.59,371.89,371.59,377.83,9.0,3,1d,0.993,False,nofill,0.0
2024-11-22 11:30:00-05:00,354.0,371.59,371.88,371.59,377.68,9.0,3,1d,1.008,False,nofill,0.0
2024-11-22 12:30:00-05:00,351.42,371.59,371.87,371.59,377.57,9.0,3,1d,1.156,False,nofill,0.0
2024-11-22 13:30:00-05:00,353.9,356.64,356.92,356.64,362.48,9.8,5,1d+1h+4h,0.157,True,scratch,-0.13782016137589004
2024-11-22 14:30:00-05:00,351.99,354.0,354.27,354.0,359.67,9.8,5,1d+1h+4h,0.115,True,scratch,-0.1362058377626263
2024-11-22 15:30:00-05:00,352.6,354.0,354.26,354.0,359.44,9.8,5,1d+1h+4h,0.08,True,scratch,-0.13306068887052325
2024-11-25 09:30:00-05:00,349.58,350.76,351.05,350.76,356.88,13.8,7,1d+1h+4h,0.066,True,scratch,-0.14296960464273978
2024-11-25 10:30:00-05:00,353.71,356.64,356.94,356.64,362.84,9.8,5,1d+1h+4h,0.164,False,nofill,0.0
2024-11-25 11:30:00-05:00,347.27,350.76,351.06,350.76,357.11,13.8,7,1d+1h+4h,0.195,True,scratch,-0.14611228575499569
2024-11-25 12:30:00-05:00,350.01,351.05,351.35,351.05,357.38,13.8,7,1d+1h+4h,0.058,False,nofill,0.0
2024-11-25 13:30:00-05:00,347.5,350.76,351.06,350.76,357.0,13.8,7,1d+1h+4h,0.182,False,nofill,0.0
2024-11-25 14:30:00-05:00,346.67,350.76,351.05,350.76,356.79,13.8,7,1d+1h+4h,0.229,False,nofill,0.0
2024-11-25 15:30:00-05:00,338.44,350.76,351.06,350.76,357.06,13.8,7,1d+1h+4h,0.689,False,nofill,0.0
2024-11-26 09:30:00-05:00,346.21,350.76,351.07,350.76,357.2,13.8,7,1d+1h+4h,0.261,False,nofill,0.0
2024-11-26 10:30:00-05:00,342.36,350.76,351.07,350.76,357.17,13.8,7,1d+1h+4h,0.482,False,nofill,0.0
2024-11-26 11:30:00-05:00,344.55,350.76,351.06,350.76,356.96,13.8,7,1d+1h+4h,0.356,False,nofill,0.0
2024-11-26 12:30:00-05:00,342.91,350.76,351.05,350.76,356.77,13.8,7,1d+1h+4h,0.451,False,nofill,0.0
2024-11-26 13:30:00-05:00,338.34,350.76,351.05,350.76,356.83,13.8,7,1d+1h+4h,0.713,False,nofill,0.0
2024-11-26 14:30:00-05:00,338.07,350.76,351.04,350.76,356.59,13.8,7,1d+1h+4h,0.728,False,nofill,0.0
2024-11-26 15:30:00-05:00,338.25,350.76,351.03,350.76,356.39,13.8,7,1d+1h+4h,0.718,False,nofill,0.0
2024-11-27 09:30:00-05:00,329.91,351.05,351.35,351.05,357.28,13.8,7,1d+1h+4h,1.221,False,nofill,0.0
2024-11-27 10:30:00-05:00,331.41,350.76,351.06,350.76,356.97,13.8,7,1d+1h+4h,1.117,False,nofill,0.0
2024-11-27 11:30:00-05:00,331.31,351.05,351.34,351.05,357.12,13.8,7,1d+1h+4h,1.14,False,nofill,0.0
2024-11-27 12:30:00-05:00,331.7,350.76,351.04,350.76,356.61,13.8,7,1d+1h+4h,1.1,False,nofill,0.0
2024-11-27 13:30:00-05:00,333.18,350.76,351.03,350.76,356.42,13.8,7,1d+1h+4h,1.015,False,nofill,0.0
2024-11-27 14:30:00-05:00,333.23,350.76,351.02,350.76,356.14,13.8,7,1d+1h+4h,1.012,False,nofill,0.0
2024-11-27 15:30:00-05:00,332.79,350.76,351.0,350.76,355.86,13.8,7,1d+1h+4h,1.038,False,nofill,0.0
2024-11-29 09:30:00-05:00,340.83,358.11,358.36,358.11,363.55,15.6,8,1d+1h+4h,1.017,True,scratch,-0.13226398724219823
2024-11-29 10:30:00-05:00,339.16,358.11,358.36,358.11,363.43,15.6,8,1d+1h+4h,1.116,True,scratch,-0.13070749005039684
2024-11-29 11:30:00-05:00,339.75,358.11,358.35,358.11,363.25,15.6,8,1d+1h+4h,1.081,True,scratch,-0.12831655188539903
2024-12-02 09:30:00-05:00,356.57,358.11,358.4,358.11,364.31,15.6,8,1d+1h+4h,0.091,True,scratch,-0.1423784277368223
2024-12-02 10:30:00-05:00,352.28,358.11,358.4,358.11,364.33,15.6,8,1d+1h+4h,0.346,True,scratch,-0.14269702063789413
2024-12-02 11:30:00-05:00,356.04,358.11,358.4,358.11,364.26,15.6,8,1d+1h+4h,0.123,True,scratch,-0.14166940779487547
2024-12-02 12:30:00-05:00,356.04,358.11,358.39,358.11,364.09,15.6,8,1d+1h+4h,0.123,True,scratch,-0.1394614279537798
2024-12-02 13:30:00-05:00,355.92,358.11,358.38,358.11,363.82,15.6,8,1d+1h+4h,0.13,True,scratch,-0.13590834239174399
2024-12-02 14:30:00-05:00,359.15,361.92,362.19,361.92,367.49,14.6,7,1d+1h+4h,0.165,False,nofill,0.0
2024-12-02 15:30:00-05:00,357.09,358.11,358.36,358.11,363.56,15.6,8,1d+1h+4h,0.06,False,nofill,0.0
2024-12-03 09:30:00-05:00,350.52,361.92,362.19,361.92,367.56,14.6,7,1d+1h+4h,0.701,False,nofill,0.0
2024-12-03 10:30:00-05:00,352.14,361.92,362.19,361.92,367.49,14.6,7,1d+1h+4h,0.601,False,nofill,0.0
2024-12-03 11:30:00-05:00,349.44,361.92,362.18,361.92,367.34,15.6,8,1d+1h+4h,0.768,False,nofill,0.0
2024-12-03 12:30:00-05:00,349.07,361.92,362.17,361.92,367.13,15.6,8,1d+1h+4h,0.79,False,nofill,0.0
2024-12-03 13:30:00-05:00,349.34,361.92,362.16,361.92,366.9,15.6,8,1d+1h+4h,0.774,False,nofill,0.0
2024-12-03 14:30:00-05:00,349.11,361.92,362.15,361.92,366.67,15.6,8,1d+1h+4h,0.788,False,nofill,0.0
2024-12-03 15:30:00-05:00,351.38,361.92,362.14,361.92,366.59,15.6,8,1d+1h+4h,0.648,False,nofill,0.0
2024-12-04 09:30:00-05:00,351.44,361.92,362.14,361.92,366.61,17.4,9,1d+1h+4h,0.664,False,nofill,0.0
2024-12-04 10:30:00-05:00,352.54,361.92,362.14,361.92,366.58,17.4,9,1d+1h+4h,0.595,False,nofill,0.0
2024-12-04 11:30:00-05:00,351.18,361.92,362.13,361.92,366.43,17.4,9,1d+1h+4h,0.68,False,nofill,0.0
2024-12-04 12:30:00-05:00,352.19,361.92,362.13,361.92,366.23,17.4,9,1d+1h+4h,0.617,False,nofill,0.0
2024-12-04 13:30:00-05:00,353.84,361.92,362.12,361.92,366.13,17.4,9,1d+1h+4h,0.512,True,target,1.0459155483870441
2024-12-04 14:30:00-05:00,354.66,361.92,362.12,361.92,366.02,17.4,9,1d+1h+4h,0.46,True,target,1.0167421699188717
2024-12-04 15:30:00-05:00,357.93,361.92,362.11,361.92,366.01,17.4,9,1d+1h+4h,0.253,True,target,1.0155320045039273
2024-12-05 09:30:00-05:00,373.87,400.65,400.89,400.65,405.68,6.0,2,1d,1.684,False,nofill,0.0
2024-12-05 10:30:00-05:00,371.12,373.0,373.25,373.0,378.23,9.0,3,1d,0.118,True,scratch,-0.12662289051715847
2024-12-05 11:30:00-05:00,371.0,371.87,372.11,371.87,376.99,9.0,3,1d,0.055,True,scratch,-0.12556264895193792
2024-12-05 12:30:00-05:00,369.27,371.59,371.84,371.59,376.74,9.0,3,1d,0.146,True,scratch,-0.12587661173113496
2024-12-05 13:30:00-05:00,371.44,373.0,373.25,373.0,378.18,10.0,4,1d+1h,0.098,True,target,1.261851082198806
2024-12-05 14:30:00-05:00,369.65,371.59,371.83,371.59,376.64,10.0,4,1d+1h,0.122,True,target,1.2316257739525938
2024-12-05 15:30:00-05:00,369.49,371.59,371.82,371.59,376.48,10.0,4,1d+1h,0.132,True,target,1.1914211187479484
2024-12-06 09:30:00-05:00,373.96,375.41,375.65,375.41,380.55,10.0,4,1d+1h,0.089,True,scratch,-0.1251198870724557
2024-12-06 10:30:00-05:00,376.22,400.65,400.89,400.65,405.65,6.0,2,1d,1.509,False,nofill,0.0
2024-12-06 11:30:00-05:00,374.5,375.41,375.64,375.41,380.31,10.0,4,1d+1h,0.056,True,target,1.1809268765461844
2024-12-06 12:30:00-05:00,376.11,400.65,400.88,400.65,405.47,6.0,2,1d,1.516,False,nofill,0.0
2024-12-06 13:30:00-05:00,376.5,400.65,400.87,400.65,405.26,6.0,2,1d,1.492,True,scratch,-0.11465905233926099
2024-12-06 14:30:00-05:00,382.9,400.65,400.88,400.65,405.46,6.0,2,1d,1.096,True,scratch,-0.1171095072371453
2024-12-06 15:30:00-05:00,389.38,400.65,400.89,400.65,405.62,6.0,2,1d,0.696,True,scratch,-0.11903779285774574
2024-12-09 09:30:00-05:00,388.19,400.65,400.93,400.65,406.56,6.0,2,1d,0.735,False,nofill,0.0
2024-12-09 10:30:00-05:00,383.07,400.65,400.95,400.65,406.98,6.0,2,1d,1.037,False,nofill,0.0
2024-12-09 11:30:00-05:00,381.67,400.65,400.94,400.65,406.84,6.0,2,1d,1.12,False,nofill,0.0
2024-12-09 12:30:00-05:00,386.65,400.65,400.95,400.65,406.87,7.0,3,1d+1h,0.826,False,nofill,0.0
2024-12-09 13:30:00-05:00,385.74,400.65,400.94,400.65,406.66,7.0,3,1d+1h,0.88,True,scratch,-0.13128205035637386
2024-12-09 14:30:00-05:00,382.94,400.65,400.93,400.65,406.55,7.0,3,1d+1h,1.045,True,scratch,-0.1300624935608674
2024-12-09 15:30:00-05:00,389.86,400.65,400.94,400.65,406.69,7.0,3,1d+1h,0.637,True,scratch,-0.1316433652096216
2024-12-10 09:30:00-05:00,403.7,404.8,405.13,404.8,411.75,7.0,3,1d+1h,0.064,True,scratch,-0.1416592823957008
2024-12-10 10:30:00-05:00,403.34,404.8,405.14,404.8,411.95,7.0,3,1d+1h,0.085,True,scratch,-0.14401669408805606
2024-12-10 14:30:00-05:00,403.75,404.8,405.13,404.8,411.74,7.0,3,1d+1h,0.061,True,target,1.5702488113258362
2024-12-10 15:30:00-05:00,400.88,402.67,402.99,402.67,409.38,7.0,3,1d+1h,0.104,True,target,1.5252729538320908
2024-12-30 09:30:00-05:00,418.55,420.02,420.46,420.02,429.18,10.8,6,1d+1h+4h,0.064,True,scratch,-0.1636514790541388
2024-12-30 15:30:00-05:00,417.28,420.02,420.38,420.02,427.48,11.8,7,1d+1h+4h,0.12,True,scratch,-0.1444753347009775
2024-12-31 09:30:00-05:00,422.32,461.11,461.49,461.11,469.11,6.8,4,1d+1h+4h,1.682,False,nofill,0.0
2024-12-31 10:30:00-05:00,412.81,414.5,414.89,414.5,422.74,11.8,7,1d+1h+4h,0.073,True,scratch,-0.15449298147559576
2024-12-31 11:30:00-05:00,412.69,414.5,414.88,414.5,422.49,11.8,7,1d+1h+4h,0.078,False,nofill,0.0
2024-12-31 12:30:00-05:00,411.43,414.5,414.87,414.5,422.35,11.8,7,1d+1h+4h,0.133,False,nofill,0.0
2024-12-31 13:30:00-05:00,405.97,414.5,414.87,414.5,422.34,11.8,7,1d+1h+4h,0.37,False,nofill,0.0
2024-12-31 14:30:00-05:00,409.68,414.5,414.87,414.5,422.29,11.8,7,1d+1h+4h,0.209,False,nofill,0.0
2024-12-31 15:30:00-05:00,403.64,414.5,414.87,414.5,422.29,11.8,7,1d+1h+4h,0.471,False,nofill,0.0
2025-01-02 09:30:00-05:00,380.34,414.5,414.95,414.5,424.0,11.8,7,1d+1h+4h,1.447,False,nofill,0.0
2025-01-02 10:30:00-05:00,382.52,415.41,415.85,415.41,424.72,11.8,7,1d+1h+4h,1.393,False,nofill,0.0
2025-01-02 11:30:00-05:00,378.68,414.5,414.94,414.5,423.73,11.8,7,1d+1h+4h,1.517,False,nofill,0.0
2025-01-02 12:30:00-05:00,377.71,414.5,414.93,414.5,423.52,11.8,7,1d+1h+4h,1.558,False,nofill,0.0
2025-01-02 13:30:00-05:00,377.23,414.5,414.92,414.5,423.28,11.8,7,1d+1h+4h,1.579,False,nofill,0.0
2025-01-02 14:30:00-05:00,379.56,414.5,414.9,414.5,422.97,11.8,7,1d+1h+4h,1.48,False,nofill,0.0
2025-01-02 15:30:00-05:00,379.03,414.5,414.89,414.5,422.69,11.8,7,1d+1h+4h,1.502,False,nofill,0.0
2025-01-03 09:30:00-05:00,384.78,414.5,414.9,414.5,422.92,11.8,7,1d+1h+4h,1.225,False,nofill,0.0
2025-01-03 10:30:00-05:00,396.0,414.5,414.91,414.5,423.28,11.8,7,1d+1h+4h,0.763,False,nofill,0.0
2025-01-03 11:30:00-05:00,393.93,414.5,414.9,414.5,422.92,11.8,7,1d+1h+4h,0.848,False,nofill,0.0
2025-01-03 12:30:00-05:00,398.98,414.5,414.89,414.5,422.77,11.8,7,1d+1h+4h,0.64,False,nofill,0.0
2025-01-03 13:30:00-05:00,404.87,414.5,414.89,414.5,422.84,11.8,7,1d+1h+4h,0.397,True,scratch,-0.15565589181573136
2025-01-03 14:30:00-05:00,408.63,414.5,414.89,414.5,422.68,11.8,7,1d+1h+4h,0.242,True,scratch,-0.15380485535032573
2025-01-03 15:30:00-05:00,410.77,414.5,414.87,414.5,422.39,11.8,7,1d+1h+4h,0.154,True,scratch,-0.15051284344743676
2025-01-06 09:30:00-05:00,416.34,417.64,418.04,417.64,426.14,11.8,7,1d+1h+4h,0.054,True,scratch,-0.15677900167491154
2025-01-06 10:30:00-05:00,411.1,414.5,414.91,414.5,423.16,11.8,7,1d+1h+4h,0.14,False,nofill,0.0
2025-01-06 11:30:00-05:00,409.22,414.5,414.9,414.5,422.9,11.8,7,1d+1h+4h,0.217,False,nofill,0.0
2025-01-06 12:30:00-05:00,406.65,414.5,414.89,414.5,422.73,11.8,7,1d+1h+4h,0.323,False,nofill,0.0
2025-01-06 13:30:00-05:00,404.06,414.5,414.88,414.5,422.55,11.8,7,1d+1h+4h,0.43,False,nofill,0.0
2025-01-06 14:30:00-05:00,407.5,414.5,414.87,414.5,422.41,11.8,7,1d+1h+4h,0.288,False,nofill,0.0
2025-01-06 15:30:00-05:00,411.05,414.5,414.87,414.5,422.42,11.8,7,1d+1h+4h,0.142,False,nofill,0.0
2025-01-07 09:30:00-05:00,396.57,414.5,414.91,414.5,423.28,11.8,7,1d+1h+4h,0.738,False,nofill,0.0
2025-01-07 10:30:00-05:00,398.8,414.5,414.92,414.5,423.32,11.8,7,1d+1h+4h,0.646,False,nofill,0.0
2025-01-07 11:30:00-05:00,394.22,414.5,414.95,414.5,424.07,11.8,7,1d+1h+4h,0.835,False,nofill,0.0
2025-01-07 12:30:00-05:00,398.48,414.33,414.77,414.33,423.67,12.8,8,1d+1h+4h,0.653,False,nofill,0.0
2025-01-07 13:30:00-05:00,393.71,415.75,416.18,415.75,424.87,12.8,8,1d+1h+4h,0.907,False,nofill,0.0
2025-01-07 14:30:00-05:00,391.07,415.75,416.17,415.75,424.52,12.8,8,1d+1h+4h,1.016,False,nofill,0.0
2025-01-07 15:30:00-05:00,394.59,415.75,416.15,415.75,424.24,12.8,8,1d+1h+4h,0.871,False,nofill,0.0
2025-01-08 09:30:00-05:00,395.22,415.75,416.16,415.75,424.46,12.8,8,1d+1h+4h,0.869,False,nofill,0.0
2025-01-08 10:30:00-05:00,394.34,415.75,416.16,415.75,424.26,12.8,8,1d+1h+4h,0.906,False,nofill,0.0
2025-01-08 11:30:00-05:00,388.47,415.41,415.82,415.41,423.99,12.8,8,1d+1h+4h,1.14,False,nofill,0.0
2025-01-08 12:30:00-05:00,398.71,415.75,416.17,415.75,424.63,12.8,8,1d+1h+4h,0.721,False,nofill,0.0
2025-01-08 13:30:00-05:00,399.64,414.33,414.75,414.33,423.06,12.8,8,1d+1h+4h,0.622,False,nofill,0.0
2025-01-08 14:30:00-05:00,396.28,415.75,416.15,415.75,424.24,12.8,8,1d+1h+4h,0.824,False,nofill,0.0
2025-01-08 15:30:00-05:00,395.0,415.75,416.14,415.75,423.88,12.8,8,1d+1h+4h,0.878,False,nofill,0.0
2025-01-10 09:30:00-05:00,390.1,415.41,415.83,415.41,424.15,12.8,8,1d+1h+4h,1.077,False,nofill,0.0
2025-01-10 10:30:00-05:00,388.14,415.0,415.42,415.0,423.75,12.8,8,1d+1h+4h,1.142,False,nofill,0.0
2025-01-10 11:30:00-05:00,391.47,415.41,415.81,415.41,423.91,12.8,8,1d+1h+4h,1.018,False,nofill,0.0
2025-01-10 12:30:00-05:00,397.36,415.41,415.81,415.41,423.84,12.8,8,1d+1h+4h,0.768,False,nofill,0.0
2025-01-10 13:30:00-05:00,395.76,415.41,415.8,415.41,423.55,12.8,8,1d+1h+4h,0.836,False,nofill,0.0
2025-01-10 14:30:00-05:00,393.96,415.41,415.78,415.41,423.25,12.8,8,1d+1h+4h,0.912,False,nofill,0.0
2025-01-10 15:30:00-05:00,394.86,415.41,415.77,415.41,422.91,12.8,8,1d+1h+4h,0.874,False,nofill,0.0
2025-01-13 09:30:00-05:00,385.94,415.0,415.38,415.0,423.08,12.8,8,1d+1h+4h,1.235,False,nofill,0.0
2025-01-13 10:30:00-05:00,388.12,415.0,415.39,415.0,423.18,12.8,8,1d+1h+4h,1.142,False,nofill,0.0
2025-01-13 11:30:00-05:00,395.92,415.41,415.8,415.41,423.7,12.8,8,1d+1h+4h,0.828,False,nofill,0.0
2025-01-13 12:30:00-05:00,395.07,415.41,415.79,415.41,423.41,12.8,8,1d+1h+4h,0.864,False,nofill,0.0
2025-01-13 13:30:00-05:00,393.75,415.41,415.78,415.41,423.19,12.8,8,1d+1h+4h,0.921,True,scratch,-0.1490707567943228
2025-01-13 14:30:00-05:00,392.55,415.41,415.77,415.41,422.88,12.8,8,1d+1h+4h,0.972,True,scratch,-0.14547457604049407
2025-01-13 15:30:00-05:00,403.37,414.33,414.7,414.33,422.15,12.8,8,1d+1h+4h,0.466,True,scratch,-0.14970180250123422
2025-01-14 09:30:00-05:00,412.56,414.33,414.74,414.33,423.03,12.8,8,1d+1h+4h,0.074,False,nofill,0.0
2025-01-14 10:30:00-05:00,407.67,414.33,414.75,414.33,423.1,12.8,8,1d+1h+4h,0.279,False,nofill,0.0
2025-01-14 11:30:00-05:00,405.05,414.33,414.74,414.33,422.97,12.8,8,1d+1h+4h,0.389,False,nofill,0.0
2025-01-14 12:30:00-05:00,408.97,416.73,417.14,416.73,425.27,13.8,9,1d+1h+4h,0.325,False,nofill,0.0
2025-01-14 13:30:00-05:00,410.24,416.73,417.12,416.73,424.91,13.8,9,1d+1h+4h,0.272,True,scratch,-0.15331051604268175
2025-01-14 14:30:00-05:00,398.21,416.73,417.15,416.73,425.53,13.8,9,1d+1h+4h,0.776,True,scratch,-0.160328148694866
2025-01-14 15:30:00-05:00,396.2,416.73,417.14,416.73,425.24,13.8,9,1d+1h+4h,0.861,True,scratch,-0.15702270959706555
2025-01-15 09:30:00-05:00,417.51,420.02,420.48,420.02,429.63,13.8,9,1d+1h+4h,0.102,True,scratch,-0.16869504466026086
2025-01-15 10:30:00-05:00,417.04,420.02,420.46,420.02,429.36,13.8,9,1d+1h+4h,0.121,True,scratch,-0.16572905778253766
2025-01-15 11:30:00-05:00,419.79,422.64,423.08,422.64,431.78,9.6,8,1h+4h,0.116,True,scratch,-0.16274141230923078
2025-01-15 12:30:00-05:00,420.78,422.64,423.06,422.64,431.42,9.6,8,1h+4h,0.076,True,scratch,-0.15873784531640345
2025-01-15 13:30:00-05:00,423.76,425.9,426.31,425.9,434.47,8.8,8,1h+4h,0.087,True,scratch,-0.155648179584289
2025-01-15 14:30:00-05:00,426.81,429.27,429.67,429.27,437.61,6.8,6,1h+4h,0.1,True,scratch,-0.1523404211519086
2025-01-15 15:30:00-05:00,428.18,461.11,461.49,461.11,469.15,6.8,4,1d+1h+4h,1.342,False,nofill,0.0
2025-01-16 09:30:00-05:00,415.54,417.64,418.05,417.64,426.23,13.8,9,1d+1h+4h,0.087,False,nofill,0.0
2025-01-16 10:30:00-05:00,415.56,417.64,418.04,417.64,425.96,13.8,9,1d+1h+4h,0.086,False,nofill,0.0
2025-01-16 11:30:00-05:00,412.46,416.73,417.12,416.73,424.85,13.8,9,1d+1h+4h,0.177,False,nofill,0.0
2025-01-16 12:30:00-05:00,411.85,416.73,417.1,416.73,424.56,13.8,9,1d+1h+4h,0.202,False,nofill,0.0
2025-01-16 13:30:00-05:00,412.11,416.73,417.09,416.73,424.25,13.8,9,1d+1h+4h,0.191,True,target,1.6569970038900594
2025-01-16 14:30:00-05:00,413.51,416.73,417.08,416.73,424.03,13.8,9,1d+1h+4h,0.133,True,target,1.6064530485235817
2025-01-16 15:30:00-05:00,413.51,416.73,417.06,416.73,423.72,13.8,9,1d+1h+4h,0.133,True,target,1.5342054734062138
2025-01-17 09:30:00-05:00,428.68,461.11,461.49,461.11,469.12,6.8,4,1d+1h+4h,1.336,False,nofill,0.0
2025-01-17 10:30:00-05:00,433.82,461.11,461.49,461.11,469.18,6.8,4,1d+1h+4h,1.124,False,nofill,0.0
2025-01-17 11:30:00-05:00,436.41,461.11,461.49,461.11,469.0,6.8,4,1d+1h+4h,1.017,False,nofill,0.0
2025-01-17 12:30:00-05:00,437.12,461.11,461.48,461.11,468.9,6.8,4,1d+1h+4h,0.988,False,nofill,0.0
2025-01-17 13:30:00-05:00,438.44,461.11,461.46,461.11,468.54,6.8,4,1d+1h+4h,0.934,False,nofill,0.0
2025-01-17 14:30:00-05:00,428.78,461.11,461.48,461.11,468.79,6.8,4,1d+1h+4h,1.332,False,nofill,0.0
2025-01-17 15:30:00-05:00,426.48,427.93,428.29,427.93,435.54,7.8,7,1h+4h,0.06,True,scratch,-0.14451858298870635
2025-01-21 09:30:00-05:00,412.38,414.33,414.76,414.33,423.4,13.8,9,1d+1h+4h,0.08,True,scratch,-0.16399625381453564
2025-01-21 10:30:00-05:00,415.08,416.73,417.15,416.73,425.62,13.8,9,1d+1h+4h,0.067,True,scratch,-0.16138628518219678
2025-01-21 11:30:00-05:00,416.0,417.64,418.05,417.64,426.23,13.8,9,1d+1h+4h,0.067,True,scratch,-0.157733016141981
2025-01-21 12:30:00-05:00,418.85,422.64,423.04,422.64,430.96,9.6,8,1h+4h,0.155,True,scratch,-0.15363521507152367
2025-01-21 13:30:00-05:00,418.13,420.02,420.4,420.02,428.1,13.8,9,1d+1h+4h,0.077,True,scratch,-0.15142951104010205
2025-01-21 14:30:00-05:00,420.5,422.64,423.02,422.64,430.53,9.6,8,1h+4h,0.088,True,scratch,-0.14874406609812763
2025-01-21 15:30:00-05:00,424.08,425.9,426.27,425.9,433.64,8.8,8,1h+4h,0.074,True,scratch,-0.1464136780613745
2025-01-22 09:30:00-05:00,423.43,425.9,426.28,425.9,433.98,8.8,8,1h+4h,0.104,False,nofill,0.0
2025-01-22 10:30:00-05:00,422.6,425.9,426.27,425.9,433.76,8.8,8,1h+4h,0.14,False,nofill,0.0
2025-01-22 11:30:00-05:00,420.2,422.64,423.0,422.64,430.23,9.6,8,1h+4h,0.103,True,scratch,-0.14534078415718854
2025-01-22 12:30:00-05:00,421.3,422.64,422.99,422.64,430.02,10.6,9,1h+4h,0.057,False,nofill,0.0
2025-01-22 13:30:00-05:00,418.13,420.02,420.36,420.02,427.18,13.8,9,1d+1h+4h,0.08,True,scratch,-0.14109799647248344
2025-01-22 14:30:00-05:00,417.66,420.02,420.35,420.02,426.85,13.8,9,1d+1h+4h,0.1,True,scratch,-0.13726838169445532
2025-01-22 15:30:00-05:00,415.1,416.73,417.05,416.73,423.42,13.8,9,1d+1h+4h,0.069,True,scratch,-0.1362777821844463
2025-01-23 09:30:00-05:00,414.39,417.64,417.97,417.64,424.63,13.8,9,1d+1h+4h,0.142,False,nofill,0.0
2025-01-23 10:30:00-05:00,413.28,414.5,414.82,414.5,421.28,13.8,9,1d+1h+4h,0.053,False,nofill,0.0
2025-01-23 11:30:00-05:00,410.88,414.33,414.64,414.33,420.87,13.8,9,1d+1h+4h,0.151,False,nofill,0.0
2025-01-23 12:30:00-05:00,412.38,414.33,414.63,414.33,420.69,13.8,9,1d+1h+4h,0.085,False,nofill,0.0
2025-01-23 13:30:00-05:00,410.89,414.33,414.62,414.33,420.46,13.8,9,1d+1h+4h,0.151,True,scratch,-0.13034234307585102
2025-01-23 14:30:00-05:00,410.48,414.33,414.61,414.33,420.2,13.8,9,1d+1h+4h,0.168,True,scratch,-0.1273497205840579
2025-01-23 15:30:00-05:00,412.37,414.33,414.6,414.33,420.0,14.8,10,1d+1h+4h,0.086,True,scratch,-0.1250874177845529
2025-01-24 09:30:00-05:00,414.55,417.64,417.91,417.64,423.33,13.8,9,1d+1h+4h,0.14,False,nofill,0.0
2025-01-24 10:30:00-05:00,413.51,417.64,417.91,417.64,423.28,13.8,9,1d+1h+4h,0.187,False,nofill,0.0
2025-01-24 11:30:00-05:00,411.4,414.33,414.6,414.33,419.93,14.8,10,1d+1h+4h,0.132,False,nofill,0.0
2025-01-24 12:30:00-05:00,410.21,414.33,414.59,414.33,419.87,14.8,10,1d+1h+4h,0.186,False,nofill,0.0
2025-01-24 13:30:00-05:00,407.95,414.33,414.59,414.33,419.73,14.8,10,1d+1h+4h,0.288,False,nofill,0.0
2025-01-24 14:30:00-05:00,406.85,418.01,418.26,418.01,423.25,14.8,10,1d+1h+4h,0.504,False,nofill,0.0
2025-01-24 15:30:00-05:00,406.54,418.01,418.25,418.01,423.03,14.8,10,1d+1h+4h,0.519,False,nofill,0.0
2025-01-27 09:30:00-05:00,402.28,418.01,418.28,418.01,423.65,14.8,10,1d+1h+4h,0.721,False,nofill,0.0
2025-01-27 10:30:00-05:00,399.28,414.33,414.61,414.33,420.17,14.8,10,1d+1h+4h,0.69,False,nofill,0.0
2025-01-27 11:30:00-05:00,397.15,417.64,417.92,417.64,423.55,14.8,10,1d+1h+4h,0.939,False,nofill,0.0
2025-01-27 12:30:00-05:00,393.95,417.64,417.92,417.64,423.5,14.8,10,1d+1h+4h,1.086,False,nofill,0.0
2025-01-27 13:30:00-05:00,396.46,417.64,417.91,417.64,423.38,14.8,10,1d+1h+4h,0.971,False,nofill,0.0
2025-01-27 14:30:00-05:00,394.5,417.64,417.92,417.64,423.54,14.8,10,1d+1h+4h,1.061,False,nofill,0.0
2025-01-27 15:30:00-05:00,397.06,417.64,417.92,417.64,423.49,14.8,10,1d+1h+4h,0.943,False,nofill,0.0
2025-01-28 09:30:00-05:00,393.05,414.33,414.63,414.33,420.57,14.8,10,1d+1h+4h,1.001,False,nofill,0.0
2025-01-28 10:30:00-05:00,388.18,418.01,418.31,418.01,424.32,14.8,10,1d+1h+4h,1.403,False,nofill,0.0
2025-01-28 11:30:00-05:00,393.52,418.01,418.31,418.01,424.38,14.8,10,1d+1h+4h,1.152,False,nofill,0.0
2025-01-28 12:30:00-05:00,394.03,418.01,418.3,418.01,424.17,14.8,10,1d+1h+4h,1.128,False,nofill,0.0
2025-01-28 13:30:00-05:00,396.35,418.01,418.3,418.01,424.05,14.8,10,1d+1h+4h,1.019,False,nofill,0.0
2025-01-28 14:30:00-05:00,400.41,417.64,417.92,417.64,423.62,14.8,10,1d+1h+4h,0.81,False,nofill,0.0
2025-01-28 15:30:00-05:00,398.1,418.01,418.29,418.01,423.79,14.8,10,1d+1h+4h,0.936,False,nofill,0.0
2025-01-29 09:30:00-05:00,392.04,418.01,418.29,418.01,423.94,14.8,10,1d+1h+4h,1.252,False,nofill,0.0
2025-01-29 10:30:00-05:00,389.76,418.01,418.29,418.01,423.84,14.8,10,1d+1h+4h,1.361,False,nofill,0.0
2025-01-29 11:30:00-05:00,390.26,417.64,417.91,417.64,423.29,14.8,10,1d+1h+4h,1.32,False,nofill,0.0
2025-01-29 12:30:00-05:00,390.0,417.64,417.91,417.64,423.4,14.8,10,1d+1h+4h,1.332,False,nofill,0.0
2025-01-29 13:30:00-05:00,385.06,418.01,418.28,418.01,423.77,14.8,10,1d+1h+4h,1.588,False,nofill,0.0
2025-01-29 14:30:00-05:00,391.14,417.64,417.92,417.64,423.53,14.8,10,1d+1h+4h,1.277,False,nofill,0.0
2025-01-29 15:30:00-05:00,388.03,418.01,418.29,418.01,423.85,14.8,10,1d+1h+4h,1.445,False,nofill,0.0
2025-01-30 09:30:00-05:00,392.13,417.64,418.0,417.64,425.17,14.8,10,1d+1h+4h,1.199,False,nofill,0.0
2025-01-30 10:30:00-05:00,397.12,418.01,418.37,418.01,425.63,14.8,10,1d+1h+4h,0.982,False,nofill,0.0
2025-01-30 11:30:00-05:00,399.11,418.01,418.37,418.01,425.48,14.8,10,1d+1h+4h,0.888,False,nofill,0.0
2025-01-30 12:30:00-05:00,403.99,417.64,418.01,417.64,425.4,15.8,11,1d+1h+4h,0.642,False,nofill,0.0
2025-01-30 13:30:00-05:00,404.11,417.64,418.0,417.64,425.22,15.8,11,1d+1h+4h,0.636,False,nofill,0.0
2025-01-30 14:30:00-05:00,406.03,417.64,417.99,417.64,425.03,15.8,11,1d+1h+4h,0.546,True,scratch,-0.14414469804637786
2025-01-30 15:30:00-05:00,400.48,417.64,418.0,417.64,425.15,15.8,11,1d+1h+4h,0.807,True,scratch,-0.14543284207469975
2025-01-31 09:30:00-05:00,414.78,417.64,418.03,417.64,425.92,15.8,11,1d+1h+4h,0.135,True,scratch,-0.15422149820409903
2025-01-31 10:30:00-05:00,415.02,417.64,418.02,417.64,425.67,15.8,11,1d+1h+4h,0.124,True,scratch,-0.15138614989151922
2025-01-31 11:30:00-05:00,418.46,420.02,420.39,420.02,427.86,10.8,8,1d+1h+4h,0.074,False,nofill,0.0
2025-01-31 12:30:00-05:00,415.9,417.64,418.0,417.64,425.22,15.8,11,1d+1h+4h,0.082,False,nofill,0.0
2025-01-31 13:30:00-05:00,408.5,412.5,412.87,412.5,420.27,15.8,11,1d+1h+4h,0.189,False,nofill,0.0
2025-01-31 14:30:00-05:00,402.85,418.01,418.38,418.01,425.87,15.8,11,1d+1h+4h,0.716,False,nofill,0.0
2025-01-31 15:30:00-05:00,404.58,418.01,418.37,418.01,425.55,15.8,11,1d+1h+4h,0.635,False,nofill,0.0
2025-02-03 09:30:00-05:00,384.56,412.5,412.94,412.5,421.76,15.8,11,1d+1h+4h,1.281,False,nofill,0.0
2025-02-03 10:30:00-05:00,384.3,412.5,412.93,412.5,421.62,15.8,11,1d+1h+4h,1.293,False,nofill,0.0
2025-02-03 11:30:00-05:00,379.42,412.5,412.93,412.5,421.55,15.8,11,1d+1h+4h,1.517,False,nofill,0.0
2025-02-03 12:30:00-05:00,380.28,418.01,418.42,418.01,426.72,17.6,12,1d+1h+4h,1.73,False,nofill,0.0
2025-02-03 13:30:00-05:00,383.47,418.01,418.42,418.01,426.62,17.6,12,1d+1h+4h,1.584,False,nofill,0.0
2025-02-03 14:30:00-05:00,384.19,418.01,418.4,418.01,426.17,17.6,12,1d+1h+4h,1.551,False,nofill,0.0
2025-02-03 15:30:00-05:00,383.86,418.01,418.38,418.01,425.86,17.6,12,1d+1h+4h,1.566,False,nofill,0.0
2025-02-04 09:30:00-05:00,384.2,417.64,418.02,417.64,425.58,17.6,12,1d+1h+4h,1.581,False,nofill,0.0
2025-02-04 10:30:00-05:00,383.46,418.01,418.38,418.01,425.77,17.6,12,1d+1h+4h,1.633,False,nofill,0.0
2025-02-04 11:30:00-05:00,382.86,417.64,418.0,417.64,425.16,17.6,12,1d+1h+4h,1.644,False,nofill,0.0
2025-02-04 12:30:00-05:00,386.82,418.01,418.36,418.01,425.35,17.6,12,1d+1h+4h,1.474,False,nofill,0.0
2025-02-04 13:30:00-05:00,387.54,418.01,418.35,418.01,425.06,17.6,12,1d+1h+4h,1.44,False,nofill,0.0
2025-02-04 14:30:00-05:00,389.81,418.01,418.34,418.01,424.89,17.6,12,1d+1h+4h,1.333,False,nofill,0.0
2025-02-04 15:30:00-05:00,392.4,418.01,418.33,418.01,424.78,17.6,12,1d+1h+4h,1.211,False,nofill,0.0
2025-02-05 09:30:00-05:00,381.1,418.01,418.35,418.01,425.19,20.6,13,1d+1h+4h,1.772,False,nofill,0.0
2025-02-05 10:30:00-05:00,382.3,418.01,418.34,418.01,425.01,20.6,13,1d+1h+4h,1.714,False,nofill,0.0
2025-02-05 11:30:00-05:00,382.33,418.01,418.33,418.01,424.81,20.6,13,1d+1h+4h,1.713,False,nofill,0.0
2025-02-05 12:30:00-05:00,380.47,418.01,418.32,418.01,424.53,20.6,13,1d+1h+4h,1.802,False,nofill,0.0
2025-02-05 13:30:00-05:00,379.9,418.01,418.31,418.01,424.33,20.6,13,1d+1h+4h,1.829,False,nofill,0.0
2025-02-05 14:30:00-05:00,377.84,418.01,418.3,418.01,424.08,20.6,13,1d+1h+4h,1.928,False,nofill,0.0
2025-02-05 15:30:00-05:00,378.17,418.01,418.29,418.01,423.94,20.6,13,1d+1h+4h,1.912,False,nofill,0.0
2025-02-06 09:30:00-05:00,367.57,375.41,375.73,375.41,382.04,24.4,12,1d+1h+4h,0.384,False,nofill,0.0
2025-02-06 10:30:00-05:00,366.03,375.41,375.72,375.41,381.96,24.4,12,1d+1h+4h,0.459,False,nofill,0.0
2025-02-06 11:30:00-05:00,369.54,375.41,375.72,375.41,381.9,24.4,12,1d+1h+4h,0.288,True,scratch,-0.1421493651875605
2025-02-06 12:30:00-05:00,371.77,375.41,375.71,375.41,381.69,24.4,12,1d+1h+4h,0.178,True,scratch,-0.13954080683473702
2025-02-06 13:30:00-05:00,370.1,375.41,375.7,375.41,381.56,24.4,12,1d+1h+4h,0.26,True,scratch,-0.1379253531528013
2025-02-06 14:30:00-05:00,369.36,375.41,375.72,375.41,381.93,24.4,12,1d+1h+4h,0.296,True,scratch,-0.1425669407508101
2025-02-06 15:30:00-05:00,374.31,375.41,375.72,375.41,381.84,24.4,12,1d+1h+4h,0.054,True,scratch,-0.1413809068128602
2025-02-07 09:30:00-05:00,372.31,375.41,375.73,375.41,382.23,24.4,12,1d+1h+4h,0.152,False,nofill,0.0
2025-02-07 10:30:00-05:00,369.18,375.41,375.74,375.41,382.31,24.4,12,1d+1h+4h,0.306,False,nofill,0.0
2025-02-07 11:30:00-05:00,368.8,375.41,375.73,375.41,382.11,24.4,12,1d+1h+4h,0.324,False,nofill,0.0
2025-02-07 12:30:00-05:00,369.5,375.41,375.72,375.41,381.91,24.4,12,1d+1h+4h,0.29,False,nofill,0.0
2025-02-07 13:30:00-05:00,363.86,375.41,375.72,375.41,381.94,24.4,12,1d+1h+4h,0.566,False,nofill,0.0
2025-02-07 14:30:00-05:00,361.87,375.41,375.71,375.41,381.8,24.4,12,1d+1h+4h,0.664,False,nofill,0.0
2025-02-07 15:30:00-05:00,361.49,375.41,375.7,375.41,381.53,24.4,12,1d+1h+4h,0.682,False,nofill,0.0
2025-02-10 09:30:00-05:00,360.9,375.41,375.72,375.41,381.93,24.4,12,1d+1h+4h,0.732,False,nofill,0.0
2025-02-10 10:30:00-05:00,360.75,375.41,375.71,375.41,381.77,24.4,12,1d+1h+4h,0.74,False,nofill,0.0
2025-02-10 11:30:00-05:00,358.47,375.41,375.71,375.41,381.62,24.4,12,1d+1h+4h,0.855,False,nofill,0.0
2025-02-10 12:30:00-05:00,359.95,375.41,375.7,375.41,381.46,24.4,12,1d+1h+4h,0.78,False,nofill,0.0
2025-02-10 13:30:00-05:00,357.66,375.41,375.69,375.41,381.29,24.4,12,1d+1h+4h,0.896,False,nofill,0.0
2025-02-10 14:30:00-05:00,354.99,375.41,375.69,375.41,381.23,24.4,12,1d+1h+4h,1.031,False,nofill,0.0
2025-02-10 15:30:00-05:00,350.64,375.41,375.68,375.41,381.15,24.4,12,1d+1h+4h,1.25,False,nofill,0.0
2025-02-11 09:30:00-05:00,343.99,375.41,375.7,375.41,381.4,24.4,12,1d+1h+4h,1.553,False,nofill,0.0
2025-02-11 10:30:00-05:00,337.37,375.41,375.71,375.41,381.69,24.4,12,1d+1h+4h,1.88,False,nofill,0.0
2025-02-11 11:30:00-05:00,334.94,374.39,374.68,374.39,380.58,21.6,10,1d+1h+4h,1.95,False,nofill,0.0
2025-02-11 12:30:00-05:00,329.7,361.93,362.23,361.93,368.13,19.4,11,1d+1h+4h,1.593,False,nofill,0.0
2025-02-11 13:30:00-05:00,332.48,361.93,362.22,361.93,368.09,19.4,11,1d+1h+4h,1.455,False,nofill,0.0
2025-02-11 14:30:00-05:00,326.42,361.93,362.23,361.93,368.15,19.4,11,1d+1h+4h,1.755,False,nofill,0.0
2025-02-11 15:30:00-05:00,328.64,361.93,362.22,361.93,367.97,19.4,11,1d+1h+4h,1.646,False,nofill,0.0
2025-02-12 09:30:00-05:00,338.32,375.41,375.72,375.41,381.82,24.4,12,1d+1h+4h,1.849,False,nofill,0.0
2025-02-12 10:30:00-05:00,337.2,375.41,375.71,375.41,381.71,24.4,12,1d+1h+4h,1.904,False,nofill,0.0
2025-02-12 11:30:00-05:00,343.36,375.41,375.71,375.41,381.75,24.4,12,1d+1h+4h,1.597,False,nofill,0.0
2025-02-12 12:30:00-05:00,344.93,375.41,375.7,375.41,381.52,24.4,12,1d+1h+4h,1.519,False,nofill,0.0
2025-02-12 13:30:00-05:00,344.93,375.41,375.69,375.41,381.34,24.4,12,1d+1h+4h,1.519,False,nofill,0.0
2025-02-12 14:30:00-05:00,345.82,375.41,375.68,375.41,381.1,24.4,12,1d+1h+4h,1.475,False,nofill,0.0
2025-02-12 15:30:00-05:00,336.46,375.41,375.7,375.41,381.47,24.4,12,1d+1h+4h,1.941,False,nofill,0.0
2025-02-13 09:30:00-05:00,354.93,375.41,375.75,375.41,382.49,24.4,12,1d+1h+4h,1.013,False,nofill,0.0
2025-02-13 10:30:00-05:00,352.76,375.41,375.75,375.41,382.47,24.4,12,1d+1h+4h,1.121,False,nofill,0.0
2025-02-13 11:30:00-05:00,350.2,375.41,375.74,375.41,382.33,24.4,12,1d+1h+4h,1.247,False,nofill,0.0
2025-02-13 12:30:00-05:00,350.42,375.41,375.73,375.41,382.13,24.4,12,1d+1h+4h,1.236,False,nofill,0.0
2025-02-13 13:30:00-05:00,352.25,375.41,375.72,375.41,381.88,24.4,12,1d+1h+4h,1.146,False,nofill,0.0
2025-02-13 14:30:00-05:00,355.02,375.41,375.71,375.41,381.66,24.4,12,1d+1h+4h,1.009,False,nofill,0.0
2025-02-13 15:30:00-05:00,356.03,375.41,375.7,375.41,381.44,24.4,12,1d+1h+4h,0.959,False,nofill,0.0
2025-02-14 09:30:00-05:00,352.42,375.41,375.71,375.41,381.79,24.4,12,1d+1h+4h,1.161,False,nofill,0.0
2025-02-14 10:30:00-05:00,351.55,375.41,375.71,375.41,381.75,24.4,12,1d+1h+4h,1.205,False,nofill,0.0
2025-02-14 11:30:00-05:00,349.11,375.41,375.71,375.41,381.61,24.4,12,1d+1h+4h,1.328,False,nofill,0.0
2025-02-14 12:30:00-05:00,351.23,375.41,375.69,375.41,381.39,24.4,12,1d+1h+4h,1.221,False,nofill,0.0
2025-02-14 13:30:00-05:00,353.14,375.41,375.69,375.41,381.21,24.4,12,1d+1h+4h,1.124,False,nofill,0.0
2025-02-14 14:30:00-05:00,355.87,375.41,375.68,375.41,381.09,24.4,12,1d+1h+4h,0.987,False,nofill,0.0
2025-02-14 15:30:00-05:00,355.9,375.41,375.67,375.41,380.85,24.4,12,1d+1h+4h,0.985,False,nofill,0.0
2025-02-18 09:30:00-05:00,353.94,375.41,375.67,375.41,380.95,24.4,12,1d+1h+4h,1.127,False,nofill,0.0
2025-02-18 10:30:00-05:00,356.26,375.41,375.67,375.41,380.83,24.4,12,1d+1h+4h,1.006,False,nofill,0.0
2025-02-18 11:30:00-05:00,354.42,375.41,375.66,375.41,380.7,24.4,12,1d+1h+4h,1.102,False,nofill,0.0
2025-02-18 12:30:00-05:00,351.29,375.41,375.66,375.41,380.71,24.4,12,1d+1h+4h,1.267,False,nofill,0.0
2025-02-18 13:30:00-05:00,352.67,375.41,375.66,375.41,380.56,24.4,12,1d+1h+4h,1.194,False,nofill,0.0
2025-02-18 14:30:00-05:00,352.76,375.41,375.65,375.41,380.36,24.4,12,1d+1h+4h,1.19,False,nofill,0.0
2025-02-18 15:30:00-05:00,354.05,375.41,375.64,375.41,380.16,24.4,12,1d+1h+4h,1.122,False,nofill,0.0
2025-02-19 09:30:00-05:00,363.32,375.41,375.67,375.41,380.84,24.4,12,1d+1h+4h,0.648,False,nofill,0.0
2025-02-19 10:30:00-05:00,359.97,375.41,375.67,375.41,380.83,24.4,12,1d+1h+4h,0.828,False,nofill,0.0
2025-02-19 11:30:00-05:00,364.61,375.41,375.67,375.41,380.96,24.4,12,1d+1h+4h,0.579,False,nofill,0.0
2025-02-19 12:30:00-05:00,362.87,375.41,375.67,375.41,380.79,24.4,12,1d+1h+4h,0.672,False,nofill,0.0
2025-02-19 13:30:00-05:00,362.56,375.41,375.66,375.41,380.75,24.4,12,1d+1h+4h,0.689,False,nofill,0.0
2025-02-19 14:30:00-05:00,358.11,375.41,375.67,375.41,380.78,24.4,12,1d+1h+4h,0.927,False,nofill,0.0
2025-02-19 15:30:00-05:00,360.6,375.41,375.66,375.41,380.74,24.4,12,1d+1h+4h,0.794,False,nofill,0.0
2025-02-20 09:30:00-05:00,352.14,360.0,360.29,360.0,366.02,23.2,14,1d+1h+4h,0.428,False,nofill,0.0
2025-02-20 10:30:00-05:00,354.2,360.0,360.28,360.0,365.93,23.2,14,1d+1h+4h,0.316,False,nofill,0.0
2025-02-20 11:30:00-05:00,353.9,361.99,362.26,361.99,367.67,23.2,14,1d+1h+4h,0.441,False,nofill,0.0
2025-02-20 12:30:00-05:00,353.45,361.99,362.25,361.99,367.54,23.2,14,1d+1h+4h,0.465,False,nofill,0.0
2025-02-20 13:30:00-05:00,352.98,361.99,362.24,361.99,367.24,23.2,14,1d+1h+4h,0.491,False,nofill,0.0
2025-02-20 14:30:00-05:00,353.7,361.99,362.24,361.99,367.15,23.2,14,1d+1h+4h,0.452,False,nofill,0.0
2025-02-20 15:30:00-05:00,354.38,360.0,360.24,360.0,364.95,23.2,14,1d+1h+4h,0.306,False,nofill,0.0
2025-02-21 09:30:00-05:00,348.65,360.0,360.24,360.0,365.08,23.2,14,1d+1h+4h,0.613,False,nofill,0.0
2025-02-21 10:30:00-05:00,346.09,360.0,360.24,360.0,365.01,23.2,14,1d+1h+4h,0.752,False,nofill,0.0
2025-02-21 11:30:00-05:00,340.89,360.0,360.24,360.0,365.11,23.2,14,1d+1h+4h,1.033,False,nofill,0.0
2025-02-21 12:30:00-05:00,340.12,358.11,358.35,358.11,363.16,23.2,14,1d+1h+4h,0.972,False,nofill,0.0
2025-02-21 13:30:00-05:00,335.65,361.99,362.24,361.99,367.24,23.2,14,1d+1h+4h,1.423,False,nofill,0.0
2025-02-21 14:30:00-05:00,336.4,361.93,362.18,361.93,367.13,23.2,14,1d+1h+4h,1.379,False,nofill,0.0
2025-02-21 15:30:00-05:00,337.54,358.11,358.35,358.11,363.18,23.2,14,1d+1h+4h,1.111,False,nofill,0.0
2025-02-24 09:30:00-05:00,326.6,363.18,363.47,363.18,369.22,23.4,13,1d+1h+4h,1.983,False,nofill,0.0
2025-02-24 10:30:00-05:00,333.84,363.18,363.47,363.18,369.37,23.4,13,1d+1h+4h,1.591,False,nofill,0.0
2025-02-24 11:30:00-05:00,337.03,371.87,372.17,371.87,378.15,24.4,12,1d+1h+4h,1.889,False,nofill,0.0
2025-02-24 12:30:00-05:00,338.4,371.87,372.16,371.87,377.92,24.4,12,1d+1h+4h,1.814,False,nofill,0.0
2025-02-24 13:30:00-05:00,333.41,363.18,363.47,363.18,369.19,23.4,13,1d+1h+4h,1.614,False,nofill,0.0
2025-02-24 14:30:00-05:00,331.87,363.18,363.46,363.18,369.05,23.4,13,1d+1h+4h,1.697,False,nofill,0.0
2025-02-24 15:30:00-05:00,330.38,363.18,363.45,363.18,368.91,23.4,13,1d+1h+4h,1.778,False,nofill,0.0
2025-02-25 09:30:00-05:00,306.37,313.61,313.95,313.61,320.8,26.8,10,1d+1h+4h,0.371,False,nofill,0.0
2025-02-25 10:30:00-05:00,301.31,313.61,313.96,313.61,320.94,26.8,10,1d+1h+4h,0.63,False,nofill,0.0
2025-02-25 11:30:00-05:00,303.42,313.61,313.96,313.61,320.99,26.8,10,1d+1h+4h,0.522,False,nofill,0.0
2025-02-25 12:30:00-05:00,302.37,313.61,313.95,313.61,320.79,26.8,10,1d+1h+4h,0.576,False,nofill,0.0
2025-02-25 13:30:00-05:00,298.3,313.61,313.95,313.61,320.81,26.8,10,1d+1h+4h,0.784,False,nofill,0.0
2025-02-25 14:30:00-05:00,302.7,313.61,313.95,313.61,320.74,26.8,10,1d+1h+4h,0.559,False,nofill,0.0
2025-02-25 15:30:00-05:00,302.49,313.61,313.94,313.61,320.63,26.8,10,1d+1h+4h,0.57,False,nofill,0.0
2025-02-26 09:30:00-05:00,295.25,313.61,313.97,313.61,321.24,29.8,11,1d+1h+4h,0.936,False,nofill,0.0
2025-02-26 10:30:00-05:00,298.78,313.61,313.96,313.61,321.12,29.8,11,1d+1h+4h,0.756,False,nofill,0.0
2025-02-26 11:30:00-05:00,300.68,313.61,313.96,313.61,320.93,29.8,11,1d+1h+4h,0.659,False,nofill,0.0
2025-02-26 12:30:00-05:00,293.44,313.61,313.96,313.61,320.99,30.8,12,1d+1h+4h,1.029,False,nofill,0.0
2025-02-26 13:30:00-05:00,290.25,313.61,313.95,313.61,320.88,30.8,12,1d+1h+4h,1.191,False,nofill,0.0
2025-02-26 14:30:00-05:00,289.02,313.61,313.94,313.61,320.7,30.8,12,1d+1h+4h,1.254,False,nofill,0.0
2025-02-26 15:30:00-05:00,290.89,313.61,313.94,313.61,320.54,30.8,12,1d+1h+4h,1.158,False,nofill,0.0
2025-02-27 09:30:00-05:00,293.36,313.8,314.17,313.8,321.47,27.8,11,1d+1h+4h,1.055,False,nofill,0.0
2025-02-27 10:30:00-05:00,288.4,313.61,313.97,313.61,321.3,27.8,11,1d+1h+4h,1.301,False,nofill,0.0
2025-02-27 11:30:00-05:00,285.95,313.8,314.16,313.8,321.31,27.8,11,1d+1h+4h,1.437,False,nofill,0.0
2025-02-27 12:30:00-05:00,291.31,313.8,314.16,313.8,321.29,27.8,11,1d+1h+4h,1.161,False,nofill,0.0
2025-02-27 13:30:00-05:00,284.94,313.8,314.16,313.8,321.3,27.8,11,1d+1h+4h,1.489,False,nofill,0.0
2025-02-27 14:30:00-05:00,281.93,313.61,313.95,313.61,320.9,27.8,11,1d+1h+4h,1.635,False,nofill,0.0
2025-02-27 15:30:00-05:00,281.96,313.61,313.94,313.61,320.64,27.8,11,1d+1h+4h,1.633,False,nofill,0.0
2025-02-28 09:30:00-05:00,292.35,313.8,314.18,313.8,321.75,27.8,11,1d+1h+4h,1.103,False,nofill,0.0
2025-02-28 10:30:00-05:00,287.94,313.8,314.17,313.8,321.6,27.8,11,1d+1h+4h,1.33,False,nofill,0.0
2025-02-28 11:30:00-05:00,290.27,313.61,313.97,313.61,321.2,27.8,11,1d+1h+4h,1.2,False,nofill,0.0
2025-02-28 12:30:00-05:00,286.12,313.8,314.17,313.8,321.57,27.8,11,1d+1h+4h,1.424,False,nofill,0.0
2025-02-28 13:30:00-05:00,285.92,313.8,314.16,313.8,321.36,27.8,11,1d+1h+4h,1.434,False,nofill,0.0
2025-02-28 14:30:00-05:00,293.26,313.61,313.97,313.61,321.24,27.8,11,1d+1h+4h,1.046,False,nofill,0.0
2025-02-28 15:30:00-05:00,293.31,313.61,313.96,313.61,321.05,27.8,11,1d+1h+4h,1.044,False,nofill,0.0
2025-03-03 09:30:00-05:00,300.73,313.61,313.98,313.61,321.44,30.8,12,1d+1h+4h,0.645,False,nofill,0.0
2025-03-03 10:30:00-05:00,298.94,313.61,313.98,313.61,321.39,30.8,12,1d+1h+4h,0.735,False,nofill,0.0
2025-03-03 11:30:00-05:00,298.48,313.61,313.97,313.61,321.21,30.8,12,1d+1h+4h,0.758,False,nofill,0.0
2025-03-03 12:30:00-05:00,285.42,313.61,313.99,313.61,321.7,30.8,12,1d+1h+4h,1.413,False,nofill,0.0
2025-03-03 13:30:00-05:00,286.42,313.61,313.98,313.61,321.5,30.8,12,1d+1h+4h,1.362,False,nofill,0.0
2025-03-03 14:30:00-05:00,280.09,313.61,314.0,313.61,321.78,30.8,12,1d+1h+4h,1.679,False,nofill,0.0
2025-03-03 15:30:00-05:00,284.78,313.61,314.0,313.61,321.77,30.8,12,1d+1h+4h,1.445,False,nofill,0.0
2025-03-04 09:30:00-05:00,265.61,268.94,269.38,268.94,278.24,56.8,26,1d+1h+4h,0.165,True,scratch,-0.22427527166374306
2025-03-04 10:30:00-05:00,262.76,264.86,265.29,264.86,273.93,59.0,27,1d+1h+4h,0.104,True,target,3.1926962882054655
2025-03-04 11:30:00-05:00,271.99,273.03,273.47,273.03,282.23,33.4,15,1d+1h+4h,0.052,True,scratch,-0.22005374490272622
2025-03-04 12:30:00-05:00,271.14,273.03,273.46,273.03,282.01,33.4,15,1d+1h+4h,0.094,True,target,3.064039620933423
2025-03-04 13:30:00-05:00,279.16,313.8,314.24,313.8,322.99,30.8,12,1d+1h+4h,1.718,False,nofill,0.0
2025-03-04 14:30:00-05:00,283.03,313.61,314.04,313.61,322.64,30.8,12,1d+1h+4h,1.517,False,nofill,0.0
2025-03-04 15:30:00-05:00,272.0,273.03,273.48,273.03,282.39,33.4,15,1d+1h+4h,0.051,True,scratch,-0.22284382433502836
2025-03-05 09:30:00-05:00,270.24,273.03,273.48,273.03,282.52,33.4,15,1d+1h+4h,0.143,True,scratch,-0.22498944853414082
2025-03-05 10:30:00-05:00,270.6,273.03,273.47,273.03,282.26,33.4,15,1d+1h+4h,0.124,True,scratch,-0.22059721266427523
2025-03-05 11:30:00-05:00,273.19,276.21,276.64,276.21,285.24,29.6,12,1d+1h+4h,0.154,True,scratch,-0.2153524884895397
2025-03-05 12:30:00-05:00,272.43,273.54,273.95,273.54,282.3,33.4,15,1d+1h+4h,0.056,True,scratch,-0.21226030973880983
2025-03-05 13:30:00-05:00,276.98,313.8,314.22,313.8,322.54,27.8,11,1d+1h+4h,1.882,False,nofill,0.0
2025-03-05 14:30:00-05:00,276.82,313.8,314.2,313.8,322.26,27.8,11,1d+1h+4h,1.89,False,nofill,0.0
2025-03-05 15:30:00-05:00,279.26,313.8,314.19,313.8,321.98,27.8,11,1d+1h+4h,1.765,False,nofill,0.0
2025-03-06 09:30:00-05:00,270.69,273.03,273.45,273.03,281.74,33.4,15,1d+1h+4h,0.12,False,nofill,0.0
2025-03-06 10:30:00-05:00,269.31,273.03,273.44,273.03,281.5,33.4,15,1d+1h+4h,0.191,False,nofill,0.0
2025-03-06 11:30:00-05:00,263.3,264.86,265.26,264.86,273.35,56.0,26,1d+1h+4h,0.08,True,scratch,-0.21228833521997892
2025-03-06 12:30:00-05:00,262.95,264.21,264.6,264.21,272.32,60.8,28,1d+1h+4h,0.065,True,scratch,-0.2057594356593917
2025-03-06 13:30:00-05:00,260.56,261.84,262.21,261.84,269.63,63.4,33,1d+1h+4h,0.066,True,scratch,-0.2013834675213544
2025-03-06 14:30:00-05:00,261.17,264.21,264.58,264.21,271.94,60.8,28,1d+1h+4h,0.156,True,scratch,-0.1989989613007781
2025-03-06 15:30:00-05:00,263.43,264.86,265.22,264.86,272.32,56.0,26,1d+1h+4h,0.073,True,scratch,-0.19385962297667758
2025-03-07 09:30:00-05:00,260.95,264.21,264.57,264.21,271.67,60.8,28,1d+1h+4h,0.169,False,nofill,0.0
2025-03-07 10:30:00-05:00,254.39,255.51,255.87,255.51,262.99,74.4,42,1d+1h+4h,0.058,True,scratch,-0.19907901723367205
2025-03-07 11:30:00-05:00,256.04,257.14,257.49,257.14,264.49,67.4,37,1d+1h+4h,0.057,True,scratch,-0.19576591167886903
2025-03-07 12:30:00-05:00,260.2,261.84,262.19,261.84,269.26,63.4,33,1d+1h+4h,0.085,True,scratch,-0.19465488412963028
2025-03-07 13:30:00-05:00,263.12,264.21,264.55,264.21,271.44,60.8,28,1d+1h+4h,0.057,False,nofill,0.0
2025-03-07 14:30:00-05:00,261.69,264.21,264.55,264.21,271.25,60.8,28,1d+1h+4h,0.131,False,nofill,0.0
2025-03-07 15:30:00-05:00,262.63,264.21,264.54,264.21,271.13,60.8,28,1d+1h+4h,0.082,False,nofill,0.0
2025-03-10 09:30:00-04:00,239.73,242.52,242.91,242.52,250.72,81.2,48,1d+1h+4h,0.133,True,scratch,-0.2207206800441619
2025-03-10 10:30:00-04:00,240.16,242.52,242.9,242.52,250.43,81.2,48,1d+1h+4h,0.113,True,scratch,-0.21496418362747516
2025-03-10 11:30:00-04:00,234.3,236.28,236.67,236.28,244.33,109.6,58,1d+1h+4h,0.095,False,nofill,0.0
2025-03-10 12:30:00-04:00,227.05,231.14,231.53,231.14,239.31,110.6,59,1d+1h+4h,0.196,False,nofill,0.0
2025-03-10 13:30:00-04:00,226.0,231.14,231.52,231.14,239.08,110.6,59,1d+1h+4h,0.246,True,scratch,-0.22321833983492967
2025-03-10 14:30:00-04:00,221.58,231.09,231.47,231.09,238.94,110.6,59,1d+1h+4h,0.455,True,scratch,-0.2212291703428293
2025-03-10 15:30:00-04:00,222.08,231.09,231.46,231.09,238.72,110.6,59,1d+1h+4h,0.431,True,scratch,-0.21682719233125924
2025-03-11 09:30:00-04:00,222.65,231.14,231.53,231.14,239.3,110.6,59,1d+1h+4h,0.407,True,scratch,-0.22760793517497824
2025-03-11 10:30:00-04:00,228.4,231.14,231.55,231.14,239.68,110.6,59,1d+1h+4h,0.131,True,scratch,-0.23559982297769455
2025-03-11 11:30:00-04:00,228.24,231.14,231.54,231.14,239.58,110.6,59,1d+1h+4h,0.139,True,scratch,-0.23352605959329198
2025-03-11 12:30:00-04:00,223.81,231.14,231.54,231.14,239.5,111.6,60,1d+1h+4h,0.351,True,scratch,-0.23176947097810485
2025-03-11 13:30:00-04:00,233.23,234.57,234.98,234.57,243.15,110.6,59,1d+1h+4h,0.064,True,scratch,-0.2336596026477622
2025-03-11 14:30:00-04:00,232.68,236.28,236.68,236.28,244.71,110.6,59,1d+1h+4h,0.173,True,target,3.330554894865001
2025-03-11 15:30:00-04:00,230.5,235.0,235.39,235.0,243.23,110.6,59,1d+1h+4h,0.216,True,target,3.2685171456521056
2025-03-12 09:30:00-04:00,246.9,250.73,251.17,250.73,259.96,80.0,48,1d+1h+4h,0.184,True,scratch,-0.2349242996747436
2025-03-12 10:30:00-04:00,244.82,250.73,251.16,250.73,259.77,80.0,48,1d+1h+4h,0.283,True,scratch,-0.23133046602047402
2025-03-12 11:30:00-04:00,249.3,250.73,251.15,250.73,259.54,80.0,48,1d+1h+4h,0.068,True,scratch,-0.22684388158168423
2025-03-12 12:30:00-04:00,250.24,255.82,256.23,255.82,264.33,78.4,44,1d+1h+4h,0.267,False,nofill,0.0
2025-03-12 13:30:00-04:00,249.37,250.73,251.13,250.73,259.03,80.0,48,1d+1h+4h,0.065,False,nofill,0.0
2025-03-12 14:30:00-04:00,247.7,250.73,251.11,250.73,258.62,80.0,48,1d+1h+4h,0.145,False,nofill,0.0
2025-03-12 15:30:00-04:00,248.28,250.73,251.09,250.73,258.23,81.0,49,1d+1h+4h,0.117,False,nofill,0.0
2025-03-13 09:30:00-04:00,239.46,250.73,251.11,250.73,258.77,81.0,49,1d+1h+4h,0.549,False,nofill,0.0
2025-03-13 10:30:00-04:00,236.15,237.39,237.76,237.39,245.23,99.0,53,1d+1h+4h,0.06,True,scratch,-0.21692436964861894
2025-03-13 11:30:00-04:00,235.37,236.84,237.19,236.84,244.33,100.8,54,1d+1h+4h,0.071,True,scratch,-0.21044418866527081
2025-03-13 12:30:00-04:00,236.07,237.39,237.74,237.39,244.65,99.0,53,1d+1h+4h,0.064,True,target,2.844732323485011
2025-03-13 13:30:00-04:00,240.71,250.73,251.07,250.73,257.91,82.8,50,1d+1h+4h,0.488,False,nofill,0.0
2025-03-13 14:30:00-04:00,239.71,250.73,251.06,250.73,257.65,82.8,50,1d+1h+4h,0.537,False,nofill,0.0
2025-03-13 15:30:00-04:00,240.69,250.73,251.05,250.73,257.36,82.8,50,1d+1h+4h,0.489,False,nofill,0.0
2025-03-14 09:30:00-04:00,241.04,250.73,251.06,250.73,257.63,81.0,49,1d+1h+4h,0.489,False,nofill,0.0
2025-03-14 10:30:00-04:00,248.6,250.73,251.06,250.73,257.73,81.0,49,1d+1h+4h,0.108,False,nofill,0.0
2025-03-14 11:30:00-04:00,246.81,250.96,251.28,250.96,257.71,81.0,49,1d+1h+4h,0.209,True,scratch,-0.18781742578469762
2025-03-14 12:30:00-04:00,247.98,250.64,250.95,250.64,257.15,81.0,49,1d+1h+4h,0.134,True,scratch,-0.18344927838804814
2025-03-14 13:30:00-04:00,249.1,250.64,250.94,250.64,256.87,81.0,49,1d+1h+4h,0.078,True,scratch,-0.17816377435629915
2025-03-14 14:30:00-04:00,248.49,250.64,250.93,250.64,256.69,81.0,49,1d+1h+4h,0.108,False,nofill,0.0
2025-03-14 15:30:00-04:00,249.98,251.25,251.53,251.25,257.06,80.0,48,1d+1h+4h,0.064,False,nofill,0.0
2025-03-17 09:30:00-04:00,237.34,239.27,239.57,239.27,245.63,83.2,46,1d+1h+4h,0.098,True,scratch,-0.18624709312486942
2025-03-17 10:30:00-04:00,235.6,236.84,237.14,236.84,243.19,97.0,53,1d+1h+4h,0.063,True,scratch,-0.18752327993700746
2025-03-17 11:30:00-04:00,233.37,234.68,234.97,234.68,240.81,111.6,60,1d+1h+4h,0.067,True,scratch,-0.1842288230260114
2025-03-17 12:30:00-04:00,236.36,237.39,237.68,237.39,243.38,96.0,52,1d+1h+4h,0.053,True,scratch,-0.1799127056933636
2025-03-17 13:30:00-04:00,239.3,250.64,250.92,250.64,256.47,82.0,50,1d+1h+4h,0.578,False,nofill,0.0
2025-03-17 14:30:00-04:00,237.45,239.27,239.54,239.27,244.92,83.2,46,1d+1h+4h,0.093,True,scratch,-0.17214994900316416
2025-03-17 15:30:00-04:00,237.8,239.28,239.54,239.28,244.73,83.2,46,1d+1h+4h,0.076,False,nofill,0.0
2025-03-18 09:30:00-04:00,225.09,234.58,234.88,234.58,240.8,109.6,60,1d+1h+4h,0.49,False,nofill,0.0
2025-03-18 10:30:00-04:00,227.92,234.57,234.87,234.57,240.79,109.6,60,1d+1h+4h,0.344,False,nofill,0.0
2025-03-18 11:30:00-04:00,229.17,234.57,234.85,234.57,240.54,109.6,60,1d+1h+4h,0.279,False,nofill,0.0
2025-03-18 12:30:00-04:00,227.0,234.57,234.85,234.57,240.35,109.6,60,1d+1h+4h,0.391,False,nofill,0.0
2025-03-18 13:30:00-04:00,225.14,234.57,234.84,234.57,240.25,109.6,60,1d+1h+4h,0.487,False,nofill,0.0
2025-03-18 14:30:00-04:00,226.42,234.57,234.83,234.57,240.06,109.6,60,1d+1h+4h,0.421,True,scratch,-0.17118986451269969
2025-03-18 15:30:00-04:00,225.48,234.58,234.83,234.58,239.84,109.6,60,1d+1h+4h,0.47,True,scratch,-0.1664995733074437
2025-03-19 09:30:00-04:00,231.33,234.58,234.84,234.58,240.11,109.6,60,1d+1h+4h,0.17,True,scratch,-0.1720324717431887
2025-03-19 10:30:00-04:00,235.42,236.84,237.1,236.84,242.35,98.0,54,1d+1h+4h,0.074,False,nofill,0.0
2025-03-19 11:30:00-04:00,235.18,236.28,236.54,236.28,241.59,102.8,56,1d+1h+4h,0.058,True,scratch,-0.16672067708997096
2025-03-19 12:30:00-04:00,234.35,236.05,236.29,236.05,241.12,105.6,58,1d+1h+4h,0.089,True,scratch,-0.16196883929043837
2025-03-19 13:30:00-04:00,233.42,234.57,234.8,234.57,239.5,109.6,60,1d+1h+4h,0.06,True,scratch,-0.1599667538424443
2025-03-19 14:30:00-04:00,235.3,236.28,236.53,236.28,241.46,102.8,56,1d+1h+4h,0.052,True,scratch,-0.16421247851899912
2025-03-19 15:30:00-04:00,235.73,236.84,237.07,236.84,241.87,98.0,54,1d+1h+4h,0.058,True,scratch,-0.16107673256093857
2025-03-20 09:30:00-04:00,236.54,237.46,237.7,237.46,242.58,88.2,49,1d+1h+4h,0.05,False,nofill,0.0
2025-03-20 10:30:00-04:00,234.18,235.25,235.49,235.25,240.22,102.6,57,1d+1h+4h,0.059,True,scratch,-0.16044082337752785
2025-03-20 11:30:00-04:00,231.91,235.0,235.23,235.0,239.93,105.6,58,1d+1h+4h,0.169,True,scratch,-0.1596240333217147
2025-03-20 12:30:00-04:00,234.27,235.25,235.48,235.25,240.11,102.6,57,1d+1h+4h,0.053,True,scratch,-0.1582165219721543
2025-03-20 13:30:00-04:00,232.48,235.0,235.23,235.0,239.84,105.6,58,1d+1h+4h,0.138,True,scratch,-0.15782181278711782
2025-03-20 14:30:00-04:00,233.69,234.99,235.22,234.99,239.72,105.6,58,1d+1h+4h,0.071,True,scratch,-0.1556797534487786
2025-03-20 15:30:00-04:00,236.25,237.39,237.61,237.39,241.98,89.2,50,1d+1h+4h,0.062,True,target,1.7768710494566742
2025-03-21 09:30:00-04:00,238.93,255.76,256.0,255.76,260.71,76.2,43,1d+1h+4h,0.93,False,nofill,0.0
2025-03-21 10:30:00-04:00,240.25,255.76,256.0,255.76,260.72,76.2,43,1d+1h+4h,0.857,False,nofill,0.0
2025-03-21 11:30:00-04:00,244.95,255.76,256.0,255.76,260.79,76.2,43,1d+1h+4h,0.598,False,nofill,0.0
2025-03-21 12:30:00-04:00,245.36,255.76,255.99,255.76,260.61,76.2,43,1d+1h+4h,0.575,False,nofill,0.0
2025-03-21 13:30:00-04:00,246.08,255.76,255.98,255.76,260.45,76.2,43,1d+1h+4h,0.535,True,target,1.6833143841612719
2025-03-21 14:30:00-04:00,245.02,255.76,255.98,255.76,260.33,76.2,43,1d+1h+4h,0.593,True,target,1.639423813789187
2025-03-21 15:30:00-04:00,249.12,255.76,255.98,255.76,260.37,76.2,43,1d+1h+4h,0.367,True,target,1.6543949582582096
2025-03-24 09:30:00-04:00,274.21,276.21,276.5,276.21,282.38,30.6,13,1d+1h+4h,0.105,False,nofill,0.0
2025-03-24 10:30:00-04:00,271.93,273.03,273.32,273.03,279.07,33.4,15,1d+1h+4h,0.058,True,scratch,-0.16511320248960848
2025-03-24 11:30:00-04:00,272.32,273.54,273.81,273.54,279.39,33.4,15,1d+1h+4h,0.064,True,scratch,-0.16167732123422152
2025-03-24 12:30:00-04:00,274.04,276.21,276.48,276.21,281.94,30.6,13,1d+1h+4h,0.114,True,scratch,-0.15866701689501994
2025-03-24 13:30:00-04:00,275.23,276.21,276.47,276.21,281.69,30.6,13,1d+1h+4h,0.052,True,scratch,-0.15438482465910397
2025-03-24 14:30:00-04:00,276.17,313.8,314.05,313.8,319.09,26.8,10,1d+1h+4h,1.988,False,nofill,0.0
2025-03-24 15:30:00-04:00,278.44,313.8,314.05,313.8,318.96,26.8,10,1d+1h+4h,1.868,False,nofill,0.0
2025-03-25 09:30:00-04:00,277.15,313.61,313.88,313.61,319.32,24.8,10,1d+1h+4h,1.94,False,nofill,0.0
2025-03-25 10:30:00-04:00,277.73,313.61,313.87,313.61,319.18,24.8,10,1d+1h+4h,1.909,False,nofill,0.0
2025-03-25 11:30:00-04:00,278.07,313.61,313.87,313.61,319.09,24.8,10,1d+1h+4h,1.891,False,nofill,0.0
2025-03-25 12:30:00-04:00,277.24,313.61,313.86,313.61,318.97,24.8,10,1d+1h+4h,1.935,False,nofill,0.0
2025-03-25 13:30:00-04:00,279.67,313.61,313.86,313.61,318.85,24.8,10,1d+1h+4h,1.806,False,nofill,0.0
2025-03-25 14:30:00-04:00,284.55,313.61,313.86,313.61,318.88,24.8,10,1d+1h+4h,1.546,False,nofill,0.0
2025-03-25 15:30:00-04:00,288.15,322.5,322.75,322.5,327.69,26.6,13,1d+1h+4h,1.828,False,nofill,0.0
2025-03-26 09:30:00-04:00,275.87,276.99,277.27,276.99,282.97,30.6,13,1d+1h+4h,0.059,True,scratch,-0.1626806208047893
2025-03-26 10:30:00-04:00,276.48,313.8,314.08,313.8,319.68,26.8,10,1d+1h+4h,1.965,False,nofill,0.0
2025-03-26 11:30:00-04:00,274.38,276.21,276.48,276.21,282.04,30.6,13,1d+1h+4h,0.096,False,nofill,0.0
2025-03-26 12:30:00-04:00,270.9,273.03,273.31,273.03,278.85,34.4,16,1d+1h+4h,0.113,True,scratch,-0.16122167317978997
2025-03-26 13:30:00-04:00,271.68,273.03,273.31,273.03,278.8,34.4,16,1d+1h+4h,0.071,True,target,1.9466093950396557
2025-03-26 14:30:00-04:00,267.75,268.94,269.21,268.94,274.68,53.8,27,1d+1h+4h,0.062,True,target,1.9700286963777014
2025-03-26 15:30:00-04:00,271.99,273.03,273.31,273.03,278.82,34.4,16,1d+1h+4h,0.055,True,target,1.955136513356126
2025-03-27 09:30:00-04:00,282.38,313.8,314.09,313.8,319.98,26.8,10,1d+1h+4h,1.648,False,nofill,0.0
2025-03-27 10:30:00-04:00,286.92,313.8,314.11,313.8,320.26,26.8,10,1d+1h+4h,1.41,False,nofill,0.0
2025-03-27 11:30:00-04:00,280.41,313.8,314.11,313.8,320.32,26.8,10,1d+1h+4h,1.751,False,nofill,0.0
2025-03-27 12:30:00-04:00,273.93,276.21,276.52,276.21,282.87,30.6,13,1d+1h+4h,0.119,True,scratch,-0.17458752841632563
2025-03-27 13:30:00-04:00,276.06,313.8,314.11,313.8,320.35,26.8,10,1d+1h+4h,1.979,False,nofill,0.0
2025-03-27 14:30:00-04:00,278.2,313.8,314.11,313.8,320.21,26.8,10,1d+1h+4h,1.867,False,nofill,0.0
2025-03-27 15:30:00-04:00,273.23,276.21,276.51,276.21,282.65,30.6,13,1d+1h+4h,0.156,False,nofill,0.0
2025-03-28 09:30:00-04:00,265.0,269.44,269.77,269.44,276.32,52.8,26,1d+1h+4h,0.236,False,nofill,0.0
2025-03-28 10:30:00-04:00,265.86,269.44,269.77,269.44,276.32,52.8,26,1d+1h+4h,0.19,False,nofill,0.0
2025-03-28 11:30:00-04:00,263.5,264.86,265.19,264.86,271.73,55.0,27,1d+1h+4h,0.072,True,scratch,-0.1832183207731375
2025-03-28 12:30:00-04:00,263.28,264.27,264.58,264.27,270.88,59.8,29,1d+1h+4h,0.053,True,scratch,-0.17892611749843468
2025-03-28 13:30:00-04:00,264.67,269.44,269.74,269.44,275.81,52.8,26,1d+1h+4h,0.254,False,nofill,0.0
2025-03-28 14:30:00-04:00,263.06,264.27,264.56,264.27,270.39,59.8,29,1d+1h+4h,0.064,True,scratch,-0.170167415589495
2025-03-28 15:30:00-04:00,263.49,264.86,265.15,264.86,270.86,55.0,27,1d+1h+4h,0.073,False,nofill,0.0
2025-03-31 09:30:00-04:00,245.39,251.26,251.59,251.26,258.33,82.8,50,1d+1h+4h,0.31,True,scratch,-0.19387027821230474
2025-03-31 10:30:00-04:00,250.85,255.55,255.88,255.55,262.65,80.0,46,1d+1h+4h,0.248,True,scratch,-0.1920279868587227
2025-03-31 11:30:00-04:00,254.84,255.82,256.15,255.82,262.79,76.2,43,1d+1h+4h,0.052,True,scratch,-0.1895328143518782
2025-03-31 12:30:00-04:00,254.25,255.55,255.87,255.55,262.26,80.0,46,1d+1h+4h,0.069,True,target,2.4390412784363047
2025-03-31 13:30:00-04:00,258.55,261.84,262.16,261.84,268.54,65.4,35,1d+1h+4h,0.174,True,target,2.372568780179929
2025-03-31 14:30:00-04:00,256.71,261.84,262.15,261.84,268.35,65.4,35,1d+1h+4h,0.271,True,target,2.3037318460878753
2025-03-31 15:30:00-04:00,259.27,261.84,262.14,261.84,268.2,65.4,35,1d+1h+4h,0.136,True,target,2.2495996805690366
2025-04-01 09:30:00-04:00,265.99,269.44,269.75,269.44,276.01,52.8,26,1d+1h+4h,0.183,True,target,2.258858497156635
2025-04-01 10:30:00-04:00,274.17,276.21,276.53,276.21,282.99,30.6,13,1d+1h+4h,0.108,True,scratch,-0.17678847923893182
2025-04-01 11:30:00-04:00,273.73,276.21,276.52,276.21,282.88,30.6,13,1d+1h+4h,0.131,False,nofill,0.0
2025-04-01 12:30:00-04:00,273.34,276.21,276.52,276.21,282.74,30.6,13,1d+1h+4h,0.152,False,nofill,0.0
2025-04-01 13:30:00-04:00,269.85,273.03,273.35,273.03,279.6,34.4,16,1d+1h+4h,0.169,False,nofill,0.0
2025-04-01 14:30:00-04:00,269.05,273.03,273.34,273.03,279.43,35.4,17,1d+1h+4h,0.211,True,target,2.1689987651211995
2025-04-01 15:30:00-04:00,268.48,269.44,269.73,269.44,275.6,52.8,26,1d+1h+4h,0.051,True,target,2.113138097998357
2025-04-02 09:30:00-04:00,263.03,264.21,264.54,264.21,271.22,62.8,30,1d+1h+4h,0.059,True,target,2.461902444412911
2025-04-02 10:30:00-04:00,275.52,276.99,277.36,276.99,284.76,31.6,14,1d+1h+4h,0.074,True,scratch,-0.19334297934050504
2025-04-02 11:30:00-04:00,283.22,313.61,313.99,313.61,321.64,30.8,12,1d+1h+4h,1.525,False,nofill,0.0
2025-04-02 12:30:00-04:00,283.58,313.61,314.02,313.61,322.24,30.8,12,1d+1h+4h,1.507,False,nofill,0.0
2025-04-02 13:30:00-04:00,278.64,313.61,314.04,313.61,322.79,30.8,12,1d+1h+4h,1.755,False,nofill,0.0
2025-04-02 14:30:00-04:00,280.67,313.61,314.03,313.61,322.5,30.8,12,1d+1h+4h,1.653,False,nofill,0.0
2025-04-02 15:30:00-04:00,282.67,313.61,314.02,313.61,322.35,30.8,12,1d+1h+4h,1.552,False,nofill,0.0
2025-04-03 09:30:00-04:00,267.36,268.94,269.39,268.94,278.45,59.8,29,1d+1h+4h,0.079,True,scratch,-0.2280699996104807
2025-04-03 10:30:00-04:00,265.58,268.99,269.44,268.99,278.35,59.8,29,1d+1h+4h,0.17,True,scratch,-0.22525906692957287
2025-04-03 11:30:00-04:00,270.88,273.03,273.47,273.03,282.21,35.4,17,1d+1h+4h,0.108,False,nofill,0.0
2025-04-03 12:30:00-04:00,268.28,269.44,269.86,269.44,278.3,52.8,26,1d+1h+4h,0.058,True,scratch,-0.21628412423315702
2025-04-03 13:30:00-04:00,267.09,268.94,269.35,268.94,277.46,59.8,29,1d+1h+4h,0.093,True,scratch,-0.2105924734521647
2025-04-03 14:30:00-04:00,265.9,268.99,269.38,268.99,277.28,59.8,29,1d+1h+4h,0.154,False,nofill,0.0
2025-04-03 15:30:00-04:00,267.82,268.94,269.32,268.94,276.9,59.8,29,1d+1h+4h,0.056,False,nofill,0.0
2025-04-04 09:30:00-04:00,242.41,250.96,251.4,250.96,260.27,88.4,54,1d+1h+4h,0.41,False,nofill,0.0
2025-04-04 10:30:00-04:00,243.75,250.83,251.29,250.83,260.43,88.4,54,1d+1h+4h,0.34,False,nofill,0.0
2025-04-04 11:30:00-04:00,241.42,242.52,242.96,242.52,251.82,89.0,53,1d+1h+4h,0.053,True,scratch,-0.24216430531086575
2025-04-04 12:30:00-04:00,241.02,242.52,242.94,242.52,251.44,89.0,53,1d+1h+4h,0.072,True,scratch,-0.23479072821190883
2025-04-04 13:30:00-04:00,240.24,242.52,242.94,242.52,251.29,89.0,53,1d+1h+4h,0.11,True,scratch,-0.23184294524513094
2025-04-04 14:30:00-04:00,242.79,250.83,251.24,250.83,259.39,88.4,54,1d+1h+4h,0.386,True,scratch,-0.22212351960143595
2025-04-04 15:30:00-04:00,239.34,242.52,242.92,242.52,250.96,89.0,53,1d+1h+4h,0.153,True,scratch,-0.22532393464305134
2025-04-07 09:30:00-04:00,226.7,231.61,232.12,231.61,242.28,120.2,67,1d+1h+4h,0.223,True,scratch,-0.27870820378341765
2025-04-07 10:30:00-04:00,225.82,231.67,232.18,231.67,242.55,120.2,67,1d+1h+4h,0.265,True,scratch,-0.28300315324742975
2025-04-07 11:30:00-04:00,228.85,231.61,232.11,231.61,242.2,120.2,67,1d+1h+4h,0.125,True,scratch,-0.27713104295845614
2025-04-07 12:30:00-04:00,233.17,235.25,235.75,235.25,245.76,118.6,65,1d+1h+4h,0.094,True,scratch,-0.27211776865493364
2025-04-07 13:30:00-04:00,231.56,233.7,234.19,233.7,243.97,119.2,66,1d+1h+4h,0.097,True,scratch,-0.26871856474258715
2025-04-07 14:30:00-04:00,229.45,231.61,232.09,231.61,241.68,120.2,67,1d+1h+4h,0.098,True,target,4.07153211299629
2025-04-07 15:30:00-04:00,233.29,235.25,235.72,235.25,245.09,118.6,65,1d+1h+4h,0.089,True,target,3.913904153313541
2025-04-08 09:30:00-04:00,247.97,255.82,256.31,255.82,266.21,92.8,54,1d+1h+4h,0.345,False,nofill,0.0
2025-04-08 10:30:00-04:00,243.45,255.76,256.25,255.76,266.01,92.8,54,1d+1h+4h,0.54,False,nofill,0.0
2025-04-08 11:30:00-04:00,237.82,240.19,240.68,240.19,250.48,97.8,57,1d+1h+4h,0.104,False,nofill,0.0
2025-04-08 12:30:00-04:00,229.65,233.87,234.36,233.87,244.2,125.2,68,1d+1h+4h,0.185,True,scratch,-0.2698129619508993
2025-04-08 13:30:00-04:00,229.09,233.87,234.35,233.87,243.94,125.2,68,1d+1h+4h,0.21,True,scratch,-0.2645215815271329
2025-04-08 14:30:00-04:00,222.98,233.87,234.36,233.87,244.2,125.2,68,1d+1h+4h,0.478,True,scratch,-0.2697064337119026
2025-04-08 15:30:00-04:00,221.58,233.87,234.35,233.87,243.86,125.2,68,1d+1h+4h,0.539,True,scratch,-0.2629487382592166
2025-04-09 09:30:00-04:00,231.59,233.33,233.82,233.33,243.59,125.2,68,1d+1h+4h,0.07,True,scratch,-0.2688266452704591
2025-04-09 10:30:00-04:00,230.8,232.1,232.58,232.1,242.19,131.0,73,1d+1h+4h,0.052,True,scratch,-0.26636590019686324
2025-04-09 11:30:00-04:00,232.66,234.01,234.48,234.01,243.86,125.2,68,1d+1h+4h,0.054,True,scratch,-0.25981941118851104
2025-04-09 12:30:00-04:00,246.27,249.28,249.79,249.28,260.07,98.4,62,1d+1h+4h,0.121,True,target,4.050459455462763
2025-04-09 13:30:00-04:00,265.09,267.71,268.31,267.71,280.3,61.8,31,1d+1h+4h,0.105,True,scratch,-0.2833360296763954
2025-04-09 14:30:00-04:00,268.48,271.0,271.59,271.0,283.43,58.8,28,1d+1h+4h,0.101,True,scratch,-0.27779133489023167
2025-04-09 15:30:00-04:00,272.0,278.98,279.56,278.98,291.08,43.4,19,1d+1h+4h,0.28,False,nofill,0.0
2025-04-10 09:30:00-04:00,254.39,255.76,256.36,255.76,268.44,95.6,56,1d+1h+4h,0.054,True,scratch,-0.2953523362877353
2025-04-10 10:30:00-04:00,251.25,255.51,256.09,255.51,267.76,95.6,56,1d+1h+4h,0.167,False,nofill,0.0
2025-04-10 11:30:00-04:00,241.28,249.28,249.87,249.28,261.59,101.4,63,1d+1h+4h,0.314,True,scratch,-0.2943838985151159
2025-04-10 12:30:00-04:00,245.85,249.28,249.86,249.28,261.4,101.4,63,1d+1h+4h,0.134,True,scratch,-0.2908339951674055
2025-04-10 13:30:00-04:00,254.1,255.51,256.08,255.51,267.48,95.6,56,1d+1h+4h,0.055,True,scratch,-0.282460159916742
2025-04-10 14:30:00-04:00,247.76,249.28,249.84,249.28,261.06,101.4,63,1d+1h+4h,0.06,True,scratch,-0.2843426281242678
2025-04-10 15:30:00-04:00,252.4,255.55,256.1,255.55,267.11,95.6,56,1d+1h+4h,0.123,True,scratch,-0.2747951560605699
2025-04-11 09:30:00-04:00,244.85,250.08,250.64,250.08,261.77,96.2,61,1d+1h+4h,0.21,True,scratch,-0.2818982561354155
2025-04-11 10:30:00-04:00,243.9,250.08,250.62,250.08,261.5,96.2,61,1d+1h+4h,0.249,True,scratch,-0.2768740189772245
2025-04-11 11:30:00-04:00,242.22,250.08,250.6,250.08,261.03,96.2,61,1d+1h+4h,0.316,True,scratch,-0.2680042333869981
2025-04-11 12:30:00-04:00,245.52,255.82,256.34,255.82,266.67,96.6,57,1d+1h+4h,0.414,False,nofill,0.0
2025-04-11 13:30:00-04:00,248.53,255.82,256.32,255.82,266.3,96.6,57,1d+1h+4h,0.293,True,scratch,-0.2544725094285494
2025-04-11 14:30:00-04:00,250.42,255.76,256.24,255.76,265.85,96.6,57,1d+1h+4h,0.215,True,scratch,-0.24745020318127642
2025-04-11 15:30:00-04:00,252.18,255.82,256.28,255.82,265.46,96.6,57,1d+1h+4h,0.146,True,scratch,-0.23907447924267355
2025-04-14 09:30:00-04:00,257.26,259.84,260.3,259.84,269.49,87.0,47,1d+1h+4h,0.106,False,nofill,0.0
2025-04-14 10:30:00-04:00,248.94,255.82,256.28,255.82,265.53,96.6,57,1d+1h+4h,0.284,False,nofill,0.0
2025-04-14 11:30:00-04:00,247.0,255.82,256.26,255.82,265.15,96.6,57,1d+1h+4h,0.364,False,nofill,0.0
2025-04-14 12:30:00-04:00,247.99,255.82,256.25,255.82,264.77,97.6,58,1d+1h+4h,0.323,False,nofill,0.0
2025-04-14 13:30:00-04:00,249.19,255.82,256.23,255.82,264.33,97.6,58,1d+1h+4h,0.274,True,scratch,-0.2180745449938848
2025-04-14 14:30:00-04:00,253.44,255.82,256.22,255.82,264.12,97.6,58,1d+1h+4h,0.098,True,scratch,-0.2141712892114067
2025-04-14 15:30:00-04:00,252.36,255.82,256.2,255.82,263.83,97.6,58,1d+1h+4h,0.143,True,scratch,-0.20884947588009073
2025-04-15 09:30:00-04:00,254.11,255.76,256.15,255.76,263.97,94.8,56,1d+1h+4h,0.071,True,scratch,-0.2126099742806975
2025-04-15 10:30:00-04:00,255.23,256.91,257.29,256.91,264.89,91.8,53,1d+1h+4h,0.072,False,nofill,0.0
2025-04-15 11:30:00-04:00,255.22,256.91,257.27,256.91,264.49,91.8,53,1d+1h+4h,0.073,False,nofill,0.0
2025-04-15 12:30:00-04:00,252.15,255.82,256.17,255.82,263.16,94.8,56,1d+1h+4h,0.158,False,nofill,0.0
2025-04-15 13:30:00-04:00,251.92,255.76,256.09,255.76,262.81,96.6,57,1d+1h+4h,0.165,False,nofill,0.0
2025-04-15 14:30:00-04:00,252.13,255.76,256.08,255.76,262.45,96.6,57,1d+1h+4h,0.156,False,nofill,0.0
2025-04-15 15:30:00-04:00,254.12,255.76,256.06,255.76,262.13,96.6,57,1d+1h+4h,0.07,False,nofill,0.0
2025-04-16 09:30:00-04:00,250.05,255.82,256.13,255.82,262.27,96.6,57,1d+1h+4h,0.25,False,nofill,0.0
2025-04-16 10:30:00-04:00,250.8,255.82,256.12,255.82,262.05,96.6,57,1d+1h+4h,0.218,False,nofill,0.0
2025-04-16 11:30:00-04:00,247.32,255.76,256.05,255.76,261.9,96.6,57,1d+1h+4h,0.366,False,nofill,0.0
2025-04-16 12:30:00-04:00,246.62,255.76,256.04,255.76,261.69,96.6,57,1d+1h+4h,0.396,False,nofill,0.0
2025-04-16 13:30:00-04:00,240.74,241.9,242.19,241.9,247.96,98.6,59,1d+1h+4h,0.05,True,scratch,-0.178998939833952
2025-04-16 14:30:00-04:00,234.38,235.92,236.21,235.92,242.08,119.6,66,1d+1h+4h,0.067,True,target,2.4208128965422127
2025-04-16 15:30:00-04:00,241.55,255.82,256.12,255.82,262.09,96.6,57,1d+1h+4h,0.619,False,nofill,0.0
2025-04-17 09:30:00-04:00,238.8,255.82,256.12,255.82,262.07,93.8,55,1d+1h+4h,0.777,False,nofill,0.0
2025-04-17 10:30:00-04:00,239.45,255.76,256.05,255.76,261.9,93.8,55,1d+1h+4h,0.745,False,nofill,0.0
2025-04-17 11:30:00-04:00,241.78,255.82,256.1,255.82,261.8,93.8,55,1d+1h+4h,0.641,False,nofill,0.0
2025-04-17 12:30:00-04:00,239.34,255.76,256.04,255.76,261.55,93.8,55,1d+1h+4h,0.75,False,nofill,0.0
2025-04-17 13:30:00-04:00,241.24,255.82,256.09,255.82,261.46,93.8,55,1d+1h+4h,0.666,False,nofill,0.0
2025-04-17 14:30:00-04:00,239.24,255.82,256.08,255.82,261.29,93.8,55,1d+1h+4h,0.757,False,nofill,0.0
2025-04-17 15:30:00-04:00,241.54,255.76,256.01,255.76,261.04,93.8,55,1d+1h+4h,0.65,False,nofill,0.0
2025-04-21 09:30:00-04:00,225.01,231.67,231.96,231.67,237.91,121.2,68,1d+1h+4h,0.307,False,nofill,0.0
2025-04-21 10:30:00-04:00,224.74,231.67,231.95,231.67,237.68,121.2,68,1d+1h+4h,0.32,False,nofill,0.0
2025-04-21 11:30:00-04:00,224.82,231.67,231.94,231.67,237.41,121.2,68,1d+1h+4h,0.316,False,nofill,0.0
2025-04-21 12:30:00-04:00,223.46,231.61,231.87,231.61,237.16,121.2,68,1d+1h+4h,0.376,False,nofill,0.0
2025-04-21 13:30:00-04:00,224.42,231.67,231.92,231.67,236.96,121.2,68,1d+1h+4h,0.334,True,target,2.110990747740127
2025-04-21 14:30:00-04:00,224.57,231.67,231.91,231.67,236.73,121.2,68,1d+1h+4h,0.328,True,target,2.0166569799220158
2025-04-21 15:30:00-04:00,227.45,231.61,231.85,231.61,236.56,121.2,68,1d+1h+4h,0.192,True,target,1.971987971351008
2025-04-22 09:30:00-04:00,236.07,237.39,237.65,237.39,242.76,105.0,59,1d+1h+4h,0.062,True,target,2.0919968103976894
2025-04-22 10:30:00-04:00,238.11,239.51,239.76,239.51,244.86,95.0,55,1d+1h+4h,0.066,True,scratch,-0.1660852053526174
2025-04-22 11:30:00-04:00,241.84,255.55,255.8,255.55,260.9,91.8,55,1d+1h+4h,0.647,False,nofill,0.0
2025-04-22 12:30:00-04:00,235.87,236.98,237.24,236.98,242.43,106.8,60,1d+1h+4h,0.052,True,scratch,-0.1692957872238554
2025-04-22 13:30:00-04:00,238.26,239.51,239.77,239.51,244.87,95.0,55,1d+1h+4h,0.059,True,target,2.0686499816639836
2025-04-22 14:30:00-04:00,235.39,236.84,237.08,236.84,242.06,109.8,61,1d+1h+4h,0.068,True,target,2.0368190833613076
2025-04-22 15:30:00-04:00,238.15,239.51,239.75,239.51,244.6,96.0,56,1d+1h+4h,0.064,True,target,1.9609520764938049
2025-04-23 09:30:00-04:00,254.64,255.76,256.05,255.76,261.79,90.8,54,1d+1h+4h,0.053,True,scratch,-0.17198419712961543
2025-04-23 10:30:00-04:00,254.75,255.82,256.11,255.82,261.82,90.8,54,1d+1h+4h,0.05,True,scratch,-0.17138828593987743
2025-04-23 11:30:00-04:00,252.62,255.51,255.79,255.51,261.45,91.8,55,1d+1h+4h,0.136,True,scratch,-0.17052009816623803
2025-04-23 12:30:00-04:00,255.92,257.14,257.42,257.14,263.04,84.0,48,1d+1h+4h,0.058,True,scratch,-0.169100971498104
2025-04-23 13:30:00-04:00,256.5,259.84,260.11,259.84,265.58,77.0,43,1d+1h+4h,0.157,False,nofill,0.0
2025-04-23 14:30:00-04:00,252.38,255.55,255.82,255.55,261.31,92.8,56,1d+1h+4h,0.149,True,scratch,-0.16719562688627398
2025-04-23 15:30:00-04:00,250.79,255.55,255.81,255.55,261.13,92.8,56,1d+1h+4h,0.224,True,scratch,-0.16388011834532756
2025-04-24 09:30:00-04:00,256.39,260.03,260.31,260.03,265.89,74.0,42,1d+1h+4h,0.178,False,nofill,0.0
2025-04-24 10:30:00-04:00,254.8,256.91,257.18,256.91,262.64,85.0,49,1d+1h+4h,0.103,True,scratch,-0.1659250430057546
2025-04-24 11:30:00-04:00,254.85,256.91,257.17,256.91,262.45,85.0,49,1d+1h+4h,0.101,True,scratch,-0.16242764806239096
2025-04-24 12:30:00-04:00,255.36,256.91,257.16,256.91,262.24,85.0,49,1d+1h+4h,0.076,True,scratch,-0.15856975845421895
2025-04-24 13:30:00-04:00,257.17,260.03,260.28,260.03,265.18,74.0,42,1d+1h+4h,0.14,True,target,1.8222488937906567
2025-04-24 14:30:00-04:00,255.95,257.14,257.38,257.14,262.15,77.2,44,1d+1h+4h,0.058,True,target,1.7930600797192664
2025-04-24 15:30:00-04:00,259.51,261.36,261.59,261.36,266.28,71.2,40,1d+1h+4h,0.09,True,target,1.7309343469381844
2025-04-25 09:30:00-04:00,270.62,273.9,274.16,273.9,279.35,44.2,21,1d+1h+4h,0.156,True,target,1.8316993539505333
2025-04-25 10:30:00-04:00,279.52,313.8,314.08,313.8,319.63,30.8,12,1d+1h+4h,1.637,False,nofill,0.0
2025-04-25 11:30:00-04:00,284.18,313.8,314.08,313.8,319.63,30.8,12,1d+1h+4h,1.415,False,nofill,0.0
2025-04-25 12:30:00-04:00,286.65,313.8,314.07,313.8,319.45,30.8,12,1d+1h+4h,1.297,False,nofill,0.0
2025-04-25 13:30:00-04:00,284.23,313.8,314.07,313.8,319.46,30.8,12,1d+1h+4h,1.412,False,nofill,0.0
2025-04-25 14:30:00-04:00,282.56,313.8,314.06,313.8,319.34,30.8,12,1d+1h+4h,1.492,False,nofill,0.0
2025-04-25 15:30:00-04:00,284.88,313.8,314.06,313.8,319.22,30.8,12,1d+1h+4h,1.382,False,nofill,0.0
2025-04-28 09:30:00-04:00,286.48,313.8,314.08,313.8,319.69,30.8,12,1d+1h+4h,1.298,False,nofill,0.0
2025-04-28 10:30:00-04:00,274.07,276.21,276.52,276.21,282.71,44.2,21,1d+1h+4h,0.102,True,scratch,-0.17187986468891747
2025-04-28 11:30:00-04:00,274.61,276.21,276.51,276.21,282.65,44.2,21,1d+1h+4h,0.076,True,scratch,-0.17079417255596585
2025-04-28 12:30:00-04:00,276.51,278.98,279.28,278.98,285.26,30.8,14,1d+1h+4h,0.117,True,target,2.0795482457289793
2025-04-28 13:30:00-04:00,280.94,313.8,314.1,313.8,320.11,30.8,12,1d+1h+4h,1.561,False,nofill,0.0
2025-04-28 14:30:00-04:00,284.65,313.8,314.1,313.8,320.03,30.8,12,1d+1h+4h,1.385,False,nofill,0.0
2025-04-28 15:30:00-04:00,285.88,313.8,314.09,313.8,319.8,30.8,12,1d+1h+4h,1.327,False,nofill,0.0
2025-04-29 09:30:00-04:00,281.4,313.8,314.1,313.8,320.09,30.8,12,1d+1h+4h,1.578,False,nofill,0.0
2025-04-29 10:30:00-04:00,281.91,313.8,314.09,313.8,319.95,30.8,12,1d+1h+4h,1.553,False,nofill,0.0
2025-04-29 11:30:00-04:00,282.76,313.8,314.09,313.8,319.81,30.8,12,1d+1h+4h,1.512,False,nofill,0.0
2025-04-29 12:30:00-04:00,284.89,313.8,314.08,313.8,319.6,30.8,12,1d+1h+4h,1.408,False,nofill,0.0
2025-04-29 13:30:00-04:00,285.75,313.8,314.07,313.8,319.39,30.8,12,1d+1h+4h,1.367,False,nofill,0.0
2025-04-29 14:30:00-04:00,286.86,313.8,314.05,313.8,319.14,30.8,12,1d+1h+4h,1.312,False,nofill,0.0
2025-04-29 15:30:00-04:00,292.01,313.61,313.87,313.61,319.04,30.8,12,1d+1h+4h,1.052,False,nofill,0.0
2025-04-30 09:30:00-04:00,277.08,278.98,279.3,278.98,285.62,31.8,15,1d+1h+4h,0.092,True,scratch,-0.17314240509584966
2025-04-30 10:30:00-04:00,279.05,280.79,281.11,280.79,287.48,30.8,14,1d+1h+4h,0.084,True,scratch,-0.1733601802265894
2025-04-30 11:30:00-04:00,276.18,277.45,277.76,277.45,283.95,38.4,18,1d+1h+4h,0.062,True,target,2.168895521003167
2025-04-30 12:30:00-04:00,278.03,279.35,279.65,279.35,285.62,31.8,15,1d+1h+4h,0.064,True,scratch,-0.16656902077305524
2025-04-30 13:30:00-04:00,279.21,280.79,281.08,280.79,286.86,30.8,14,1d+1h+4h,0.077,True,scratch,-0.16280975483632387
2025-04-30 14:30:00-04:00,281.4,313.8,314.09,313.8,319.8,30.8,12,1d+1h+4h,1.574,False,nofill,0.0
2025-04-30 15:30:00-04:00,282.12,313.8,314.08,313.8,319.61,30.8,12,1d+1h+4h,1.539,False,nofill,0.0
2025-05-01 09:30:00-04:00,286.22,296.63,296.91,296.63,302.56,31.6,14,1d+1h+4h,0.523,False,nofill,0.0
2025-05-01 10:30:00-04:00,287.25,295.37,295.65,295.37,301.25,31.6,14,1d+1h+4h,0.408,False,nofill,0.0
2025-05-01 11:30:00-04:00,284.13,295.37,295.65,295.37,301.22,31.6,14,1d+1h+4h,0.565,False,nofill,0.0
2025-05-01 12:30:00-04:00,284.09,295.37,295.64,295.37,301.04,31.6,14,1d+1h+4h,0.567,False,nofill,0.0
2025-05-01 13:30:00-04:00,283.14,295.37,295.63,295.37,300.83,32.6,15,1d+1h+4h,0.615,False,nofill,0.0
2025-05-01 14:30:00-04:00,283.44,295.37,295.62,295.37,300.59,32.6,15,1d+1h+4h,0.599,False,nofill,0.0
2025-05-01 15:30:00-04:00,280.51,295.37,295.62,295.37,300.58,32.6,15,1d+1h+4h,0.747,False,nofill,0.0
2025-05-02 09:30:00-04:00,283.23,295.37,295.63,295.37,300.82,32.6,15,1d+1h+4h,0.621,False,nofill,0.0
2025-05-02 10:30:00-04:00,285.25,295.37,295.63,295.37,300.83,32.6,15,1d+1h+4h,0.518,False,nofill,0.0
2025-05-02 11:30:00-04:00,289.08,295.37,295.63,295.37,300.84,32.6,15,1d+1h+4h,0.322,False,nofill,0.0
2025-05-02 12:30:00-04:00,292.2,295.37,295.64,295.37,300.88,32.6,15,1d+1h+4h,0.162,False,nofill,0.0
2025-05-02 13:30:00-04:00,293.16,295.37,295.63,295.37,300.72,32.6,15,1d+1h+4h,0.113,False,nofill,0.0
2025-05-02 14:30:00-04:00,289.76,295.37,295.63,295.37,300.75,32.6,15,1d+1h+4h,0.287,False,nofill,0.0
2025-05-02 15:30:00-04:00,287.25,295.37,295.63,295.37,300.67,32.6,15,1d+1h+4h,0.416,False,nofill,0.0
2025-05-05 09:30:00-04:00,276.15,277.45,277.73,277.45,283.24,39.4,19,1d+1h+4h,0.068,True,scratch,-0.15921101358001843
2025-05-05 10:30:00-04:00,276.79,295.37,295.64,295.37,300.99,33.6,16,1d+1h+4h,0.975,False,nofill,0.0
2025-05-05 11:30:00-04:00,277.27,295.37,295.63,295.37,300.82,33.6,16,1d+1h+4h,0.949,False,nofill,0.0
2025-05-05 12:30:00-04:00,280.48,295.37,295.63,295.37,300.71,33.6,16,1d+1h+4h,0.781,False,nofill,0.0
2025-05-05 13:30:00-04:00,281.83,295.37,295.62,295.37,300.52,33.6,16,1d+1h+4h,0.71,False,nofill,0.0
2025-05-05 14:30:00-04:00,281.75,295.37,295.61,295.37,300.36,33.6,16,1d+1h+4h,0.715,False,nofill,0.0
2025-05-05 15:30:00-04:00,280.2,295.37,295.6,295.37,300.22,33.6,16,1d+1h+4h,0.796,False,nofill,0.0
2025-05-06 09:30:00-04:00,274.62,276.21,276.45,276.21,281.37,40.4,20,1d+1h+4h,0.087,False,nofill,0.0
2025-05-06 10:30:00-04:00,275.74,276.99,277.23,276.99,281.96,40.4,20,1d+1h+4h,0.068,False,nofill,0.0
2025-05-06 11:30:00-04:00,273.44,274.4,274.63,274.4,279.31,41.0,21,1d+1h+4h,0.052,True,scratch,-0.14498104815793278
2025-05-06 12:30:00-04:00,273.72,274.69,274.91,274.69,279.36,41.0,21,1d+1h+4h,0.053,True,scratch,-0.14086799543135964
2025-05-06 13:30:00-04:00,275.0,276.21,276.42,276.21,280.73,40.4,20,1d+1h+4h,0.066,True,scratch,-0.1378085802348994
2025-05-06 14:30:00-04:00,276.02,276.99,277.2,276.99,281.35,40.4,20,1d+1h+4h,0.053,True,scratch,-0.13478936705296762
2025-05-06 15:30:00-04:00,275.25,276.21,276.41,276.21,280.38,40.4,20,1d+1h+4h,0.052,True,scratch,-0.13181408915651227
2025-05-07 09:30:00-04:00,276.46,277.45,277.65,277.45,281.64,37.4,19,1d+1h+4h,0.056,False,nofill,0.0
2025-05-07 10:30:00-04:00,273.35,274.69,274.89,274.69,278.89,41.0,21,1d+1h+4h,0.077,True,scratch,-0.132755362561221
2025-05-07 11:30:00-04:00,272.77,274.69,274.88,274.69,278.72,41.0,21,1d+1h+4h,0.11,True,scratch,-0.12983819971301713
2025-05-07 12:30:00-04:00,275.37,276.99,277.18,276.99,280.96,40.4,20,1d+1h+4h,0.092,True,target,1.3020552652081019
2025-05-07 13:30:00-04:00,273.45,274.69,274.88,274.69,278.75,41.0,21,1d+1h+4h,0.071,True,scratch,-0.13021398216156443
2025-05-07 14:30:00-04:00,273.13,274.69,274.88,274.69,278.68,41.0,21,1d+1h+4h,0.089,True,target,1.3209524857870747
2025-05-07 15:30:00-04:00,276.18,277.45,277.64,277.45,281.51,37.4,19,1d+1h+4h,0.072,True,target,1.331677686339483
2025-05-08 09:30:00-04:00,281.9,293.29,293.51,293.29,297.85,35.4,17,1d+1h+4h,0.661,False,nofill,0.0
2025-05-08 10:30:00-04:00,286.67,293.0,293.22,293.0,297.72,35.4,17,1d+1h+4h,0.367,False,nofill,0.0
2025-05-08 11:30:00-04:00,287.3,293.0,293.22,293.0,297.65,35.4,17,1d+1h+4h,0.331,False,nofill,0.0
2025-05-08 12:30:00-04:00,287.07,293.0,293.21,293.0,297.51,35.4,17,1d+1h+4h,0.344,False,nofill,0.0
2025-05-08 13:30:00-04:00,287.52,293.0,293.21,293.0,297.36,35.4,17,1d+1h+4h,0.318,True,target,1.3551660085784567
2025-05-08 14:30:00-04:00,289.02,293.0,293.2,293.0,297.27,36.4,18,1d+1h+4h,0.231,True,target,1.3261697107664228
2025-05-08 15:30:00-04:00,284.89,293.0,293.21,293.0,297.33,36.4,18,1d+1h+4h,0.47,True,target,1.3452276080207604
2025-05-09 09:30:00-04:00,302.18,322.5,322.77,322.5,328.18,26.6,13,1d+1h+4h,1.155,False,nofill,0.0
2025-05-09 10:30:00-04:00,298.66,322.5,322.78,322.5,328.3,26.6,13,1d+1h+4h,1.355,False,nofill,0.0
2025-05-09 11:30:00-04:00,296.63,322.5,322.77,322.5,328.16,26.6,13,1d+1h+4h,1.47,False,nofill,0.0
2025-05-09 12:30:00-04:00,297.9,322.5,322.76,322.5,327.93,26.6,13,1d+1h+4h,1.398,False,nofill,0.0
2025-05-09 13:30:00-04:00,298.46,322.5,322.75,322.5,327.81,26.6,13,1d+1h+4h,1.366,False,nofill,0.0
2025-05-09 14:30:00-04:00,297.81,322.5,322.74,322.5,327.61,26.6,13,1d+1h+4h,1.403,False,nofill,0.0
2025-05-09 15:30:00-04:00,298.1,322.5,322.74,322.5,327.45,26.6,13,1d+1h+4h,1.386,False,nofill,0.0
2025-05-12 09:30:00-04:00,315.18,322.5,322.81,322.5,328.91,26.6,13,1d+1h+4h,0.405,False,nofill,0.0
2025-05-12 10:30:00-04:00,319.78,322.5,322.81,322.5,328.93,26.6,13,1d+1h+4h,0.151,False,nofill,0.0
2025-05-12 11:30:00-04:00,318.59,322.5,322.8,322.5,328.73,26.6,13,1d+1h+4h,0.217,False,nofill,0.0
2025-05-12 12:30:00-04:00,318.29,322.2,322.48,322.2,328.17,27.6,14,1d+1h+4h,0.217,False,nofill,0.0
2025-05-12 13:30:00-04:00,317.02,322.2,322.47,322.2,327.95,27.6,14,1d+1h+4h,0.287,True,scratch,-0.14487913902073712
2025-05-12 14:30:00-04:00,316.35,322.2,322.46,322.2,327.69,27.6,14,1d+1h+4h,0.324,True,scratch,-0.14097845114743324
2025-05-12 15:30:00-04:00,318.62,322.2,322.45,322.2,327.49,27.6,14,1d+1h+4h,0.198,True,scratch,-0.13810635348807665
2025-05-13 09:30:00-04:00,322.5,326.2,326.47,326.2,331.81,25.6,14,1d+1h+4h,0.203,True,target,1.5757517006055322
2025-05-13 10:30:00-04:00,321.52,322.5,322.77,322.5,328.14,27.6,14,1d+1h+4h,0.054,True,scratch,-0.14311943916724967
2025-05-13 11:30:00-04:00,321.72,326.2,326.46,326.2,331.63,25.6,14,1d+1h+4h,0.245,True,target,1.5220890623109051
2025-05-13 12:30:00-04:00,329.44,363.18,363.45,363.18,368.82,23.4,13,1d+1h+4h,1.849,False,nofill,0.0
2025-05-13 13:30:00-04:00,336.05,371.87,372.15,371.87,377.77,24.4,12,1d+1h+4h,1.963,False,nofill,0.0
2025-05-13 14:30:00-04:00,334.99,363.18,363.45,363.18,368.91,23.4,13,1d+1h+4h,1.545,False,nofill,0.0
2025-05-13 15:30:00-04:00,333.93,363.18,363.45,363.18,368.83,23.4,13,1d+1h+4h,1.603,False,nofill,0.0
2025-05-14 09:30:00-04:00,340.28,371.59,371.88,371.59,377.7,24.4,12,1d+1h+4h,1.731,False,nofill,0.0
2025-05-14 10:30:00-04:00,342.73,371.59,371.88,371.59,377.7,24.4,12,1d+1h+4h,1.596,False,nofill,0.0
2025-05-14 11:30:00-04:00,347.23,371.59,371.89,371.59,377.83,24.4,12,1d+1h+4h,1.347,False,nofill,0.0
2025-05-14 12:30:00-04:00,344.57,371.59,371.89,371.59,377.83,24.4,12,1d+1h+4h,1.494,False,nofill,0.0
2025-05-14 13:30:00-04:00,346.73,371.59,371.89,371.59,377.83,24.4,12,1d+1h+4h,1.375,False,nofill,0.0
2025-05-14 14:30:00-04:00,347.93,371.59,371.88,371.59,377.66,24.4,12,1d+1h+4h,1.308,False,nofill,0.0
2025-05-14 15:30:00-04:00,347.43,371.59,371.87,371.59,377.48,24.4,12,1d+1h+4h,1.336,False,nofill,0.0
2025-05-15 09:30:00-04:00,338.04,371.59,371.89,371.59,377.89,24.4,12,1d+1h+4h,1.894,False,nofill,0.0
2025-05-15 10:30:00-04:00,339.16,371.59,371.89,371.59,377.81,24.4,12,1d+1h+4h,1.83,False,nofill,0.0
2025-05-15 11:30:00-04:00,342.44,371.59,371.88,371.59,377.72,24.4,12,1d+1h+4h,1.645,False,nofill,0.0
2025-05-15 12:30:00-04:00,345.38,371.59,371.88,371.59,377.61,24.4,12,1d+1h+4h,1.479,False,nofill,0.0
2025-05-15 13:30:00-04:00,343.29,371.59,371.87,371.59,377.46,24.4,12,1d+1h+4h,1.597,False,nofill,0.0
2025-05-15 14:30:00-04:00,339.84,371.59,371.87,371.59,377.38,24.4,12,1d+1h+4h,1.792,False,nofill,0.0
2025-05-15 15:30:00-04:00,342.73,371.59,371.86,371.59,377.29,24.4,12,1d+1h+4h,1.629,False,nofill,0.0
2025-05-16 09:30:00-04:00,346.22,371.59,371.87,371.59,377.55,24.4,12,1d+1h+4h,1.482,False,nofill,0.0
2025-05-16 10:30:00-04:00,347.7,371.59,371.87,371.59,377.54,24.4,12,1d+1h+4h,1.396,False,nofill,0.0
2025-05-16 11:30:00-04:00,347.66,371.59,371.86,371.59,377.29,24.4,12,1d+1h+4h,1.398,False,nofill,0.0
2025-05-16 12:30:00-04:00,347.87,371.59,371.85,371.59,377.04,24.4,12,1d+1h+4h,1.386,False,nofill,0.0
2025-05-16 13:30:00-04:00,347.33,371.59,371.84,371.59,376.8,24.4,12,1d+1h+4h,1.417,False,nofill,0.0
2025-05-16 14:30:00-04:00,348.81,371.59,371.83,371.59,376.61,24.4,12,1d+1h+4h,1.331,False,nofill,0.0
2025-05-16 15:30:00-04:00,349.8,371.59,371.82,371.59,376.41,24.4,12,1d+1h+4h,1.273,False,nofill,0.0
2025-05-19 09:30:00-04:00,339.9,371.59,371.86,371.59,377.29,24.4,12,1d+1h+4h,1.855,False,nofill,0.0
2025-05-19 10:30:00-04:00,337.52,371.59,371.85,371.59,377.14,24.4,12,1d+1h+4h,1.995,False,nofill,0.0
2025-05-19 11:30:00-04:00,338.64,371.59,371.86,371.59,377.18,24.4,12,1d+1h+4h,1.929,False,nofill,0.0
2025-05-19 12:30:00-04:00,342.01,371.59,371.86,371.59,377.16,24.4,12,1d+1h+4h,1.732,False,nofill,0.0
2025-05-19 13:30:00-04:00,339.83,351.05,351.32,351.05,356.79,24.4,16,1d+1h+4h,0.657,True,scratch,-0.1377957679042363
2025-05-19 14:30:00-04:00,341.34,350.76,351.02,350.76,356.28,24.4,16,1d+1h+4h,0.551,True,scratch,-0.13477045676126842
2025-05-19 15:30:00-04:00,341.93,350.76,351.01,350.76,356.0,24.4,16,1d+1h+4h,0.517,True,scratch,-0.13100717963854258
2025-05-20 09:30:00-04:00,345.54,351.62,351.9,351.62,357.43,24.4,16,1d+1h+4h,0.362,True,scratch,-0.13859173883951081
2025-05-20 10:30:00-04:00,346.3,351.62,351.89,351.62,357.2,24.4,16,1d+1h+4h,0.317,True,scratch,-0.13545401925308953
2025-05-20 11:30:00-04:00,349.29,351.05,351.31,351.05,356.55,24.4,16,1d+1h+4h,0.105,True,scratch,-0.13450531995210513
2025-05-20 12:30:00-04:00,350.36,351.62,351.87,351.62,356.95,24.4,16,1d+1h+4h,0.075,True,scratch,-0.1320323881256691
2025-05-20 13:30:00-04:00,349.89,351.05,351.31,351.05,356.45,24.4,16,1d+1h+4h,0.069,False,nofill,0.0
2025-05-20 14:30:00-04:00,344.74,351.62,351.89,351.62,357.27,24.4,16,1d+1h+4h,0.409,False,nofill,0.0
2025-05-20 15:30:00-04:00,343.76,351.62,351.88,351.62,357.1,24.4,16,1d+1h+4h,0.467,False,nofill,0.0
2025-05-21 09:30:00-04:00,342.62,351.62,351.88,351.62,357.09,24.4,16,1d+1h+4h,0.539,False,nofill,0.0
2025-05-21 10:30:00-04:00,345.34,351.62,351.88,351.62,357.05,24.4,16,1d+1h+4h,0.376,False,nofill,0.0
2025-05-21 11:30:00-04:00,346.38,351.62,351.87,351.62,356.9,24.4,16,1d+1h+4h,0.314,False,nofill,0.0
2025-05-21 12:30:00-04:00,336.0,351.62,351.9,351.62,357.41,24.4,16,1d+1h+4h,0.936,False,nofill,0.0
2025-05-21 13:30:00-04:00,337.13,351.62,351.9,351.62,357.43,24.4,16,1d+1h+4h,0.868,False,nofill,0.0
2025-05-21 14:30:00-04:00,333.33,351.62,351.9,351.62,357.48,24.4,16,1d+1h+4h,1.096,False,nofill,0.0
2025-05-21 15:30:00-04:00,334.53,351.05,351.32,351.05,356.76,25.4,17,1d+1h+4h,0.99,False,nofill,0.0
2025-05-22 09:30:00-04:00,340.7,358.11,358.39,358.11,364.13,26.0,16,1d+1h+4h,1.046,False,nofill,0.0
2025-05-22 10:30:00-04:00,342.95,358.11,358.39,358.11,364.13,26.0,16,1d+1h+4h,0.911,False,nofill,0.0
2025-05-22 11:30:00-04:00,342.24,358.11,358.38,358.11,363.87,26.0,16,1d+1h+4h,0.954,False,nofill,0.0
2025-05-22 12:30:00-04:00,344.78,358.11,358.37,358.11,363.73,26.0,16,1d+1h+4h,0.801,False,nofill,0.0
2025-05-22 13:30:00-04:00,345.14,358.11,358.36,358.11,363.48,26.0,16,1d+1h+4h,0.78,False,nofill,0.0
2025-05-22 14:30:00-04:00,346.47,358.11,358.35,358.11,363.27,26.0,16,1d+1h+4h,0.699,False,nofill,0.0
2025-05-22 15:30:00-04:00,340.98,358.11,358.35,358.11,363.34,26.0,16,1d+1h+4h,1.029,False,nofill,0.0
2025-05-23 09:30:00-04:00,335.65,351.05,351.31,351.05,356.5,28.4,18,1d+1h+4h,0.953,False,nofill,0.0
2025-05-23 10:30:00-04:00,337.29,351.05,351.3,351.05,356.38,28.4,18,1d+1h+4h,0.851,False,nofill,0.0
2025-05-23 11:30:00-04:00,339.18,351.05,351.3,351.05,356.33,28.4,18,1d+1h+4h,0.735,False,nofill,0.0
2025-05-23 12:30:00-04:00,343.04,351.05,351.3,351.05,356.32,28.4,18,1d+1h+4h,0.496,False,nofill,0.0
2025-05-23 13:30:00-04:00,340.52,351.05,351.3,351.05,356.22,28.4,18,1d+1h+4h,0.652,True,target,1.3418440473236037
2025-05-23 14:30:00-04:00,340.36,351.05,351.29,351.05,356.01,28.4,18,1d+1h+4h,0.662,True,target,1.2851668641323588
2025-05-23 15:30:00-04:00,339.39,351.05,351.28,351.05,355.83,28.4,18,1d+1h+4h,0.722,True,target,1.2352463690206594
2025-05-27 09:30:00-04:00,356.33,358.11,358.38,358.11,363.91,29.0,17,1d+1h+4h,0.106,True,scratch,-0.1370617927640927
2025-05-27 10:30:00-04:00,355.11,358.11,358.37,358.11,363.73,29.0,17,1d+1h+4h,0.179,True,target,1.432687427581314
2025-05-27 11:30:00-04:00,358.31,360.0,360.26,360.0,365.55,23.2,14,1d+1h+4h,0.101,True,scratch,-0.1333531586581005
2025-05-27 12:30:00-04:00,361.51,375.41,375.67,375.41,380.93,21.6,10,1d+1h+4h,0.83,False,nofill,0.0
2025-05-27 13:30:00-04:00,362.0,375.41,375.66,375.41,380.76,21.6,10,1d+1h+4h,0.8,False,nofill,0.0
2025-05-27 14:30:00-04:00,359.89,361.92,362.17,361.92,367.17,22.2,13,1d+1h+4h,0.121,True,scratch,-0.12901503609833442
2025-05-27 15:30:00-04:00,362.75,375.41,375.66,375.41,380.68,21.6,10,1d+1h+4h,0.756,False,nofill,0.0
2025-05-28 09:30:00-04:00,361.63,374.39,374.65,374.39,379.76,21.6,10,1d+1h+4h,0.787,False,nofill,0.0
2025-05-28 10:30:00-04:00,362.95,375.41,375.66,375.41,380.62,21.6,10,1d+1h+4h,0.769,False,nofill,0.0
2025-05-28 11:30:00-04:00,361.13,361.99,362.23,361.99,367.02,22.2,13,1d+1h+4h,0.053,True,scratch,-0.12604406207868957
2025-05-28 12:30:00-04:00,362.62,375.41,375.64,375.41,380.26,21.6,10,1d+1h+4h,0.789,False,nofill,0.0
2025-05-28 13:30:00-04:00,361.42,374.39,374.61,374.39,379.09,21.6,10,1d+1h+4h,0.8,False,nofill,0.0
2025-05-28 14:30:00-04:00,359.04,361.92,362.14,361.92,366.61,23.2,14,1d+1h+4h,0.178,True,scratch,-0.12166893828757797
2025-05-28 15:30:00-04:00,356.92,358.11,358.32,358.11,362.7,27.0,17,1d+1h+4h,0.073,True,target,1.1613957633426653
2025-05-29 09:30:00-04:00,362.03,374.39,374.63,374.39,379.47,21.6,10,1d+1h+4h,0.778,False,nofill,0.0
2025-05-29 10:30:00-04:00,364.08,375.41,375.65,375.41,380.35,21.6,10,1d+1h+4h,0.713,False,nofill,0.0
2025-05-29 11:30:00-04:00,362.43,374.39,374.62,374.39,379.28,21.6,10,1d+1h+4h,0.753,False,nofill,0.0
2025-05-29 12:30:00-04:00,361.12,361.92,362.15,361.92,366.68,23.2,14,1d+1h+4h,0.051,True,scratch,-0.12256868800438747
2025-05-29 13:30:00-04:00,357.26,358.11,358.34,358.11,363.01,27.0,17,1d+1h+4h,0.053,True,scratch,-0.1251006315261094
2025-05-29 14:30:00-04:00,358.15,361.92,362.15,361.92,366.67,23.2,14,1d+1h+4h,0.237,True,scratch,-0.12246473681603032
2025-05-29 15:30:00-04:00,358.45,361.93,362.15,361.93,366.54,23.2,14,1d+1h+4h,0.219,True,scratch,-0.12054390493916323
2025-05-30 09:30:00-04:00,361.86,374.39,374.62,374.39,379.28,21.6,10,1d+1h+4h,0.78,False,nofill,0.0
2025-05-30 10:30:00-04:00,360.91,361.92,362.15,361.92,366.78,23.2,14,1d+1h+4h,0.063,False,nofill,0.0
2025-05-30 11:30:00-04:00,354.08,358.69,358.93,358.69,363.8,27.0,17,1d+1h+4h,0.287,False,nofill,0.0
2025-05-30 12:30:00-04:00,348.41,351.05,351.31,351.05,356.47,28.4,18,1d+1h+4h,0.165,True,scratch,-0.1333751732849997
2025-05-30 13:30:00-04:00,350.6,358.11,358.36,358.11,363.46,27.0,17,1d+1h+4h,0.467,False,nofill,0.0
2025-05-30 14:30:00-04:00,351.67,358.11,358.36,358.11,363.38,27.0,17,1d+1h+4h,0.401,False,nofill,0.0
2025-05-30 15:30:00-04:00,345.76,351.05,351.31,351.05,356.46,28.4,18,1d+1h+4h,0.329,False,nofill,0.0
2025-06-02 09:30:00-04:00,338.5,351.05,351.33,351.05,357.01,28.4,18,1d+1h+4h,0.786,False,nofill,0.0
2025-06-02 10:30:00-04:00,336.11,351.05,351.33,351.05,357.01,28.4,18,1d+1h+4h,0.936,False,nofill,0.0
2025-06-02 11:30:00-04:00,338.67,351.05,351.33,351.05,356.84,28.4,18,1d+1h+4h,0.775,False,nofill,0.0
2025-06-02 12:30:00-04:00,338.21,351.05,351.31,351.05,356.58,28.4,18,1d+1h+4h,0.804,False,nofill,0.0
2025-06-02 13:30:00-04:00,341.06,351.05,351.31,351.05,356.44,28.4,18,1d+1h+4h,0.626,False,nofill,0.0
2025-06-02 14:30:00-04:00,342.1,351.05,351.3,351.05,356.26,28.4,18,1d+1h+4h,0.561,True,scratch,-0.13062305424488274
2025-06-02 15:30:00-04:00,342.7,351.05,351.29,351.05,356.07,28.4,18,1d+1h+4h,0.523,True,scratch,-0.1279971980318928
2025-06-03 09:30:00-04:00,346.03,358.69,358.94,358.69,363.92,27.0,17,1d+1h+4h,0.805,False,nofill,0.0
2025-06-03 10:30:00-04:00,350.87,358.69,358.94,358.69,364.01,27.0,17,1d+1h+4h,0.497,False,nofill,0.0
2025-06-03 11:30:00-04:00,352.53,358.69,358.94,358.69,363.84,27.0,17,1d+1h+4h,0.392,False,nofill,0.0
2025-06-03 12:30:00-04:00,354.48,358.11,358.34,358.11,363.11,27.0,17,1d+1h+4h,0.23,False,nofill,0.0
2025-06-03 13:30:00-04:00,347.56,358.64,358.9,358.64,364.02,27.0,17,1d+1h+4h,0.705,False,nofill,0.0
2025-06-03 14:30:00-04:00,348.6,358.69,358.94,358.69,363.9,27.0,17,1d+1h+4h,0.641,False,nofill,0.0
2025-06-03 15:30:00-04:00,344.47,358.11,358.36,358.11,363.36,28.0,18,1d+1h+4h,0.867,False,nofill,0.0
2025-06-04 09:30:00-04:00,332.2,351.05,351.35,351.05,357.3,28.4,18,1d+1h+4h,1.184,False,nofill,0.0
2025-06-04 10:30:00-04:00,333.16,351.05,351.34,351.05,357.24,28.4,18,1d+1h+4h,1.124,False,nofill,0.0
2025-06-04 11:30:00-04:00,331.8,351.05,351.34,351.05,357.11,28.4,18,1d+1h+4h,1.21,False,nofill,0.0
2025-06-04 12:30:00-04:00,332.86,351.05,351.32,351.05,356.82,28.4,18,1d+1h+4h,1.143,False,nofill,0.0
2025-06-04 13:30:00-04:00,333.13,358.69,358.96,358.69,364.33,29.8,19,1d+1h+4h,1.606,False,nofill,0.0
2025-06-04 14:30:00-04:00,333.92,358.69,358.95,358.69,364.12,29.8,19,1d+1h+4h,1.557,False,nofill,0.0
2025-06-04 15:30:00-04:00,332.21,358.69,358.94,358.69,363.96,29.8,19,1d+1h+4h,1.664,False,nofill,0.0
2025-06-05 09:30:00-04:00,317.59,326.67,326.97,326.67,333.03,32.4,18,1d+1h+4h,0.478,False,nofill,0.0
2025-06-05 10:30:00-04:00,321.68,358.69,359.0,358.69,365.19,33.8,21,1d+1h+4h,1.95,False,nofill,0.0
2025-06-05 11:30:00-04:00,313.67,326.67,326.99,326.67,333.5,32.4,18,1d+1h+4h,0.685,False,nofill,0.0
2025-06-05 12:30:00-04:00,302.35,326.67,327.01,326.67,333.94,32.4,18,1d+1h+4h,1.281,False,nofill,0.0
2025-06-05 13:30:00-04:00,297.54,299.29,299.64,299.29,306.62,34.4,16,1d+1h+4h,0.092,True,scratch,-0.17638477668957542
2025-06-05 14:30:00-04:00,281.75,290.87,291.28,290.87,299.59,37.4,19,1d+1h+4h,0.48,True,target,2.790794026761234
2025-06-05 15:30:00-04:00,284.73,290.87,291.28,290.87,299.51,37.4,19,1d+1h+4h,0.323,True,target,2.7629039140284917
2025-06-06 09:30:00-04:00,295.25,296.63,297.07,296.63,305.98,34.6,15,1d+1h+4h,0.072,True,scratch,-0.2098976418554499
2025-06-06 10:30:00-04:00,301.72,326.67,327.12,326.67,336.14,32.4,18,1d+1h+4h,1.306,False,nofill,0.0
2025-06-06 11:30:00-04:00,300.46,326.67,327.1,326.67,335.71,32.4,18,1d+1h+4h,1.372,False,nofill,0.0
2025-06-06 12:30:00-04:00,300.06,326.67,327.08,326.67,335.28,32.4,18,1d+1h+4h,1.392,False,nofill,0.0
2025-06-06 13:30:00-04:00,300.29,326.67,327.06,326.67,334.86,32.4,18,1d+1h+4h,1.38,False,nofill,0.0
2025-06-06 14:30:00-04:00,297.99,299.29,299.67,299.29,307.3,34.4,16,1d+1h+4h,0.068,False,nofill,0.0
2025-06-06 15:30:00-04:00,295.12,296.63,297.0,296.63,304.45,34.6,15,1d+1h+4h,0.079,True,scratch,-0.1854063554518781
2025-06-09 09:30:00-04:00,292.41,295.37,295.77,295.37,303.72,38.4,18,1d+1h+4h,0.15,True,scratch,-0.1943208572977584
2025-06-09 10:30:00-04:00,294.64,296.63,297.02,296.63,304.81,37.4,17,1d+1h+4h,0.101,True,target,2.563546138970496
2025-06-09 11:30:00-04:00,295.04,296.63,297.0,296.63,304.47,37.4,17,1d+1h+4h,0.08,True,target,2.453199818780516
2025-06-09 12:30:00-04:00,297.06,299.29,299.65,299.29,306.79,34.4,16,1d+1h+4h,0.113,True,scratch,-0.17913666751312451
2025-06-09 13:30:00-04:00,299.5,326.67,327.01,326.67,333.94,32.4,18,1d+1h+4h,1.376,False,nofill,0.0
2025-06-09 14:30:00-04:00,302.46,326.67,327.0,326.67,333.72,32.4,18,1d+1h+4h,1.226,False,nofill,0.0
2025-06-09 15:30:00-04:00,308.66,326.59,326.93,326.59,333.72,32.4,18,1d+1h+4h,0.908,False,nofill,0.0
2025-06-10 09:30:00-04:00,313.87,326.59,326.94,326.59,333.89,32.4,18,1d+1h+4h,0.646,False,nofill,0.0
2025-06-10 10:30:00-04:00,318.55,357.8,358.15,357.8,365.21,32.8,20,1d+1h+4h,1.992,False,nofill,0.0
2025-06-10 11:30:00-04:00,318.35,326.67,327.01,326.67,333.89,32.4,18,1d+1h+4h,0.422,False,nofill,0.0
2025-06-10 12:30:00-04:00,319.98,358.69,359.03,358.69,365.77,33.8,21,1d+1h+4h,1.964,False,nofill,0.0
2025-06-10 13:30:00-04:00,321.92,358.69,359.02,358.69,365.61,33.8,21,1d+1h+4h,1.866,False,nofill,0.0
2025-06-10 14:30:00-04:00,325.64,358.64,358.96,358.64,365.39,33.8,21,1d+1h+4h,1.674,False,nofill,0.0
2025-06-10 15:30:00-04:00,326.15,358.64,358.95,358.64,365.17,33.8,21,1d+1h+4h,1.649,False,nofill,0.0
2025-06-11 09:30:00-04:00,333.12,358.64,358.96,358.64,365.4,33.8,21,1d+1h+4h,1.327,False,nofill,0.0
2025-06-11 10:30:00-04:00,332.0,358.64,358.95,358.64,365.23,33.8,21,1d+1h+4h,1.385,False,nofill,0.0
2025-06-11 11:30:00-04:00,328.95,358.69,359.0,358.69,365.25,33.8,21,1d+1h+4h,1.547,False,nofill,0.0
2025-06-11 12:30:00-04:00,330.93,358.64,358.94,358.64,364.94,33.8,21,1d+1h+4h,1.441,False,nofill,0.0
2025-06-11 13:30:00-04:00,324.72,358.69,359.0,358.69,365.16,33.8,21,1d+1h+4h,1.767,False,nofill,0.0
2025-06-11 14:30:00-04:00,324.94,358.69,358.99,358.69,364.9,33.8,21,1d+1h+4h,1.755,False,nofill,0.0
2025-06-11 15:30:00-04:00,326.49,358.69,358.98,358.69,364.72,33.8,21,1d+1h+4h,1.675,False,nofill,0.0
2025-06-12 09:30:00-04:00,326.49,358.69,358.98,358.69,364.79,33.8,21,1d+1h+4h,1.697,False,nofill,0.0
2025-06-12 10:30:00-04:00,326.4,358.69,358.98,358.69,364.71,33.8,21,1d+1h+4h,1.702,False,nofill,0.0
2025-06-12 11:30:00-04:00,326.37,358.69,358.98,358.69,364.85,33.8,21,1d+1h+4h,1.703,False,nofill,0.0
2025-06-12 12:30:00-04:00,325.09,358.64,358.92,358.64,364.58,33.8,21,1d+1h+4h,1.768,False,nofill,0.0
2025-06-12 13:30:00-04:00,319.66,326.67,326.95,326.67,332.69,33.4,19,1d+1h+4h,0.369,False,nofill,0.0
2025-06-12 14:30:00-04:00,319.5,326.67,326.95,326.67,332.55,33.4,19,1d+1h+4h,0.378,False,nofill,0.0
2025-06-12 15:30:00-04:00,319.18,326.67,326.93,326.67,332.24,33.4,19,1d+1h+4h,0.395,False,nofill,0.0
2025-06-13 09:30:00-04:00,314.45,326.67,326.94,326.67,332.37,33.4,19,1d+1h+4h,0.642,True,scratch,-0.14293429126173152
2025-06-13 10:30:00-04:00,318.85,326.67,326.94,326.67,332.44,33.4,19,1d+1h+4h,0.411,True,scratch,-0.14396259381843635
2025-06-13 11:30:00-04:00,324.56,358.69,358.97,358.69,364.57,33.8,21,1d+1h+4h,1.794,False,nofill,0.0
2025-06-13 12:30:00-04:00,332.16,358.69,358.98,358.69,364.88,33.8,21,1d+1h+4h,1.394,False,nofill,0.0
2025-06-13 13:30:00-04:00,326.92,358.69,358.99,358.69,364.94,33.8,21,1d+1h+4h,1.67,False,nofill,0.0
2025-06-13 14:30:00-04:00,327.04,358.64,358.94,358.64,364.92,33.8,21,1d+1h+4h,1.66,False,nofill,0.0
2025-06-13 15:30:00-04:00,325.35,358.69,358.98,358.69,364.8,33.8,21,1d+1h+4h,1.752,False,nofill,0.0
2025-06-16 09:30:00-04:00,330.05,357.8,358.09,357.8,363.98,32.8,20,1d+1h+4h,1.529,False,nofill,0.0
2025-06-16 10:30:00-04:00,330.22,357.8,358.08,357.8,363.76,32.8,20,1d+1h+4h,1.52,False,nofill,0.0
2025-06-16 11:30:00-04:00,331.32,357.8,358.07,357.8,363.56,32.8,20,1d+1h+4h,1.459,False,nofill,0.0
2025-06-16 12:30:00-04:00,329.24,357.8,358.06,357.8,363.35,32.8,20,1d+1h+4h,1.574,False,nofill,0.0
2025-06-16 13:30:00-04:00,330.4,357.8,358.06,357.8,363.2,32.8,20,1d+1h+4h,1.51,False,nofill,0.0
2025-06-16 14:30:00-04:00,329.62,357.8,358.05,357.8,363.04,32.8,20,1d+1h+4h,1.553,False,nofill,0.0
2025-06-16 15:30:00-04:00,329.11,357.8,358.04,357.8,362.77,32.8,20,1d+1h+4h,1.581,False,nofill,0.0
2025-06-17 09:30:00-04:00,322.95,358.11,358.36,358.11,363.4,32.8,20,1d+1h+4h,1.966,False,nofill,0.0
2025-06-17 10:30:00-04:00,320.12,351.62,351.87,351.62,356.91,32.2,21,1d+1h+4h,1.762,False,nofill,0.0
2025-06-17 11:30:00-04:00,320.94,351.62,351.87,351.62,356.85,32.2,21,1d+1h+4h,1.716,False,nofill,0.0
2025-06-17 12:30:00-04:00,318.58,351.62,351.87,351.62,356.77,32.2,21,1d+1h+4h,1.847,False,nofill,0.0
2025-06-17 13:30:00-04:00,315.55,327.33,327.58,327.33,332.56,31.4,17,1d+1h+4h,0.659,False,nofill,0.0
2025-06-17 14:30:00-04:00,317.31,351.62,351.86,351.62,356.64,32.2,21,1d+1h+4h,1.919,False,nofill,0.0
2025-06-17 15:30:00-04:00,316.28,351.62,351.85,351.62,356.47,32.2,21,1d+1h+4h,1.976,False,nofill,0.0
2025-06-18 09:30:00-04:00,323.37,358.11,358.35,358.11,363.33,32.8,20,1d+1h+4h,1.974,False,nofill,0.0
2025-06-18 10:30:00-04:00,324.99,357.8,358.04,357.8,362.89,32.8,20,1d+1h+4h,1.865,False,nofill,0.0
2025-06-18 11:30:00-04:00,324.8,358.11,358.35,358.11,363.2,32.8,20,1d+1h+4h,1.893,False,nofill,0.0
2025-06-18 12:30:00-04:00,321.96,351.62,351.86,351.62,356.62,32.2,21,1d+1h+4h,1.685,False,nofill,0.0
2025-06-18 13:30:00-04:00,323.94,357.8,358.04,357.8,362.8,32.8,20,1d+1h+4h,1.924,False,nofill,0.0
2025-06-18 14:30:00-04:00,322.22,329.3,329.54,329.3,334.32,35.8,21,1d+1h+4h,0.403,True,scratch,-0.13251039797887998
2025-06-18 15:30:00-04:00,322.1,329.3,329.53,329.3,334.16,35.8,21,1d+1h+4h,0.409,True,scratch,-0.13013673247915802
2025-06-20 09:30:00-04:00,320.19,329.3,329.56,329.3,334.86,35.8,21,1d+1h+4h,0.524,False,nofill,0.0
2025-06-20 10:30:00-04:00,319.72,329.3,329.56,329.3,334.7,35.8,21,1d+1h+4h,0.551,False,nofill,0.0
2025-06-20 11:30:00-04:00,323.35,329.3,329.55,329.3,334.62,35.8,21,1d+1h+4h,0.343,False,nofill,0.0
2025-06-20 12:30:00-04:00,321.48,329.3,329.55,329.3,334.58,35.8,21,1d+1h+4h,0.45,False,nofill,0.0
2025-06-20 13:30:00-04:00,323.36,329.3,329.55,329.3,334.55,35.8,21,1d+1h+4h,0.342,True,target,1.4549788071337666
2025-06-20 14:30:00-04:00,321.29,329.3,329.55,329.3,334.47,35.8,21,1d+1h+4h,0.461,True,target,1.431897287168149
2025-06-20 15:30:00-04:00,322.17,329.3,329.54,329.3,334.33,35.8,21,1d+1h+4h,0.41,True,target,1.3940279213352058
2025-06-23 09:30:00-04:00,353.02,358.64,358.97,358.64,365.64,33.8,21,1d+1h+4h,0.301,False,nofill,0.0
2025-06-23 10:30:00-04:00,353.39,358.64,358.98,358.64,365.7,33.8,21,1d+1h+4h,0.281,False,nofill,0.0
2025-06-23 11:30:00-04:00,349.5,358.64,358.98,358.64,365.8,33.8,21,1d+1h+4h,0.49,False,nofill,0.0
2025-06-23 12:30:00-04:00,351.12,358.64,358.98,358.64,365.82,33.8,21,1d+1h+4h,0.403,False,nofill,0.0
2025-06-23 13:30:00-04:00,350.47,358.64,358.97,358.64,365.65,34.8,22,1d+1h+4h,0.438,False,nofill,0.0
2025-06-23 14:30:00-04:00,348.75,358.64,358.96,358.64,365.45,34.8,22,1d+1h+4h,0.53,False,nofill,0.0
2025-06-23 15:30:00-04:00,348.71,358.64,358.95,358.64,365.23,34.8,22,1d+1h+4h,0.532,False,nofill,0.0
2025-06-24 09:30:00-04:00,341.56,358.11,358.45,358.11,365.38,33.8,21,1d+1h+4h,0.896,False,nofill,0.0
2025-06-24 10:30:00-04:00,343.84,357.8,358.14,357.8,364.89,33.8,21,1d+1h+4h,0.756,False,nofill,0.0
2025-06-24 11:30:00-04:00,342.22,358.11,358.43,358.11,364.91,33.8,21,1d+1h+4h,0.86,False,nofill,0.0
2025-06-24 12:30:00-04:00,342.24,358.11,358.42,358.11,364.66,33.8,21,1d+1h+4h,0.859,False,nofill,0.0
2025-06-24 13:30:00-04:00,342.46,358.11,358.4,358.11,364.35,35.6,22,1d+1h+4h,0.847,False,nofill,0.0
2025-06-24 14:30:00-04:00,341.85,358.11,358.39,358.11,364.05,35.6,22,1d+1h+4h,0.88,False,nofill,0.0
2025-06-24 15:30:00-04:00,340.48,358.11,358.38,358.11,363.86,35.6,22,1d+1h+4h,0.955,False,nofill,0.0
2025-06-25 09:30:00-04:00,321.49,329.3,329.63,329.3,336.33,36.8,22,1d+1h+4h,0.416,False,nofill,0.0
2025-06-25 10:30:00-04:00,326.07,329.3,329.63,329.3,336.27,36.8,22,1d+1h+4h,0.172,False,nofill,0.0
2025-06-25 11:30:00-04:00,325.85,329.3,329.62,329.3,335.96,36.8,22,1d+1h+4h,0.184,False,nofill,0.0
2025-06-25 12:30:00-04:00,326.98,329.3,329.6,329.3,335.69,36.8,22,1d+1h+4h,0.123,False,nofill,0.0
2025-06-25 13:30:00-04:00,325.2,329.3,329.59,329.3,335.41,36.8,22,1d+1h+4h,0.219,True,scratch,-0.14816634839883713
2025-06-25 14:30:00-04:00,327.5,329.3,329.59,329.3,335.41,36.8,22,1d+1h+4h,0.096,True,scratch,-0.14813774185813422
2025-06-25 15:30:00-04:00,327.59,329.3,329.58,329.3,335.09,36.8,22,1d+1h+4h,0.091,True,scratch,-0.1435882541408584
2025-06-26 09:30:00-04:00,325.94,358.11,358.38,358.11,363.97,38.6,23,1d+1h+4h,1.792,False,nofill,0.0
2025-06-26 10:30:00-04:00,325.76,357.54,357.82,357.54,363.48,38.6,23,1d+1h+4h,1.77,False,nofill,0.0
2025-06-26 11:30:00-04:00,327.81,357.54,357.81,357.54,363.31,38.6,23,1d+1h+4h,1.656,False,nofill,0.0
2025-06-26 12:30:00-04:00,329.0,357.54,357.8,357.54,363.04,38.6,23,1d+1h+4h,1.59,False,nofill,0.0
2025-06-26 13:30:00-04:00,326.77,358.11,358.36,358.11,363.42,38.6,23,1d+1h+4h,1.746,False,nofill,0.0
2025-06-26 14:30:00-04:00,327.81,358.11,358.35,358.11,363.28,38.6,23,1d+1h+4h,1.688,False,nofill,0.0
2025-06-26 15:30:00-04:00,325.77,358.11,358.34,358.11,363.13,38.6,23,1d+1h+4h,1.801,False,nofill,0.0
2025-06-27 09:30:00-04:00,326.54,358.11,358.36,358.11,363.47,38.6,23,1d+1h+4h,1.802,False,nofill,0.0
2025-06-27 10:30:00-04:00,325.53,357.8,358.05,357.8,363.05,38.6,23,1d+1h+4h,1.843,False,nofill,0.0
2025-06-27 11:30:00-04:00,324.74,358.11,358.35,358.11,363.22,38.6,23,1d+1h+4h,1.905,False,nofill,0.0
2025-06-27 12:30:00-04:00,324.5,358.11,358.33,358.11,362.93,38.6,23,1d+1h+4h,1.919,False,nofill,0.0
2025-06-27 13:30:00-04:00,320.76,329.3,329.53,329.3,334.18,36.8,22,1d+1h+4h,0.488,False,nofill,0.0
2025-06-27 14:30:00-04:00,321.2,329.3,329.53,329.3,334.16,36.8,22,1d+1h+4h,0.463,False,nofill,0.0
2025-06-27 15:30:00-04:00,323.8,358.11,358.33,358.11,362.89,38.6,23,1d+1h+4h,1.959,False,nofill,0.0
2025-06-30 09:30:00-04:00,319.46,329.3,329.54,329.3,334.32,36.8,22,1d+1h+4h,0.582,False,nofill,0.0
2025-06-30 10:30:00-04:00,320.59,329.3,329.53,329.3,334.2,36.8,22,1d+1h+4h,0.515,False,nofill,0.0
2025-06-30 11:30:00-04:00,320.9,329.3,329.53,329.3,334.1,36.8,22,1d+1h+4h,0.497,False,nofill,0.0
2025-06-30 12:30:00-04:00,319.8,329.3,329.52,329.3,333.89,36.8,22,1d+1h+4h,0.562,False,nofill,0.0
2025-06-30 13:30:00-04:00,318.23,329.3,329.51,329.3,333.71,36.8,22,1d+1h+4h,0.655,False,nofill,0.0
2025-06-30 14:30:00-04:00,317.54,329.3,329.5,329.3,333.6,36.8,22,1d+1h+4h,0.696,False,nofill,0.0
2025-06-30 15:30:00-04:00,317.62,329.3,329.5,329.3,333.43,36.8,22,1d+1h+4h,0.691,False,nofill,0.0
2025-07-01 09:30:00-04:00,303.19,329.34,329.61,329.34,335.01,36.8,22,1d+1h+4h,1.499,False,nofill,0.0
2025-07-01 10:30:00-04:00,300.78,329.34,329.62,329.34,335.19,36.8,22,1d+1h+4h,1.637,False,nofill,0.0
2025-07-01 11:30:00-04:00,303.25,329.34,329.61,329.34,335.08,36.8,22,1d+1h+4h,1.496,False,nofill,0.0
2025-07-01 12:30:00-04:00,302.1,329.34,329.6,329.34,334.87,36.8,22,1d+1h+4h,1.562,False,nofill,0.0
2025-07-01 13:30:00-04:00,301.04,329.34,329.6,329.34,334.77,36.8,22,1d+1h+4h,1.622,False,nofill,0.0
2025-07-01 14:30:00-04:00,302.89,329.34,329.59,329.34,334.6,36.8,22,1d+1h+4h,1.516,False,nofill,0.0
2025-07-01 15:30:00-04:00,300.71,329.34,329.59,329.34,334.52,36.8,22,1d+1h+4h,1.641,False,nofill,0.0
2025-07-02 09:30:00-04:00,311.92,329.34,329.62,329.34,335.18,36.8,22,1d+1h+4h,1.004,False,nofill,0.0
2025-07-02 10:30:00-04:00,313.82,329.34,329.62,329.34,335.26,36.8,22,1d+1h+4h,0.895,False,nofill,0.0
2025-07-02 11:30:00-04:00,313.36,329.34,329.61,329.34,335.06,36.8,22,1d+1h+4h,0.921,False,nofill,0.0
2025-07-02 12:30:00-04:00,315.53,329.34,329.61,329.34,334.94,36.8,22,1d+1h+4h,0.796,False,nofill,0.0
2025-07-02 13:30:00-04:00,315.88,329.34,329.59,329.34,334.69,36.8,22,1d+1h+4h,0.776,False,nofill,0.0
2025-07-02 14:30:00-04:00,315.35,329.34,329.58,329.34,334.45,36.8,22,1d+1h+4h,0.806,False,nofill,0.0
2025-07-02 15:30:00-04:00,315.65,329.34,329.58,329.34,334.31,36.8,22,1d+1h+4h,0.789,False,nofill,0.0
2025-07-03 09:30:00-04:00,313.87,316.83,317.07,316.83,321.84,35.4,19,1d+1h+4h,0.179,True,scratch,-0.13512055092613773
2025-07-03 10:30:00-04:00,316.35,322.6,322.84,322.6,327.63,33.4,19,1d+1h+4h,0.378,False,nofill,0.0
2025-07-03 11:30:00-04:00,317.09,322.6,322.83,322.6,327.48,33.4,19,1d+1h+4h,0.334,False,nofill,0.0
2025-07-07 09:30:00-04:00,293.18,295.37,295.69,295.37,302.03,36.2,17,1d+1h+4h,0.127,False,nofill,0.0
2025-07-07 10:30:00-04:00,292.81,295.37,295.68,295.37,301.84,36.2,17,1d+1h+4h,0.149,False,nofill,0.0
2025-07-07 11:30:00-04:00,292.61,317.5,317.79,317.5,323.76,36.4,20,1d+1h+4h,1.444,False,nofill,0.0
2025-07-07 12:30:00-04:00,291.34,293.0,293.28,293.0,298.95,40.2,21,1d+1h+4h,0.096,True,scratch,-0.1565639321162382
2025-07-07 13:30:00-04:00,291.38,293.0,293.27,293.0,298.75,40.2,21,1d+1h+4h,0.094,True,target,1.8055476503554546
2025-07-07 14:30:00-04:00,293.97,316.83,317.1,316.83,322.4,36.4,20,1d+1h+4h,1.326,False,nofill,0.0
2025-07-07 15:30:00-04:00,293.92,316.14,316.4,316.14,321.5,36.4,20,1d+1h+4h,1.289,False,nofill,0.0
2025-07-08 09:30:00-04:00,298.93,316.83,317.09,316.83,322.29,38.2,21,1d+1h+4h,1.07,False,nofill,0.0
2025-07-08 10:30:00-04:00,301.92,316.83,317.09,316.83,322.29,38.2,21,1d+1h+4h,0.892,False,nofill,0.0
2025-07-08 11:30:00-04:00,302.25,316.83,317.08,316.83,322.06,38.2,21,1d+1h+4h,0.872,False,nofill,0.0
2025-07-08 12:30:00-04:00,301.53,316.83,317.07,316.83,321.81,38.2,21,1d+1h+4h,0.915,False,nofill,0.0
2025-07-08 13:30:00-04:00,302.93,316.83,317.06,316.83,321.69,38.2,21,1d+1h+4h,0.831,False,nofill,0.0
2025-07-08 14:30:00-04:00,296.96,316.83,317.07,316.83,321.84,38.2,21,1d+1h+4h,1.188,False,nofill,0.0
2025-07-08 15:30:00-04:00,297.83,316.83,317.07,316.83,321.8,38.2,21,1d+1h+4h,1.136,False,nofill,0.0
2025-07-09 09:30:00-04:00,295.45,316.83,317.07,316.83,321.85,38.2,21,1d+1h+4h,1.336,False,nofill,0.0
2025-07-09 10:30:00-04:00,295.93,316.83,317.06,316.83,321.71,38.2,21,1d+1h+4h,1.306,False,nofill,0.0
2025-07-09 11:30:00-04:00,294.85,316.83,317.06,316.83,321.52,38.2,21,1d+1h+4h,1.374,False,nofill,0.0
2025-07-09 12:30:00-04:00,294.51,316.83,317.05,316.83,321.33,38.2,21,1d+1h+4h,1.395,False,nofill,0.0
2025-07-09 13:30:00-04:00,296.58,316.83,317.04,316.83,321.25,38.2,21,1d+1h+4h,1.266,False,nofill,0.0
2025-07-09 14:30:00-04:00,296.94,316.83,317.03,316.83,321.07,38.2,21,1d+1h+4h,1.243,False,nofill,0.0
2025-07-09 15:30:00-04:00,295.82,316.83,317.03,316.83,320.91,38.2,21,1d+1h+4h,1.313,False,nofill,0.0
2025-07-10 09:30:00-04:00,304.35,316.83,317.06,316.83,321.53,38.2,21,1d+1h+4h,0.785,False,nofill,0.0
2025-07-10 10:30:00-04:00,304.69,316.83,317.05,316.83,321.42,38.2,21,1d+1h+4h,0.764,False,nofill,0.0
2025-07-10 11:30:00-04:00,304.02,316.83,317.04,316.83,321.23,38.2,21,1d+1h+4h,0.806,False,nofill,0.0
2025-07-10 12:30:00-04:00,301.89,316.83,317.04,316.83,321.17,38.2,21,1d+1h+4h,0.94,False,nofill,0.0
2025-07-10 13:30:00-04:00,306.53,316.83,317.04,316.83,321.28,38.2,21,1d+1h+4h,0.648,False,nofill,0.0
2025-07-10 14:30:00-04:00,309.24,316.83,317.05,316.83,321.28,38.2,21,1d+1h+4h,0.478,False,nofill,0.0
2025-07-10 15:30:00-04:00,309.94,316.83,317.04,316.83,321.1,38.2,21,1d+1h+4h,0.434,False,nofill,0.0
2025-07-11 09:30:00-04:00,310.98,316.83,317.04,316.83,321.27,38.2,21,1d+1h+4h,0.381,False,nofill,0.0
2025-07-11 10:30:00-04:00,307.71,316.83,317.05,316.83,321.28,38.2,21,1d+1h+4h,0.594,False,nofill,0.0
2025-07-11 11:30:00-04:00,309.85,316.83,317.04,316.83,321.19,38.2,21,1d+1h+4h,0.454,False,nofill,0.0
2025-07-11 12:30:00-04:00,310.86,316.83,317.03,316.83,321.02,38.2,21,1d+1h+4h,0.389,False,nofill,0.0
2025-07-11 13:30:00-04:00,311.96,316.83,317.03,316.83,320.94,38.2,21,1d+1h+4h,0.317,True,scratch,-0.12160360755278932
2025-07-11 14:30:00-04:00,312.68,316.83,317.02,316.83,320.88,38.2,21,1d+1h+4h,0.27,True,scratch,-0.12072565003052871
2025-07-11 15:30:00-04:00,313.5,316.83,317.02,316.83,320.7,38.2,21,1d+1h+4h,0.217,True,scratch,-0.11804273144517818
2025-07-14 09:30:00-04:00,314.25,316.83,317.04,316.83,321.11,38.2,21,1d+1h+4h,0.172,False,nofill,0.0
2025-07-14 10:30:00-04:00,314.38,316.83,317.03,316.83,321.03,38.2,21,1d+1h+4h,0.164,False,nofill,0.0
2025-07-14 11:30:00-04:00,314.94,316.83,317.02,316.83,320.85,38.2,21,1d+1h+4h,0.126,False,nofill,0.0
2025-07-14 12:30:00-04:00,315.34,316.83,317.02,316.83,320.71,38.2,21,1d+1h+4h,0.1,True,scratch,-0.11817359369601377
2025-07-14 13:30:00-04:00,315.02,316.83,317.01,316.83,320.66,38.2,21,1d+1h+4h,0.121,True,scratch,-0.11747959037736733
2025-07-14 14:30:00-04:00,316.33,317.5,317.67,317.5,321.2,32.4,18,1d+1h+4h,0.078,True,scratch,-0.11543634304974626
2025-07-14 15:30:00-04:00,316.91,323.31,323.48,323.31,326.87,31.4,19,1d+1h+4h,0.427,False,nofill,0.0
2025-07-15 09:30:00-04:00,317.66,323.31,323.48,323.31,326.97,30.4,18,1d+1h+4h,0.385,False,nofill,0.0
2025-07-15 10:30:00-04:00,314.07,316.83,317.01,316.83,320.6,38.2,21,1d+1h+4h,0.188,False,nofill,0.0
2025-07-15 11:30:00-04:00,314.32,316.83,317.01,316.83,320.49,38.2,21,1d+1h+4h,0.171,False,nofill,0.0
2025-07-15 12:30:00-04:00,314.08,316.83,317.0,316.83,320.4,38.2,21,1d+1h+4h,0.188,False,nofill,0.0
2025-07-15 13:30:00-04:00,314.65,316.83,317.0,316.83,320.29,38.2,21,1d+1h+4h,0.148,True,target,0.9774826448739615
2025-07-15 14:30:00-04:00,311.46,316.83,317.0,316.83,320.35,38.2,21,1d+1h+4h,0.366,True,target,0.9968953414214665
2025-07-15 15:30:00-04:00,310.66,316.83,316.99,316.83,320.23,38.2,21,1d+1h+4h,0.421,True,target,0.9601558595876192
2025-07-16 09:30:00-04:00,318.18,323.31,323.49,323.31,327.08,32.2,19,1d+1h+4h,0.353,False,nofill,0.0
2025-07-16 10:30:00-04:00,319.51,323.31,323.49,323.31,327.07,32.2,19,1d+1h+4h,0.262,False,nofill,0.0
2025-07-16 11:30:00-04:00,321.2,323.31,323.5,323.31,327.22,32.2,19,1d+1h+4h,0.145,False,nofill,0.0
2025-07-16 12:30:00-04:00,320.2,323.31,323.49,323.31,327.09,32.2,19,1d+1h+4h,0.214,True,scratch,-0.11555581598875486
2025-07-16 13:30:00-04:00,319.48,323.31,323.49,323.31,326.99,32.2,19,1d+1h+4h,0.263,True,scratch,-0.11415786554633822
2025-07-16 14:30:00-04:00,322.03,323.31,323.49,323.31,326.99,32.2,19,1d+1h+4h,0.088,True,scratch,-0.11415486252100981
2025-07-16 15:30:00-04:00,321.67,323.31,323.48,323.31,326.89,32.2,19,1d+1h+4h,0.113,True,scratch,-0.11262535342485558
2025-07-17 09:30:00-04:00,321.9,323.31,323.48,323.31,326.97,32.2,19,1d+1h+4h,0.101,False,nofill,0.0
2025-07-17 10:30:00-04:00,322.12,323.31,323.48,323.31,326.87,32.2,19,1d+1h+4h,0.085,False,nofill,0.0
2025-07-17 11:30:00-04:00,320.53,323.31,323.48,323.31,326.81,32.2,19,1d+1h+4h,0.198,False,nofill,0.0
2025-07-17 12:30:00-04:00,319.46,323.31,323.48,323.31,326.87,33.2,20,1d+1h+4h,0.275,False,nofill,0.0
2025-07-17 13:30:00-04:00,319.01,323.31,323.48,323.31,326.81,33.2,20,1d+1h+4h,0.307,True,target,0.9711265159970894
2025-07-17 14:30:00-04:00,318.93,323.31,323.47,323.31,326.68,33.2,20,1d+1h+4h,0.312,True,target,0.9314674732660899
2025-07-17 15:30:00-04:00,319.37,323.31,323.46,323.31,326.53,33.2,20,1d+1h+4h,0.281,True,target,0.8886972134784177
2025-07-18 09:30:00-04:00,327.07,332.55,332.73,332.55,336.39,29.0,21,1d+1h+4h,0.396,False,nofill,0.0
2025-07-18 10:30:00-04:00,327.16,332.55,332.73,332.55,336.39,29.0,21,1d+1h+4h,0.39,False,nofill,0.0
2025-07-18 11:30:00-04:00,328.06,333.21,333.39,333.21,336.92,29.0,21,1d+1h+4h,0.373,False,nofill,0.0
2025-07-18 12:30:00-04:00,327.57,332.55,332.73,332.55,336.24,30.0,22,1d+1h+4h,0.36,False,nofill,0.0
2025-07-18 13:30:00-04:00,329.81,356.64,356.82,356.64,360.34,31.0,19,1d+1h+4h,1.939,False,nofill,0.0
2025-07-18 14:30:00-04:00,328.84,332.98,333.15,332.98,336.58,30.0,22,1d+1h+4h,0.299,True,scratch,-0.11139351443256729
2025-07-18 15:30:00-04:00,329.55,356.64,356.81,356.64,360.11,31.0,19,1d+1h+4h,1.958,False,nofill,0.0
2025-07-21 09:30:00-04:00,330.1,356.64,356.83,356.64,360.58,31.0,19,1d+1h+4h,1.945,False,nofill,0.0
2025-07-21 10:30:00-04:00,329.15,333.33,333.51,333.33,337.18,30.0,22,1d+1h+4h,0.306,False,nofill,0.0
2025-07-21 11:30:00-04:00,328.72,333.21,333.39,333.21,337.04,30.0,22,1d+1h+4h,0.329,False,nofill,0.0
2025-07-21 12:30:00-04:00,329.73,356.64,356.81,356.64,360.32,31.0,19,1d+1h+4h,1.973,False,nofill,0.0
2025-07-21 13:30:00-04:00,329.7,356.64,356.81,356.64,360.18,31.0,19,1d+1h+4h,1.975,False,nofill,0.0
2025-07-21 14:30:00-04:00,329.38,356.64,356.81,356.64,360.11,31.0,19,1d+1h+4h,1.998,False,nofill,0.0
2025-07-21 15:30:00-04:00,328.53,333.33,333.49,333.33,336.7,30.0,22,1d+1h+4h,0.352,False,nofill,0.0
2025-07-22 09:30:00-04:00,327.67,332.98,333.16,332.98,336.78,31.0,23,1d+1h+4h,0.389,False,nofill,0.0
2025-07-22 10:30:00-04:00,329.66,356.64,356.82,356.64,360.49,31.0,19,1d+1h+4h,1.975,False,nofill,0.0
2025-07-22 11:30:00-04:00,330.14,356.64,356.82,356.64,360.43,31.0,19,1d+1h+4h,1.94,False,nofill,0.0
2025-07-22 12:30:00-04:00,331.88,332.98,333.16,332.98,336.69,31.0,23,1d+1h+4h,0.08,True,scratch,-0.11301116352450125
2025-07-22 13:30:00-04:00,333.64,356.64,356.82,356.64,360.42,31.0,19,1d+1h+4h,1.684,False,nofill,0.0
2025-07-22 14:30:00-04:00,333.51,356.64,356.82,356.64,360.32,31.0,19,1d+1h+4h,1.694,False,nofill,0.0
2025-07-22 15:30:00-04:00,332.08,332.98,333.15,332.98,336.53,31.0,23,1d+1h+4h,0.066,True,scratch,-0.1106992358725245
2025-07-23 09:30:00-04:00,333.45,356.64,356.82,356.64,360.36,29.2,18,1d+1h+4h,1.754,False,nofill,0.0
2025-07-23 10:30:00-04:00,333.11,356.64,356.81,356.64,360.25,29.2,18,1d+1h+4h,1.78,False,nofill,0.0
2025-07-23 11:30:00-04:00,333.28,356.64,356.81,356.64,360.25,29.2,18,1d+1h+4h,1.767,False,nofill,0.0
2025-07-23 12:30:00-04:00,330.86,332.98,333.16,332.98,336.7,31.0,23,1d+1h+4h,0.16,True,scratch,-0.11309299384169025
2025-07-23 13:30:00-04:00,332.82,356.64,356.82,356.64,360.41,29.2,18,1d+1h+4h,1.802,False,nofill,0.0
2025-07-23 14:30:00-04:00,333.82,356.64,356.82,356.64,360.42,29.2,18,1d+1h+4h,1.727,False,nofill,0.0
2025-07-23 15:30:00-04:00,333.0,356.64,356.82,356.64,360.32,29.2,18,1d+1h+4h,1.788,False,nofill,0.0
2025-07-24 09:30:00-04:00,303.8,316.83,317.11,316.83,322.65,39.2,22,1d+1h+4h,0.894,False,nofill,0.0
2025-07-24 10:30:00-04:00,302.31,316.83,317.1,316.83,322.55,39.2,22,1d+1h+4h,0.997,False,nofill,0.0
2025-07-24 11:30:00-04:00,301.25,316.83,317.1,316.83,322.36,39.2,22,1d+1h+4h,1.069,False,nofill,0.0
2025-07-24 12:30:00-04:00,304.27,316.83,317.09,316.83,322.26,39.2,22,1d+1h+4h,0.862,False,nofill,0.0
2025-07-24 13:30:00-04:00,303.82,316.83,317.09,316.83,322.15,39.2,22,1d+1h+4h,0.893,False,nofill,0.0
2025-07-24 14:30:00-04:00,306.65,316.83,317.08,316.83,322.0,39.2,22,1d+1h+4h,0.699,True,target,1.491920950011627
2025-07-24 15:30:00-04:00,305.07,316.83,317.07,316.83,321.82,39.2,22,1d+1h+4h,0.807,True,target,1.4369454506223844
2025-07-25 09:30:00-04:00,313.65,316.83,317.09,316.83,322.17,39.2,22,1d+1h+4h,0.214,True,target,1.5429272622884183
2025-07-25 10:30:00-04:00,318.44,323.31,323.57,323.31,328.76,37.0,23,1d+1h+4h,0.328,True,scratch,-0.14019205149484737
2025-07-25 11:30:00-04:00,323.29,334.3,334.56,334.3,339.8,35.8,25,1d+1h+4h,0.742,False,nofill,0.0
2025-07-25 12:30:00-04:00,317.79,323.31,323.58,323.31,328.89,37.0,23,1d+1h+4h,0.372,False,nofill,0.0
2025-07-25 13:30:00-04:00,318.39,323.31,323.57,323.31,328.73,37.0,23,1d+1h+4h,0.332,True,scratch,-0.13977072741895302
2025-07-25 14:30:00-04:00,314.21,316.83,317.09,316.83,322.31,39.2,22,1d+1h+4h,0.177,True,target,1.5828566789007237
2025-07-25 15:30:00-04:00,316.1,323.63,323.88,323.63,328.93,38.0,24,1d+1h+4h,0.507,True,scratch,-0.13791962935906232
2025-07-28 09:30:00-04:00,325.14,334.72,334.99,334.72,340.44,35.8,25,1d+1h+4h,0.645,False,nofill,0.0
2025-07-28 10:30:00-04:00,327.39,334.72,334.99,334.72,340.51,35.8,25,1d+1h+4h,0.494,False,nofill,0.0
2025-07-28 11:30:00-04:00,328.96,334.72,334.98,334.72,340.37,35.8,25,1d+1h+4h,0.388,False,nofill,0.0
2025-07-28 12:30:00-04:00,328.15,334.3,334.56,334.3,339.74,35.8,25,1d+1h+4h,0.414,False,nofill,0.0
2025-07-28 13:30:00-04:00,326.99,334.72,334.97,334.72,340.01,35.8,25,1d+1h+4h,0.521,False,nofill,0.0
2025-07-28 14:30:00-04:00,326.23,334.72,334.96,334.72,339.81,35.8,25,1d+1h+4h,0.572,False,nofill,0.0
2025-07-28 15:30:00-04:00,325.54,334.72,334.95,334.72,339.58,35.8,25,1d+1h+4h,0.618,False,nofill,0.0
2025-07-29 09:30:00-04:00,319.33,323.31,323.55,323.31,328.43,37.0,23,1d+1h+4h,0.277,False,nofill,0.0
2025-07-29 10:30:00-04:00,318.51,323.31,323.55,323.31,328.38,37.0,23,1d+1h+4h,0.335,True,scratch,-0.13460221213460466
2025-07-29 11:30:00-04:00,320.55,323.31,323.55,323.31,328.31,37.0,23,1d+1h+4h,0.192,True,scratch,-0.133537791644045
2025-07-29 12:30:00-04:00,320.44,323.63,323.86,323.63,328.43,37.0,23,1d+1h+4h,0.222,True,scratch,-0.1305327606735185
2025-07-29 13:30:00-04:00,322.63,323.63,323.86,323.63,328.36,37.0,23,1d+1h+4h,0.07,True,scratch,-0.1295584702485808
2025-07-29 14:30:00-04:00,322.38,323.31,323.53,323.31,327.85,37.0,23,1d+1h+4h,0.065,True,scratch,-0.12670655159906508
2025-07-29 15:30:00-04:00,321.4,323.31,323.52,323.31,327.66,37.0,23,1d+1h+4h,0.133,True,scratch,-0.12390608214128962
2025-07-30 09:30:00-04:00,322.21,323.31,323.52,323.31,327.68,37.0,23,1d+1h+4h,0.077,False,nofill,0.0
2025-07-30 10:30:00-04:00,317.67,323.63,323.84,323.63,328.1,37.0,23,1d+1h+4h,0.419,False,nofill,0.0
2025-07-30 11:30:00-04:00,317.68,323.63,323.83,323.63,327.93,37.0,23,1d+1h+4h,0.418,False,nofill,0.0
2025-07-30 12:30:00-04:00,317.87,323.63,323.83,323.63,327.74,38.0,24,1d+1h+4h,0.405,False,nofill,0.0
2025-07-30 13:30:00-04:00,316.67,323.63,323.82,323.63,327.67,38.0,24,1d+1h+4h,0.489,False,nofill,0.0
2025-07-30 14:30:00-04:00,315.59,323.63,323.83,323.63,327.85,38.0,24,1d+1h+4h,0.565,False,nofill,0.0
2025-07-30 15:30:00-04:00,319.04,323.31,323.51,323.31,327.53,38.0,24,1d+1h+4h,0.3,False,nofill,0.0
2025-07-31 09:30:00-04:00,316.29,323.63,323.84,323.63,327.96,38.0,24,1d+1h+4h,0.513,False,nofill,0.0
2025-07-31 10:30:00-04:00,312.42,316.83,317.04,316.83,321.29,40.2,23,1d+1h+4h,0.308,False,nofill,0.0
2025-07-31 11:30:00-04:00,313.59,316.83,317.04,316.83,321.15,40.2,23,1d+1h+4h,0.226,False,nofill,0.0
2025-07-31 12:30:00-04:00,309.88,316.83,317.04,316.83,321.18,40.2,23,1d+1h+4h,0.485,False,nofill,0.0
2025-07-31 13:30:00-04:00,308.44,316.83,317.04,316.83,321.29,40.2,23,1d+1h+4h,0.587,False,nofill,0.0
2025-07-31 14:30:00-04:00,310.2,316.83,317.04,316.83,321.17,40.2,23,1d+1h+4h,0.463,False,nofill,0.0
2025-07-31 15:30:00-04:00,308.19,316.83,317.04,316.83,321.07,40.2,23,1d+1h+4h,0.604,False,nofill,0.0
2025-08-01 09:30:00-04:00,304.54,323.31,323.54,323.31,328.06,38.0,24,1d+1h+4h,1.33,False,nofill,0.0
2025-08-01 10:30:00-04:00,304.86,323.31,323.53,323.31,327.99,38.0,24,1d+1h+4h,1.308,False,nofill,0.0
2025-08-01 11:30:00-04:00,307.18,323.31,323.53,323.31,327.99,38.0,24,1d+1h+4h,1.143,False,nofill,0.0
2025-08-01 12:30:00-04:00,303.24,323.31,323.53,323.31,328.0,38.0,24,1d+1h+4h,1.422,False,nofill,0.0
2025-08-01 13:30:00-04:00,303.3,323.31,323.53,323.31,327.92,38.0,24,1d+1h+4h,1.418,False,nofill,0.0
2025-08-01 14:30:00-04:00,301.98,323.31,323.53,323.31,327.85,38.0,24,1d+1h+4h,1.511,False,nofill,0.0
2025-08-01 15:30:00-04:00,302.61,323.31,323.52,323.31,327.72,38.0,24,1d+1h+4h,1.467,False,nofill,0.0
2025-08-04 09:30:00-04:00,309.04,323.31,323.54,323.31,328.12,38.0,24,1d+1h+4h,1.035,False,nofill,0.0
2025-08-04 10:30:00-04:00,306.2,323.31,323.54,323.31,328.23,38.0,24,1d+1h+4h,1.242,False,nofill,0.0
2025-08-04 11:30:00-04:00,308.65,323.31,323.54,323.31,328.13,38.0,24,1d+1h+4h,1.064,False,nofill,0.0
2025-08-04 12:30:00-04:00,308.49,323.31,323.53,323.31,328.01,38.0,24,1d+1h+4h,1.075,False,nofill,0.0
2025-08-04 13:30:00-04:00,309.39,323.31,323.53,323.31,327.87,38.0,24,1d+1h+4h,1.01,False,nofill,0.0
2025-08-04 14:30:00-04:00,308.99,323.31,323.52,323.31,327.69,38.0,24,1d+1h+4h,1.039,False,nofill,0.0
2025-08-04 15:30:00-04:00,309.3,323.31,323.51,323.31,327.52,38.0,24,1d+1h+4h,1.017,False,nofill,0.0
2025-08-05 09:30:00-04:00,307.96,323.63,323.84,323.63,328.06,37.0,23,1d+1h+4h,1.178,False,nofill,0.0
2025-08-05 10:30:00-04:00,306.96,323.63,323.84,323.63,327.96,37.0,23,1d+1h+4h,1.254,False,nofill,0.0
2025-08-05 11:30:00-04:00,307.08,323.63,323.83,323.63,327.79,37.0,23,1d+1h+4h,1.245,False,nofill,0.0
2025-08-05 12:30:00-04:00,308.07,323.63,323.82,323.63,327.65,37.0,23,1d+1h+4h,1.17,False,nofill,0.0
2025-08-05 13:30:00-04:00,309.25,323.63,323.82,323.63,327.58,37.0,23,1d+1h+4h,1.082,False,nofill,0.0
2025-08-05 14:30:00-04:00,309.64,323.63,323.81,323.63,327.45,37.0,23,1d+1h+4h,1.053,False,nofill,0.0
2025-08-05 15:30:00-04:00,308.68,323.63,323.8,323.63,327.3,37.0,23,1d+1h+4h,1.125,False,nofill,0.0
2025-08-06 09:30:00-04:00,314.86,323.63,323.83,323.63,327.78,37.0,23,1d+1h+4h,0.659,False,nofill,0.0
2025-08-06 10:30:00-04:00,318.5,323.63,323.83,323.63,327.85,37.0,23,1d+1h+4h,0.386,False,nofill,0.0
2025-08-06 11:30:00-04:00,317.2,323.63,323.83,323.63,327.77,37.0,23,1d+1h+4h,0.483,False,nofill,0.0
2025-08-06 12:30:00-04:00,318.53,323.63,323.82,323.63,327.66,37.0,23,1d+1h+4h,0.383,False,nofill,0.0
2025-08-06 13:30:00-04:00,319.59,323.63,323.81,323.63,327.51,37.0,23,1d+1h+4h,0.303,False,nofill,0.0
2025-08-06 14:30:00-04:00,319.3,323.63,323.81,323.63,327.36,37.0,23,1d+1h+4h,0.326,False,nofill,0.0
2025-08-06 15:30:00-04:00,319.96,323.63,323.8,323.63,327.22,37.0,23,1d+1h+4h,0.276,False,nofill,0.0
2025-08-07 09:30:00-04:00,319.3,324.45,324.62,324.45,328.11,36.2,23,1d+1h+4h,0.402,False,nofill,0.0
2025-08-07 10:30:00-04:00,317.94,324.37,324.54,324.37,327.96,36.2,23,1d+1h+4h,0.502,False,nofill,0.0
2025-08-07 11:30:00-04:00,320.82,324.34,324.51,324.34,327.92,36.2,23,1d+1h+4h,0.274,False,nofill,0.0
2025-08-07 12:30:00-04:00,318.39,324.7,324.87,324.7,328.27,37.2,24,1d+1h+4h,0.493,False,nofill,0.0
2025-08-07 13:30:00-04:00,317.35,324.34,324.51,324.34,327.86,37.2,24,1d+1h+4h,0.546,True,target,0.9714718023859481
2025-08-07 14:30:00-04:00,318.95,324.7,324.86,324.7,328.15,37.2,24,1d+1h+4h,0.449,True,target,0.9508796696964472
2025-08-07 15:30:00-04:00,322.29,324.34,324.51,324.34,327.81,37.2,24,1d+1h+4h,0.16,True,target,0.9571483155953686
2025-08-08 09:30:00-04:00,331.79,332.98,333.18,332.98,337.17,35.6,26,1d+1h+4h,0.092,True,scratch,-0.11984949743076845
2025-08-08 10:30:00-04:00,333.19,335.28,335.48,335.28,339.48,30.0,22,1d+1h+4h,0.162,False,nofill,0.0
2025-08-08 11:30:00-04:00,330.32,332.98,333.18,332.98,337.13,35.6,26,1d+1h+4h,0.206,False,nofill,0.0
2025-08-08 12:30:00-04:00,328.66,333.21,333.41,333.21,337.31,35.6,26,1d+1h+4h,0.353,False,nofill,0.0
2025-08-08 13:30:00-04:00,329.51,332.98,333.17,332.98,336.96,36.6,27,1d+1h+4h,0.269,True,target,1.0759512143578398
2025-08-08 14:30:00-04:00,328.63,332.98,333.16,332.98,336.85,36.6,27,1d+1h+4h,0.337,True,target,1.0463596688363053
2025-08-08 15:30:00-04:00,329.68,332.98,333.16,332.98,336.76,36.6,27,1d+1h+4h,0.256,True,target,1.0211274832224504
2025-08-11 09:30:00-04:00,341.34,356.64,356.86,356.64,361.17,29.2,18,1d+1h+4h,1.16,False,nofill,0.0
2025-08-11 10:30:00-04:00,344.07,356.64,356.85,356.64,361.15,29.2,18,1d+1h+4h,0.953,False,nofill,0.0
2025-08-11 11:30:00-04:00,346.39,355.91,356.12,355.91,360.32,29.2,18,1d+1h+4h,0.721,False,nofill,0.0
2025-08-11 12:30:00-04:00,342.41,356.64,356.85,356.64,361.07,29.2,18,1d+1h+4h,1.078,False,nofill,0.0
2025-08-11 13:30:00-04:00,342.16,356.64,356.84,356.64,360.88,29.2,18,1d+1h+4h,1.097,False,nofill,0.0
2025-08-11 14:30:00-04:00,341.97,356.64,356.84,356.64,360.84,29.2,18,1d+1h+4h,1.112,False,nofill,0.0
2025-08-11 15:30:00-04:00,339.18,356.26,356.46,356.26,360.4,29.2,18,1d+1h+4h,1.294,False,nofill,0.0
2025-08-12 09:30:00-04:00,334.96,335.62,335.85,335.62,340.39,30.0,22,1d+1h+4h,0.051,True,target,1.2924897289296133
2025-08-12 10:30:00-04:00,337.26,355.91,356.14,355.91,360.72,29.2,18,1d+1h+4h,1.42,False,nofill,0.0
2025-08-12 11:30:00-04:00,338.03,355.91,356.13,355.91,360.58,29.2,18,1d+1h+4h,1.361,False,nofill,0.0
2025-08-12 12:30:00-04:00,338.79,356.26,356.48,356.26,360.78,29.2,18,1d+1h+4h,1.33,False,nofill,0.0
2025-08-12 13:30:00-04:00,339.41,355.91,356.12,355.91,360.31,29.2,18,1d+1h+4h,1.256,False,nofill,0.0
2025-08-12 14:30:00-04:00,340.86,356.64,356.84,356.64,360.91,29.2,18,1d+1h+4h,1.202,False,nofill,0.0
2025-08-12 15:30:00-04:00,340.76,356.64,356.84,356.64,360.76,29.2,18,1d+1h+4h,1.209,False,nofill,0.0
2025-08-13 09:30:00-04:00,345.09,355.91,356.12,355.91,360.39,29.2,18,1d+1h+4h,0.835,False,nofill,0.0
2025-08-13 10:30:00-04:00,340.78,356.64,356.86,356.64,361.33,29.2,18,1d+1h+4h,1.223,False,nofill,0.0
2025-08-13 11:30:00-04:00,341.3,356.64,356.85,356.64,361.15,29.2,18,1d+1h+4h,1.183,False,nofill,0.0
2025-08-13 12:30:00-04:00,341.5,356.26,356.47,356.26,360.63,29.2,18,1d+1h+4h,1.138,False,nofill,0.0
2025-08-13 13:30:00-04:00,340.22,356.64,356.85,356.64,360.97,29.2,18,1d+1h+4h,1.266,False,nofill,0.0
2025-08-13 14:30:00-04:00,340.72,355.91,356.11,355.91,360.1,29.2,18,1d+1h+4h,1.172,False,nofill,0.0
2025-08-13 15:30:00-04:00,339.34,356.26,356.45,356.26,360.3,29.2,18,1d+1h+4h,1.305,False,nofill,0.0
2025-08-14 09:30:00-04:00,337.16,356.64,356.83,356.64,360.74,29.2,18,1d+1h+4h,1.526,False,nofill,0.0
2025-08-14 10:30:00-04:00,332.55,333.21,333.42,333.21,337.7,36.6,27,1d+1h+4h,0.052,True,scratch,-0.12409352340615465
2025-08-14 11:30:00-04:00,331.41,333.21,333.42,333.21,337.6,36.6,27,1d+1h+4h,0.141,True,scratch,-0.12260879102889977
2025-08-14 12:30:00-04:00,333.96,335.28,335.49,335.28,339.6,32.0,24,1d+1h+4h,0.103,True,scratch,-0.12126502659024485
2025-08-14 13:30:00-04:00,332.97,335.28,335.48,335.28,339.43,32.0,24,1d+1h+4h,0.181,True,scratch,-0.11882543236357845
2025-08-14 14:30:00-04:00,334.37,335.28,335.47,335.28,339.28,32.0,24,1d+1h+4h,0.071,True,scratch,-0.11668822966505177
2025-08-14 15:30:00-04:00,335.57,356.64,356.82,356.64,360.5,29.2,18,1d+1h+4h,1.651,False,nofill,0.0
2025-08-15 09:30:00-04:00,332.9,335.28,335.48,335.28,339.43,32.0,24,1d+1h+4h,0.187,False,nofill,0.0
2025-08-15 10:30:00-04:00,332.91,335.28,335.47,335.28,339.27,32.0,24,1d+1h+4h,0.187,False,nofill,0.0
2025-08-15 11:30:00-04:00,327.94,333.38,333.58,333.38,337.58,37.6,28,1d+1h+4h,0.428,False,nofill,0.0
2025-08-15 12:30:00-04:00,330.9,333.21,333.41,333.21,337.37,37.6,28,1d+1h+4h,0.182,False,nofill,0.0
2025-08-15 13:30:00-04:00,329.83,333.38,333.57,333.38,337.42,37.6,28,1d+1h+4h,0.279,True,scratch,-0.11763062604873697
2025-08-15 14:30:00-04:00,329.06,333.38,333.57,333.38,337.29,37.6,28,1d+1h+4h,0.34,True,scratch,-0.11578233907095781
2025-08-15 15:30:00-04:00,330.6,333.21,333.39,333.21,337.0,37.6,28,1d+1h+4h,0.205,True,scratch,-0.11407218899724958
2025-08-18 09:30:00-04:00,333.7,335.28,335.46,335.28,339.15,32.0,24,1d+1h+4h,0.129,False,nofill,0.0
2025-08-18 10:30:00-04:00,333.02,335.28,335.46,335.28,339.04,32.0,24,1d+1h+4h,0.183,True,scratch,-0.11327668144357483
2025-08-18 11:30:00-04:00,334.83,335.5,335.68,335.5,339.19,30.0,22,1d+1h+4h,0.054,True,scratch,-0.11225533101481
2025-08-18 12:30:00-04:00,334.76,335.41,335.58,335.41,338.99,31.0,23,1d+1h+4h,0.053,True,scratch,-0.11079015329349406
2025-08-18 13:30:00-04:00,334.23,335.28,335.45,335.28,338.76,32.0,24,1d+1h+4h,0.085,True,scratch,-0.10940366199171381
2025-08-18 14:30:00-04:00,334.85,335.5,335.66,335.5,338.9,30.0,22,1d+1h+4h,0.053,True,scratch,-0.10821528323414764
2025-08-18 15:30:00-04:00,335.15,336.0,336.16,336.0,339.27,30.0,22,1d+1h+4h,0.069,True,scratch,-0.10626330870754375
2025-08-19 09:30:00-04:00,338.75,356.64,356.81,356.64,360.22,29.2,18,1d+1h+4h,1.452,False,nofill,0.0
2025-08-19 10:30:00-04:00,332.17,333.21,333.4,333.21,337.18,37.6,28,1d+1h+4h,0.084,True,scratch,-0.11666409030965941
2025-08-19 11:30:00-04:00,333.16,335.28,335.46,335.28,339.12,32.0,24,1d+1h+4h,0.172,False,nofill,0.0
2025-08-19 12:30:00-04:00,329.7,333.38,333.57,333.38,337.36,37.6,28,1d+1h+4h,0.299,False,nofill,0.0
2025-08-19 13:30:00-04:00,329.71,333.38,333.56,333.38,337.22,37.6,28,1d+1h+4h,0.298,False,nofill,0.0
2025-08-19 14:30:00-04:00,329.94,333.33,333.51,333.33,337.06,37.6,28,1d+1h+4h,0.275,False,nofill,0.0
2025-08-19 15:30:00-04:00,329.32,333.38,333.55,333.38,336.96,37.6,28,1d+1h+4h,0.329,False,nofill,0.0
2025-08-20 09:30:00-04:00,317.34,324.7,324.91,324.7,329.13,42.0,28,1d+1h+4h,0.582,False,nofill,0.0
2025-08-20 10:30:00-04:00,320.06,324.7,324.92,324.7,329.24,42.0,28,1d+1h+4h,0.367,False,nofill,0.0
2025-08-20 11:30:00-04:00,321.75,324.7,324.92,324.7,329.26,42.0,28,1d+1h+4h,0.233,False,nofill,0.0
2025-08-20 12:30:00-04:00,321.06,324.7,324.91,324.7,329.11,42.0,28,1d+1h+4h,0.288,False,nofill,0.0
2025-08-20 13:30:00-04:00,319.81,324.7,324.91,324.7,329.13,42.0,28,1d+1h+4h,0.387,False,nofill,0.0
2025-08-20 14:30:00-04:00,322.98,324.7,324.91,324.7,329.1,42.0,28,1d+1h+4h,0.136,False,nofill,0.0
2025-08-20 15:30:00-04:00,323.92,324.7,324.9,324.7,328.95,42.0,28,1d+1h+4h,0.062,False,nofill,0.0
2025-08-21 09:30:00-04:00,324.24,325.1,325.31,325.1,329.42,40.2,27,1d+1h+4h,0.071,False,nofill,0.0
2025-08-21 10:30:00-04:00,321.9,324.34,324.54,324.34,328.59,41.0,27,1d+1h+4h,0.2,False,nofill,0.0
2025-08-21 11:30:00-04:00,320.22,324.34,324.54,324.34,328.52,42.0,28,1d+1h+4h,0.338,False,nofill,0.0
2025-08-21 12:30:00-04:00,319.36,324.45,324.64,324.45,328.51,42.0,28,1d+1h+4h,0.418,False,nofill,0.0
2025-08-21 13:30:00-04:00,320.49,324.34,324.53,324.34,328.28,42.0,28,1d+1h+4h,0.316,True,target,1.0947519639575853
2025-08-21 14:30:00-04:00,322.02,324.34,324.52,324.34,328.18,42.0,28,1d+1h+4h,0.191,True,target,1.0668388251130922
2025-08-21 15:30:00-04:00,320.04,324.34,324.52,324.34,328.06,42.0,28,1d+1h+4h,0.353,True,target,1.0321158316179302
2025-08-22 09:30:00-04:00,334.71,335.41,335.64,335.41,340.2,32.0,24,1d+1h+4h,0.055,True,scratch,-0.12790378347243836
2025-08-22 10:30:00-04:00,335.56,356.64,356.86,356.64,361.32,29.2,18,1d+1h+4h,1.65,False,nofill,0.0
2025-08-22 11:30:00-04:00,335.12,336.0,336.22,336.0,340.54,30.0,22,1d+1h+4h,0.069,True,scratch,-0.12421081864996131
2025-08-22 12:30:00-04:00,338.02,356.64,356.85,356.64,361.1,29.2,18,1d+1h+4h,1.457,False,nofill,0.0
2025-08-22 13:30:00-04:00,338.31,356.64,356.84,356.64,360.9,29.2,18,1d+1h+4h,1.434,False,nofill,0.0
2025-08-22 14:30:00-04:00,338.5,356.64,356.83,356.64,360.71,29.2,18,1d+1h+4h,1.419,False,nofill,0.0
2025-08-22 15:30:00-04:00,340.01,356.26,356.45,356.26,360.26,29.2,18,1d+1h+4h,1.272,False,nofill,0.0
2025-08-25 09:30:00-04:00,340.82,356.26,356.46,356.26,360.51,29.2,18,1d+1h+4h,1.197,False,nofill,0.0
2025-08-25 10:30:00-04:00,343.34,356.64,356.84,356.64,360.87,29.2,18,1d+1h+4h,1.031,False,nofill,0.0
2025-08-25 11:30:00-04:00,345.77,356.26,356.46,356.26,360.43,29.2,18,1d+1h+4h,0.813,False,nofill,0.0
2025-08-25 12:30:00-04:00,348.35,355.91,356.11,355.91,360.09,29.2,18,1d+1h+4h,0.586,False,nofill,0.0
2025-08-25 13:30:00-04:00,346.83,355.91,356.1,355.91,359.98,29.2,18,1d+1h+4h,0.704,False,nofill,0.0
2025-08-25 14:30:00-04:00,348.46,355.91,356.1,355.91,359.94,29.2,18,1d+1h+4h,0.577,False,nofill,0.0
2025-08-25 15:30:00-04:00,346.6,356.26,356.45,356.26,360.17,29.2,18,1d+1h+4h,0.749,False,nofill,0.0
2025-08-26 09:30:00-04:00,346.09,356.64,356.83,356.64,360.63,29.2,18,1d+1h+4h,0.84,False,nofill,0.0
2025-08-26 10:30:00-04:00,347.07,351.05,351.24,351.05,354.95,29.2,18,1d+1h+4h,0.317,False,nofill,0.0
2025-08-26 11:30:00-04:00,346.28,356.64,356.82,356.64,360.52,29.2,18,1d+1h+4h,0.825,False,nofill,0.0
2025-08-26 12:30:00-04:00,347.1,351.05,351.23,351.05,354.77,29.2,18,1d+1h+4h,0.314,True,scratch,-0.11040811989015964
2025-08-26 13:30:00-04:00,346.94,351.05,351.22,351.05,354.67,29.2,18,1d+1h+4h,0.327,True,scratch,-0.1089765122577302
2025-08-26 14:30:00-04:00,349.7,351.05,351.22,351.05,354.64,29.2,18,1d+1h+4h,0.107,True,scratch,-0.10862744160546889
2025-08-26 15:30:00-04:00,351.77,356.26,356.43,356.26,359.8,29.2,18,1d+1h+4h,0.357,False,nofill,0.0
2025-08-27 09:30:00-04:00,352.75,356.26,356.44,356.26,359.97,29.2,18,1d+1h+4h,0.29,False,nofill,0.0
2025-08-27 10:30:00-04:00,352.98,356.26,356.43,356.26,359.92,29.2,18,1d+1h+4h,0.271,False,nofill,0.0
2025-08-27 11:30:00-04:00,350.64,356.64,356.82,356.64,360.35,29.2,18,1d+1h+4h,0.495,False,nofill,0.0
2025-08-27 12:30:00-04:00,350.98,356.64,356.81,356.64,360.2,30.2,19,1d+1h+4h,0.467,False,nofill,0.0
2025-08-27 13:30:00-04:00,351.34,356.26,356.42,356.26,359.7,30.2,19,1d+1h+4h,0.406,False,nofill,0.0
2025-08-27 14:30:00-04:00,349.91,356.26,356.42,356.26,359.64,30.2,19,1d+1h+4h,0.524,False,nofill,0.0
2025-08-27 15:30:00-04:00,349.5,356.26,356.42,356.26,359.52,30.2,19,1d+1h+4h,0.558,False,nofill,0.0
2025-08-28 09:30:00-04:00,345.1,356.64,356.81,356.64,360.31,30.2,19,1d+1h+4h,0.947,False,nofill,0.0
2025-08-28 10:30:00-04:00,341.93,356.64,356.82,356.64,360.39,30.2,19,1d+1h+4h,1.206,False,nofill,0.0
2025-08-28 11:30:00-04:00,343.2,356.64,356.82,356.64,360.35,30.2,19,1d+1h+4h,1.102,False,nofill,0.0
2025-08-28 12:30:00-04:00,343.46,356.26,356.43,356.26,359.84,30.2,19,1d+1h+4h,1.05,False,nofill,0.0
2025-08-28 13:30:00-04:00,345.0,356.64,356.8,356.64,360.1,32.0,20,1d+1h+4h,0.954,False,nofill,0.0
2025-08-28 14:30:00-04:00,346.45,356.64,356.8,356.64,360.06,32.0,20,1d+1h+4h,0.835,False,nofill,0.0
2025-08-28 15:30:00-04:00,345.8,356.64,356.79,356.64,359.89,32.0,20,1d+1h+4h,0.889,False,nofill,0.0
2025-08-29 09:30:00-04:00,339.71,356.64,356.82,356.64,360.5,32.0,20,1d+1h+4h,1.35,False,nofill,0.0
2025-08-29 10:30:00-04:00,338.92,356.64,356.82,356.64,360.41,32.0,20,1d+1h+4h,1.413,False,nofill,0.0
2025-08-29 11:30:00-04:00,335.89,356.64,356.82,356.64,360.47,32.0,20,1d+1h+4h,1.655,False,nofill,0.0
2025-08-29 12:30:00-04:00,333.74,335.28,335.46,335.28,339.13,33.0,25,1d+1h+4h,0.122,False,nofill,0.0
2025-08-29 13:30:00-04:00,332.68,333.33,333.51,333.33,337.05,39.6,30,1d+1h+4h,0.052,True,scratch,-0.11311097121776692
2025-08-29 14:30:00-04:00,332.12,333.21,333.38,333.21,336.77,39.6,30,1d+1h+4h,0.087,True,scratch,-0.1108016192891137
2025-08-29 15:30:00-04:00,333.97,335.28,335.45,335.28,338.76,33.0,25,1d+1h+4h,0.104,False,nofill,0.0
2025-09-02 09:30:00-04:00,332.76,333.38,333.56,333.38,337.24,39.6,30,1d+1h+4h,0.051,False,nofill,0.0
2025-09-02 10:30:00-04:00,328.41,333.33,333.52,333.33,337.28,39.6,30,1d+1h+4h,0.402,False,nofill,0.0
2025-09-02 11:30:00-04:00,329.25,333.21,333.39,333.21,337.09,39.6,30,1d+1h+4h,0.324,False,nofill,0.0
2025-09-02 12:30:00-04:00,329.8,333.38,333.56,333.38,337.13,39.6,30,1d+1h+4h,0.293,False,nofill,0.0
2025-09-02 13:30:00-04:00,328.18,333.33,333.51,333.33,337.02,39.6,30,1d+1h+4h,0.421,True,target,0.992240702317293
2025-09-02 14:30:00-04:00,329.28,333.21,333.38,333.21,336.76,39.6,30,1d+1h+4h,0.321,True,target,0.952142159893099
2025-09-02 15:30:00-04:00,329.37,333.21,333.37,333.21,336.57,39.6,30,1d+1h+4h,0.314,True,target,0.8999407314667529
2025-09-03 09:30:00-04:00,336.08,356.64,356.82,356.64,360.42,35.0,21,1d+1h+4h,1.655,False,nofill,0.0
2025-09-03 10:30:00-04:00,340.15,356.64,356.83,356.64,360.64,35.0,21,1d+1h+4h,1.327,False,nofill,0.0
2025-09-03 11:30:00-04:00,341.72,356.64,356.83,356.64,360.65,35.0,21,1d+1h+4h,1.201,False,nofill,0.0
2025-09-03 12:30:00-04:00,341.74,356.64,356.82,356.64,360.52,35.0,21,1d+1h+4h,1.199,False,nofill,0.0
2025-09-03 13:30:00-04:00,336.82,356.64,356.83,356.64,360.67,35.0,21,1d+1h+4h,1.595,False,nofill,0.0
2025-09-03 14:30:00-04:00,335.63,356.64,356.83,356.64,360.54,35.0,21,1d+1h+4h,1.691,False,nofill,0.0
2025-09-03 15:30:00-04:00,334.04,356.64,356.82,356.64,360.5,35.0,21,1d+1h+4h,1.819,False,nofill,0.0
2025-09-04 09:30:00-04:00,333.76,356.26,356.45,356.26,360.31,35.0,21,1d+1h+4h,1.865,False,nofill,0.0
2025-09-04 10:30:00-04:00,334.79,356.64,356.83,356.64,360.59,35.0,21,1d+1h+4h,1.811,False,nofill,0.0
2025-09-04 11:30:00-04:00,333.18,356.64,356.83,356.64,360.55,35.0,21,1d+1h+4h,1.944,False,nofill,0.0
2025-09-04 12:30:00-04:00,335.08,356.64,356.82,356.64,360.42,35.0,21,1d+1h+4h,1.787,False,nofill,0.0
2025-09-04 13:30:00-04:00,335.4,356.64,356.81,356.64,360.27,35.0,21,1d+1h+4h,1.761,False,nofill,0.0
2025-09-04 14:30:00-04:00,336.85,356.64,356.81,356.64,360.19,35.0,21,1d+1h+4h,1.64,False,nofill,0.0
2025-09-04 15:30:00-04:00,338.56,356.64,356.8,356.64,360.1,35.0,21,1d+1h+4h,1.498,False,nofill,0.0
2025-09-05 09:30:00-04:00,347.86,356.26,356.47,356.26,360.77,35.0,21,1d+1h+4h,0.675,False,nofill,0.0
2025-09-05 10:30:00-04:00,348.56,356.64,356.86,356.64,361.16,35.0,21,1d+1h+4h,0.649,False,nofill,0.0
2025-09-05 11:30:00-04:00,347.79,356.26,356.47,356.26,360.73,35.0,21,1d+1h+4h,0.68,False,nofill,0.0
2025-09-05 12:30:00-04:00,352.08,356.64,356.86,356.64,361.26,36.0,22,1d+1h+4h,0.367,False,nofill,0.0
2025-09-05 13:30:00-04:00,351.18,356.64,356.85,356.64,361.15,36.0,22,1d+1h+4h,0.439,True,scratch,-0.12016953351903226
2025-09-05 14:30:00-04:00,348.82,356.64,356.85,356.64,361.11,36.0,22,1d+1h+4h,0.629,True,scratch,-0.11954655615468157
2025-09-05 15:30:00-04:00,350.8,356.26,356.47,356.26,360.65,36.0,22,1d+1h+4h,0.439,True,scratch,-0.11858563914897147
2025-09-08 09:30:00-04:00,352.33,356.64,356.86,356.64,361.33,36.0,22,1d+1h+4h,0.344,False,nofill,0.0
2025-09-08 10:30:00-04:00,349.28,356.64,356.87,356.64,361.37,36.0,22,1d+1h+4h,0.587,False,nofill,0.0
2025-09-08 11:30:00-04:00,348.0,356.64,356.86,356.64,361.31,36.0,22,1d+1h+4h,0.69,False,nofill,0.0
2025-09-08 12:30:00-04:00,347.43,356.64,356.86,356.64,361.22,37.0,23,1d+1h+4h,0.735,False,nofill,0.0
2025-09-08 13:30:00-04:00,346.54,356.64,356.85,356.64,361.1,37.0,23,1d+1h+4h,0.807,False,nofill,0.0
2025-09-08 14:30:00-04:00,346.1,356.64,356.84,356.64,360.91,37.0,23,1d+1h+4h,0.842,False,nofill,0.0
2025-09-08 15:30:00-04:00,346.4,356.64,356.83,356.64,360.7,37.0,23,1d+1h+4h,0.818,False,nofill,0.0
2025-09-09 09:30:00-04:00,346.62,356.26,356.46,356.26,360.42,37.0,23,1d+1h+4h,0.795,False,nofill,0.0
2025-09-09 10:30:00-04:00,346.38,356.26,356.46,356.26,360.39,37.0,23,1d+1h+4h,0.815,False,nofill,0.0
2025-09-09 11:30:00-04:00,347.69,356.26,356.45,356.26,360.28,37.0,23,1d+1h+4h,0.706,False,nofill,0.0
2025-09-09 12:30:00-04:00,346.89,356.64,356.82,356.64,360.52,37.0,23,1d+1h+4h,0.804,False,nofill,0.0
2025-09-09 13:30:00-04:00,346.58,356.64,356.82,356.64,360.38,38.8,24,1d+1h+4h,0.829,False,nofill,0.0
2025-09-09 14:30:00-04:00,346.35,356.64,356.81,356.64,360.23,38.8,24,1d+1h+4h,0.849,False,nofill,0.0
2025-09-09 15:30:00-04:00,347.04,356.64,356.8,356.64,360.05,38.8,24,1d+1h+4h,0.792,False,nofill,0.0
2025-09-10 09:30:00-04:00,349.16,356.64,356.81,356.64,360.27,38.8,24,1d+1h+4h,0.624,False,nofill,0.0
2025-09-10 10:30:00-04:00,354.67,356.26,356.45,356.26,360.17,38.8,24,1d+1h+4h,0.133,False,nofill,0.0
2025-09-10 11:30:00-04:00,354.23,356.26,356.44,356.26,360.07,38.8,24,1d+1h+4h,0.169,False,nofill,0.0
2025-09-10 12:30:00-04:00,354.26,356.26,356.44,356.26,360.0,38.8,24,1d+1h+4h,0.167,False,nofill,0.0
2025-09-10 13:30:00-04:00,353.65,356.64,356.82,356.64,360.34,39.8,25,1d+1h+4h,0.249,True,target,0.9271118476634976
2025-09-10 14:30:00-04:00,347.45,356.26,356.45,356.26,360.24,39.8,25,1d+1h+4h,0.735,True,target,1.00340755347621
2025-09-10 15:30:00-04:00,347.79,356.26,356.45,356.26,360.17,39.8,25,1d+1h+4h,0.706,True,target,0.9848378845422001
2025-09-11 09:30:00-04:00,358.88,360.0,360.21,360.0,364.51,27.8,17,1d+1h+4h,0.088,True,target,1.1315249114447479
2025-09-11 10:30:00-04:00,361.63,365.0,365.22,365.0,369.66,24.4,14,1d+1h+4h,0.266,True,target,1.153996813581326
2025-09-11 11:30:00-04:00,360.41,365.0,365.22,365.0,369.57,24.4,14,1d+1h+4h,0.363,True,target,1.1308218844591655
2025-09-11 12:30:00-04:00,364.09,365.0,365.22,365.0,369.55,24.4,14,1d+1h+4h,0.072,True,target,1.126687698133777
2025-09-11 13:30:00-04:00,365.26,374.39,374.61,374.39,378.92,21.6,10,1d+1h+4h,0.721,True,target,1.0901523315492323
2025-09-11 14:30:00-04:00,367.06,374.39,374.6,374.39,378.85,21.6,10,1d+1h+4h,0.578,True,target,1.0733722965592607
2025-09-11 15:30:00-04:00,368.8,374.39,374.6,374.39,378.77,21.6,10,1d+1h+4h,0.442,True,target,1.0528386393348743
2025-09-12 09:30:00-04:00,391.76,417.64,417.92,417.64,423.48,19.6,12,1d+1h+4h,1.882,False,nofill,0.0
2025-09-12 10:30:00-04:00,388.22,415.41,415.69,415.41,421.38,14.8,10,1d+1h+4h,1.977,False,nofill,0.0
2025-09-12 11:30:00-04:00,391.66,417.64,417.92,417.64,423.55,19.6,12,1d+1h+4h,1.889,False,nofill,0.0
2025-09-12 12:30:00-04:00,393.6,417.64,417.92,417.64,423.49,19.6,12,1d+1h+4h,1.748,False,nofill,0.0
2025-09-12 13:30:00-04:00,394.95,417.64,417.91,417.64,423.25,19.6,12,1d+1h+4h,1.65,True,scratch,-0.12385072618339432
2025-09-12 14:30:00-04:00,393.98,417.64,417.9,417.64,423.15,19.6,12,1d+1h+4h,1.721,True,scratch,-0.12277393768543865
2025-09-12 15:30:00-04:00,396.0,417.64,417.9,417.64,423.11,19.6,12,1d+1h+4h,1.574,True,scratch,-0.12223497067079814
2025-09-15 09:30:00-04:00,416.56,417.64,417.99,417.64,424.94,19.6,12,1d+1h+4h,0.073,True,scratch,-0.14313760681067267
2025-09-15 10:30:00-04:00,422.4,425.9,426.25,425.9,433.32,8.8,8,1h+4h,0.235,False,nofill,0.0
2025-09-15 11:30:00-04:00,418.5,419.98,420.33,419.98,427.27,11.6,8,1d+1h+4h,0.099,False,nofill,0.0
2025-09-15 12:30:00-04:00,417.52,419.98,420.32,419.98,427.08,11.6,8,1d+1h+4h,0.165,False,nofill,0.0
2025-09-15 13:30:00-04:00,406.68,418.01,418.37,418.01,425.47,19.6,12,1d+1h+4h,0.761,True,scratch,-0.14485871702558661
2025-09-15 14:30:00-04:00,407.73,418.01,418.37,418.01,425.49,19.6,12,1d+1h+4h,0.69,True,scratch,-0.1451261592564701
2025-09-15 15:30:00-04:00,410.24,416.73,417.08,416.73,424.04,19.6,12,1d+1h+4h,0.435,True,scratch,-0.14342206429521775
2025-09-16 09:30:00-04:00,416.17,417.64,418.0,417.64,425.13,19.6,12,1d+1h+4h,0.099,True,scratch,-0.1452629974937114
2025-09-16 10:30:00-04:00,418.58,419.98,420.33,419.98,427.32,11.6,8,1d+1h+4h,0.095,True,scratch,-0.14309558560977598
2025-09-16 11:30:00-04:00,420.13,422.64,422.98,422.64,429.72,9.8,7,1d+1h+4h,0.17,False,nofill,0.0
2025-09-16 12:30:00-04:00,418.78,419.98,420.31,419.98,426.86,11.6,8,1d+1h+4h,0.082,True,scratch,-0.13788727318614358
2025-09-16 13:30:00-04:00,418.88,419.98,420.29,419.98,426.57,11.6,8,1d+1h+4h,0.075,True,scratch,-0.13456700025183954
2025-09-16 14:30:00-04:00,420.55,422.64,422.94,422.64,428.95,11.6,8,1d+1h+4h,0.141,True,scratch,-0.13099183047624585
2025-09-16 15:30:00-04:00,421.55,422.64,422.93,422.64,428.71,11.6,8,1d+1h+4h,0.074,False,nofill,0.0
2025-09-17 09:30:00-04:00,412.62,416.73,417.04,416.73,423.25,19.6,12,1d+1h+4h,0.273,True,scratch,-0.13442917538377674
2025-09-17 10:30:00-04:00,417.2,418.01,418.32,418.01,424.57,19.6,12,1d+1h+4h,0.054,True,scratch,-0.13460787745263048
2025-09-17 11:30:00-04:00,419.54,423.25,423.55,423.25,429.58,15.4,11,1d+1h+4h,0.247,True,scratch,-0.13107615603723533
2025-09-17 12:30:00-04:00,419.73,423.25,423.54,423.25,429.41,15.4,11,1d+1h+4h,0.234,True,scratch,-0.12921000057420917
2025-09-17 13:30:00-04:00,418.94,423.25,423.57,423.25,429.94,15.4,11,1d+1h+4h,0.286,True,scratch,-0.13514862094099467
2025-09-17 14:30:00-04:00,427.14,427.93,428.27,427.93,435.15,11.6,10,1h+4h,0.053,True,scratch,-0.14024711361885212
2025-09-17 15:30:00-04:00,425.59,426.43,426.76,426.43,433.36,11.6,10,1h+4h,0.056,True,scratch,-0.13729749720324813
2025-09-18 09:30:00-04:00,428.94,429.8,430.14,429.8,436.96,7.8,7,1h+4h,0.057,True,scratch,-0.13917673331196312
2025-09-18 10:30:00-04:00,424.77,425.7,426.04,425.7,432.92,11.6,10,1h+4h,0.061,True,scratch,-0.14062215444533566
2025-09-18 11:30:00-04:00,422.21,423.25,423.59,423.25,430.4,15.4,11,1d+1h+4h,0.069,True,scratch,-0.1403431155607815
2025-09-18 12:30:00-04:00,423.42,425.7,426.03,425.7,432.68,11.6,10,1h+4h,0.151,False,nofill,0.0
2025-09-18 13:30:00-04:00,423.2,429.27,429.59,429.27,435.97,12.6,11,1h+4h,0.402,False,nofill,0.0
2025-09-18 14:30:00-04:00,422.46,423.25,423.56,423.25,429.83,15.4,11,1d+1h+4h,0.052,True,scratch,-0.13390800273601622
2025-09-18 15:30:00-04:00,416.71,417.64,417.95,417.64,424.19,19.6,12,1d+1h+4h,0.062,True,target,1.4326450453949313
2025-09-19 09:30:00-04:00,426.77,429.27,429.61,429.27,436.31,12.6,11,1h+4h,0.168,False,nofill,0.0
2025-09-19 10:30:00-04:00,423.82,429.27,429.6,429.27,436.17,12.6,11,1h+4h,0.365,False,nofill,0.0
2025-09-19 11:30:00-04:00,422.75,429.27,429.59,429.27,435.91,12.6,11,1h+4h,0.437,False,nofill,0.0
2025-09-19 12:30:00-04:00,423.54,425.9,426.2,425.9,432.27,12.6,11,1h+4h,0.158,True,scratch,-0.13112640897242622
2025-09-19 13:30:00-04:00,425.7,429.27,429.56,429.27,435.42,14.4,12,1h+4h,0.239,True,target,1.3037966753403518
2025-09-19 14:30:00-04:00,425.96,429.27,429.55,429.27,435.22,14.4,12,1h+4h,0.222,True,target,1.2575254208674558
2025-09-19 15:30:00-04:00,425.87,429.27,429.54,429.27,434.93,14.4,12,1h+4h,0.228,True,target,1.1933714845214993
2025-09-23 12:30:00-04:00,433.66,439.7,439.97,439.7,445.35,6.8,4,1d+1h+4h,0.393,False,nofill,0.0
2025-09-23 13:30:00-04:00,425.64,429.27,429.56,429.27,435.35,14.4,12,1h+4h,0.237,True,target,1.286336337859595
2025-09-23 14:30:00-04:00,428.18,429.27,429.55,429.27,435.2,14.4,12,1h+4h,0.071,True,target,1.2533422123407467
2025-09-23 15:30:00-04:00,425.83,429.27,429.55,429.27,435.07,14.4,12,1h+4h,0.224,True,target,1.224530737364593
2025-09-24 11:30:00-04:00,437.12,439.7,440.0,439.7,446.02,6.8,4,1d+1h+4h,0.166,True,scratch,-0.12837299051585704
2025-09-24 12:30:00-04:00,439.51,440.54,440.83,440.54,446.67,6.8,4,1d+1h+4h,0.066,True,scratch,-0.12613732316903992
2025-09-24 13:30:00-04:00,439.25,440.54,440.82,440.54,446.44,6.8,4,1d+1h+4h,0.083,True,scratch,-0.1236724966166336
2025-09-25 09:30:00-04:00,429.16,447.08,447.4,447.08,453.72,7.8,5,1d+1h+4h,1.11,False,nofill,0.0
2025-09-25 10:30:00-04:00,426.84,429.27,429.58,429.27,435.76,14.4,12,1h+4h,0.151,True,scratch,-0.13192265409762705
2025-09-25 11:30:00-04:00,428.66,429.47,429.77,429.47,435.76,14.4,12,1h+4h,0.05,False,nofill,0.0
2025-09-25 12:30:00-04:00,426.94,429.27,429.56,429.27,435.39,14.4,12,1h+4h,0.144,False,nofill,0.0
2025-09-25 13:30:00-04:00,424.03,429.27,429.57,429.27,435.59,14.4,12,1h+4h,0.325,True,scratch,-0.13002868858076333
2025-09-25 14:30:00-04:00,425.8,429.27,429.56,429.27,435.44,14.4,12,1h+4h,0.215,True,scratch,-0.12837491196570072
2025-09-25 15:30:00-04:00,423.23,429.27,429.56,429.27,435.27,14.4,12,1h+4h,0.374,True,scratch,-0.12644902266689684
2025-09-26 09:30:00-04:00,423.31,429.27,429.58,429.27,435.86,14.4,12,1h+4h,0.364,True,scratch,-0.1329805682839469
2025-09-26 10:30:00-04:00,429.61,447.08,447.4,447.08,453.74,8.8,6,1d+1h+4h,1.066,False,nofill,0.0
2025-09-26 11:30:00-04:00,431.25,447.08,447.39,447.08,453.58,8.8,6,1d+1h+4h,0.966,False,nofill,0.0
2025-09-26 12:30:00-04:00,433.09,447.08,447.38,447.08,453.34,8.8,6,1d+1h+4h,0.854,False,nofill,0.0
2025-09-26 13:30:00-04:00,439.8,447.08,447.38,447.08,453.43,8.8,6,1d+1h+4h,0.444,True,scratch,-0.1274841600016674
2025-09-26 14:30:00-04:00,439.41,447.08,447.37,447.08,453.2,8.8,6,1d+1h+4h,0.468,True,scratch,-0.12504963330365326
2025-09-26 15:30:00-04:00,440.42,447.08,447.36,447.08,452.95,8.8,6,1d+1h+4h,0.407,True,scratch,-0.12244603253170894
2025-09-29 09:30:00-04:00,443.8,447.08,447.38,447.08,453.32,8.8,6,1d+1h+4h,0.205,False,nofill,0.0
2025-09-29 10:30:00-04:00,442.26,447.08,447.37,447.08,453.21,8.8,6,1d+1h+4h,0.3,False,nofill,0.0
2025-09-29 11:30:00-04:00,441.88,447.08,447.36,447.08,453.0,8.8,6,1d+1h+4h,0.324,False,nofill,0.0
2025-09-29 12:30:00-04:00,441.76,447.08,447.35,447.08,452.81,9.8,7,1d+1h+4h,0.332,False,nofill,0.0
2025-09-29 13:30:00-04:00,443.14,447.08,447.34,447.08,452.61,9.8,7,1d+1h+4h,0.245,False,nofill,0.0
2025-09-29 14:30:00-04:00,440.75,447.08,447.34,447.08,452.47,9.8,7,1d+1h+4h,0.395,False,nofill,0.0
2025-09-29 15:30:00-04:00,443.21,447.08,447.33,447.08,452.3,9.8,7,1d+1h+4h,0.241,False,nofill,0.0
2025-09-30 09:30:00-04:00,438.66,447.08,447.33,447.08,452.42,8.8,6,1d+1h+4h,0.535,False,nofill,0.0
2025-09-30 10:30:00-04:00,437.98,447.08,447.33,447.08,452.34,8.8,6,1d+1h+4h,0.579,False,nofill,0.0
2025-09-30 11:30:00-04:00,434.89,447.08,447.33,447.08,452.36,8.8,6,1d+1h+4h,0.775,False,nofill,0.0
2025-09-30 12:30:00-04:00,437.46,447.08,447.32,447.08,452.21,8.8,6,1d+1h+4h,0.611,False,nofill,0.0
2025-09-30 13:30:00-04:00,443.39,447.08,447.34,447.08,452.44,10.6,7,1d+1h+4h,0.235,True,target,1.0812983302904478
2025-09-30 14:30:00-04:00,444.04,447.08,447.33,447.08,452.29,10.6,7,1d+1h+4h,0.193,True,target,1.0475911647404246
2025-09-30 15:30:00-04:00,444.54,447.08,447.32,447.08,452.06,10.6,7,1d+1h+4h,0.161,True,target,1.0004203457755212
2025-10-02 09:30:00-04:00,454.75,461.11,461.4,461.11,467.11,6.8,4,1d+1h+4h,0.363,False,nofill,0.0
2025-10-02 10:30:00-04:00,450.3,461.11,461.4,461.11,467.18,6.8,4,1d+1h+4h,0.617,False,nofill,0.0
2025-10-02 11:30:00-04:00,447.38,461.11,461.4,461.11,467.23,6.8,4,1d+1h+4h,0.784,False,nofill,0.0
2025-10-02 12:30:00-04:00,445.89,447.08,447.37,447.08,453.24,11.6,8,1d+1h+4h,0.068,False,nofill,0.0
2025-10-02 13:30:00-04:00,441.25,447.08,447.38,447.08,453.38,11.6,8,1d+1h+4h,0.333,False,nofill,0.0
2025-10-02 14:30:00-04:00,442.78,447.08,447.38,447.08,453.36,11.6,8,1d+1h+4h,0.246,False,nofill,0.0
2025-10-02 15:30:00-04:00,435.97,447.08,447.38,447.08,453.47,11.6,8,1d+1h+4h,0.635,False,nofill,0.0
2025-10-03 09:30:00-04:00,428.13,429.27,429.62,429.27,436.63,15.4,13,1h+4h,0.062,True,scratch,-0.14147711509556737
2025-10-03 10:30:00-04:00,430.82,444.21,444.56,444.21,451.56,13.6,8,1d+1h+4h,0.727,False,nofill,0.0
2025-10-03 11:30:00-04:00,427.94,429.27,429.61,429.27,436.47,15.4,13,1h+4h,0.072,False,nofill,0.0
2025-10-03 12:30:00-04:00,420.94,423.41,423.76,423.41,430.76,24.2,17,1d+1h+4h,0.135,True,scratch,-0.14247533184725825
2025-10-03 13:30:00-04:00,424.24,427.93,428.28,427.93,435.34,15.4,13,1h+4h,0.2,True,scratch,-0.14228749876143976
2025-10-03 14:30:00-04:00,428.16,429.27,429.63,429.27,436.73,15.4,13,1h+4h,0.06,True,target,1.5917130619954367
2025-10-03 15:30:00-04:00,429.84,444.21,444.55,444.21,451.41,13.6,8,1d+1h+4h,0.78,True,scratch,-0.13701406285490103
2025-10-06 09:30:00-04:00,443.06,444.21,444.59,444.21,452.18,13.6,8,1d+1h+4h,0.061,True,target,1.6466670011911821
2025-10-06 10:30:00-04:00,446.07,447.08,447.45,447.08,454.85,11.6,8,1d+1h+4h,0.054,True,scratch,-0.14257354939746225
2025-10-06 11:30:00-04:00,448.0,461.11,461.47,461.11,468.63,6.8,4,1d+1h+4h,0.698,False,nofill,0.0
2025-10-06 12:30:00-04:00,448.81,461.11,461.45,461.11,468.3,6.8,4,1d+1h+4h,0.655,False,nofill,0.0
2025-10-06 13:30:00-04:00,449.36,461.11,461.44,461.11,467.94,6.8,4,1d+1h+4h,0.625,False,nofill,0.0
2025-10-06 14:30:00-04:00,452.09,461.11,461.43,461.11,467.77,6.8,4,1d+1h+4h,0.48,False,nofill,0.0
2025-10-06 15:30:00-04:00,453.36,461.11,461.42,461.11,467.57,6.8,4,1d+1h+4h,0.412,False,nofill,0.0
2025-10-07 09:30:00-04:00,447.37,461.11,461.44,461.11,467.94,6.8,4,1d+1h+4h,0.725,False,nofill,0.0
2025-10-07 10:30:00-04:00,443.58,447.08,447.41,447.08,454.11,11.6,8,1d+1h+4h,0.185,True,scratch,-0.13477704043820538
2025-10-07 11:30:00-04:00,443.07,444.21,444.55,444.21,451.3,13.6,8,1d+1h+4h,0.06,True,scratch,-0.13590280278626965
2025-10-07 12:30:00-04:00,448.65,461.11,461.44,461.11,468.14,6.8,4,1d+1h+4h,0.658,False,nofill,0.0
2025-10-07 13:30:00-04:00,443.53,447.08,447.42,447.08,454.19,11.6,8,1d+1h+4h,0.188,False,nofill,0.0
2025-10-07 14:30:00-04:00,434.62,444.21,444.57,444.21,451.74,13.6,8,1d+1h+4h,0.507,False,nofill,0.0
2025-10-07 15:30:00-04:00,432.87,444.21,444.56,444.21,451.62,13.6,8,1d+1h+4h,0.599,False,nofill,0.0
2025-10-08 09:30:00-04:00,434.55,444.21,444.58,444.21,452.03,13.6,8,1d+1h+4h,0.516,False,nofill,0.0
2025-10-08 10:30:00-04:00,433.98,444.21,444.57,444.21,451.83,13.6,8,1d+1h+4h,0.546,False,nofill,0.0
2025-10-08 11:30:00-04:00,433.9,444.21,444.56,444.21,451.53,13.6,8,1d+1h+4h,0.55,False,nofill,0.0
2025-10-08 12:30:00-04:00,435.7,444.21,444.55,444.21,451.31,13.6,8,1d+1h+4h,0.454,False,nofill,0.0
2025-10-08 13:30:00-04:00,438.27,444.21,444.55,444.21,451.34,13.6,8,1d+1h+4h,0.317,False,nofill,0.0
2025-10-08 14:30:00-04:00,437.94,444.21,444.54,444.21,451.12,13.6,8,1d+1h+4h,0.335,False,nofill,0.0
2025-10-08 15:30:00-04:00,438.6,444.21,444.53,444.21,450.83,13.6,8,1d+1h+4h,0.299,False,nofill,0.0
2025-10-09 09:30:00-04:00,432.18,444.21,444.54,444.21,451.14,14.6,9,1d+1h+4h,0.658,False,nofill,0.0
2025-10-09 10:30:00-04:00,429.86,444.21,444.54,444.21,451.05,14.6,9,1d+1h+4h,0.785,False,nofill,0.0
2025-10-09 11:30:00-04:00,430.67,444.21,444.52,444.21,450.71,14.6,9,1d+1h+4h,0.74,False,nofill,0.0
2025-10-09 12:30:00-04:00,429.47,444.21,444.51,444.21,450.56,14.6,9,1d+1h+4h,0.806,False,nofill,0.0
2025-10-09 13:30:00-04:00,431.74,444.21,444.5,444.21,450.38,14.6,9,1d+1h+4h,0.682,False,nofill,0.0
2025-10-09 14:30:00-04:00,435.96,444.21,444.5,444.21,450.26,14.6,9,1d+1h+4h,0.451,False,nofill,0.0
2025-10-09 15:30:00-04:00,435.53,444.21,444.48,444.21,449.93,14.6,9,1d+1h+4h,0.475,False,nofill,0.0
2025-10-10 09:30:00-04:00,436.28,444.21,444.49,444.21,450.18,14.6,9,1d+1h+4h,0.412,False,nofill,0.0
2025-10-10 10:30:00-04:00,424.69,429.8,430.12,429.8,436.62,19.2,16,1h+4h,0.266,False,nofill,0.0
2025-10-10 11:30:00-04:00,421.4,423.25,423.58,423.25,430.19,27.0,19,1d+1h+4h,0.096,False,nofill,0.0
2025-10-10 12:30:00-04:00,419.56,423.25,423.58,423.25,430.22,27.0,19,1d+1h+4h,0.192,False,nofill,0.0
2025-10-10 13:30:00-04:00,418.95,419.98,420.3,419.98,426.69,30.2,19,1d+1h+4h,0.053,True,target,1.4588205060314996
2025-10-10 14:30:00-04:00,414.29,419.08,419.4,419.08,425.77,35.2,22,1d+1h+4h,0.249,True,target,1.45736259260838
2025-10-10 15:30:00-04:00,413.3,419.08,419.39,419.08,425.64,35.2,22,1d+1h+4h,0.3,True,target,1.4291706856145447
2025-10-13 09:30:00-04:00,423.36,429.8,430.14,429.8,436.88,19.2,16,1h+4h,0.329,False,nofill,0.0
2025-10-13 10:30:00-04:00,425.82,429.8,430.14,429.8,436.98,19.2,16,1h+4h,0.203,True,scratch,-0.13944501885068128
2025-10-13 11:30:00-04:00,426.69,429.8,430.13,429.8,436.76,19.2,16,1h+4h,0.159,True,scratch,-0.1369822854107472
2025-10-13 12:30:00-04:00,429.01,443.13,443.45,443.13,449.87,14.6,9,1d+1h+4h,0.723,False,nofill,0.0
2025-10-13 13:30:00-04:00,435.95,443.13,443.46,443.13,450.02,16.4,10,1d+1h+4h,0.367,False,nofill,0.0
2025-10-13 14:30:00-04:00,433.2,443.13,443.45,443.13,449.89,16.4,10,1d+1h+4h,0.508,False,nofill,0.0
2025-10-13 15:30:00-04:00,435.9,443.13,443.44,443.13,449.69,16.4,10,1d+1h+4h,0.37,False,nofill,0.0
2025-10-14 09:30:00-04:00,424.8,429.8,430.15,429.8,437.24,19.2,16,1h+4h,0.257,True,scratch,-0.1423021406549263
2025-10-14 10:30:00-04:00,423.91,429.8,430.14,429.8,436.97,19.2,16,1h+4h,0.303,True,scratch,-0.13932031020350566
2025-10-14 11:30:00-04:00,430.65,440.54,440.89,440.54,447.79,16.4,10,1d+1h+4h,0.509,False,nofill,0.0
2025-10-14 12:30:00-04:00,432.24,440.54,440.88,440.54,447.67,16.4,10,1d+1h+4h,0.427,False,nofill,0.0
2025-10-14 13:30:00-04:00,433.55,440.54,440.87,440.54,447.42,16.4,10,1d+1h+4h,0.36,False,nofill,0.0
2025-10-14 14:30:00-04:00,432.4,440.54,440.86,440.54,447.18,16.4,10,1d+1h+4h,0.419,False,nofill,0.0
2025-10-14 15:30:00-04:00,429.23,444.21,444.52,444.21,450.8,16.4,10,1d+1h+4h,0.771,False,nofill,0.0
2025-10-15 09:30:00-04:00,439.44,440.54,440.87,440.54,447.5,16.4,10,1d+1h+4h,0.058,False,nofill,0.0
2025-10-15 10:30:00-04:00,437.33,440.54,440.87,440.54,447.52,16.4,10,1d+1h+4h,0.168,False,nofill,0.0
2025-10-15 11:30:00-04:00,434.8,440.54,440.87,440.54,447.53,16.4,10,1d+1h+4h,0.301,False,nofill,0.0
2025-10-15 12:30:00-04:00,428.68,429.8,430.14,429.8,436.97,19.2,16,1h+4h,0.058,True,target,1.5270773194105303
2025-10-15 13:30:00-04:00,432.03,443.13,443.46,443.13,450.15,17.4,11,1d+1h+4h,0.582,False,nofill,0.0
2025-10-15 14:30:00-04:00,434.85,443.13,443.45,443.13,449.91,17.4,11,1d+1h+4h,0.434,False,nofill,0.0
2025-10-15 15:30:00-04:00,435.19,443.13,443.44,443.13,449.64,17.4,11,1d+1h+4h,0.417,False,nofill,0.0
2025-10-16 09:30:00-04:00,435.78,443.13,443.44,443.13,449.6,17.4,11,1d+1h+4h,0.387,False,nofill,0.0
2025-10-16 10:30:00-04:00,435.58,443.13,443.43,443.13,449.49,17.4,11,1d+1h+4h,0.398,False,nofill,0.0
2025-10-16 11:30:00-04:00,429.68,444.21,444.52,444.21,450.65,17.4,11,1d+1h+4h,0.765,False,nofill,0.0
2025-10-16 12:30:00-04:00,431.05,444.21,444.52,444.21,450.65,17.4,11,1d+1h+4h,0.693,False,nofill,0.0
2025-10-16 13:30:00-04:00,423.58,429.8,430.12,429.8,436.42,19.2,16,1h+4h,0.328,True,scratch,-0.13319581922057733
2025-10-16 14:30:00-04:00,425.33,429.47,429.79,429.47,436.15,19.2,16,1h+4h,0.218,True,scratch,-0.1339640992483071
2025-10-16 15:30:00-04:00,428.58,429.8,430.12,429.8,436.45,19.2,16,1h+4h,0.064,True,target,1.4114274124428228
2025-10-17 09:30:00-04:00,439.16,440.51,440.87,440.51,447.97,19.2,12,1d+1h+4h,0.072,False,nofill,0.0
2025-10-17 10:30:00-04:00,433.24,443.13,443.49,443.13,450.66,19.2,12,1d+1h+4h,0.523,False,nofill,0.0
2025-10-17 11:30:00-04:00,438.77,440.54,440.9,440.54,448.17,19.2,12,1d+1h+4h,0.094,True,scratch,-0.1423505199268038
2025-10-17 12:30:00-04:00,436.56,443.13,443.48,443.13,450.53,20.2,13,1d+1h+4h,0.347,False,nofill,0.0
2025-10-17 13:30:00-04:00,439.51,443.13,443.47,443.13,450.32,20.2,13,1d+1h+4h,0.191,True,scratch,-0.13714989634884267
2025-10-17 14:30:00-04:00,439.4,443.13,443.46,443.13,450.14,20.2,13,1d+1h+4h,0.197,True,scratch,-0.13518539020725973
2025-10-17 15:30:00-04:00,439.27,443.13,443.45,443.13,449.81,20.2,13,1d+1h+4h,0.204,True,scratch,-0.13162721987354242
2025-10-20 09:30:00-04:00,445.48,447.08,447.41,447.08,454.07,15.4,11,1d+1h+4h,0.087,False,nofill,0.0
2025-10-20 10:30:00-04:00,443.03,444.21,444.54,444.21,451.08,20.2,13,1d+1h+4h,0.064,True,scratch,-0.13356806600096638
2025-10-20 11:30:00-04:00,444.16,447.08,447.4,447.08,453.86,15.4,11,1d+1h+4h,0.16,False,nofill,0.0
2025-10-20 12:30:00-04:00,443.25,444.21,444.52,444.21,450.75,20.2,13,1d+1h+4h,0.052,True,scratch,-0.13001643729751988
2025-10-20 13:30:00-04:00,444.47,447.08,447.38,447.08,453.39,16.4,12,1d+1h+4h,0.143,True,scratch,-0.1270789894162183
2025-10-20 14:30:00-04:00,446.57,449.8,450.09,449.8,455.88,8.6,7,1h+4h,0.176,False,nofill,0.0
2025-10-20 15:30:00-04:00,447.35,449.8,450.07,449.8,455.57,8.6,7,1h+4h,0.134,False,nofill,0.0
2025-10-21 09:30:00-04:00,444.75,447.08,447.36,447.08,452.94,16.4,12,1d+1h+4h,0.133,True,scratch,-0.12228053458593902
2025-10-21 10:30:00-04:00,446.29,449.8,450.07,449.8,455.49,8.6,7,1h+4h,0.2,False,nofill,0.0
2025-10-21 11:30:00-04:00,448.29,449.8,450.07,449.8,455.38,8.6,7,1h+4h,0.086,False,nofill,0.0
2025-10-21 12:30:00-04:00,445.7,447.08,447.34,447.08,452.58,16.4,12,1d+1h+4h,0.079,False,nofill,0.0
2025-10-21 13:30:00-04:00,445.62,447.08,447.33,447.08,452.35,18.2,13,1d+1h+4h,0.084,False,nofill,0.0
2025-10-21 14:30:00-04:00,445.27,447.08,447.32,447.08,452.06,18.2,13,1d+1h+4h,0.103,False,nofill,0.0
2025-10-21 15:30:00-04:00,442.51,447.08,447.31,447.08,452.01,18.2,13,1d+1h+4h,0.261,False,nofill,0.0
2025-10-22 09:30:00-04:00,434.15,443.13,443.39,443.13,448.62,21.2,14,1d+1h+4h,0.515,False,nofill,0.0
2025-10-22 10:30:00-04:00,433.25,443.13,443.39,443.13,448.69,21.2,14,1d+1h+4h,0.566,False,nofill,0.0
2025-10-22 11:30:00-04:00,433.94,443.13,443.39,443.13,448.6,21.2,14,1d+1h+4h,0.527,False,nofill,0.0
2025-10-22 12:30:00-04:00,432.92,443.13,443.39,443.13,448.67,21.2,14,1d+1h+4h,0.585,False,nofill,0.0
2025-10-22 13:30:00-04:00,433.72,443.13,443.39,443.13,448.59,21.2,14,1d+1h+4h,0.539,False,nofill,0.0
2025-10-22 14:30:00-04:00,437.78,443.13,443.39,443.13,448.61,21.2,14,1d+1h+4h,0.307,False,nofill,0.0
2025-10-22 15:30:00-04:00,438.84,443.13,443.38,443.13,448.41,21.2,14,1d+1h+4h,0.246,False,nofill,0.0
2025-10-23 09:30:00-04:00,424.46,443.13,443.45,443.13,449.9,21.2,14,1d+1h+4h,0.996,True,scratch,-0.1326650840346555
2025-10-23 10:30:00-04:00,430.89,444.21,444.55,444.21,451.35,21.2,14,1d+1h+4h,0.711,True,scratch,-0.13644378267090307
2025-10-23 11:30:00-04:00,436.35,447.08,447.42,447.08,454.16,21.2,14,1d+1h+4h,0.573,True,scratch,-0.13528985013605554
2025-10-23 12:30:00-04:00,446.15,449.3,449.66,449.3,456.86,19.2,12,1d+1h+4h,0.168,False,nofill,0.0
2025-10-23 13:30:00-04:00,448.26,449.3,449.65,449.3,456.73,19.2,12,1d+1h+4h,0.056,True,scratch,-0.13861043370281267
2025-10-23 14:30:00-04:00,446.84,449.3,449.65,449.3,456.74,19.2,12,1d+1h+4h,0.131,True,scratch,-0.1387727476838463
2025-10-23 15:30:00-04:00,449.0,450.2,450.54,450.2,457.37,14.4,10,1d+1h+4h,0.064,True,scratch,-0.13568648225738
2025-10-24 09:30:00-04:00,440.97,447.08,447.44,447.08,454.65,22.2,15,1d+1h+4h,0.323,False,nofill,0.0
2025-10-24 10:30:00-04:00,441.27,447.08,447.43,447.08,454.38,22.2,15,1d+1h+4h,0.307,False,nofill,0.0
2025-10-24 11:30:00-04:00,437.43,447.08,447.42,447.08,454.18,22.2,15,1d+1h+4h,0.51,False,nofill,0.0
2025-10-24 12:30:00-04:00,435.17,447.08,447.41,447.08,453.93,22.2,15,1d+1h+4h,0.629,False,nofill,0.0
2025-10-24 13:30:00-04:00,433.47,447.08,447.4,447.08,453.7,22.2,15,1d+1h+4h,0.719,True,scratch,-0.13044139277871292
2025-10-24 14:30:00-04:00,433.27,447.08,447.38,447.08,453.47,22.2,15,1d+1h+4h,0.73,True,scratch,-0.12796320171383213
2025-10-24 15:30:00-04:00,433.59,447.08,447.38,447.08,453.31,22.2,15,1d+1h+4h,0.712,True,scratch,-0.1262758361545102
2025-10-27 09:30:00-04:00,449.15,450.2,450.53,450.2,457.19,14.4,10,1d+1h+4h,0.054,True,target,1.4160810178082572
2025-10-27 10:30:00-04:00,454.08,461.11,461.45,461.11,468.32,6.8,4,1d+1h+4h,0.361,False,nofill,0.0
2025-10-27 11:30:00-04:00,456.06,461.11,461.44,461.11,468.06,6.8,4,1d+1h+4h,0.26,False,nofill,0.0
2025-10-27 12:30:00-04:00,458.0,461.11,461.43,461.11,467.84,6.8,4,1d+1h+4h,0.16,False,nofill,0.0
2025-10-27 13:30:00-04:00,456.88,461.11,461.42,461.11,467.61,6.8,4,1d+1h+4h,0.217,True,scratch,-0.1270323004439633
2025-10-27 14:30:00-04:00,448.3,449.3,449.63,449.3,456.13,20.2,13,1d+1h+4h,0.052,True,target,1.3865008604754259
2025-10-27 15:30:00-04:00,452.35,453.55,453.87,453.55,460.37,14.4,10,1d+1h+4h,0.062,True,target,1.3696925675510618
2025-10-28 09:30:00-04:00,463.26,465.33,465.68,465.33,472.65,6.8,4,1d+1h+4h,0.108,True,scratch,-0.13477932087622158
2025-10-28 12:30:00-04:00,464.21,465.33,465.65,465.33,472.09,6.8,4,1d+1h+4h,0.058,False,nofill,0.0
2025-10-28 13:30:00-04:00,462.46,465.33,465.65,465.33,472.09,6.8,4,1d+1h+4h,0.15,True,scratch,-0.12907918953051212
2025-10-28 14:30:00-04:00,461.92,465.33,465.64,465.33,471.85,6.8,4,1d+1h+4h,0.178,True,scratch,-0.1266287401423094
2025-10-28 15:30:00-04:00,460.54,467.0,467.3,467.0,473.39,12.6,7,1d+1h+4h,0.337,False,nofill,0.0
2025-10-29 09:30:00-04:00,461.87,467.0,467.31,467.0,473.52,12.6,7,1d+1h+4h,0.274,False,nofill,0.0
2025-10-29 10:30:00-04:00,458.87,467.0,467.31,467.0,473.45,12.6,7,1d+1h+4h,0.434,False,nofill,0.0
2025-10-29 11:30:00-04:00,459.36,467.0,467.29,467.0,473.14,12.6,7,1d+1h+4h,0.408,False,nofill,0.0
2025-10-29 12:30:00-04:00,459.0,467.0,467.28,467.0,472.96,12.6,7,1d+1h+4h,0.427,False,nofill,0.0
2025-10-29 13:30:00-04:00,460.73,467.0,467.28,467.0,472.86,14.4,8,1d+1h+4h,0.334,False,nofill,0.0
2025-10-29 14:30:00-04:00,461.13,467.0,467.29,467.0,473.15,14.4,8,1d+1h+4h,0.313,False,nofill,0.0
2025-10-29 15:30:00-04:00,461.47,467.0,467.28,467.0,472.91,14.4,8,1d+1h+4h,0.295,False,nofill,0.0
2025-10-30 09:30:00-04:00,444.42,447.08,447.4,447.08,453.89,23.2,16,1d+1h+4h,0.14,False,nofill,0.0
2025-10-30 10:30:00-04:00,442.62,447.08,447.4,447.08,453.75,23.2,16,1d+1h+4h,0.235,False,nofill,0.0
2025-10-30 11:30:00-04:00,445.14,447.08,447.4,447.08,453.72,23.2,16,1d+1h+4h,0.102,False,nofill,0.0
2025-10-30 12:30:00-04:00,445.88,447.08,447.39,447.08,453.51,23.2,16,1d+1h+4h,0.063,False,nofill,0.0
2025-10-30 13:30:00-04:00,442.77,447.08,447.38,447.08,453.35,23.2,16,1d+1h+4h,0.227,True,target,1.2749808218968983
2025-10-30 14:30:00-04:00,441.94,443.13,443.42,443.13,449.2,23.2,16,1d+1h+4h,0.062,True,target,1.2434986145137383
2025-10-30 15:30:00-04:00,440.03,443.13,443.41,443.13,448.99,23.2,16,1d+1h+4h,0.163,True,target,1.1987178537544718
2025-10-31 09:30:00-04:00,455.01,467.0,467.32,467.0,473.66,17.4,9,1d+1h+4h,0.635,False,nofill,0.0
2025-10-31 10:30:00-04:00,456.33,467.0,467.31,467.0,473.48,17.4,9,1d+1h+4h,0.565,False,nofill,0.0
2025-10-31 11:30:00-04:00,453.88,467.0,467.31,467.0,473.48,17.4,9,1d+1h+4h,0.695,False,nofill,0.0
2025-10-31 12:30:00-04:00,444.78,447.08,447.4,447.08,453.9,23.2,16,1d+1h+4h,0.122,True,target,1.3909356120384908
2025-10-31 13:30:00-04:00,452.43,467.0,467.33,467.0,474.02,17.4,9,1d+1h+4h,0.771,True,scratch,-0.13142349003056886
2025-10-31 14:30:00-04:00,454.09,467.0,467.32,467.0,473.79,17.4,9,1d+1h+4h,0.683,True,scratch,-0.12916272607336188
2025-10-31 15:30:00-04:00,456.54,467.0,467.31,467.0,473.59,17.4,9,1d+1h+4h,0.554,True,scratch,-0.1271020516552812
2025-11-03 09:30:00-05:00,469.08,470.75,471.11,470.75,478.38,11.6,6,1d+1h+4h,0.088,True,scratch,-0.13708985217791847
2025-11-03 10:30:00-05:00,468.95,470.75,471.11,470.75,478.32,11.6,6,1d+1h+4h,0.095,False,nofill,0.0
2025-11-03 11:30:00-05:00,467.12,470.75,471.1,470.75,478.13,11.6,6,1d+1h+4h,0.191,False,nofill,0.0
2025-11-03 12:30:00-05:00,468.31,470.75,471.09,470.75,477.9,12.6,7,1d+1h+4h,0.129,False,nofill,0.0
2025-11-03 13:30:00-05:00,465.91,467.0,467.33,467.0,473.97,17.4,9,1d+1h+4h,0.057,True,scratch,-0.13095012931919614
2025-11-03 14:30:00-05:00,469.32,470.75,471.08,470.75,477.62,12.6,7,1d+1h+4h,0.075,False,nofill,0.0
2025-11-03 15:30:00-05:00,468.43,470.75,471.06,470.75,477.28,12.6,7,1d+1h+4h,0.122,False,nofill,0.0
2025-11-04 09:30:00-05:00,458.09,467.0,467.36,467.0,474.62,17.4,9,1d+1h+4h,0.459,False,nofill,0.0
2025-11-04 10:30:00-05:00,452.8,467.0,467.37,467.0,474.67,17.4,9,1d+1h+4h,0.732,False,nofill,0.0
2025-11-04 11:30:00-05:00,450.78,467.0,467.36,467.0,474.62,17.4,9,1d+1h+4h,0.836,False,nofill,0.0
2025-11-04 12:30:00-05:00,447.6,449.3,449.65,449.3,456.74,21.2,14,1d+1h+4h,0.088,True,scratch,-0.13877247187888964
2025-11-04 13:30:00-05:00,449.33,467.0,467.35,467.0,474.3,17.4,9,1d+1h+4h,0.911,False,nofill,0.0
2025-11-04 14:30:00-05:00,448.5,449.8,450.14,449.8,457.0,21.2,14,1d+1h+4h,0.067,True,scratch,-0.13608951908269384
2025-11-04 15:30:00-05:00,444.19,447.08,447.42,447.08,454.19,24.2,17,1d+1h+4h,0.149,True,scratch,-0.1355742951783756
2025-11-05 09:30:00-05:00,442.54,443.69,444.05,443.69,451.39,25.0,17,1d+1h+4h,0.057,True,target,1.590512427146784
2025-11-05 10:30:00-05:00,450.94,467.0,467.37,467.0,474.84,17.4,9,1d+1h+4h,0.809,False,nofill,0.0
2025-11-05 11:30:00-05:00,452.61,467.0,467.36,467.0,474.53,17.4,9,1d+1h+4h,0.725,False,nofill,0.0
2025-11-05 12:30:00-05:00,457.96,467.0,467.35,467.0,474.43,17.4,9,1d+1h+4h,0.456,False,nofill,0.0
2025-11-05 13:30:00-05:00,462.04,467.0,467.36,467.0,474.48,17.4,9,1d+1h+4h,0.25,True,scratch,-0.13612832286771237
2025-11-05 14:30:00-05:00,461.63,467.0,467.35,467.0,474.36,17.4,9,1d+1h+4h,0.271,True,scratch,-0.1348829741279034
2025-11-05 15:30:00-05:00,462.25,467.0,467.34,467.0,474.06,17.4,9,1d+1h+4h,0.239,True,scratch,-0.1319254288173588
2025-11-06 09:30:00-05:00,451.52,465.7,466.07,465.7,473.5,18.4,10,1d+1h+4h,0.684,False,nofill,0.0
2025-11-06 10:30:00-05:00,441.12,443.13,443.53,443.13,451.47,26.0,18,1d+1h+4h,0.097,True,scratch,-0.14945521680105323
2025-11-06 11:30:00-05:00,440.0,443.13,443.53,443.13,451.54,26.0,18,1d+1h+4h,0.151,True,scratch,-0.15020173553303984
2025-11-06 12:30:00-05:00,446.83,449.3,449.7,449.3,457.72,22.2,15,1d+1h+4h,0.119,True,scratch,-0.14912365410070239
2025-11-06 13:30:00-05:00,451.18,465.7,466.09,465.7,473.89,19.4,11,1d+1h+4h,0.7,False,nofill,0.0
2025-11-06 14:30:00-05:00,449.1,465.7,466.08,465.7,473.67,19.4,11,1d+1h+4h,0.8,False,nofill,0.0
2025-11-06 15:30:00-05:00,446.11,447.26,447.63,447.26,455.08,24.2,17,1d+1h+4h,0.055,False,nofill,0.0
2025-11-07 09:30:00-05:00,434.22,444.98,445.41,444.98,453.95,31.0,21,1d+1h+4h,0.513,False,nofill,0.0
2025-11-07 10:30:00-05:00,428.24,444.98,445.41,444.98,453.95,31.0,21,1d+1h+4h,0.798,False,nofill,0.0
2025-11-07 11:30:00-05:00,428.74,444.98,445.4,444.98,453.86,31.0,21,1d+1h+4h,0.774,False,nofill,0.0
2025-11-07 12:30:00-05:00,429.81,444.98,445.39,444.98,453.64,31.0,21,1d+1h+4h,0.723,False,nofill,0.0
2025-11-07 13:30:00-05:00,432.41,444.98,445.38,444.98,453.38,31.0,21,1d+1h+4h,0.599,False,nofill,0.0
2025-11-07 14:30:00-05:00,431.08,444.98,445.37,444.98,453.27,31.0,21,1d+1h+4h,0.663,True,scratch,-0.14860270821139832
2025-11-07 15:30:00-05:00,429.38,444.98,445.36,444.98,452.99,31.0,21,1d+1h+4h,0.744,True,scratch,-0.14562511231763775
2025-11-10 09:30:00-05:00,444.8,447.08,447.49,447.08,455.72,25.2,18,1d+1h+4h,0.109,True,scratch,-0.15186718595994186
2025-11-10 10:30:00-05:00,446.88,449.3,449.71,449.3,457.88,23.2,16,1d+1h+4h,0.116,False,nofill,0.0
2025-11-10 11:30:00-05:00,446.21,447.26,447.66,447.26,455.61,25.2,18,1d+1h+4h,0.05,True,scratch,-0.1487639271932295
2025-11-10 12:30:00-05:00,444.6,447.08,447.46,447.08,455.15,25.2,18,1d+1h+4h,0.119,True,scratch,-0.1458480556152275
2025-11-10 13:30:00-05:00,446.47,449.3,449.68,449.3,457.22,24.2,17,1d+1h+4h,0.135,False,nofill,0.0
2025-11-10 14:30:00-05:00,444.61,447.08,447.44,447.08,454.69,26.2,19,1d+1h+4h,0.118,False,nofill,0.0
2025-11-10 15:30:00-05:00,445.26,447.08,447.43,447.08,454.33,26.2,19,1d+1h+4h,0.087,False,nofill,0.0
2025-11-11 09:30:00-05:00,435.27,447.08,447.44,447.08,454.6,26.2,19,1d+1h+4h,0.581,False,nofill,0.0
2025-11-11 10:30:00-05:00,433.37,447.26,447.61,447.26,454.51,26.2,19,1d+1h+4h,0.683,False,nofill,0.0
2025-11-11 11:30:00-05:00,433.92,447.26,447.59,447.26,454.22,26.2,19,1d+1h+4h,0.656,False,nofill,0.0
2025-11-11 12:30:00-05:00,435.83,447.08,447.4,447.08,453.81,26.2,19,1d+1h+4h,0.553,False,nofill,0.0
2025-11-11 13:30:00-05:00,437.38,447.26,447.57,447.26,453.78,26.2,19,1d+1h+4h,0.486,False,nofill,0.0
2025-11-11 14:30:00-05:00,436.98,447.26,447.55,447.26,453.45,26.2,19,1d+1h+4h,0.505,False,nofill,0.0
2025-11-11 15:30:00-05:00,439.4,447.08,447.37,447.08,453.13,26.2,19,1d+1h+4h,0.378,False,nofill,0.0
2025-11-12 09:30:00-05:00,433.44,447.26,447.57,447.26,453.74,26.2,19,1d+1h+4h,0.69,False,nofill,0.0
2025-11-12 10:30:00-05:00,430.18,447.26,447.57,447.26,453.74,26.2,19,1d+1h+4h,0.853,False,nofill,0.0
2025-11-12 11:30:00-05:00,430.37,447.26,447.57,447.26,453.68,26.2,19,1d+1h+4h,0.844,False,nofill,0.0
2025-11-12 12:30:00-05:00,431.43,444.21,444.5,444.21,450.38,27.0,19,1d+1h+4h,0.639,False,nofill,0.0
2025-11-12 13:30:00-05:00,430.38,442.33,442.61,442.33,448.23,27.0,19,1d+1h+4h,0.597,False,nofill,0.0
2025-11-12 14:30:00-05:00,431.24,444.21,444.48,444.21,449.86,27.0,19,1d+1h+4h,0.648,False,nofill,0.0
2025-11-12 15:30:00-05:00,430.62,442.33,442.59,442.33,447.78,27.0,19,1d+1h+4h,0.585,False,nofill,0.0
2025-11-13 09:30:00-05:00,410.35,419.08,419.4,419.08,425.8,50.6,31,1d+1h+4h,0.415,False,nofill,0.0
2025-11-13 10:30:00-05:00,407.08,419.08,419.4,419.08,425.82,50.6,31,1d+1h+4h,0.571,False,nofill,0.0
2025-11-13 11:30:00-05:00,403.54,419.08,419.4,419.08,425.89,50.6,31,1d+1h+4h,0.739,False,nofill,0.0
2025-11-13 12:30:00-05:00,398.36,419.08,419.41,419.08,425.93,50.6,31,1d+1h+4h,0.985,False,nofill,0.0
2025-11-13 13:30:00-05:00,402.69,419.08,419.41,419.08,425.93,50.6,31,1d+1h+4h,0.779,False,nofill,0.0
2025-11-13 14:30:00-05:00,402.21,419.08,419.4,419.08,425.84,50.6,31,1d+1h+4h,0.802,False,nofill,0.0
2025-11-13 15:30:00-05:00,401.94,419.08,419.4,419.08,425.73,50.6,31,1d+1h+4h,0.815,False,nofill,0.0
2025-11-14 09:30:00-05:00,399.88,416.57,416.94,416.57,424.19,52.4,30,1d+1h+4h,0.772,False,nofill,0.0
2025-11-14 10:30:00-05:00,408.39,416.57,416.95,416.57,424.55,52.4,30,1d+1h+4h,0.378,False,nofill,0.0
2025-11-14 11:30:00-05:00,408.81,416.58,416.95,416.58,424.38,52.4,30,1d+1h+4h,0.359,False,nofill,0.0
2025-11-14 12:30:00-05:00,405.93,416.73,417.1,416.73,424.4,52.4,30,1d+1h+4h,0.499,False,nofill,0.0
2025-11-14 13:30:00-05:00,408.51,416.57,416.93,416.57,424.06,52.4,30,1d+1h+4h,0.373,True,scratch,-0.1454290560310212
2025-11-14 14:30:00-05:00,406.72,416.73,417.08,416.73,424.02,53.4,31,1d+1h+4h,0.463,True,scratch,-0.14317468316080717
2025-11-14 15:30:00-05:00,404.33,416.73,417.07,416.73,423.77,53.4,31,1d+1h+4h,0.573,True,scratch,-0.14026416984429524
2025-11-17 09:30:00-05:00,415.75,419.08,419.46,419.08,427.02,50.6,31,1d+1h+4h,0.152,True,scratch,-0.15006706782939583
2025-11-17 10:30:00-05:00,418.75,421.31,421.68,421.31,429.13,43.4,29,1d+1h+4h,0.117,True,scratch,-0.14827822686050984
2025-11-17 11:30:00-05:00,419.56,421.31,421.68,421.31,428.99,43.4,29,1d+1h+4h,0.08,False,nofill,0.0
2025-11-17 12:30:00-05:00,412.32,416.58,416.95,416.58,424.36,53.4,31,1d+1h+4h,0.195,False,nofill,0.0
2025-11-17 13:30:00-05:00,408.91,416.58,416.95,416.58,424.32,53.4,31,1d+1h+4h,0.35,False,nofill,0.0
2025-11-17 14:30:00-05:00,406.82,416.57,416.93,416.57,424.12,53.4,31,1d+1h+4h,0.446,False,nofill,0.0
2025-11-17 15:30:00-05:00,408.94,416.58,416.93,416.58,423.95,53.4,31,1d+1h+4h,0.349,False,nofill,0.0
2025-11-18 09:30:00-05:00,396.72,416.56,416.94,416.56,424.55,53.4,31,1d+1h+4h,0.927,False,nofill,0.0
2025-11-18 10:30:00-05:00,404.08,416.73,417.12,416.73,424.95,53.4,31,1d+1h+4h,0.591,False,nofill,0.0
2025-11-18 11:30:00-05:00,402.09,416.73,417.11,416.73,424.69,53.4,31,1d+1h+4h,0.684,False,nofill,0.0
2025-11-18 12:30:00-05:00,404.1,416.73,417.11,416.73,424.67,53.4,31,1d+1h+4h,0.59,False,nofill,0.0
2025-11-18 13:30:00-05:00,402.87,416.58,416.95,416.58,424.28,53.4,31,1d+1h+4h,0.64,False,nofill,0.0
2025-11-18 14:30:00-05:00,402.13,416.73,417.09,416.73,424.32,53.4,31,1d+1h+4h,0.682,False,nofill,0.0
2025-11-18 15:30:00-05:00,401.24,416.58,416.92,416.58,423.81,53.4,31,1d+1h+4h,0.717,False,nofill,0.0
2025-11-19 09:30:00-05:00,410.96,419.08,419.44,419.08,426.65,53.4,33,1d+1h+4h,0.39,False,nofill,0.0
2025-11-19 10:30:00-05:00,408.92,419.08,419.44,419.08,426.69,53.4,33,1d+1h+4h,0.488,False,nofill,0.0
2025-11-19 11:30:00-05:00,403.0,419.08,419.44,419.08,426.74,53.4,33,1d+1h+4h,0.772,False,nofill,0.0
2025-11-19 12:30:00-05:00,400.24,419.08,419.44,419.08,426.63,53.4,33,1d+1h+4h,0.905,False,nofill,0.0
2025-11-19 13:30:00-05:00,400.72,419.08,419.43,419.08,426.37,53.4,33,1d+1h+4h,0.881,True,scratch,-0.14274506645571838
2025-11-19 14:30:00-05:00,404.61,419.08,419.42,419.08,426.29,53.4,33,1d+1h+4h,0.695,True,scratch,-0.1417954712206182
2025-11-19 15:30:00-05:00,404.07,419.08,419.41,419.08,426.06,53.4,33,1d+1h+4h,0.721,True,scratch,-0.1391789264994392
2025-11-20 09:30:00-05:00,427.81,444.98,445.37,444.98,453.27,33.8,23,1d+1h+4h,0.788,False,nofill,0.0
2025-11-20 10:30:00-05:00,418.31,421.31,421.72,421.31,429.89,46.2,31,1d+1h+4h,0.138,False,nofill,0.0
2025-11-20 11:30:00-05:00,404.2,416.73,417.17,416.73,426.01,54.4,32,1d+1h+4h,0.575,False,nofill,0.0
2025-11-20 12:30:00-05:00,405.2,416.73,417.18,416.73,426.08,54.4,32,1d+1h+4h,0.529,False,nofill,0.0
2025-11-20 13:30:00-05:00,402.38,416.58,417.02,416.58,425.89,54.4,32,1d+1h+4h,0.652,False,nofill,0.0
2025-11-20 14:30:00-05:00,399.74,416.73,417.17,416.73,425.87,54.4,32,1d+1h+4h,0.78,False,nofill,0.0
2025-11-20 15:30:00-05:00,395.03,416.56,416.98,416.56,425.48,54.4,32,1d+1h+4h,0.988,False,nofill,0.0
2025-11-21 09:30:00-05:00,388.21,416.57,417.02,416.57,425.98,54.4,32,1d+1h+4h,1.314,False,nofill,0.0
2025-11-21 10:30:00-05:00,391.38,416.57,417.02,416.57,425.85,54.4,32,1d+1h+4h,1.167,False,nofill,0.0
2025-11-21 11:30:00-05:00,400.38,416.73,417.18,416.73,426.21,54.4,32,1d+1h+4h,0.758,False,nofill,0.0
2025-11-21 12:30:00-05:00,394.64,416.56,417.01,416.56,426.04,54.4,32,1d+1h+4h,1.015,False,nofill,0.0
2025-11-21 13:30:00-05:00,401.7,416.57,417.02,416.57,425.97,54.4,32,1d+1h+4h,0.689,False,nofill,0.0
2025-11-21 14:30:00-05:00,395.79,416.56,417.0,416.56,425.76,54.4,32,1d+1h+4h,0.962,True,scratch,-0.16497981464052014
2025-11-21 15:30:00-05:00,391.05,416.73,417.16,416.73,425.8,54.4,32,1d+1h+4h,1.19,True,scratch,-0.16346518275610622
2025-11-24 09:30:00-05:00,414.69,416.56,417.05,416.56,426.87,54.4,32,1d+1h+4h,0.084,True,scratch,-0.17766621398946914
2025-11-24 10:30:00-05:00,417.56,419.08,419.56,419.08,429.09,53.4,33,1d+1h+4h,0.068,True,scratch,-0.17353330294074265
2025-11-24 11:30:00-05:00,418.95,421.31,421.77,421.31,430.88,46.2,31,1d+1h+4h,0.106,False,nofill,0.0
2025-11-24 12:30:00-05:00,418.6,419.98,420.41,419.98,429.05,47.6,30,1d+1h+4h,0.062,True,scratch,-0.16269839952802734
2025-11-24 13:30:00-05:00,419.25,421.31,421.72,421.31,430.01,46.2,31,1d+1h+4h,0.093,False,nofill,0.0
2025-11-24 14:30:00-05:00,417.08,419.08,419.48,419.08,427.42,53.4,33,1d+1h+4h,0.09,True,scratch,-0.15456074459100355
2025-11-24 15:30:00-05:00,417.59,419.08,419.47,419.08,427.18,53.4,33,1d+1h+4h,0.067,False,nofill,0.0
2025-11-25 09:30:00-05:00,408.52,416.56,416.96,416.56,424.96,55.4,33,1d+1h+4h,0.371,True,scratch,-0.1558039415568202
2025-11-25 10:30:00-05:00,412.48,416.57,416.96,416.57,424.72,55.4,33,1d+1h+4h,0.189,True,scratch,-0.15290917121851821
2025-11-25 11:30:00-05:00,418.42,423.96,424.34,423.96,432.02,48.2,33,1d+1h+4h,0.255,False,nofill,0.0
2025-11-25 12:30:00-05:00,418.62,423.96,424.33,423.96,431.69,48.2,33,1d+1h+4h,0.246,False,nofill,0.0
2025-11-25 13:30:00-05:00,416.97,419.08,419.43,419.08,426.52,54.4,34,1d+1h+4h,0.097,True,scratch,-0.14440411753073867
2025-11-25 14:30:00-05:00,417.55,419.08,419.42,419.08,426.28,54.4,34,1d+1h+4h,0.071,True,scratch,-0.14165247570524508
2025-11-25 15:30:00-05:00,419.31,423.96,424.29,423.96,430.85,48.2,33,1d+1h+4h,0.214,True,scratch,-0.13721222231116714
2025-11-26 09:30:00-05:00,419.54,423.96,424.3,423.96,431.0,47.2,32,1d+1h+4h,0.212,False,nofill,0.0
2025-11-26 10:30:00-05:00,419.18,421.71,422.03,421.71,428.53,47.2,32,1d+1h+4h,0.121,True,target,1.4789464254620466
2025-11-26 11:30:00-05:00,420.78,423.96,424.27,423.96,430.57,47.2,32,1d+1h+4h,0.152,True,scratch,-0.13409625913827217
2025-11-26 12:30:00-05:00,423.53,425.23,425.54,425.23,431.65,38.6,29,1d+1h+4h,0.082,True,scratch,-0.13182768378339205
2025-11-26 13:30:00-05:00,426.31,427.93,428.23,427.93,434.22,32.8,26,1d+1h+4h,0.078,True,scratch,-0.1299351515877789
2025-11-26 14:30:00-05:00,425.12,426.33,426.62,426.33,432.41,37.6,28,1d+1h+4h,0.058,True,scratch,-0.1277772673013211
2025-11-26 15:30:00-05:00,426.48,427.93,428.21,427.93,433.79,32.8,26,1d+1h+4h,0.07,True,scratch,-0.12515163780255634
2025-11-28 09:30:00-05:00,427.37,430.17,430.45,430.17,436.12,31.0,25,1d+1h+4h,0.141,True,scratch,-0.1257616468709255
2025-11-28 10:30:00-05:00,429.16,430.17,430.45,430.17,436.11,31.0,25,1d+1h+4h,0.051,True,scratch,-0.12569004193052624
2025-11-28 11:30:00-05:00,429.72,444.21,444.48,444.21,449.87,27.0,19,1d+1h+4h,0.73,False,nofill,0.0
2025-12-01 09:30:00-05:00,428.3,429.27,429.55,429.27,435.15,29.0,23,1d+1h+4h,0.051,True,scratch,-0.1251623429101678
2025-12-01 10:30:00-05:00,427.13,428.94,429.21,428.94,434.69,29.0,23,1d+1h+4h,0.095,True,scratch,-0.12378887323618581
2025-12-01 11:30:00-05:00,429.15,430.17,430.43,430.17,435.73,28.2,23,1d+1h+4h,0.054,True,scratch,-0.12150110945519099
2025-12-01 12:30:00-05:00,429.28,444.21,444.46,444.21,449.55,27.0,19,1d+1h+4h,0.785,False,nofill,0.0
2025-12-01 13:30:00-05:00,427.85,428.94,429.18,428.94,434.08,30.0,24,1d+1h+4h,0.057,True,scratch,-0.11694366656398447
2025-12-01 14:30:00-05:00,428.82,429.8,430.04,429.8,434.76,30.0,24,1d+1h+4h,0.052,True,scratch,-0.11489501517509826
2025-12-01 15:30:00-05:00,430.3,443.69,443.91,443.69,448.43,27.0,19,1d+1h+4h,0.704,False,nofill,0.0
2025-12-02 09:30:00-05:00,429.81,444.21,444.45,444.21,449.29,27.0,19,1d+1h+4h,0.769,False,nofill,0.0
2025-12-02 10:30:00-05:00,424.2,425.52,425.78,425.52,430.9,38.6,29,1d+1h+4h,0.071,True,scratch,-0.12015702866222666
2025-12-02 11:30:00-05:00,425.52,426.5,426.75,426.5,431.81,36.8,28,1d+1h+4h,0.052,True,target,1.1234136414228102
2025-12-02 12:30:00-05:00,425.12,426.33,426.57,426.33,431.47,36.8,28,1d+1h+4h,0.065,True,target,1.086368009633798
2025-12-02 13:30:00-05:00,426.82,427.93,428.17,427.93,432.96,32.8,26,1d+1h+4h,0.059,True,target,1.0590404153896893
2025-12-02 14:30:00-05:00,430.39,444.21,444.45,444.21,449.21,27.0,19,1d+1h+4h,0.738,False,nofill,0.0
2025-12-02 15:30:00-05:00,429.01,430.17,430.4,430.17,434.93,29.2,24,1d+1h+4h,0.062,True,target,0.9924826339053006
2025-12-03 09:30:00-05:00,441.27,443.13,443.39,443.13,448.57,27.0,19,1d+1h+4h,0.099,True,scratch,-0.11836260244582064
2025-12-03 10:30:00-05:00,439.5,443.13,443.39,443.13,448.68,27.0,19,1d+1h+4h,0.194,True,target,1.1309583193442219
2025-12-03 11:30:00-05:00,441.3,443.13,443.39,443.13,448.52,27.0,19,1d+1h+4h,0.098,True,target,1.096142784059162
2025-12-03 12:30:00-05:00,443.28,447.08,447.33,447.08,452.26,26.2,19,1d+1h+4h,0.203,True,scratch,-0.11504957468326804
2025-12-03 13:30:00-05:00,446.97,449.3,449.55,449.3,454.5,23.2,16,1d+1h+4h,0.125,True,scratch,-0.11498760943415842
2025-12-03 14:30:00-05:00,446.3,447.26,447.5,447.26,452.29,26.2,19,1d+1h+4h,0.051,True,scratch,-0.11347782157675734
2025-12-03 15:30:00-05:00,446.88,449.3,449.53,449.3,454.12,23.2,16,1d+1h+4h,0.129,True,scratch,-0.11101243926279203
2025-12-04 09:30:00-05:00,448.51,470.75,471.0,470.75,475.92,20.2,11,1d+1h+4h,1.233,False,nofill,0.0
2025-12-04 10:30:00-05:00,448.63,470.75,471.0,470.75,475.92,20.2,11,1d+1h+4h,1.226,False,nofill,0.0
2025-12-04 11:30:00-05:00,449.81,470.75,470.99,470.75,475.73,20.2,11,1d+1h+4h,1.161,False,nofill,0.0
2025-12-04 12:30:00-05:00,448.46,449.4,449.63,449.4,454.27,23.2,16,1d+1h+4h,0.052,True,target,0.9718229351739494
2025-12-04 13:30:00-05:00,447.54,449.3,449.53,449.3,454.07,23.2,16,1d+1h+4h,0.098,True,target,0.9490043636590118
2025-12-04 14:30:00-05:00,450.78,467.0,467.22,467.0,471.7,20.2,11,1d+1h+4h,0.899,False,nofill,0.0
2025-12-04 15:30:00-05:00,454.51,467.0,467.22,467.0,471.65,20.2,11,1d+1h+4h,0.693,False,nofill,0.0
2025-12-05 09:30:00-05:00,455.77,467.0,467.23,467.0,471.74,20.2,11,1d+1h+4h,0.651,False,nofill,0.0
2025-12-05 10:30:00-05:00,453.12,467.0,467.23,467.0,471.88,20.2,11,1d+1h+4h,0.804,False,nofill,0.0
2025-12-05 11:30:00-05:00,453.55,467.0,467.23,467.0,471.83,20.2,11,1d+1h+4h,0.779,False,nofill,0.0
2025-12-05 12:30:00-05:00,455.28,467.0,467.22,467.0,471.65,20.2,11,1d+1h+4h,0.679,False,nofill,0.0
2025-12-05 13:30:00-05:00,454.76,470.75,470.96,470.75,475.21,20.2,11,1d+1h+4h,0.926,False,nofill,0.0
2025-12-05 14:30:00-05:00,455.22,470.75,470.95,470.75,475.02,20.2,11,1d+1h+4h,0.9,False,nofill,0.0
2025-12-05 15:30:00-05:00,454.94,470.75,470.94,470.75,474.81,20.2,11,1d+1h+4h,0.916,False,nofill,0.0
2025-12-08 09:30:00-05:00,443.49,447.26,447.48,447.26,451.98,27.2,20,1d+1h+4h,0.216,False,nofill,0.0
2025-12-08 10:30:00-05:00,438.52,443.69,443.92,443.69,448.55,28.0,20,1d+1h+4h,0.296,False,nofill,0.0
2025-12-08 11:30:00-05:00,437.29,443.69,443.91,443.69,448.42,28.0,20,1d+1h+4h,0.367,False,nofill,0.0
2025-12-08 12:30:00-05:00,437.27,443.69,443.9,443.69,448.26,28.0,20,1d+1h+4h,0.368,False,nofill,0.0
2025-12-08 13:30:00-05:00,436.49,443.69,443.89,443.69,448.08,28.0,20,1d+1h+4h,0.413,True,target,0.8828910466998963
2025-12-08 14:30:00-05:00,437.84,443.69,443.89,443.69,447.91,28.0,20,1d+1h+4h,0.335,True,target,0.8469185636414744
2025-12-08 15:30:00-05:00,439.59,443.13,443.32,443.13,447.22,28.0,20,1d+1h+4h,0.203,True,target,0.8176670138418052
2025-12-09 09:30:00-05:00,445.39,447.26,447.48,447.26,451.79,27.2,20,1d+1h+4h,0.107,True,scratch,-0.10817692281541724
2025-12-09 10:30:00-05:00,446.44,449.3,449.51,449.3,453.77,24.2,17,1d+1h+4h,0.164,True,scratch,-0.10732661443975111
2025-12-09 11:30:00-05:00,449.72,453.55,453.76,453.55,457.99,20.4,16,1d+1h+4h,0.22,False,nofill,0.0
2025-12-09 12:30:00-05:00,450.53,453.55,453.76,453.55,457.87,20.4,16,1d+1h+4h,0.174,False,nofill,0.0
2025-12-09 13:30:00-05:00,449.22,453.55,453.75,453.55,457.75,20.4,16,1d+1h+4h,0.249,False,nofill,0.0
2025-12-09 14:30:00-05:00,447.29,449.3,449.49,449.3,453.39,24.2,17,1d+1h+4h,0.116,True,scratch,-0.10324553382387025
2025-12-09 15:30:00-05:00,445.21,447.26,447.47,447.26,451.67,27.2,20,1d+1h+4h,0.118,True,scratch,-0.10683799188893062
2025-12-10 09:30:00-05:00,445.97,447.26,447.48,447.26,451.85,27.2,20,1d+1h+4h,0.075,False,nofill,0.0
2025-12-10 10:30:00-05:00,446.04,447.26,447.47,447.26,451.76,27.2,20,1d+1h+4h,0.071,True,scratch,-0.10785627485684346
2025-12-10 11:30:00-05:00,445.01,447.26,447.46,447.26,451.55,27.2,20,1d+1h+4h,0.132,True,scratch,-0.1056473326253915
2025-12-10 12:30:00-05:00,445.43,447.26,447.46,447.26,451.4,27.2,20,1d+1h+4h,0.107,True,scratch,-0.10404538217004822
2025-12-10 13:30:00-05:00,447.9,453.55,453.75,453.55,457.82,20.4,16,1d+1h+4h,0.33,True,scratch,-0.10475104516243228
2025-12-10 14:30:00-05:00,456.18,467.0,467.23,467.0,471.73,20.2,11,1d+1h+4h,0.633,False,nofill,0.0
2025-12-10 15:30:00-05:00,451.41,453.55,453.78,453.55,458.32,20.4,16,1d+1h+4h,0.125,False,nofill,0.0
2025-12-11 09:30:00-05:00,444.22,447.26,447.51,447.26,452.47,26.2,19,1d+1h+4h,0.182,False,nofill,0.0
2025-12-11 10:30:00-05:00,441.47,443.13,443.38,443.13,448.29,29.0,21,1d+1h+4h,0.1,True,target,1.0466848418663188
2025-12-11 11:30:00-05:00,444.54,447.26,447.5,447.26,452.33,26.2,19,1d+1h+4h,0.163,True,scratch,-0.1139360608690132
2025-12-11 12:30:00-05:00,446.16,447.08,447.31,447.08,452.0,26.2,19,1d+1h+4h,0.055,True,scratch,-0.11236841983978119
2025-12-11 13:30:00-05:00,447.4,453.55,453.78,453.55,458.28,20.4,16,1d+1h+4h,0.369,True,scratch,-0.10960933785127969
2025-12-11 14:30:00-05:00,444.96,447.26,447.48,447.26,451.92,26.2,19,1d+1h+4h,0.138,True,scratch,-0.10952830666476343
2025-12-11 15:30:00-05:00,446.94,453.55,453.77,453.55,458.09,20.4,16,1d+1h+4h,0.397,True,scratch,-0.10757031705467268
2025-12-12 09:30:00-05:00,450.13,453.55,453.81,453.55,458.97,21.4,17,1d+1h+4h,0.201,True,scratch,-0.11680642647383666
2025-12-12 10:30:00-05:00,445.93,447.26,447.53,447.26,452.89,27.2,20,1d+1h+4h,0.078,True,target,1.1367895463126665
2025-12-12 11:30:00-05:00,448.07,453.55,453.83,453.55,459.34,21.4,17,1d+1h+4h,0.322,True,scratch,-0.1206818672011889
2025-12-12 12:30:00-05:00,455.61,467.0,467.29,467.0,473.0,21.2,12,1d+1h+4h,0.67,False,nofill,0.0
2025-12-12 13:30:00-05:00,450.9,453.55,453.84,453.55,459.59,21.4,17,1d+1h+4h,0.156,True,target,1.207076390348627
2025-12-12 14:30:00-05:00,455.07,467.0,467.28,467.0,472.97,21.2,12,1d+1h+4h,0.702,True,target,1.1558912397666488
2025-12-12 15:30:00-05:00,459.17,467.0,467.28,467.0,472.95,21.2,12,1d+1h+4h,0.461,True,target,1.1518454516022514
2025-12-15 09:30:00-05:00,472.13,474.07,474.41,474.07,481.26,11.6,6,1d+1h+4h,0.111,True,target,1.3824244220152826
2025-12-17 10:30:00-05:00,478.37,483.99,484.36,483.99,491.73,6.8,4,1d+1h+4h,0.299,False,nofill,0.0
2025-12-17 11:30:00-05:00,478.06,483.99,484.35,483.99,491.47,6.8,4,1d+1h+4h,0.315,False,nofill,0.0
2025-12-17 12:30:00-05:00,474.54,483.99,484.34,483.99,491.44,6.8,4,1d+1h+4h,0.503,False,nofill,0.0
2025-12-17 13:30:00-05:00,467.23,470.75,471.11,470.75,478.32,20.2,11,1d+1h+4h,0.187,True,scratch,-0.1364334579130544
2025-12-17 14:30:00-05:00,470.49,474.07,474.42,474.07,481.43,11.6,6,1d+1h+4h,0.19,True,target,1.416432060235251
2025-12-17 15:30:00-05:00,467.16,470.75,471.09,470.75,477.89,20.2,11,1d+1h+4h,0.191,True,target,1.3818859564862063
2025-12-18 14:30:00-05:00,486.56,490.86,491.19,490.86,497.83,8.6,5,1d+1h+4h,0.224,False,nofill,0.0
2025-12-18 15:30:00-05:00,483.4,490.86,491.19,490.86,497.76,8.6,5,1d+1h+4h,0.39,False,nofill,0.0
2025-12-19 09:30:00-05:00,480.54,490.86,491.2,490.86,498.05,8.6,5,1d+1h+4h,0.546,False,nofill,0.0
2025-12-19 10:30:00-05:00,481.46,490.86,491.19,490.86,497.83,8.6,5,1d+1h+4h,0.498,False,nofill,0.0
2025-12-19 11:30:00-05:00,479.34,490.86,491.19,490.86,497.87,8.6,5,1d+1h+4h,0.61,False,nofill,0.0
2025-12-19 12:30:00-05:00,481.24,490.86,491.18,490.86,497.63,9.6,6,1d+1h+4h,0.509,False,nofill,0.0
2025-12-19 13:30:00-05:00,483.83,490.86,491.17,490.86,497.35,9.6,6,1d+1h+4h,0.372,True,scratch,-0.12288488800861197
2025-12-19 14:30:00-05:00,482.2,490.86,491.16,490.86,497.14,9.6,6,1d+1h+4h,0.458,True,scratch,-0.12082749615075494
2025-12-19 15:30:00-05:00,480.91,490.86,491.15,490.86,496.95,9.6,6,1d+1h+4h,0.527,True,scratch,-0.11898235121307055
2025-12-22 09:30:00-05:00,487.96,490.86,491.19,490.86,497.86,9.6,6,1d+1h+4h,0.154,True,scratch,-0.1277776306978562
2025-12-22 14:30:00-05:00,487.53,490.86,491.16,490.86,497.24,9.6,6,1d+1h+4h,0.177,True,scratch,-0.12175333203447991
2025-12-22 15:30:00-05:00,488.77,490.86,491.15,490.86,496.94,9.6,6,1d+1h+4h,0.111,True,scratch,-0.11890517990787997
2025-12-23 09:30:00-05:00,486.79,490.86,491.15,490.86,497.03,9.6,6,1d+1h+4h,0.225,False,nofill,0.0
2025-12-23 10:30:00-05:00,485.66,490.86,491.15,490.86,496.89,9.6,6,1d+1h+4h,0.287,False,nofill,0.0
2025-12-23 11:30:00-05:00,485.76,490.86,491.14,490.86,496.68,9.6,6,1d+1h+4h,0.281,False,nofill,0.0
2025-12-23 12:30:00-05:00,485.38,490.86,491.13,490.86,496.47,9.6,6,1d+1h+4h,0.302,False,nofill,0.0
2025-12-23 13:30:00-05:00,483.93,490.86,491.12,490.86,496.31,9.6,6,1d+1h+4h,0.383,False,nofill,0.0
2025-12-23 14:30:00-05:00,486.87,490.86,491.12,490.86,496.22,9.6,6,1d+1h+4h,0.22,False,nofill,0.0
2025-12-23 15:30:00-05:00,485.61,490.86,491.11,490.86,496.01,9.6,6,1d+1h+4h,0.29,False,nofill,0.0
2025-12-24 09:30:00-05:00,477.33,490.86,491.14,490.86,496.64,9.6,6,1d+1h+4h,0.759,False,nofill,0.0
2025-12-24 10:30:00-05:00,481.69,490.86,491.13,490.86,496.6,9.6,6,1d+1h+4h,0.514,False,nofill,0.0
2025-12-24 11:30:00-05:00,481.77,490.86,491.12,490.86,496.32,9.6,6,1d+1h+4h,0.51,False,nofill,0.0
2025-12-26 09:30:00-05:00,477.17,490.86,491.14,490.86,496.84,10.6,7,1d+1h+4h,0.776,False,nofill,0.0
2025-12-26 10:30:00-05:00,478.48,490.86,491.14,490.86,496.84,10.6,7,1d+1h+4h,0.702,False,nofill,0.0
2025-12-26 11:30:00-05:00,479.63,490.86,491.14,490.86,496.64,10.6,7,1d+1h+4h,0.636,False,nofill,0.0
2025-12-26 12:30:00-05:00,478.88,490.86,491.12,490.86,496.38,10.6,7,1d+1h+4h,0.679,False,nofill,0.0
2025-12-26 13:30:00-05:00,478.49,490.86,491.11,490.86,496.1,10.6,7,1d+1h+4h,0.701,False,nofill,0.0
2025-12-26 14:30:00-05:00,478.36,490.86,491.1,490.86,495.81,10.6,7,1d+1h+4h,0.708,False,nofill,0.0
2025-12-26 15:30:00-05:00,475.19,490.86,491.09,490.86,495.71,10.6,7,1d+1h+4h,0.888,False,nofill,0.0
2025-12-29 09:30:00-05:00,466.25,470.75,471.01,470.75,476.3,22.2,13,1d+1h+4h,0.257,False,nofill,0.0
2025-12-29 10:30:00-05:00,467.63,470.75,471.0,470.75,476.09,22.2,13,1d+1h+4h,0.178,False,nofill,0.0
2025-12-29 11:30:00-05:00,466.12,467.0,467.25,467.0,472.21,22.2,13,1d+1h+4h,0.05,False,nofill,0.0
2025-12-29 12:30:00-05:00,464.09,467.0,467.24,467.0,472.07,22.2,13,1d+1h+4h,0.166,False,nofill,0.0
2025-12-29 13:30:00-05:00,463.01,467.0,467.23,467.0,471.89,22.2,13,1d+1h+4h,0.227,False,nofill,0.0
2025-12-29 14:30:00-05:00,462.67,467.0,467.22,467.0,471.71,22.2,13,1d+1h+4h,0.247,False,nofill,0.0
2025-12-29 15:30:00-05:00,459.62,467.0,467.22,467.0,471.63,22.2,13,1d+1h+4h,0.421,False,nofill,0.0
2025-12-30 09:30:00-05:00,460.68,467.0,467.23,467.0,471.84,22.2,13,1d+1h+4h,0.373,False,nofill,0.0
2025-12-30 10:30:00-05:00,461.13,467.0,467.23,467.0,471.73,22.2,13,1d+1h+4h,0.346,False,nofill,0.0
2025-12-30 11:30:00-05:00,462.17,467.0,467.22,467.0,471.58,22.2,13,1d+1h+4h,0.285,False,nofill,0.0
2025-12-30 12:30:00-05:00,460.5,467.0,467.22,467.0,471.53,22.2,13,1d+1h+4h,0.384,False,nofill,0.0
2025-12-30 13:30:00-05:00,458.62,467.0,467.21,467.0,471.42,22.2,13,1d+1h+4h,0.495,False,nofill,0.0
2025-12-30 14:30:00-05:00,456.12,467.0,467.2,467.0,471.3,23.2,14,1d+1h+4h,0.642,False,nofill,0.0
2025-12-30 15:30:00-05:00,454.43,467.0,467.2,467.0,471.17,23.2,14,1d+1h+4h,0.741,False,nofill,0.0
2025-12-31 09:30:00-05:00,454.59,467.0,467.2,467.0,471.19,23.2,14,1d+1h+4h,0.763,False,nofill,0.0
2025-12-31 10:30:00-05:00,453.82,467.0,467.19,467.0,471.04,23.2,14,1d+1h+4h,0.811,False,nofill,0.0
2025-12-31 11:30:00-05:00,454.6,467.0,467.19,467.0,470.9,23.2,14,1d+1h+4h,0.763,False,nofill,0.0
2025-12-31 12:30:00-05:00,454.86,467.0,467.18,467.0,470.82,23.2,14,1d+1h+4h,0.747,False,nofill,0.0
2025-12-31 13:30:00-05:00,453.26,467.0,467.18,467.0,470.73,23.2,14,1d+1h+4h,0.845,False,nofill,0.0
2025-12-31 14:30:00-05:00,449.5,467.0,467.18,467.0,470.76,23.2,14,1d+1h+4h,1.076,False,nofill,0.0
2025-12-31 15:30:00-05:00,449.55,467.0,467.17,467.0,470.61,23.2,14,1d+1h+4h,1.073,False,nofill,0.0
2026-01-02 09:30:00-05:00,445.1,447.26,447.47,447.26,451.66,26.2,19,1d+1h+4h,0.129,True,scratch,-0.10678326420910933
2026-01-02 10:30:00-05:00,444.08,447.08,447.3,447.08,451.72,26.2,19,1d+1h+4h,0.179,False,nofill,0.0
2026-01-02 11:30:00-05:00,441.76,443.13,443.35,443.13,447.76,30.0,22,1d+1h+4h,0.082,False,nofill,0.0
2026-01-02 12:30:00-05:00,438.4,443.69,443.91,443.69,448.33,30.0,22,1d+1h+4h,0.316,False,nofill,0.0
2026-01-02 13:30:00-05:00,438.41,443.69,443.9,443.69,448.25,30.0,22,1d+1h+4h,0.315,True,target,0.9187823246820326
2026-01-02 14:30:00-05:00,440.35,443.13,443.34,443.13,447.61,30.0,22,1d+1h+4h,0.166,True,target,0.9021869030146901
2026-01-02 15:30:00-05:00,438.1,443.69,443.89,443.69,448.07,30.0,22,1d+1h+4h,0.334,True,target,0.8792464422074486
2026-01-05 09:30:00-05:00,455.32,467.0,467.26,467.0,472.4,23.2,14,1d+1h+4h,0.69,False,nofill,0.0
2026-01-05 10:30:00-05:00,454.03,467.0,467.25,467.0,472.27,23.2,14,1d+1h+4h,0.766,False,nofill,0.0
2026-01-05 11:30:00-05:00,456.03,467.0,467.25,467.0,472.16,23.2,14,1d+1h+4h,0.648,False,nofill,0.0
2026-01-05 12:30:00-05:00,454.71,467.0,467.24,467.0,471.98,23.2,14,1d+1h+4h,0.726,False,nofill,0.0
2026-01-05 13:30:00-05:00,455.76,467.0,467.23,467.0,471.84,23.2,14,1d+1h+4h,0.664,False,nofill,0.0
2026-01-05 14:30:00-05:00,456.21,467.0,467.22,467.0,471.67,23.2,14,1d+1h+4h,0.637,False,nofill,0.0
2026-01-05 15:30:00-05:00,451.69,453.55,453.78,453.55,458.29,23.4,19,1d+1h+4h,0.11,False,nofill,0.0
2026-01-06 09:30:00-05:00,439.06,443.69,443.95,443.69,449.31,30.0,22,1d+1h+4h,0.266,False,nofill,0.0
2026-01-06 10:30:00-05:00,431.86,443.13,443.41,443.13,448.92,30.0,22,1d+1h+4h,0.649,False,nofill,0.0
2026-01-06 11:30:00-05:00,432.04,443.13,443.4,443.13,448.73,30.0,22,1d+1h+4h,0.639,False,nofill,0.0
2026-01-06 12:30:00-05:00,429.77,443.69,443.95,443.69,449.17,30.0,22,1d+1h+4h,0.801,False,nofill,0.0
2026-01-06 13:30:00-05:00,433.26,443.13,443.39,443.13,448.56,30.0,22,1d+1h+4h,0.568,False,nofill,0.0
2026-01-06 14:30:00-05:00,431.74,443.13,443.39,443.13,448.5,30.0,22,1d+1h+4h,0.656,False,nofill,0.0
2026-01-06 15:30:00-05:00,432.49,443.13,443.38,443.13,448.28,30.0,22,1d+1h+4h,0.613,False,nofill,0.0
2026-01-07 09:30:00-05:00,434.04,443.69,443.94,443.69,448.96,30.0,22,1d+1h+4h,0.58,False,nofill,0.0
2026-01-07 10:30:00-05:00,435.99,443.69,443.93,443.69,448.84,30.0,22,1d+1h+4h,0.463,False,nofill,0.0
2026-01-07 11:30:00-05:00,436.22,443.69,443.92,443.69,448.67,30.0,22,1d+1h+4h,0.449,False,nofill,0.0
2026-01-07 12:30:00-05:00,436.35,443.69,443.91,443.69,448.45,30.0,22,1d+1h+4h,0.441,False,nofill,0.0
2026-01-07 13:30:00-05:00,435.86,443.69,443.91,443.69,448.35,30.0,22,1d+1h+4h,0.471,False,nofill,0.0
2026-01-07 14:30:00-05:00,436.14,443.69,443.9,443.69,448.14,30.0,22,1d+1h+4h,0.454,False,nofill,0.0
2026-01-07 15:30:00-05:00,431.42,443.69,443.9,443.69,448.24,30.0,22,1d+1h+4h,0.738,False,nofill,0.0
2026-01-08 09:30:00-05:00,434.89,443.69,443.92,443.69,448.71,29.0,21,1d+1h+4h,0.538,False,nofill,0.0
2026-01-08 10:30:00-05:00,434.26,443.69,443.92,443.69,448.59,29.0,21,1d+1h+4h,0.577,False,nofill,0.0
2026-01-08 11:30:00-05:00,435.19,443.69,443.91,443.69,448.45,29.0,21,1d+1h+4h,0.52,False,nofill,0.0
2026-01-08 12:30:00-05:00,434.13,443.69,443.91,443.69,448.35,29.0,21,1d+1h+4h,0.585,False,nofill,0.0
2026-01-08 13:30:00-05:00,433.76,443.69,443.9,443.69,448.2,29.0,21,1d+1h+4h,0.608,False,nofill,0.0
2026-01-08 14:30:00-05:00,434.96,443.69,443.89,443.69,448.04,29.0,21,1d+1h+4h,0.534,True,scratch,-0.1066628730232666
2026-01-08 15:30:00-05:00,435.84,443.69,443.88,443.69,447.87,29.0,21,1d+1h+4h,0.48,True,scratch,-0.10485710257989167
2026-01-09 09:30:00-05:00,443.62,447.08,447.31,447.08,451.98,26.2,19,1d+1h+4h,0.21,True,scratch,-0.11209655537042229
2026-01-09 10:30:00-05:00,442.63,443.69,443.92,443.69,448.51,30.0,22,1d+1h+4h,0.064,True,target,0.9738014654214755
2026-01-09 11:30:00-05:00,444.45,447.08,447.3,447.08,451.78,26.2,19,1d+1h+4h,0.159,True,scratch,-0.10996147809287926
2026-01-09 12:30:00-05:00,447.18,467.0,467.23,467.0,471.73,23.2,14,1d+1h+4h,1.201,False,nofill,0.0
2026-01-09 13:30:00-05:00,446.38,447.26,447.48,447.26,451.84,23.4,17,1d+1h+4h,0.054,True,scratch,-0.10868136770618708
2026-01-09 14:30:00-05:00,445.36,447.08,447.29,447.08,451.49,26.2,19,1d+1h+4h,0.105,True,scratch,-0.10688963892611092
2026-01-09 15:30:00-05:00,444.99,447.08,447.28,447.08,451.29,27.2,20,1d+1h+4h,0.127,True,scratch,-0.10482476914679406
2026-01-12 09:30:00-05:00,449.8,467.0,467.23,467.0,471.83,23.2,14,1d+1h+4h,1.043,False,nofill,0.0
2026-01-12 10:30:00-05:00,448.64,467.0,467.22,467.0,471.71,23.2,14,1d+1h+4h,1.114,False,nofill,0.0
2026-01-12 11:30:00-05:00,453.83,467.0,467.23,467.0,471.81,23.2,14,1d+1h+4h,0.799,False,nofill,0.0
2026-01-12 12:30:00-05:00,450.82,467.0,467.23,467.0,471.77,23.2,14,1d+1h+4h,0.981,False,nofill,0.0
2026-01-12 13:30:00-05:00,451.74,467.0,467.22,467.0,471.59,23.2,14,1d+1h+4h,0.925,False,nofill,0.0
2026-01-12 14:30:00-05:00,450.92,453.55,453.76,453.55,458.0,23.4,19,1d+1h+4h,0.159,False,nofill,0.0
2026-01-12 15:30:00-05:00,448.88,453.55,453.76,453.55,457.9,23.4,19,1d+1h+4h,0.283,False,nofill,0.0
2026-01-13 09:30:00-05:00,447.06,450.98,451.19,450.98,455.49,22.4,18,1d+1h+4h,0.247,True,scratch,-0.1075212850742302
2026-01-13 10:30:00-05:00,450.32,453.55,453.77,453.55,458.12,22.4,18,1d+1h+4h,0.204,False,nofill,0.0
2026-01-13 11:30:00-05:00,449.37,451.02,451.23,451.02,455.5,22.4,18,1d+1h+4h,0.104,False,nofill,0.0
2026-01-13 12:30:00-05:00,447.43,453.55,453.76,453.55,457.95,24.2,19,1d+1h+4h,0.386,False,nofill,0.0
2026-01-13 13:30:00-05:00,445.07,447.08,447.29,447.08,451.48,28.2,21,1d+1h+4h,0.127,True,scratch,-0.10679573281969779
2026-01-13 14:30:00-05:00,446.24,447.08,447.28,447.08,451.36,28.2,21,1d+1h+4h,0.053,True,scratch,-0.10554317722495377
2026-01-13 15:30:00-05:00,447.13,453.55,453.75,453.55,457.69,24.2,19,1d+1h+4h,0.404,False,nofill,0.0
2026-01-14 09:30:00-05:00,440.05,441.33,441.55,441.33,445.91,29.0,21,1d+1h+4h,0.082,False,nofill,0.0
2026-01-14 10:30:00-05:00,438.42,442.05,442.27,442.05,446.64,29.0,21,1d+1h+4h,0.232,False,nofill,0.0
2026-01-14 11:30:00-05:00,436.12,442.33,442.55,442.33,446.93,29.0,21,1d+1h+4h,0.396,False,nofill,0.0
2026-01-14 12:30:00-05:00,436.41,442.33,442.54,442.33,446.73,29.0,21,1d+1h+4h,0.378,False,nofill,0.0
2026-01-14 13:30:00-05:00,436.88,442.33,442.53,442.33,446.59,29.0,21,1d+1h+4h,0.348,True,scratch,-0.10582560264533747
2026-01-14 14:30:00-05:00,435.16,443.13,443.33,443.13,447.34,29.0,21,1d+1h+4h,0.509,True,scratch,-0.10516345294426799
2026-01-14 15:30:00-05:00,439.26,441.33,441.53,441.33,445.56,29.0,21,1d+1h+4h,0.132,True,scratch,-0.10559129087100994
2026-01-15 09:30:00-05:00,443.32,450.98,451.19,450.98,455.36,26.2,19,1d+1h+4h,0.507,False,nofill,0.0
2026-01-15 10:30:00-05:00,442.83,450.98,451.19,450.98,455.31,26.2,19,1d+1h+4h,0.54,False,nofill,0.0
2026-01-15 11:30:00-05:00,443.12,450.98,451.18,450.98,455.12,26.2,19,1d+1h+4h,0.521,False,nofill,0.0
2026-01-15 12:30:00-05:00,443.22,450.98,451.17,450.98,454.99,26.2,19,1d+1h+4h,0.514,False,nofill,0.0
2026-01-15 13:30:00-05:00,441.32,443.13,443.32,443.13,447.06,30.0,22,1d+1h+4h,0.12,True,scratch,-0.10218921546087945
2026-01-15 14:30:00-05:00,438.44,443.13,443.32,443.13,447.02,30.0,22,1d+1h+4h,0.311,True,scratch,-0.10171874614254284
2026-01-15 15:30:00-05:00,438.33,443.13,443.31,443.13,446.85,30.0,22,1d+1h+4h,0.318,True,scratch,-0.09987352787551584
2026-01-16 09:30:00-05:00,436.85,443.13,443.33,443.13,447.39,30.0,22,1d+1h+4h,0.422,False,nofill,0.0
2026-01-16 10:30:00-05:00,438.81,442.05,442.25,442.05,446.31,30.0,22,1d+1h+4h,0.218,False,nofill,0.0
2026-01-16 11:30:00-05:00,438.55,443.13,443.33,443.13,447.23,30.0,22,1d+1h+4h,0.308,False,nofill,0.0
2026-01-16 12:30:00-05:00,440.35,442.05,442.24,442.05,446.05,30.0,22,1d+1h+4h,0.114,False,nofill,0.0
2026-01-16 13:30:00-05:00,439.81,441.67,441.85,441.67,445.52,30.0,22,1d+1h+4h,0.125,False,nofill,0.0
2026-01-16 14:30:00-05:00,439.88,441.67,441.84,441.67,445.34,30.0,22,1d+1h+4h,0.12,False,nofill,0.0
2026-01-16 15:30:00-05:00,437.47,443.13,443.3,443.13,446.72,30.0,22,1d+1h+4h,0.381,False,nofill,0.0
2026-01-20 09:30:00-05:00,426.94,427.93,428.14,427.93,432.32,34.0,26,1d+1h+4h,0.065,False,nofill,0.0
2026-01-20 10:30:00-05:00,425.65,426.77,426.98,426.77,431.13,37.8,29,1d+1h+4h,0.073,True,scratch,-0.10860496906869299
2026-01-20 11:30:00-05:00,426.26,427.93,428.14,427.93,432.24,34.0,26,1d+1h+4h,0.11,False,nofill,0.0
2026-01-20 12:30:00-05:00,424.79,426.77,426.97,426.77,430.97,38.8,30,1d+1h+4h,0.13,False,nofill,0.0
2026-01-20 13:30:00-05:00,422.24,425.52,425.72,425.52,429.65,43.4,31,1d+1h+4h,0.215,True,target,0.8623476016701881
2026-01-20 14:30:00-05:00,417.91,422.64,422.84,422.64,426.81,46.0,30,1d+1h+4h,0.31,True,target,0.8782674244785627
2026-01-20 15:30:00-05:00,419.25,422.64,422.84,422.64,426.74,46.0,30,1d+1h+4h,0.222,True,target,0.8625796667593333
2026-01-21 09:30:00-05:00,427.44,428.78,428.99,428.78,433.26,31.0,25,1d+1h+4h,0.087,True,scratch,-0.10966353584080935
2026-01-21 10:30:00-05:00,427.49,428.78,428.99,428.78,433.14,31.0,25,1d+1h+4h,0.083,True,target,0.9084480049058596
2026-01-21 11:30:00-05:00,423.66,425.7,425.92,425.7,430.31,44.4,32,1d+1h+4h,0.132,True,target,0.9704165162316869
2026-01-21 12:30:00-05:00,425.66,426.77,426.98,426.77,431.28,38.8,30,1d+1h+4h,0.072,True,target,0.9444182264032541
2026-01-21 13:30:00-05:00,432.54,442.05,442.28,442.05,446.81,31.0,23,1d+1h+4h,0.613,False,nofill,0.0
2026-01-21 14:30:00-05:00,433.56,443.13,443.36,443.13,447.98,31.0,23,1d+1h+4h,0.617,False,nofill,0.0
2026-01-21 15:30:00-05:00,431.46,441.67,441.9,441.67,446.48,31.0,23,1d+1h+4h,0.658,False,nofill,0.0
2026-01-22 09:30:00-05:00,435.68,443.13,443.36,443.13,447.96,31.0,23,1d+1h+4h,0.475,True,target,0.9775992974524028
2026-01-22 10:30:00-05:00,437.96,443.13,443.36,443.13,447.95,31.0,23,1d+1h+4h,0.329,True,target,0.9756185566812903
2026-01-22 11:30:00-05:00,439.07,441.67,441.89,441.67,446.31,31.0,23,1d+1h+4h,0.166,True,target,0.939091287358651
2026-01-22 12:30:00-05:00,444.95,450.98,451.22,450.98,456.01,30.0,22,1d+1h+4h,0.384,False,nofill,0.0
2026-01-22 13:30:00-05:00,448.43,450.98,451.22,450.98,455.97,30.0,22,1d+1h+4h,0.163,False,nofill,0.0
2026-01-22 14:30:00-05:00,446.38,450.98,451.21,450.98,455.88,30.0,22,1d+1h+4h,0.293,True,scratch,-0.11171344167494324
2026-01-22 15:30:00-05:00,449.37,450.98,451.21,450.98,455.79,30.0,22,1d+1h+4h,0.103,True,scratch,-0.1106751832376629
2026-01-23 09:30:00-05:00,446.11,450.98,451.22,450.98,455.97,29.0,21,1d+1h+4h,0.321,True,scratch,-0.11262220570008585
2026-01-23 10:30:00-05:00,450.07,450.98,451.22,450.98,456.11,29.0,21,1d+1h+4h,0.06,False,nofill,0.0
2026-01-23 11:30:00-05:00,448.91,450.98,451.22,450.98,455.95,29.0,21,1d+1h+4h,0.136,False,nofill,0.0
2026-01-23 12:30:00-05:00,446.72,450.98,451.21,450.98,455.89,29.0,21,1d+1h+4h,0.281,False,nofill,0.0
2026-01-23 13:30:00-05:00,447.16,450.98,451.21,450.98,455.73,30.0,22,1d+1h+4h,0.252,False,nofill,0.0
2026-01-23 14:30:00-05:00,447.25,450.98,451.2,450.98,455.54,30.0,22,1d+1h+4h,0.246,False,nofill,0.0
2026-01-23 15:30:00-05:00,449.07,451.02,451.23,451.02,455.43,30.0,22,1d+1h+4h,0.129,False,nofill,0.0
2026-01-26 09:30:00-05:00,437.95,441.67,441.91,441.67,446.62,32.0,24,1d+1h+4h,0.246,False,nofill,0.0
2026-01-26 10:30:00-05:00,439.71,441.67,441.9,441.67,446.51,32.0,24,1d+1h+4h,0.129,False,nofill,0.0
2026-01-26 11:30:00-05:00,439.79,441.67,441.89,441.67,446.34,32.0,24,1d+1h+4h,0.124,False,nofill,0.0
2026-01-26 12:30:00-05:00,438.56,451.02,451.23,451.02,455.51,32.8,24,1d+1h+4h,0.823,False,nofill,0.0
2026-01-26 13:30:00-05:00,437.73,450.98,451.18,450.98,455.26,32.8,24,1d+1h+4h,0.875,False,nofill,0.0
2026-01-26 14:30:00-05:00,434.89,450.98,451.18,450.98,455.21,32.8,24,1d+1h+4h,1.062,False,nofill,0.0
2026-01-26 15:30:00-05:00,435.2,450.98,451.17,450.98,455.07,32.8,24,1d+1h+4h,1.042,False,nofill,0.0
2026-01-27 09:30:00-05:00,435.39,443.13,443.33,443.13,447.35,32.0,24,1d+1h+4h,0.532,False,nofill,0.0
2026-01-27 10:30:00-05:00,434.87,443.13,443.33,443.13,447.24,32.0,24,1d+1h+4h,0.568,False,nofill,0.0
2026-01-27 11:30:00-05:00,434.66,443.13,443.32,443.13,447.14,32.0,24,1d+1h+4h,0.582,False,nofill,0.0
2026-01-27 12:30:00-05:00,432.78,443.13,443.32,443.13,447.06,32.0,24,1d+1h+4h,0.711,False,nofill,0.0
2026-01-27 13:30:00-05:00,431.3,443.13,443.31,443.13,446.97,32.0,24,1d+1h+4h,0.813,False,nofill,0.0
2026-01-27 14:30:00-05:00,433.79,443.13,443.31,443.13,446.94,32.0,24,1d+1h+4h,0.642,False,nofill,0.0
2026-01-27 15:30:00-05:00,430.91,443.13,443.31,443.13,446.9,32.0,24,1d+1h+4h,0.84,False,nofill,0.0
2026-01-28 09:30:00-05:00,434.68,452.3,452.49,452.3,456.35,32.0,22,1d+1h+4h,1.251,False,nofill,0.0
2026-01-28 10:30:00-05:00,434.09,451.68,451.87,451.68,455.66,32.0,22,1d+1h+4h,1.248,False,nofill,0.0
2026-01-28 11:30:00-05:00,433.12,452.3,452.49,452.3,456.24,32.0,22,1d+1h+4h,1.361,False,nofill,0.0
2026-01-28 12:30:00-05:00,434.82,452.3,452.49,452.3,456.19,32.0,22,1d+1h+4h,1.24,False,nofill,0.0
2026-01-28 13:30:00-05:00,432.88,452.43,452.61,452.43,456.25,32.0,22,1d+1h+4h,1.387,False,nofill,0.0
2026-01-28 14:30:00-05:00,434.3,451.68,451.86,451.68,455.55,32.0,22,1d+1h+4h,1.234,False,nofill,0.0
2026-01-28 15:30:00-05:00,431.24,451.46,451.65,451.46,455.38,32.0,22,1d+1h+4h,1.435,False,nofill,0.0
2026-01-29 09:30:00-05:00,422.24,425.52,425.76,425.52,430.58,42.4,30,1d+1h+4h,0.22,False,nofill,0.0
2026-01-29 10:30:00-05:00,421.9,425.3,425.55,425.3,430.64,42.4,30,1d+1h+4h,0.228,False,nofill,0.0
2026-01-29 11:30:00-05:00,424.21,425.52,425.78,425.52,430.89,42.4,30,1d+1h+4h,0.088,False,nofill,0.0
2026-01-29 12:30:00-05:00,421.87,422.64,422.9,422.64,428.0,43.2,28,1d+1h+4h,0.052,True,scratch,-0.12031421905814854
2026-01-29 13:30:00-05:00,420.36,422.64,422.89,422.64,427.85,43.2,28,1d+1h+4h,0.153,True,target,1.1133281111236348
2026-01-29 14:30:00-05:00,415.51,419.08,419.33,419.08,424.32,47.4,29,1d+1h+4h,0.239,True,target,1.129503183067393
2026-01-29 15:30:00-05:00,416.44,419.08,419.32,419.08,424.14,47.4,29,1d+1h+4h,0.177,True,target,1.0889953125059249
2026-01-30 09:30:00-05:00,433.54,451.02,451.31,451.02,457.14,35.8,25,1d+1h+4h,1.127,False,nofill,0.0
2026-01-30 10:30:00-05:00,438.44,450.98,451.28,450.98,457.36,35.8,25,1d+1h+4h,0.808,False,nofill,0.0
2026-01-30 11:30:00-05:00,438.46,450.98,451.28,450.98,457.35,35.8,25,1d+1h+4h,0.807,False,nofill,0.0
2026-01-30 12:30:00-05:00,434.67,450.98,451.29,450.98,457.44,35.8,25,1d+1h+4h,1.051,False,nofill,0.0
2026-01-30 13:30:00-05:00,433.8,451.02,451.32,451.02,457.35,35.8,25,1d+1h+4h,1.11,False,nofill,0.0
2026-01-30 14:30:00-05:00,430.66,442.05,442.35,442.05,448.32,35.8,27,1d+1h+4h,0.734,False,nofill,0.0
2026-01-30 15:30:00-05:00,430.44,442.05,442.34,442.05,448.24,35.8,27,1d+1h+4h,0.749,False,nofill,0.0
2026-02-02 09:30:00-05:00,420.13,422.64,422.97,422.64,429.58,47.0,31,1d+1h+4h,0.161,True,scratch,-0.1381033962664202
2026-02-02 10:30:00-05:00,419.49,422.64,422.96,422.64,429.38,47.0,31,1d+1h+4h,0.203,True,scratch,-0.13584139095036418
2026-02-02 11:30:00-05:00,423.33,425.7,426.02,425.7,432.34,44.4,32,1d+1h+4h,0.153,True,scratch,-0.13414876181632174
2026-02-02 12:30:00-05:00,426.31,451.02,451.33,451.02,457.51,35.8,25,1d+1h+4h,1.59,False,nofill,0.0
2026-02-02 13:30:00-05:00,425.7,426.88,427.17,426.88,433.04,39.8,31,1d+1h+4h,0.076,False,nofill,0.0
2026-02-02 14:30:00-05:00,423.92,425.7,425.98,425.7,431.65,44.4,32,1d+1h+4h,0.114,True,scratch,-0.12650417949735537
2026-02-02 15:30:00-05:00,421.78,422.64,422.91,422.64,428.34,47.0,31,1d+1h+4h,0.055,True,scratch,-0.12415576314284138
2026-02-03 09:30:00-05:00,422.86,425.7,425.97,425.7,431.43,45.4,33,1d+1h+4h,0.184,True,scratch,-0.12397009263601655
2026-02-03 10:30:00-05:00,423.18,425.7,425.98,425.7,431.51,45.4,33,1d+1h+4h,0.163,True,scratch,-0.12488725873247564
2026-02-03 11:30:00-05:00,420.84,422.64,422.92,422.64,428.61,47.0,31,1d+1h+4h,0.116,False,nofill,0.0
2026-02-03 12:30:00-05:00,418.11,419.08,419.36,419.08,424.96,47.4,29,1d+1h+4h,0.063,True,scratch,-0.1267534147341154
2026-02-03 13:30:00-05:00,415.87,417.64,417.92,417.64,423.49,52.4,32,1d+1h+4h,0.114,True,scratch,-0.1265962431376111
2026-02-03 14:30:00-05:00,418.59,422.64,422.91,422.64,428.4,47.0,31,1d+1h+4h,0.261,True,scratch,-0.12481243801547581
2026-02-03 15:30:00-05:00,421.81,422.64,422.91,422.64,428.26,47.0,31,1d+1h+4h,0.054,True,scratch,-0.12322944078611009
2026-02-04 09:30:00-05:00,416.76,417.86,418.14,417.86,423.74,58.2,35,1d+1h+4h,0.068,False,nofill,0.0
2026-02-04 10:30:00-05:00,408.82,417.86,418.16,417.86,424.09,58.2,35,1d+1h+4h,0.559,False,nofill,0.0
2026-02-04 11:30:00-05:00,403.16,417.86,418.16,417.86,424.11,58.2,35,1d+1h+4h,0.91,False,nofill,0.0
2026-02-04 12:30:00-05:00,406.42,417.86,418.16,417.86,424.22,58.2,35,1d+1h+4h,0.708,False,nofill,0.0
2026-02-04 13:30:00-05:00,404.72,417.86,418.16,417.86,424.08,58.2,35,1d+1h+4h,0.813,False,nofill,0.0
2026-02-04 14:30:00-05:00,407.82,417.86,418.15,417.86,424.02,58.2,35,1d+1h+4h,0.621,False,nofill,0.0
2026-02-04 15:30:00-05:00,405.9,417.86,418.15,417.86,423.87,58.2,35,1d+1h+4h,0.74,False,nofill,0.0
2026-02-05 09:30:00-05:00,389.78,417.86,418.19,417.86,424.82,58.2,35,1d+1h+4h,1.721,False,nofill,0.0
2026-02-05 10:30:00-05:00,396.88,417.86,418.2,417.86,425.01,58.2,35,1d+1h+4h,1.286,False,nofill,0.0
2026-02-05 11:30:00-05:00,399.97,417.86,418.19,417.86,424.85,58.2,35,1d+1h+4h,1.096,False,nofill,0.0
2026-02-05 12:30:00-05:00,399.64,417.86,418.18,417.86,424.62,58.2,35,1d+1h+4h,1.116,False,nofill,0.0
2026-02-05 13:30:00-05:00,398.76,417.86,418.17,417.86,424.43,58.2,35,1d+1h+4h,1.171,False,nofill,0.0
2026-02-05 14:30:00-05:00,394.11,417.86,418.17,417.86,424.33,58.2,35,1d+1h+4h,1.455,False,nofill,0.0
2026-02-05 15:30:00-05:00,397.1,417.86,418.16,417.86,424.23,58.2,35,1d+1h+4h,1.272,False,nofill,0.0
2026-02-06 09:30:00-05:00,410.1,417.86,418.19,417.86,424.76,58.2,35,1d+1h+4h,0.473,False,nofill,0.0
2026-02-06 10:30:00-05:00,410.28,417.86,418.18,417.86,424.53,58.2,35,1d+1h+4h,0.462,False,nofill,0.0
2026-02-06 11:30:00-05:00,413.87,417.86,418.17,417.86,424.36,58.2,35,1d+1h+4h,0.243,False,nofill,0.0
2026-02-06 12:30:00-05:00,412.18,417.86,418.16,417.86,424.11,58.2,35,1d+1h+4h,0.347,False,nofill,0.0
2026-02-06 13:30:00-05:00,413.38,417.86,418.15,417.86,423.88,58.2,35,1d+1h+4h,0.273,False,nofill,0.0
2026-02-06 14:30:00-05:00,413.41,417.86,418.13,417.86,423.59,58.2,35,1d+1h+4h,0.272,True,scratch,-0.1251424543247337
2026-02-06 15:30:00-05:00,411.01,417.86,418.13,417.86,423.47,59.2,36,1d+1h+4h,0.418,True,scratch,-0.1238522457972624
2026-02-09 09:30:00-05:00,412.96,417.86,418.14,417.86,423.67,59.2,36,1d+1h+4h,0.302,True,scratch,-0.12615179930839382
2026-02-09 10:30:00-05:00,418.66,420.48,420.76,420.48,426.38,55.0,35,1d+1h+4h,0.112,True,scratch,-0.12675117772971145
2026-02-09 11:30:00-05:00,420.53,422.64,422.91,422.64,428.37,49.0,33,1d+1h+4h,0.13,False,nofill,0.0
2026-02-09 12:30:00-05:00,418.35,420.48,420.75,420.48,426.06,55.0,35,1d+1h+4h,0.131,True,scratch,-0.12311676166625318
2026-02-09 13:30:00-05:00,420.17,422.64,422.9,422.64,428.04,49.0,33,1d+1h+4h,0.152,True,scratch,-0.12079869539249888
2026-02-09 14:30:00-05:00,420.12,422.64,422.88,422.64,427.77,50.0,34,1d+1h+4h,0.155,True,scratch,-0.1177165312401307
2026-02-09 15:30:00-05:00,417.16,420.48,420.72,420.48,425.49,56.0,36,1d+1h+4h,0.205,True,target,1.0735715744689456
2026-02-10 09:30:00-05:00,423.34,425.7,425.95,425.7,430.99,45.4,33,1d+1h+4h,0.149,True,scratch,-0.1190538019340659
2026-02-10 10:30:00-05:00,421.74,422.64,422.89,422.64,427.9,50.0,34,1d+1h+4h,0.057,True,scratch,-0.119204495094416
2026-02-10 11:30:00-05:00,424.94,426.77,427.02,426.77,432.12,40.8,32,1d+1h+4h,0.116,False,nofill,0.0
2026-02-10 12:30:00-05:00,423.32,425.7,425.95,425.7,430.89,45.4,33,1d+1h+4h,0.151,True,scratch,-0.11798093650349228
2026-02-10 13:30:00-05:00,425.04,426.77,427.01,426.77,431.8,40.8,32,1d+1h+4h,0.11,True,scratch,-0.11600275225707168
2026-02-10 14:30:00-05:00,424.45,425.7,425.93,425.7,430.57,46.4,34,1d+1h+4h,0.079,True,scratch,-0.11440384611574039
2026-02-10 15:30:00-05:00,425.22,426.77,427.0,426.77,431.55,41.8,33,1d+1h+4h,0.098,True,scratch,-0.11321830651850329
2026-02-11 09:30:00-05:00,421.72,422.64,422.9,422.64,428.19,50.0,34,1d+1h+4h,0.058,True,scratch,-0.12238532214605691
2026-02-11 10:30:00-05:00,426.4,427.25,427.52,427.25,432.93,41.8,33,1d+1h+4h,0.053,True,scratch,-0.12317931547077832
2026-02-11 11:30:00-05:00,424.76,425.7,425.97,425.7,431.32,46.4,34,1d+1h+4h,0.059,True,scratch,-0.12274199604364044
2026-02-11 12:30:00-05:00,424.74,425.7,425.96,425.7,431.22,46.4,34,1d+1h+4h,0.06,True,scratch,-0.12166178124062288
2026-02-11 13:30:00-05:00,427.56,451.02,451.28,451.02,456.45,36.8,26,1d+1h+4h,1.482,False,nofill,0.0
2026-02-11 14:30:00-05:00,425.86,426.77,427.02,426.77,431.97,41.8,33,1d+1h+4h,0.057,True,scratch,-0.11790372615491096
2026-02-11 15:30:00-05:00,428.15,451.02,451.26,451.02,456.12,36.8,26,1d+1h+4h,1.445,False,nofill,0.0
2026-02-12 09:30:00-05:00,429.67,450.98,451.24,450.98,456.47,36.8,26,1d+1h+4h,1.308,False,nofill,0.0
2026-02-12 10:30:00-05:00,419.41,420.48,420.76,420.48,426.42,56.0,36,1d+1h+4h,0.066,True,scratch,-0.12717423339563272
2026-02-12 11:30:00-05:00,418.11,420.48,420.76,420.48,426.32,56.0,36,1d+1h+4h,0.146,False,nofill,0.0
2026-02-12 12:30:00-05:00,416.79,417.86,418.14,417.86,423.74,60.2,37,1d+1h+4h,0.066,False,nofill,0.0
2026-02-12 13:30:00-05:00,414.66,417.86,418.13,417.86,423.59,60.2,37,1d+1h+4h,0.196,False,nofill,0.0
2026-02-12 14:30:00-05:00,414.8,417.86,418.12,417.86,423.35,60.2,37,1d+1h+4h,0.188,True,scratch,-0.12251602924130411
2026-02-12 15:30:00-05:00,416.84,417.86,418.11,417.86,423.18,61.2,38,1d+1h+4h,0.063,True,scratch,-0.12050050388314748
2026-02-13 09:30:00-05:00,416.1,420.48,420.74,420.48,425.93,56.0,36,1d+1h+4h,0.272,True,scratch,-0.12161263275721756
2026-02-13 10:30:00-05:00,417.93,420.48,420.74,420.48,425.99,56.0,36,1d+1h+4h,0.159,True,scratch,-0.12229155709683193
2026-02-13 11:30:00-05:00,420.42,422.64,422.9,422.64,428.09,50.0,34,1d+1h+4h,0.138,True,scratch,-0.1213379983186269
2026-02-13 12:30:00-05:00,420.58,422.64,422.89,422.64,427.89,50.0,34,1d+1h+4h,0.128,True,scratch,-0.11908364937395222
2026-02-13 13:30:00-05:00,420.52,422.64,422.89,422.64,427.8,50.0,34,1d+1h+4h,0.132,False,nofill,0.0
2026-02-13 14:30:00-05:00,417.61,420.48,420.72,420.48,425.62,56.0,36,1d+1h+4h,0.179,False,nofill,0.0
2026-02-13 15:30:00-05:00,417.42,420.48,420.71,420.48,425.41,56.0,36,1d+1h+4h,0.19,False,nofill,0.0
2026-02-17 09:30:00-05:00,401.32,417.86,418.14,417.86,423.67,61.2,38,1d+1h+4h,1.025,False,nofill,0.0
2026-02-17 10:30:00-05:00,408.18,417.86,418.15,417.86,423.94,61.2,38,1d+1h+4h,0.601,False,nofill,0.0
2026-02-17 11:30:00-05:00,406.63,417.86,418.14,417.86,423.79,61.2,38,1d+1h+4h,0.696,False,nofill,0.0
2026-02-17 12:30:00-05:00,409.42,417.86,418.15,417.86,423.88,61.2,38,1d+1h+4h,0.523,False,nofill,0.0
2026-02-17 13:30:00-05:00,411.4,417.86,418.14,417.86,423.78,61.2,38,1d+1h+4h,0.401,False,nofill,0.0
2026-02-17 14:30:00-05:00,410.56,417.86,418.13,417.86,423.59,61.2,38,1d+1h+4h,0.453,False,nofill,0.0
2026-02-17 15:30:00-05:00,410.59,417.86,418.12,417.86,423.35,61.2,38,1d+1h+4h,0.451,False,nofill,0.0
2026-02-18 09:30:00-05:00,413.27,417.64,417.9,417.64,423.19,55.4,35,1d+1h+4h,0.282,False,nofill,0.0
2026-02-18 10:30:00-05:00,414.38,417.44,417.7,417.44,422.95,55.4,35,1d+1h+4h,0.197,False,nofill,0.0
2026-02-18 11:30:00-05:00,415.22,417.44,417.69,417.44,422.74,55.4,35,1d+1h+4h,0.144,False,nofill,0.0
2026-02-18 12:30:00-05:00,413.93,417.44,417.69,417.44,422.62,55.4,35,1d+1h+4h,0.226,False,nofill,0.0
2026-02-18 13:30:00-05:00,412.6,417.64,417.88,417.64,422.58,55.4,35,1d+1h+4h,0.325,False,nofill,0.0
2026-02-18 14:30:00-05:00,410.68,417.64,417.87,417.64,422.45,55.4,35,1d+1h+4h,0.449,False,nofill,0.0
2026-02-18 15:30:00-05:00,411.2,417.64,417.86,417.64,422.23,56.4,36,1d+1h+4h,0.416,False,nofill,0.0
2026-02-19 09:30:00-05:00,408.69,417.64,417.87,417.64,422.43,56.4,36,1d+1h+4h,0.589,False,nofill,0.0
2026-02-19 10:30:00-05:00,413.85,417.64,417.88,417.64,422.58,56.4,36,1d+1h+4h,0.25,False,nofill,0.0
2026-02-19 11:30:00-05:00,413.74,417.64,417.87,417.64,422.48,56.4,36,1d+1h+4h,0.256,False,nofill,0.0
2026-02-19 12:30:00-05:00,409.78,417.64,417.87,417.64,422.52,56.4,36,1d+1h+4h,0.518,False,nofill,0.0
2026-02-19 13:30:00-05:00,409.78,417.64,417.86,417.64,422.36,56.4,36,1d+1h+4h,0.518,False,nofill,0.0
2026-02-19 14:30:00-05:00,409.97,417.64,417.86,417.64,422.24,56.4,36,1d+1h+4h,0.505,False,nofill,0.0
2026-02-19 15:30:00-05:00,411.72,417.64,417.85,417.64,422.07,56.4,36,1d+1h+4h,0.39,False,nofill,0.0
2026-02-20 09:30:00-05:00,409.81,417.0,417.22,417.0,421.69,55.4,35,1d+1h+4h,0.487,False,nofill,0.0
2026-02-20 10:30:00-05:00,409.4,417.0,417.23,417.0,421.82,55.4,35,1d+1h+4h,0.515,False,nofill,0.0
2026-02-20 11:30:00-05:00,407.41,417.44,417.67,417.44,422.33,55.4,35,1d+1h+4h,0.68,False,nofill,0.0
2026-02-20 12:30:00-05:00,409.36,417.0,417.23,417.0,421.88,55.4,35,1d+1h+4h,0.518,False,nofill,0.0
2026-02-20 13:30:00-05:00,411.08,417.44,417.67,417.44,422.35,55.4,35,1d+1h+4h,0.431,False,nofill,0.0
2026-02-20 14:30:00-05:00,409.79,417.0,417.22,417.0,421.72,55.4,35,1d+1h+4h,0.488,False,nofill,0.0
2026-02-20 15:30:00-05:00,411.71,417.44,417.66,417.44,422.01,55.4,35,1d+1h+4h,0.388,False,nofill,0.0
2026-02-23 09:30:00-05:00,403.38,417.64,417.88,417.64,422.61,58.2,37,1d+1h+4h,0.952,False,nofill,0.0
2026-02-23 10:30:00-05:00,397.97,417.64,417.89,417.64,422.82,58.2,37,1d+1h+4h,1.313,False,nofill,0.0
2026-02-23 11:30:00-05:00,397.42,417.64,417.88,417.64,422.59,58.2,37,1d+1h+4h,1.35,False,nofill,0.0
2026-02-23 12:30:00-05:00,396.04,417.64,417.87,417.64,422.48,58.2,37,1d+1h+4h,1.442,False,nofill,0.0
2026-02-23 13:30:00-05:00,394.4,417.64,417.86,417.64,422.29,58.2,37,1d+1h+4h,1.552,False,nofill,0.0
2026-02-23 14:30:00-05:00,395.53,417.64,417.85,417.64,422.11,58.2,37,1d+1h+4h,1.476,False,nofill,0.0
2026-02-23 15:30:00-05:00,399.85,417.64,417.85,417.64,422.13,58.2,37,1d+1h+4h,1.188,False,nofill,0.0
2026-02-24 09:30:00-05:00,407.44,417.44,417.67,417.44,422.35,55.4,35,1d+1h+4h,0.673,False,nofill,0.0
2026-02-24 10:30:00-05:00,403.33,417.44,417.67,417.44,422.37,55.4,35,1d+1h+4h,0.95,False,nofill,0.0
2026-02-24 11:30:00-05:00,404.04,417.44,417.67,417.44,422.27,55.4,35,1d+1h+4h,0.903,False,nofill,0.0
2026-02-24 12:30:00-05:00,405.33,416.9,417.12,416.9,421.56,55.4,35,1d+1h+4h,0.779,False,nofill,0.0
2026-02-24 13:30:00-05:00,408.64,417.44,417.66,417.44,422.1,55.4,35,1d+1h+4h,0.593,True,scratch,-0.11309352815048745
2026-02-24 14:30:00-05:00,408.76,416.9,417.12,416.9,421.42,55.4,35,1d+1h+4h,0.548,True,scratch,-0.11150378382193127
2026-02-24 15:30:00-05:00,409.36,417.0,417.21,417.0,421.35,55.4,35,1d+1h+4h,0.515,True,scratch,-0.10965243537852665
2026-02-25 09:30:00-05:00,414.83,416.9,417.13,416.9,421.77,55.4,35,1d+1h+4h,0.142,False,nofill,0.0
2026-02-25 10:30:00-05:00,413.96,417.44,417.66,417.44,422.14,55.4,35,1d+1h+4h,0.239,False,nofill,0.0
2026-02-25 11:30:00-05:00,414.08,416.9,417.12,416.9,421.55,55.4,35,1d+1h+4h,0.193,False,nofill,0.0
2026-02-25 12:30:00-05:00,415.13,416.9,417.11,416.9,421.33,56.4,36,1d+1h+4h,0.121,True,scratch,-0.11052173286697498
2026-02-25 13:30:00-05:00,415.92,417.0,417.2,417.0,421.24,56.4,36,1d+1h+4h,0.074,True,scratch,-0.10831316013019121
2026-02-25 14:30:00-05:00,415.71,416.9,417.09,416.9,420.92,56.4,36,1d+1h+4h,0.082,True,scratch,-0.10585692323155094
2026-02-25 15:30:00-05:00,417.39,419.08,419.27,419.08,423.02,49.2,32,1d+1h+4h,0.116,False,nofill,0.0
2026-02-26 09:30:00-05:00,407.82,417.44,417.65,417.44,421.92,56.4,36,1d+1h+4h,0.663,False,nofill,0.0
2026-02-26 10:30:00-05:00,409.08,416.9,417.12,416.9,421.47,56.4,36,1d+1h+4h,0.539,False,nofill,0.0
2026-02-26 11:30:00-05:00,405.21,417.44,417.66,417.44,422.13,56.4,36,1d+1h+4h,0.843,False,nofill,0.0
2026-02-26 12:30:00-05:00,405.21,417.44,417.66,417.44,422.0,58.2,37,1d+1h+4h,0.843,False,nofill,0.0
2026-02-26 13:30:00-05:00,408.19,417.44,417.66,417.44,422.0,58.2,37,1d+1h+4h,0.637,False,nofill,0.0
2026-02-26 14:30:00-05:00,407.71,417.44,417.65,417.44,421.82,58.2,37,1d+1h+4h,0.671,False,nofill,0.0
2026-02-26 15:30:00-05:00,408.48,417.44,417.64,417.44,421.62,58.2,37,1d+1h+4h,0.617,False,nofill,0.0
2026-02-27 09:30:00-05:00,406.85,417.44,417.65,417.44,421.89,58.2,37,1d+1h+4h,0.744,False,nofill,0.0
2026-02-27 10:30:00-05:00,402.31,417.0,417.21,417.0,421.51,58.2,37,1d+1h+4h,1.033,False,nofill,0.0
2026-02-27 11:30:00-05:00,400.91,417.44,417.66,417.44,421.97,58.2,37,1d+1h+4h,1.162,False,nofill,0.0
2026-02-27 12:30:00-05:00,399.73,417.44,417.65,417.44,421.88,58.2,37,1d+1h+4h,1.245,False,nofill,0.0
2026-02-27 13:30:00-05:00,399.73,417.44,417.64,417.44,421.73,58.2,37,1d+1h+4h,1.245,False,nofill,0.0
2026-02-27 14:30:00-05:00,400.18,417.44,417.64,417.44,421.6,58.2,37,1d+1h+4h,1.214,False,nofill,0.0
2026-02-27 15:30:00-05:00,402.42,417.0,417.2,417.0,421.17,58.2,37,1d+1h+4h,1.025,False,nofill,0.0
2026-03-02 09:30:00-05:00,398.65,416.9,417.13,416.9,421.83,61.2,38,1d+1h+4h,1.27,False,nofill,0.0
2026-03-02 10:30:00-05:00,400.17,417.0,417.24,417.0,422.03,61.2,38,1d+1h+4h,1.171,False,nofill,0.0
2026-03-02 11:30:00-05:00,402.52,417.0,417.24,417.0,422.03,61.2,38,1d+1h+4h,1.008,False,nofill,0.0
2026-03-02 12:30:00-05:00,401.75,416.9,417.13,416.9,421.74,61.2,38,1d+1h+4h,1.054,False,nofill,0.0
2026-03-02 13:30:00-05:00,402.65,417.0,417.22,417.0,421.7,61.2,38,1d+1h+4h,0.999,False,nofill,0.0
2026-03-02 14:30:00-05:00,399.56,417.0,417.22,417.0,421.65,61.2,38,1d+1h+4h,1.214,False,nofill,0.0
2026-03-02 15:30:00-05:00,403.24,416.9,417.12,416.9,421.51,61.2,38,1d+1h+4h,0.951,False,nofill,0.0
2026-03-03 09:30:00-05:00,386.72,415.75,416.01,415.75,421.28,51.6,34,1d+1h+4h,1.985,False,nofill,0.0
2026-03-03 10:30:00-05:00,392.54,416.9,417.17,416.9,422.65,61.2,38,1d+1h+4h,1.666,False,nofill,0.0
2026-03-03 11:30:00-05:00,392.0,416.9,417.17,416.9,422.52,61.2,38,1d+1h+4h,1.703,False,nofill,0.0
2026-03-03 12:30:00-05:00,393.29,417.0,417.27,417.0,422.58,61.2,38,1d+1h+4h,1.621,False,nofill,0.0
2026-03-03 13:30:00-05:00,391.64,416.9,417.16,416.9,422.36,61.2,38,1d+1h+4h,1.728,False,nofill,0.0
2026-03-03 14:30:00-05:00,392.55,416.9,417.15,416.9,422.23,61.2,38,1d+1h+4h,1.665,False,nofill,0.0
2026-03-03 15:30:00-05:00,392.35,417.0,417.24,417.0,422.09,61.2,38,1d+1h+4h,1.686,False,nofill,0.0
2026-03-04 09:30:00-05:00,407.67,417.44,417.72,417.44,423.33,61.2,38,1d+1h+4h,0.664,False,nofill,0.0
2026-03-04 10:30:00-05:00,404.2,417.44,417.72,417.44,423.39,61.2,38,1d+1h+4h,0.9,False,nofill,0.0
2026-03-04 11:30:00-05:00,404.86,417.44,417.71,417.44,423.21,61.2,38,1d+1h+4h,0.855,False,nofill,0.0
2026-03-04 12:30:00-05:00,403.78,416.9,417.16,416.9,422.39,61.2,38,1d+1h+4h,0.892,False,nofill,0.0
2026-03-04 13:30:00-05:00,406.32,417.44,417.69,417.44,422.77,61.2,38,1d+1h+4h,0.755,False,nofill,0.0
2026-03-04 14:30:00-05:00,406.95,417.44,417.68,417.44,422.58,61.2,38,1d+1h+4h,0.713,False,nofill,0.0
2026-03-04 15:30:00-05:00,406.19,417.44,417.68,417.44,422.48,61.2,38,1d+1h+4h,0.765,False,nofill,0.0
2026-03-05 09:30:00-05:00,403.64,417.44,417.69,417.44,422.65,61.2,38,1d+1h+4h,0.964,False,nofill,0.0
2026-03-05 10:30:00-05:00,405.42,417.44,417.69,417.44,422.67,61.2,38,1d+1h+4h,0.84,False,nofill,0.0
2026-03-05 11:30:00-05:00,403.15,416.9,417.15,416.9,422.18,61.2,38,1d+1h+4h,0.96,False,nofill,0.0
2026-03-05 12:30:00-05:00,399.73,417.44,417.69,417.44,422.64,61.2,38,1d+1h+4h,1.237,False,nofill,0.0
2026-03-05 13:30:00-05:00,401.75,417.44,417.68,417.44,422.51,61.2,38,1d+1h+4h,1.096,False,nofill,0.0
2026-03-05 14:30:00-05:00,402.79,417.44,417.68,417.44,422.5,61.2,38,1d+1h+4h,1.023,False,nofill,0.0
2026-03-05 15:30:00-05:00,405.47,417.44,417.68,417.44,422.38,61.2,38,1d+1h+4h,0.836,False,nofill,0.0
2026-03-06 09:30:00-05:00,397.31,417.0,417.26,417.0,422.43,61.2,38,1d+1h+4h,1.396,False,nofill,0.0
2026-03-06 10:30:00-05:00,399.62,417.0,417.26,417.0,422.39,61.2,38,1d+1h+4h,1.232,False,nofill,0.0
2026-03-06 11:30:00-05:00,398.86,417.0,417.25,417.0,422.28,61.2,38,1d+1h+4h,1.286,False,nofill,0.0
2026-03-06 12:30:00-05:00,401.17,417.0,417.25,417.0,422.29,61.2,38,1d+1h+4h,1.122,False,nofill,0.0
2026-03-06 13:30:00-05:00,399.31,417.0,417.25,417.0,422.17,61.2,38,1d+1h+4h,1.254,False,nofill,0.0
2026-03-06 14:30:00-05:00,396.72,417.0,417.24,417.0,422.13,61.2,38,1d+1h+4h,1.437,False,nofill,0.0
2026-03-06 15:30:00-05:00,396.55,417.0,417.23,417.0,421.91,61.2,38,1d+1h+4h,1.45,False,nofill,0.0
2026-03-09 09:30:00-04:00,383.48,412.19,412.46,412.19,417.89,36.2,25,1d+1h+4h,1.974,False,nofill,0.0
2026-03-09 10:30:00-04:00,388.33,417.0,417.27,417.0,422.68,61.2,38,1d+1h+4h,1.971,False,nofill,0.0
2026-03-09 11:30:00-04:00,390.1,417.44,417.7,417.44,422.99,61.2,38,1d+1h+4h,1.88,False,nofill,0.0
2026-03-09 12:30:00-04:00,389.01,417.44,417.69,417.44,422.77,61.2,38,1d+1h+4h,1.955,False,nofill,0.0
2026-03-09 13:30:00-04:00,391.29,416.9,417.15,416.9,422.09,61.2,38,1d+1h+4h,1.761,False,nofill,0.0
2026-03-09 14:30:00-04:00,400.6,417.44,417.7,417.44,422.98,61.2,38,1d+1h+4h,1.158,False,nofill,0.0
2026-03-09 15:30:00-04:00,398.64,417.44,417.7,417.44,422.91,61.2,38,1d+1h+4h,1.293,False,nofill,0.0
2026-03-10 09:30:00-04:00,401.2,417.0,417.27,417.0,422.67,61.2,38,1d+1h+4h,1.12,False,nofill,0.0
2026-03-10 10:30:00-04:00,403.58,417.0,417.27,417.0,422.66,61.2,38,1d+1h+4h,0.952,False,nofill,0.0
2026-03-10 11:30:00-04:00,402.65,417.0,417.26,417.0,422.47,61.2,38,1d+1h+4h,1.018,False,nofill,0.0
2026-03-10 12:30:00-04:00,403.35,417.0,417.25,417.0,422.24,61.2,38,1d+1h+4h,0.968,False,nofill,0.0
2026-03-10 13:30:00-04:00,400.56,417.0,417.25,417.0,422.25,61.2,38,1d+1h+4h,1.165,False,nofill,0.0
2026-03-10 14:30:00-04:00,399.9,417.0,417.24,417.0,422.07,61.2,38,1d+1h+4h,1.212,False,nofill,0.0
2026-03-10 15:30:00-04:00,399.24,417.0,417.23,417.0,421.89,61.2,38,1d+1h+4h,1.26,False,nofill,0.0
2026-03-11 09:30:00-04:00,411.91,417.44,417.72,417.44,423.27,61.2,38,1d+1h+4h,0.386,False,nofill,0.0
2026-03-11 10:30:00-04:00,409.0,417.44,417.71,417.44,423.13,61.2,38,1d+1h+4h,0.589,False,nofill,0.0
2026-03-11 11:30:00-04:00,407.41,417.44,417.7,417.44,422.94,61.2,38,1d+1h+4h,0.7,False,nofill,0.0
2026-03-11 12:30:00-04:00,408.22,416.9,417.15,416.9,422.19,62.2,39,1d+1h+4h,0.606,False,nofill,0.0
2026-03-11 13:30:00-04:00,405.53,416.9,417.15,416.9,422.14,62.2,39,1d+1h+4h,0.794,False,nofill,0.0
2026-03-11 14:30:00-04:00,406.13,417.44,417.68,417.44,422.45,62.2,39,1d+1h+4h,0.79,False,nofill,0.0
2026-03-11 15:30:00-04:00,407.84,416.9,417.13,416.9,421.71,62.2,39,1d+1h+4h,0.633,False,nofill,0.0
2026-03-12 09:30:00-04:00,399.52,417.0,417.24,417.0,422.09,62.2,39,1d+1h+4h,1.228,False,nofill,0.0
2026-03-12 10:30:00-04:00,396.99,417.44,417.68,417.44,422.57,62.2,39,1d+1h+4h,1.436,False,nofill,0.0
2026-03-12 11:30:00-04:00,398.86,417.44,417.68,417.44,422.48,62.2,39,1d+1h+4h,1.305,False,nofill,0.0
2026-03-12 12:30:00-04:00,399.89,417.0,417.23,417.0,421.88,62.2,39,1d+1h+4h,1.202,False,nofill,0.0
2026-03-12 13:30:00-04:00,397.82,417.0,417.23,417.0,421.84,64.0,40,1d+1h+4h,1.347,False,nofill,0.0
2026-03-12 14:30:00-04:00,397.59,417.0,417.22,417.0,421.63,64.0,40,1d+1h+4h,1.363,False,nofill,0.0
2026-03-12 15:30:00-04:00,395.0,417.0,417.22,417.0,421.54,64.0,40,1d+1h+4h,1.545,False,nofill,0.0
2026-03-13 09:30:00-04:00,396.14,417.0,417.22,417.0,421.6,64.0,40,1d+1h+4h,1.495,False,nofill,0.0
2026-03-13 10:30:00-04:00,394.06,417.0,417.22,417.0,421.68,64.0,40,1d+1h+4h,1.644,False,nofill,0.0
2026-03-13 11:30:00-04:00,395.0,417.0,417.22,417.0,421.56,64.0,40,1d+1h+4h,1.577,False,nofill,0.0
2026-03-13 12:30:00-04:00,395.02,417.0,417.21,417.0,421.47,64.0,40,1d+1h+4h,1.576,False,nofill,0.0
2026-03-13 13:30:00-04:00,393.16,417.0,417.21,417.0,421.38,64.0,40,1d+1h+4h,1.709,False,nofill,0.0
2026-03-13 14:30:00-04:00,390.91,417.0,417.21,417.0,421.36,64.0,40,1d+1h+4h,1.87,False,nofill,0.0
2026-03-13 15:30:00-04:00,391.17,417.0,417.2,417.0,421.21,64.0,40,1d+1h+4h,1.851,False,nofill,0.0
2026-03-16 09:30:00-04:00,402.32,416.9,417.13,416.9,421.75,66.0,40,1d+1h+4h,1.053,False,nofill,0.0
2026-03-16 10:30:00-04:00,400.14,416.9,417.13,416.9,421.64,66.0,40,1d+1h+4h,1.21,False,nofill,0.0
2026-03-16 11:30:00-04:00,396.88,416.9,417.13,416.9,421.64,66.0,40,1d+1h+4h,1.445,False,nofill,0.0
2026-03-16 12:30:00-04:00,396.92,416.9,417.12,416.9,421.44,66.0,40,1d+1h+4h,1.442,False,nofill,0.0
2026-03-16 13:30:00-04:00,398.06,417.0,417.21,417.0,421.37,66.0,40,1d+1h+4h,1.367,False,nofill,0.0
2026-03-16 14:30:00-04:00,396.59,416.9,417.1,416.9,421.2,66.0,40,1d+1h+4h,1.466,False,nofill,0.0
2026-03-16 15:30:00-04:00,395.49,416.9,417.1,416.9,421.07,66.0,40,1d+1h+4h,1.546,False,nofill,0.0
2026-03-17 09:30:00-04:00,397.4,417.0,417.2,417.0,421.27,66.0,40,1d+1h+4h,1.466,False,nofill,0.0
2026-03-17 10:30:00-04:00,397.43,417.0,417.2,417.0,421.2,66.0,40,1d+1h+4h,1.464,False,nofill,0.0
2026-03-17 11:30:00-04:00,397.24,417.0,417.19,417.0,421.06,66.0,40,1d+1h+4h,1.478,False,nofill,0.0
2026-03-17 12:30:00-04:00,397.7,417.0,417.19,417.0,420.9,66.0,40,1d+1h+4h,1.443,False,nofill,0.0
2026-03-17 13:30:00-04:00,398.0,417.0,417.18,417.0,420.77,66.0,40,1d+1h+4h,1.421,False,nofill,0.0
2026-03-17 14:30:00-04:00,398.68,417.0,417.17,417.0,420.63,66.0,40,1d+1h+4h,1.37,False,nofill,0.0
2026-03-17 15:30:00-04:00,399.22,417.0,417.17,417.0,420.49,66.0,40,1d+1h+4h,1.33,False,nofill,0.0
2026-03-18 09:30:00-04:00,397.88,416.73,416.9,416.73,420.39,61.2,38,1d+1h+4h,1.43,False,nofill,0.0
2026-03-18 10:30:00-04:00,397.69,416.73,416.9,416.73,420.31,61.2,38,1d+1h+4h,1.444,False,nofill,0.0
2026-03-18 11:30:00-04:00,397.85,416.73,416.89,416.73,420.15,61.2,38,1d+1h+4h,1.432,False,nofill,0.0
2026-03-18 12:30:00-04:00,397.17,417.0,417.16,417.0,420.33,61.2,38,1d+1h+4h,1.504,False,nofill,0.0
2026-03-18 13:30:00-04:00,397.24,417.0,417.15,417.0,420.25,61.2,38,1d+1h+4h,1.499,False,nofill,0.0
2026-03-18 14:30:00-04:00,394.68,417.0,417.16,417.0,420.27,61.2,38,1d+1h+4h,1.693,False,nofill,0.0
2026-03-18 15:30:00-04:00,392.85,417.0,417.15,417.0,420.23,61.2,38,1d+1h+4h,1.832,False,nofill,0.0
2026-03-19 09:30:00-04:00,380.65,384.24,384.43,384.24,388.22,36.8,20,1d+1h+4h,0.271,False,nofill,0.0
2026-03-19 10:30:00-04:00,383.02,384.29,384.48,384.29,388.29,36.8,20,1d+1h+4h,0.096,False,nofill,0.0
2026-03-19 11:30:00-04:00,381.88,384.24,384.43,384.24,388.16,36.8,20,1d+1h+4h,0.178,True,scratch,-0.10854330705142301
2026-03-19 12:30:00-04:00,381.64,384.24,384.42,384.24,388.06,36.8,20,1d+1h+4h,0.196,True,scratch,-0.10733139849782303
2026-03-19 13:30:00-04:00,381.42,384.24,384.42,384.24,387.96,36.8,20,1d+1h+4h,0.213,True,scratch,-0.1060631067583917
2026-03-19 14:30:00-04:00,382.66,384.24,384.43,384.24,388.16,36.8,20,1d+1h+4h,0.119,False,nofill,0.0
2026-03-19 15:30:00-04:00,380.24,384.24,384.42,384.24,388.09,36.8,20,1d+1h+4h,0.302,False,nofill,0.0
2026-03-20 09:30:00-04:00,372.35,384.29,384.5,384.29,388.64,36.8,20,1d+1h+4h,0.889,False,nofill,0.0
2026-03-20 10:30:00-04:00,374.49,384.24,384.45,384.24,388.6,37.8,21,1d+1h+4h,0.726,False,nofill,0.0
2026-03-20 11:30:00-04:00,376.48,384.29,384.49,384.29,388.54,37.8,21,1d+1h+4h,0.581,False,nofill,0.0
2026-03-20 12:30:00-04:00,372.86,384.29,384.49,384.29,388.52,37.8,21,1d+1h+4h,0.851,False,nofill,0.0
2026-03-20 13:30:00-04:00,369.7,384.24,384.44,384.24,388.47,37.8,21,1d+1h+4h,1.083,False,nofill,0.0
2026-03-20 14:30:00-04:00,366.19,384.24,384.44,384.24,388.5,37.8,21,1d+1h+4h,1.344,True,scratch,-0.11271721406701518
2026-03-20 15:30:00-04:00,367.97,384.41,384.61,384.41,388.64,37.8,21,1d+1h+4h,1.224,True,scratch,-0.11227904784789633
2026-03-23 09:30:00-04:00,383.36,384.24,384.48,384.24,389.37,37.8,21,1d+1h+4h,0.064,True,scratch,-0.12344075104379071
2026-03-23 10:30:00-04:00,383.47,384.24,384.48,384.24,389.23,37.8,21,1d+1h+4h,0.056,False,nofill,0.0
2026-03-23 11:30:00-04:00,377.39,384.24,384.48,384.24,389.36,37.8,21,1d+1h+4h,0.5,False,nofill,0.0
2026-03-23 12:30:00-04:00,377.59,384.24,384.48,384.24,389.23,37.8,21,1d+1h+4h,0.485,False,nofill,0.0
2026-03-23 13:30:00-04:00,379.7,384.24,384.47,384.24,389.12,38.8,22,1d+1h+4h,0.331,True,scratch,-0.1204066198794207
2026-03-23 14:30:00-04:00,381.25,384.29,384.52,384.29,389.02,38.8,22,1d+1h+4h,0.222,True,scratch,-0.11856275434430907
2026-03-23 15:30:00-04:00,380.85,384.24,384.46,384.24,388.76,38.8,22,1d+1h+4h,0.247,True,scratch,-0.1159744684625097
2026-03-24 09:30:00-04:00,384.56,411.45,411.69,411.45,416.4,34.2,23,1d+1h+4h,1.987,False,nofill,0.0
2026-03-24 10:30:00-04:00,383.96,384.95,385.19,384.95,389.91,33.0,19,1d+1h+4h,0.073,False,nofill,0.0
2026-03-24 11:30:00-04:00,384.12,384.95,385.18,384.95,389.76,33.0,19,1d+1h+4h,0.061,True,scratch,-0.11942051783326857
2026-03-24 12:30:00-04:00,381.41,384.24,384.47,384.24,388.99,38.8,22,1d+1h+4h,0.209,True,scratch,-0.11874864665948337
2026-03-24 13:30:00-04:00,383.42,384.24,384.46,384.24,388.96,38.8,22,1d+1h+4h,0.061,True,scratch,-0.11836687324852102
2026-03-24 14:30:00-04:00,384.05,384.95,385.17,384.95,389.6,33.0,19,1d+1h+4h,0.067,True,target,1.0892244677460416
2026-03-24 15:30:00-04:00,383.11,384.24,384.45,384.24,388.75,38.8,22,1d+1h+4h,0.084,True,target,1.0566617355469266
2026-03-25 09:30:00-04:00,393.83,417.0,417.25,417.0,422.17,66.0,40,1d+1h+4h,1.715,False,nofill,0.0
2026-03-25 10:30:00-04:00,392.6,417.0,417.25,417.0,422.22,66.0,40,1d+1h+4h,1.806,False,nofill,0.0
2026-03-25 11:30:00-04:00,389.11,414.7,414.95,414.7,419.95,57.4,37,1d+1h+4h,1.894,False,nofill,0.0
2026-03-25 12:30:00-04:00,388.3,414.7,414.94,414.7,419.75,57.4,37,1d+1h+4h,1.955,False,nofill,0.0
2026-03-25 13:30:00-04:00,387.66,414.62,414.85,414.62,419.49,56.4,36,1d+1h+4h,1.996,False,nofill,0.0
2026-03-25 14:30:00-04:00,385.49,411.78,412.01,411.78,416.51,35.2,24,1d+1h+4h,1.946,False,nofill,0.0
2026-03-25 15:30:00-04:00,385.94,411.78,411.99,411.78,416.29,35.2,24,1d+1h+4h,1.913,False,nofill,0.0
2026-03-26 09:30:00-04:00,381.22,384.29,384.51,384.29,388.96,38.8,22,1d+1h+4h,0.227,False,nofill,0.0
2026-03-26 10:30:00-04:00,380.0,384.24,384.46,384.24,388.92,38.8,22,1d+1h+4h,0.313,False,nofill,0.0
2026-03-26 11:30:00-04:00,377.22,384.24,384.46,384.24,388.9,38.8,22,1d+1h+4h,0.518,False,nofill,0.0
2026-03-26 12:30:00-04:00,377.02,384.24,384.45,384.24,388.7,38.8,22,1d+1h+4h,0.533,False,nofill,0.0
2026-03-26 13:30:00-04:00,374.75,384.41,384.62,384.41,388.8,38.8,22,1d+1h+4h,0.713,False,nofill,0.0
2026-03-26 14:30:00-04:00,373.14,384.24,384.45,384.24,388.56,38.8,22,1d+1h+4h,0.819,False,nofill,0.0
2026-03-26 15:30:00-04:00,372.24,384.41,384.61,384.41,388.59,38.8,22,1d+1h+4h,0.898,False,nofill,0.0
2026-03-27 09:30:00-04:00,363.12,384.29,384.51,384.29,388.98,38.8,22,1d+1h+4h,1.57,False,nofill,0.0
2026-03-27 10:30:00-04:00,367.23,384.41,384.63,384.41,389.09,38.8,22,1d+1h+4h,1.274,False,nofill,0.0
2026-03-27 11:30:00-04:00,364.45,384.41,384.63,384.41,389.06,38.8,22,1d+1h+4h,1.48,False,nofill,0.0
2026-03-27 12:30:00-04:00,361.79,384.24,384.46,384.24,388.78,38.8,22,1d+1h+4h,1.665,False,nofill,0.0
2026-03-27 13:30:00-04:00,360.72,384.24,384.45,384.24,388.68,38.8,22,1d+1h+4h,1.744,False,nofill,0.0
2026-03-27 14:30:00-04:00,361.34,384.24,384.45,384.24,388.56,38.8,22,1d+1h+4h,1.698,False,nofill,0.0
2026-03-27 15:30:00-04:00,361.76,384.24,384.44,384.24,388.43,38.8,22,1d+1h+4h,1.667,False,nofill,0.0
2026-03-30 09:30:00-04:00,362.98,384.41,384.62,384.41,388.72,38.8,22,1d+1h+4h,1.575,False,nofill,0.0
2026-03-30 10:30:00-04:00,361.9,384.24,384.45,384.24,388.6,38.8,22,1d+1h+4h,1.642,False,nofill,0.0
2026-03-30 11:30:00-04:00,360.22,384.24,384.45,384.24,388.63,38.8,22,1d+1h+4h,1.766,False,nofill,0.0
2026-03-30 12:30:00-04:00,357.64,358.64,358.85,358.64,362.98,41.4,27,1d+1h+4h,0.073,False,nofill,0.0
2026-03-30 13:30:00-04:00,355.59,356.64,356.84,356.64,360.88,42.6,27,1d+1h+4h,0.077,True,target,1.0709624772544668
2026-03-30 14:30:00-04:00,352.67,356.64,356.84,356.64,360.88,42.6,27,1d+1h+4h,0.292,True,target,1.0700006902930603
2026-03-30 15:30:00-04:00,355.28,356.64,356.84,356.64,360.84,42.6,27,1d+1h+4h,0.1,True,target,1.059310696998006
2026-03-31 09:30:00-04:00,365.79,384.41,384.63,384.41,389.11,38.8,22,1d+1h+4h,1.338,False,nofill,0.0
2026-03-31 10:30:00-04:00,364.14,384.41,384.63,384.41,389.1,38.8,22,1d+1h+4h,1.456,False,nofill,0.0
2026-03-31 11:30:00-04:00,365.17,384.41,384.63,384.41,389.0,38.8,22,1d+1h+4h,1.382,False,nofill,0.0
2026-03-31 12:30:00-04:00,369.96,384.41,384.64,384.41,389.27,38.8,22,1d+1h+4h,1.038,False,nofill,0.0
2026-03-31 13:30:00-04:00,371.37,384.29,384.52,384.29,389.07,38.8,22,1d+1h+4h,0.928,False,nofill,0.0
2026-03-31 14:30:00-04:00,372.16,384.41,384.63,384.41,389.02,38.8,22,1d+1h+4h,0.88,False,nofill,0.0
2026-03-31 15:30:00-04:00,371.75,384.41,384.62,384.41,388.88,38.8,22,1d+1h+4h,0.909,False,nofill,0.0
2026-04-01 09:30:00-04:00,378.51,384.24,384.46,384.24,388.95,38.8,22,1d+1h+4h,0.417,False,nofill,0.0
2026-04-01 10:30:00-04:00,380.91,384.24,384.47,384.24,389.03,38.8,22,1d+1h+4h,0.242,False,nofill,0.0
2026-04-01 11:30:00-04:00,381.54,384.24,384.46,384.24,388.89,38.8,22,1d+1h+4h,0.197,False,nofill,0.0
2026-04-01 12:30:00-04:00,381.09,384.24,384.45,384.24,388.68,38.8,22,1d+1h+4h,0.229,False,nofill,0.0
2026-04-01 13:30:00-04:00,377.6,384.24,384.45,384.24,388.71,38.8,22,1d+1h+4h,0.483,False,nofill,0.0
2026-04-01 14:30:00-04:00,380.52,384.24,384.45,384.24,388.67,39.8,23,1d+1h+4h,0.271,False,nofill,0.0
2026-04-01 15:30:00-04:00,381.32,384.24,384.44,384.24,388.5,39.8,23,1d+1h+4h,0.213,False,nofill,0.0
2026-04-02 09:30:00-04:00,366.12,384.41,384.66,384.41,389.7,39.8,23,1d+1h+4h,1.275,False,nofill,0.0
2026-04-02 10:30:00-04:00,366.02,384.41,384.67,384.41,389.77,39.8,23,1d+1h+4h,1.282,False,nofill,0.0
2026-04-02 11:30:00-04:00,364.38,384.95,385.2,384.95,390.16,39.8,23,1d+1h+4h,1.434,False,nofill,0.0
2026-04-02 12:30:00-04:00,365.01,384.95,385.19,384.95,390.0,39.8,23,1d+1h+4h,1.39,False,nofill,0.0
2026-04-02 13:30:00-04:00,359.45,384.95,385.19,384.95,390.09,41.6,24,1d+1h+4h,1.778,False,nofill,0.0
2026-04-02 14:30:00-04:00,359.56,384.24,384.47,384.24,389.16,41.6,24,1d+1h+4h,1.72,False,nofill,0.0
2026-04-02 15:30:00-04:00,360.55,384.24,384.46,384.24,388.95,41.6,24,1d+1h+4h,1.651,False,nofill,0.0
2026-04-06 09:30:00-04:00,358.99,384.24,384.48,384.24,389.37,42.6,25,1d+1h+4h,1.703,False,nofill,0.0
2026-04-06 10:30:00-04:00,353.38,358.64,358.89,358.64,363.95,48.2,31,1d+1h+4h,0.355,False,nofill,0.0
2026-04-06 11:30:00-04:00,352.08,358.64,358.89,358.64,363.82,48.2,31,1d+1h+4h,0.442,False,nofill,0.0
2026-04-06 12:30:00-04:00,348.88,358.64,358.89,358.64,363.87,48.2,31,1d+1h+4h,0.659,False,nofill,0.0
2026-04-06 13:30:00-04:00,348.34,358.64,358.88,358.64,363.69,48.2,31,1d+1h+4h,0.695,False,nofill,0.0
2026-04-06 14:30:00-04:00,351.7,358.64,358.88,358.64,363.61,48.2,31,1d+1h+4h,0.468,False,nofill,0.0
2026-04-06 15:30:00-04:00,352.79,358.64,358.87,358.64,363.41,48.2,31,1d+1h+4h,0.395,False,nofill,0.0
2026-04-07 09:30:00-04:00,341.86,358.69,358.95,358.69,364.06,48.2,31,1d+1h+4h,1.131,False,nofill,0.0
2026-04-07 10:30:00-04:00,339.03,358.69,358.95,358.69,364.09,48.2,31,1d+1h+4h,1.321,False,nofill,0.0
2026-04-07 11:30:00-04:00,341.76,352.14,352.39,352.14,357.46,48.6,29,1d+1h+4h,0.698,False,nofill,0.0
2026-04-07 12:30:00-04:00,341.86,352.14,352.38,352.14,357.25,48.6,29,1d+1h+4h,0.691,False,nofill,0.0
2026-04-07 13:30:00-04:00,342.51,352.14,352.38,352.14,357.13,48.6,29,1d+1h+4h,0.647,True,scratch,-0.12734056029830576
2026-04-07 14:30:00-04:00,342.28,352.14,352.38,352.14,357.13,48.6,29,1d+1h+4h,0.662,True,scratch,-0.12733046129925762
2026-04-07 15:30:00-04:00,346.56,352.14,352.38,352.14,357.14,48.6,29,1d+1h+4h,0.375,True,scratch,-0.1275538967522083
2026-04-08 09:30:00-04:00,347.86,352.14,352.43,352.14,358.13,50.6,31,1d+1h+4h,0.275,False,nofill,0.0
2026-04-08 10:30:00-04:00,345.89,352.14,352.42,352.14,358.02,50.6,31,1d+1h+4h,0.401,False,nofill,0.0
2026-04-08 11:30:00-04:00,346.94,352.14,352.41,352.14,357.9,50.6,31,1d+1h+4h,0.334,False,nofill,0.0
2026-04-08 12:30:00-04:00,347.46,352.14,352.4,352.14,357.65,50.6,31,1d+1h+4h,0.3,False,nofill,0.0
2026-04-08 13:30:00-04:00,343.62,352.14,352.4,352.14,357.63,50.6,31,1d+1h+4h,0.547,False,nofill,0.0
2026-04-08 14:30:00-04:00,341.55,352.14,352.4,352.14,357.55,50.6,31,1d+1h+4h,0.679,False,nofill,0.0
2026-04-08 15:30:00-04:00,343.24,352.14,352.39,352.14,357.34,50.6,31,1d+1h+4h,0.571,False,nofill,0.0
2026-04-09 09:30:00-04:00,339.84,352.14,352.4,352.14,357.59,50.6,31,1d+1h+4h,0.803,False,nofill,0.0
2026-04-09 10:30:00-04:00,340.23,352.14,352.4,352.14,357.57,50.6,31,1d+1h+4h,0.778,False,nofill,0.0
2026-04-09 11:30:00-04:00,347.96,352.14,352.41,352.14,357.86,50.6,31,1d+1h+4h,0.273,False,nofill,0.0
2026-04-09 12:30:00-04:00,347.73,352.14,352.4,352.14,357.66,50.6,31,1d+1h+4h,0.288,False,nofill,0.0
2026-04-09 13:30:00-04:00,345.7,352.14,352.4,352.14,357.55,50.6,31,1d+1h+4h,0.421,False,nofill,0.0
2026-04-09 14:30:00-04:00,345.6,352.14,352.39,352.14,357.32,51.6,32,1d+1h+4h,0.427,False,nofill,0.0
2026-04-09 15:30:00-04:00,345.59,352.14,352.38,352.14,357.08,51.6,32,1d+1h+4h,0.428,False,nofill,0.0
2026-04-10 09:30:00-04:00,346.55,352.14,352.38,352.14,357.16,49.6,30,1d+1h+4h,0.379,False,nofill,0.0
2026-04-10 10:30:00-04:00,345.56,352.14,352.37,352.14,357.0,49.6,30,1d+1h+4h,0.446,False,nofill,0.0
2026-04-10 11:30:00-04:00,344.02,352.14,352.36,352.14,356.85,49.6,30,1d+1h+4h,0.55,False,nofill,0.0
2026-04-10 12:30:00-04:00,343.99,352.14,352.36,352.14,356.67,49.6,30,1d+1h+4h,0.552,False,nofill,0.0
2026-04-10 13:30:00-04:00,346.91,352.14,352.35,352.14,356.62,49.6,30,1d+1h+4h,0.354,True,scratch,-0.12044136403071004
2026-04-10 14:30:00-04:00,346.07,352.14,352.34,352.14,356.44,49.6,30,1d+1h+4h,0.411,True,scratch,-0.11808838612029637
2026-04-10 15:30:00-04:00,348.9,352.14,352.34,352.14,356.36,49.6,30,1d+1h+4h,0.22,True,scratch,-0.11702821437178379
2026-04-13 09:30:00-04:00,351.75,358.44,358.65,358.44,362.95,48.2,31,1d+1h+4h,0.469,False,nofill,0.0
2026-04-13 10:30:00-04:00,350.31,358.44,358.65,358.44,362.89,48.2,31,1d+1h+4h,0.57,False,nofill,0.0
2026-04-13 11:30:00-04:00,353.08,358.44,358.65,358.44,362.82,48.2,31,1d+1h+4h,0.376,False,nofill,0.0
2026-04-13 12:30:00-04:00,354.44,358.44,358.64,358.44,362.73,49.2,32,1d+1h+4h,0.28,False,nofill,0.0
2026-04-13 13:30:00-04:00,352.17,358.44,358.64,358.44,362.63,49.2,32,1d+1h+4h,0.44,True,target,1.0525388342060849
2026-04-13 14:30:00-04:00,351.42,358.44,358.63,358.44,362.48,49.2,32,1d+1h+4h,0.492,True,target,1.0121057545201984
2026-04-13 15:30:00-04:00,352.4,358.44,358.63,358.44,362.35,49.2,32,1d+1h+4h,0.423,True,target,0.9767497300134265
2026-04-14 09:30:00-04:00,362.99,384.24,384.45,384.24,388.68,44.6,25,1d+1h+4h,1.483,False,nofill,0.0
2026-04-14 10:30:00-04:00,362.82,384.24,384.45,384.24,388.6,44.6,25,1d+1h+4h,1.495,False,nofill,0.0
2026-04-14 11:30:00-04:00,367.26,384.95,385.16,384.95,389.35,44.6,25,1d+1h+4h,1.235,False,nofill,0.0
2026-04-14 12:30:00-04:00,365.21,384.24,384.45,384.24,388.57,44.6,25,1d+1h+4h,1.328,False,nofill,0.0
2026-04-14 13:30:00-04:00,363.62,384.24,384.44,384.24,388.51,44.6,25,1d+1h+4h,1.439,False,nofill,0.0
2026-04-14 14:30:00-04:00,365.59,384.24,384.44,384.24,388.38,44.6,25,1d+1h+4h,1.302,True,target,0.9660131248624859
2026-04-14 15:30:00-04:00,364.16,384.95,385.14,384.95,388.96,44.6,25,1d+1h+4h,1.451,True,target,0.9304669839855118
2026-04-15 09:30:00-04:00,376.67,383.76,383.99,383.76,388.62,48.4,28,1d+1h+4h,0.454,True,target,1.1453268872592348
2026-04-15 10:30:00-04:00,388.52,417.44,417.7,417.44,422.95,69.8,43,1d+1h+4h,1.853,False,nofill,0.0
2026-04-15 11:30:00-04:00,392.96,417.64,417.91,417.64,423.27,69.8,43,1d+1h+4h,1.582,False,nofill,0.0
2026-04-15 12:30:00-04:00,387.35,417.64,417.91,417.64,423.4,69.8,43,1d+1h+4h,1.941,False,nofill,0.0
2026-04-15 13:30:00-04:00,390.08,417.64,417.91,417.64,423.29,69.8,43,1d+1h+4h,1.767,False,nofill,0.0
2026-04-15 14:30:00-04:00,392.5,417.64,417.9,417.64,423.17,69.8,43,1d+1h+4h,1.611,False,nofill,0.0
2026-04-15 15:30:00-04:00,392.03,417.64,417.9,417.64,423.02,69.8,43,1d+1h+4h,1.642,False,nofill,0.0
2026-04-16 09:30:00-04:00,385.74,415.25,415.53,415.25,421.16,63.2,40,1d+1h+4h,1.921,False,nofill,0.0
2026-04-16 10:30:00-04:00,387.9,417.64,417.92,417.64,423.54,69.8,43,1d+1h+4h,1.936,False,nofill,0.0
2026-04-16 11:30:00-04:00,389.76,417.64,417.91,417.64,423.36,69.8,43,1d+1h+4h,1.814,False,nofill,0.0
2026-04-16 12:30:00-04:00,388.56,417.64,417.9,417.64,423.19,69.8,43,1d+1h+4h,1.893,False,nofill,0.0
2026-04-16 13:30:00-04:00,385.89,416.58,416.84,416.58,422.02,66.0,40,1d+1h+4h,1.998,False,nofill,0.0
2026-04-16 14:30:00-04:00,387.37,417.64,417.89,417.64,422.89,69.8,43,1d+1h+4h,1.97,False,nofill,0.0
2026-04-16 15:30:00-04:00,388.79,417.64,417.88,417.64,422.73,69.8,43,1d+1h+4h,1.878,False,nofill,0.0
2026-04-17 09:30:00-04:00,396.53,417.44,417.7,417.44,422.93,69.8,43,1d+1h+4h,1.33,False,nofill,0.0
2026-04-17 10:30:00-04:00,408.13,417.64,417.93,417.64,423.7,69.8,43,1d+1h+4h,0.605,False,nofill,0.0
2026-04-17 11:30:00-04:00,407.12,417.64,417.92,417.64,423.56,69.8,43,1d+1h+4h,0.669,False,nofill,0.0
2026-04-17 12:30:00-04:00,401.54,417.64,417.93,417.64,423.7,69.8,43,1d+1h+4h,1.024,False,nofill,0.0
2026-04-17 13:30:00-04:00,400.66,417.44,417.72,417.44,423.31,69.8,43,1d+1h+4h,1.067,False,nofill,0.0
2026-04-17 14:30:00-04:00,401.8,417.64,417.91,417.64,423.3,69.8,43,1d+1h+4h,1.008,False,nofill,0.0
2026-04-17 15:30:00-04:00,400.66,417.44,417.7,417.44,422.9,69.8,43,1d+1h+4h,1.067,False,nofill,0.0
2026-04-20 09:30:00-04:00,392.99,417.86,418.15,417.86,424.04,69.8,43,1d+1h+4h,1.562,False,nofill,0.0
2026-04-20 10:30:00-04:00,393.25,417.86,418.16,417.86,424.09,69.8,43,1d+1h+4h,1.546,False,nofill,0.0
2026-04-20 11:30:00-04:00,392.45,417.44,417.73,417.44,423.44,69.8,43,1d+1h+4h,1.57,False,nofill,0.0
2026-04-20 12:30:00-04:00,391.96,417.86,418.13,417.86,423.61,69.8,43,1d+1h+4h,1.627,False,nofill,0.0
2026-04-20 13:30:00-04:00,392.91,417.44,417.7,417.44,422.91,69.8,43,1d+1h+4h,1.541,False,nofill,0.0
2026-04-20 14:30:00-04:00,392.27,417.44,417.69,417.44,422.71,69.8,43,1d+1h+4h,1.581,False,nofill,0.0
2026-04-20 15:30:00-04:00,392.46,417.44,417.68,417.44,422.43,69.8,43,1d+1h+4h,1.569,False,nofill,0.0
2026-04-21 09:30:00-04:00,392.24,417.64,417.88,417.64,422.64,69.8,43,1d+1h+4h,1.649,False,nofill,0.0
2026-04-21 10:30:00-04:00,390.52,417.64,417.88,417.64,422.7,69.8,43,1d+1h+4h,1.76,False,nofill,0.0
2026-04-21 11:30:00-04:00,388.37,417.64,417.88,417.64,422.58,69.8,43,1d+1h+4h,1.9,False,nofill,0.0
2026-04-21 12:30:00-04:00,385.84,416.58,416.81,416.58,421.5,66.0,40,1d+1h+4h,1.996,False,nofill,0.0
2026-04-21 13:30:00-04:00,389.06,417.64,417.87,417.64,422.53,69.8,43,1d+1h+4h,1.856,False,nofill,0.0
2026-04-21 14:30:00-04:00,390.06,417.64,417.87,417.64,422.39,69.8,43,1d+1h+4h,1.79,False,nofill,0.0
2026-04-21 15:30:00-04:00,386.48,417.0,417.23,417.0,421.75,67.0,41,1d+1h+4h,1.981,False,nofill,0.0
2026-04-22 09:30:00-04:00,392.76,416.9,417.14,416.9,421.87,67.0,41,1d+1h+4h,1.625,False,nofill,0.0
2026-04-22 10:30:00-04:00,389.62,417.44,417.67,417.44,422.35,67.0,41,1d+1h+4h,1.873,False,nofill,0.0
2026-04-22 11:30:00-04:00,389.9,417.0,417.22,417.0,421.7,67.0,41,1d+1h+4h,1.824,False,nofill,0.0
2026-04-22 12:30:00-04:00,390.46,416.9,417.12,416.9,421.43,67.0,41,1d+1h+4h,1.78,False,nofill,0.0
2026-04-22 13:30:00-04:00,388.42,416.9,417.11,416.9,421.29,67.0,41,1d+1h+4h,1.917,False,nofill,0.0
2026-04-22 14:30:00-04:00,389.24,416.9,417.1,416.9,421.15,67.0,41,1d+1h+4h,1.862,False,nofill,0.0
2026-04-22 15:30:00-04:00,387.2,416.9,417.1,416.9,421.07,67.0,41,1d+1h+4h,1.999,False,nofill,0.0
2026-04-23 09:30:00-04:00,369.09,383.76,384.01,383.76,389.04,52.2,31,1d+1h+4h,0.968,False,nofill,0.0
2026-04-23 10:30:00-04:00,377.48,383.76,384.03,383.76,389.41,52.2,31,1d+1h+4h,0.415,False,nofill,0.0
2026-04-23 11:30:00-04:00,379.25,383.76,384.03,383.76,389.33,52.2,31,1d+1h+4h,0.298,False,nofill,0.0
2026-04-23 12:30:00-04:00,372.9,383.76,384.04,383.76,389.6,52.2,31,1d+1h+4h,0.716,False,nofill,0.0
2026-04-23 13:30:00-04:00,374.08,383.76,384.04,383.76,389.58,52.2,31,1d+1h+4h,0.639,False,nofill,0.0
2026-04-23 14:30:00-04:00,373.96,383.76,384.03,383.76,389.43,52.2,31,1d+1h+4h,0.646,False,nofill,0.0
2026-04-23 15:30:00-04:00,373.63,383.76,384.02,383.76,389.17,52.2,31,1d+1h+4h,0.668,False,nofill,0.0
2026-04-24 09:30:00-04:00,373.68,384.24,384.52,384.24,390.17,49.4,29,1d+1h+4h,0.707,False,nofill,0.0
2026-04-24 10:30:00-04:00,375.98,384.24,384.52,384.24,390.12,49.4,29,1d+1h+4h,0.553,False,nofill,0.0
2026-04-24 11:30:00-04:00,374.03,384.24,384.52,384.24,390.03,49.4,29,1d+1h+4h,0.684,False,nofill,0.0
2026-04-24 12:30:00-04:00,375.56,384.24,384.51,384.24,389.88,50.4,30,1d+1h+4h,0.581,False,nofill,0.0
2026-04-24 13:30:00-04:00,375.19,384.24,384.5,384.24,389.66,50.4,30,1d+1h+4h,0.606,False,nofill,0.0
2026-04-24 14:30:00-04:00,376.7,384.24,384.49,384.24,389.44,50.4,30,1d+1h+4h,0.505,False,nofill,0.0
2026-04-24 15:30:00-04:00,376.16,384.24,384.48,384.24,389.19,50.4,30,1d+1h+4h,0.541,False,nofill,0.0
2026-04-27 09:30:00-04:00,367.25,384.29,384.55,384.29,389.74,50.4,30,1d+1h+4h,1.131,False,nofill,0.0
2026-04-27 10:30:00-04:00,365.95,384.24,384.5,384.24,389.68,50.4,30,1d+1h+4h,1.214,False,nofill,0.0
2026-04-27 11:30:00-04:00,371.79,384.24,384.5,384.24,389.74,50.4,30,1d+1h+4h,0.826,False,nofill,0.0
2026-04-27 12:30:00-04:00,377.65,384.29,384.56,384.29,389.89,50.4,30,1d+1h+4h,0.441,False,nofill,0.0
2026-04-27 13:30:00-04:00,378.77,384.29,384.55,384.29,389.74,50.4,30,1d+1h+4h,0.366,False,nofill,0.0
2026-04-27 14:30:00-04:00,379.06,384.24,384.49,384.24,389.49,50.4,30,1d+1h+4h,0.344,False,nofill,0.0
2026-04-27 15:30:00-04:00,378.7,384.29,384.53,384.29,389.27,50.4,30,1d+1h+4h,0.371,False,nofill,0.0
2026-04-28 09:30:00-04:00,377.8,384.95,385.21,384.95,390.31,49.4,29,1d+1h+4h,0.487,False,nofill,0.0
2026-04-28 10:30:00-04:00,374.99,384.24,384.49,384.24,389.57,49.4,29,1d+1h+4h,0.63,False,nofill,0.0
2026-04-28 11:30:00-04:00,375.09,384.24,384.48,384.24,389.33,49.4,29,1d+1h+4h,0.623,False,nofill,0.0
2026-04-28 12:30:00-04:00,376.31,384.29,384.53,384.29,389.23,50.4,30,1d+1h+4h,0.543,False,nofill,0.0
2026-04-28 13:30:00-04:00,377.51,384.95,385.18,384.95,389.71,50.4,30,1d+1h+4h,0.507,False,nofill,0.0
2026-04-28 14:30:00-04:00,377.34,384.95,385.17,384.95,389.55,50.4,30,1d+1h+4h,0.518,False,nofill,0.0
2026-04-28 15:30:00-04:00,375.95,384.29,384.5,384.29,388.67,50.4,30,1d+1h+4h,0.568,False,nofill,0.0
2026-04-29 09:30:00-04:00,373.4,384.41,384.62,384.41,388.86,50.4,30,1d+1h+4h,0.781,False,nofill,0.0
2026-04-29 10:30:00-04:00,374.14,384.29,384.5,384.29,388.72,50.4,30,1d+1h+4h,0.72,False,nofill,0.0
2026-04-29 11:30:00-04:00,371.56,384.41,384.62,384.41,388.86,50.4,30,1d+1h+4h,0.912,False,nofill,0.0
2026-04-29 12:30:00-04:00,373.2,384.29,384.5,384.29,388.68,50.4,30,1d+1h+4h,0.787,False,nofill,0.0
2026-04-29 13:30:00-04:00,371.42,384.41,384.61,384.41,388.71,52.2,31,1d+1h+4h,0.922,False,nofill,0.0
2026-04-29 14:30:00-04:00,373.93,384.29,384.5,384.29,388.61,52.2,31,1d+1h+4h,0.735,False,nofill,0.0
2026-04-29 15:30:00-04:00,372.8,384.29,384.49,384.29,388.44,52.2,31,1d+1h+4h,0.815,False,nofill,0.0
2026-04-30 09:30:00-04:00,370.5,384.95,385.15,384.95,389.17,52.2,31,1d+1h+4h,1.012,False,nofill,0.0
2026-04-30 10:30:00-04:00,378.47,384.41,384.63,384.41,388.97,52.2,31,1d+1h+4h,0.416,False,nofill,0.0
2026-04-30 11:30:00-04:00,377.68,384.29,384.5,384.29,388.78,52.2,31,1d+1h+4h,0.463,True,scratch,-0.1155277712581615
2026-04-30 12:30:00-04:00,378.53,384.41,384.62,384.41,388.77,52.2,31,1d+1h+4h,0.412,True,scratch,-0.11389282334849371
2026-04-30 13:30:00-04:00,381.15,384.95,385.15,384.95,389.21,52.2,31,1d+1h+4h,0.266,True,target,0.993205988576018
2026-04-30 14:30:00-04:00,383.95,384.95,385.15,384.95,389.2,52.2,31,1d+1h+4h,0.07,True,target,0.9908196611489339
2026-04-30 15:30:00-04:00,381.53,384.95,385.15,384.95,389.15,52.2,31,1d+1h+4h,0.24,True,target,0.9774888963753003
2026-05-01 09:30:00-04:00,388.1,417.0,417.22,417.0,421.61,67.0,41,1d+1h+4h,1.979,False,nofill,0.0
2026-05-01 10:30:00-04:00,392.66,417.0,417.23,417.0,421.89,67.0,41,1d+1h+4h,1.666,False,nofill,0.0
2026-05-01 11:30:00-04:00,395.48,417.44,417.67,417.44,422.29,67.0,41,1d+1h+4h,1.504,False,nofill,0.0
2026-05-01 12:30:00-04:00,395.22,417.44,417.67,417.44,422.32,67.0,41,1d+1h+4h,1.521,False,nofill,0.0
2026-05-01 13:30:00-04:00,396.38,417.44,417.67,417.44,422.19,67.0,41,1d+1h+4h,1.442,False,nofill,0.0
2026-05-01 14:30:00-04:00,394.4,417.0,417.22,417.0,421.62,67.0,41,1d+1h+4h,1.547,False,nofill,0.0
2026-05-01 15:30:00-04:00,390.66,417.44,417.66,417.44,422.06,67.0,41,1d+1h+4h,1.833,False,nofill,0.0
2026-05-04 09:30:00-04:00,388.97,417.44,417.67,417.44,422.27,67.0,41,1d+1h+4h,1.995,False,nofill,0.0
2026-05-04 10:30:00-04:00,388.76,417.0,417.24,417.0,421.98,67.0,41,1d+1h+4h,1.979,False,nofill,0.0
2026-05-04 11:30:00-04:00,387.44,415.75,415.99,415.75,420.7,57.4,37,1d+1h+4h,1.985,False,nofill,0.0
2026-05-04 12:30:00-04:00,393.27,417.0,417.24,417.0,422.13,67.0,41,1d+1h+4h,1.663,False,nofill,0.0
2026-05-04 13:30:00-04:00,392.42,417.0,417.24,417.0,422.01,67.0,41,1d+1h+4h,1.723,False,nofill,0.0
2026-05-04 14:30:00-04:00,393.08,417.44,417.67,417.44,422.33,67.0,41,1d+1h+4h,1.707,False,nofill,0.0
2026-05-04 15:30:00-04:00,392.58,417.0,417.22,417.0,421.65,67.0,41,1d+1h+4h,1.712,False,nofill,0.0
2026-05-05 09:30:00-04:00,394.46,417.0,417.24,417.0,422.03,67.0,41,1d+1h+4h,1.589,False,nofill,0.0
2026-05-05 10:30:00-04:00,394.0,417.0,417.24,417.0,421.97,67.0,41,1d+1h+4h,1.621,False,nofill,0.0
2026-05-05 11:30:00-04:00,389.61,417.44,417.68,417.44,422.53,67.0,41,1d+1h+4h,1.962,False,nofill,0.0
2026-05-05 12:30:00-04:00,392.08,417.44,417.68,417.44,422.42,67.0,41,1d+1h+4h,1.787,False,nofill,0.0
2026-05-05 13:30:00-04:00,391.8,417.44,417.67,417.44,422.21,67.0,41,1d+1h+4h,1.807,False,nofill,0.0
2026-05-05 14:30:00-04:00,392.12,417.0,417.22,417.0,421.61,67.0,41,1d+1h+4h,1.754,False,nofill,0.0
2026-05-05 15:30:00-04:00,389.35,417.0,417.22,417.0,421.53,67.0,41,1d+1h+4h,1.949,False,nofill,0.0
2026-05-06 09:30:00-04:00,393.52,416.9,417.14,416.9,421.89,67.0,41,1d+1h+4h,1.62,False,nofill,0.0
2026-05-06 10:30:00-04:00,392.91,417.0,417.23,417.0,421.86,67.0,41,1d+1h+4h,1.669,False,nofill,0.0
2026-05-06 11:30:00-04:00,397.17,417.44,417.68,417.44,422.45,67.0,41,1d+1h+4h,1.404,False,nofill,0.0
2026-05-06 12:30:00-04:00,398.6,417.44,417.68,417.44,422.4,67.0,41,1d+1h+4h,1.305,False,nofill,0.0
2026-05-06 13:30:00-04:00,400.88,416.9,417.14,416.9,421.84,67.0,41,1d+1h+4h,1.11,False,nofill,0.0
2026-05-06 14:30:00-04:00,400.76,416.9,417.13,416.9,421.69,67.0,41,1d+1h+4h,1.118,False,nofill,0.0
2026-05-06 15:30:00-04:00,398.52,417.44,417.66,417.44,422.08,67.0,41,1d+1h+4h,1.311,False,nofill,0.0
2026-05-07 09:30:00-04:00,411.12,416.9,417.16,416.9,422.4,67.0,41,1d+1h+4h,0.395,False,nofill,0.0
2026-05-07 10:30:00-04:00,408.79,417.44,417.71,417.44,423.14,67.0,41,1d+1h+4h,0.591,False,nofill,0.0
2026-05-07 11:30:00-04:00,407.13,417.44,417.72,417.44,423.31,67.0,41,1d+1h+4h,0.705,False,nofill,0.0
2026-05-07 12:30:00-04:00,405.72,416.9,417.18,416.9,422.74,67.0,41,1d+1h+4h,0.764,False,nofill,0.0
2026-05-07 13:30:00-04:00,405.88,417.44,417.71,417.44,423.11,68.0,42,1d+1h+4h,0.791,True,target,1.2312610410616154
2026-05-07 14:30:00-04:00,405.36,417.44,417.71,417.44,423.05,68.0,42,1d+1h+4h,0.826,True,target,1.2173095453549498
2026-05-07 15:30:00-04:00,411.8,417.44,417.71,417.44,423.15,68.0,42,1d+1h+4h,0.386,True,target,1.2407324611239057
2026-05-08 09:30:00-04:00,425.05,427.15,427.47,427.15,433.8,42.8,34,1d+1h+4h,0.14,True,scratch,-0.1340656650883676
2026-05-08 10:30:00-04:00,428.7,436.8,437.12,436.8,443.56,37.6,28,1d+1h+4h,0.541,False,nofill,0.0
2026-05-08 11:30:00-04:00,428.53,436.8,437.11,436.8,443.4,37.6,28,1d+1h+4h,0.553,False,nofill,0.0
2026-05-08 12:30:00-04:00,426.99,436.8,437.1,436.8,443.14,37.6,28,1d+1h+4h,0.655,False,nofill,0.0
2026-05-08 13:30:00-04:00,428.65,436.8,437.09,436.8,442.95,37.6,28,1d+1h+4h,0.545,False,nofill,0.0
2026-05-08 14:30:00-04:00,425.34,427.15,427.44,427.15,433.17,42.8,34,1d+1h+4h,0.121,True,scratch,-0.1270220392484478
2026-05-08 15:30:00-04:00,428.32,436.8,437.08,436.8,442.71,37.6,28,1d+1h+4h,0.567,True,target,1.2268235375417769
2026-05-11 09:30:00-04:00,417.88,420.34,420.64,420.34,426.62,70.4,44,1d+1h+4h,0.151,True,target,1.3618449988073822
2026-05-11 10:30:00-04:00,435.61,436.8,437.15,436.8,444.09,39.6,30,1d+1h+4h,0.073,True,target,1.528044947572882
2026-05-11 11:30:00-04:00,439.92,450.98,451.33,450.98,458.26,36.8,26,1d+1h+4h,0.682,False,nofill,0.0
2026-05-11 12:30:00-04:00,440.04,450.98,451.32,450.98,458.16,36.8,26,1d+1h+4h,0.675,False,nofill,0.0
2026-05-11 13:30:00-04:00,446.9,450.98,451.33,450.98,458.26,36.8,26,1d+1h+4h,0.251,False,nofill,0.0
2026-05-11 14:30:00-04:00,445.36,450.98,451.32,450.98,458.1,36.8,26,1d+1h+4h,0.347,False,nofill,0.0
2026-05-11 15:30:00-04:00,445.03,450.98,451.31,450.98,457.96,36.8,26,1d+1h+4h,0.367,False,nofill,0.0
2026-05-12 09:30:00-04:00,435.19,436.35,436.7,436.35,443.79,41.4,31,1d+1h+4h,0.069,False,nofill,0.0
2026-05-12 10:30:00-04:00,426.69,427.93,428.29,427.93,435.59,42.8,34,1d+1h+4h,0.073,True,scratch,-0.1451474071498149
2026-05-12 11:30:00-04:00,425.82,427.15,427.51,427.15,434.67,43.8,35,1d+1h+4h,0.079,True,scratch,-0.14365979803966367
2026-05-12 12:30:00-04:00,426.81,427.93,428.28,427.93,435.37,42.8,34,1d+1h+4h,0.066,True,target,1.5933911163919623
2026-05-12 13:30:00-04:00,429.74,436.35,436.7,436.35,443.6,41.4,31,1d+1h+4h,0.392,True,target,1.5212524661454507
2026-05-12 14:30:00-04:00,433.24,436.35,436.69,436.35,443.42,41.4,31,1d+1h+4h,0.184,True,target,1.4799363440833213
2026-05-12 15:30:00-04:00,433.45,436.35,436.67,436.35,443.12,41.4,31,1d+1h+4h,0.172,True,target,1.4154348627093416
2026-05-13 09:30:00-04:00,442.54,449.31,449.66,449.31,456.58,38.8,28,1d+1h+4h,0.391,True,scratch,-0.13689605599297439
2026-05-13 10:30:00-04:00,450.63,453.55,453.9,453.55,461.0,36.0,26,1d+1h+4h,0.169,False,nofill,0.0
2026-05-13 11:30:00-04:00,451.22,453.55,453.9,453.55,460.98,36.0,26,1d+1h+4h,0.134,False,nofill,0.0
2026-05-13 12:30:00-04:00,448.36,449.3,449.64,449.3,456.52,38.8,28,1d+1h+4h,0.054,True,scratch,-0.13636468675221058
2026-05-13 13:30:00-04:00,447.2,449.3,449.64,449.3,456.34,38.8,28,1d+1h+4h,0.121,False,nofill,0.0
2026-05-13 14:30:00-04:00,444.55,449.3,449.63,449.3,456.16,38.8,28,1d+1h+4h,0.274,False,nofill,0.0
2026-05-13 15:30:00-04:00,445.18,449.3,449.61,449.3,455.83,38.8,28,1d+1h+4h,0.237,True,scratch,-0.1291323270143696
2026-05-14 09:30:00-04:00,442.29,443.69,443.99,443.69,450.17,38.6,29,1d+1h+4h,0.083,True,target,1.3311624571655578
2026-05-14 10:30:00-04:00,446.69,450.2,450.51,450.2,456.67,37.8,27,1d+1h+4h,0.208,True,scratch,-0.1283035737985716
2026-05-14 11:30:00-04:00,448.92,450.98,451.29,450.98,457.42,37.8,27,1d+1h+4h,0.122,False,nofill,0.0
2026-05-14 12:30:00-04:00,444.8,450.98,451.29,450.98,457.4,37.8,27,1d+1h+4h,0.367,False,nofill,0.0
2026-05-14 13:30:00-04:00,443.66,450.2,450.5,450.2,456.45,39.6,28,1d+1h+4h,0.388,False,nofill,0.0
2026-05-14 14:30:00-04:00,443.28,451.02,451.31,451.02,457.03,40.6,29,1d+1h+4h,0.459,False,nofill,0.0
2026-05-14 15:30:00-04:00,443.18,451.02,451.29,451.02,456.74,40.6,29,1d+1h+4h,0.465,False,nofill,0.0
2026-05-15 09:30:00-04:00,426.57,427.93,428.25,427.93,434.6,44.6,35,1d+1h+4h,0.079,True,scratch,-0.13412684869208436
2026-05-15 10:30:00-04:00,425.8,428.0,428.31,428.0,434.49,44.6,35,1d+1h+4h,0.128,True,scratch,-0.13214584984608813
2026-05-15 11:30:00-04:00,424.65,425.52,425.82,425.52,431.85,50.2,37,1d+1h+4h,0.051,True,scratch,-0.13073563006981148
2026-05-15 12:30:00-04:00,428.46,436.23,436.53,436.23,442.51,41.4,31,1d+1h+4h,0.452,False,nofill,0.0
2026-05-15 13:30:00-04:00,425.72,428.0,428.29,428.0,434.12,44.6,35,1d+1h+4h,0.133,False,nofill,0.0
2026-05-15 14:30:00-04:00,423.05,423.96,424.24,423.96,429.93,54.0,38,1d+1h+4h,0.053,True,scratch,-0.1269654175251822
2026-05-15 15:30:00-04:00,422.13,423.25,423.52,423.25,429.01,57.8,39,1d+1h+4h,0.065,False,nofill,0.0
2026-05-18 09:30:00-04:00,413.88,418.01,418.3,418.01,424.19,80.4,50,1d+1h+4h,0.241,False,nofill,0.0
2026-05-18 10:30:00-04:00,408.34,418.01,418.31,418.01,424.22,80.4,50,1d+1h+4h,0.564,False,nofill,0.0
2026-05-18 11:30:00-04:00,409.41,417.86,418.16,417.86,424.13,80.4,50,1d+1h+4h,0.492,False,nofill,0.0
2026-05-18 12:30:00-04:00,410.04,417.86,418.15,417.86,423.97,80.4,50,1d+1h+4h,0.456,False,nofill,0.0
2026-05-18 13:30:00-04:00,407.06,418.01,418.3,418.01,424.01,80.4,50,1d+1h+4h,0.638,False,nofill,0.0
2026-05-18 14:30:00-04:00,408.49,417.86,418.15,417.86,423.87,80.4,50,1d+1h+4h,0.546,False,nofill,0.0
2026-05-18 15:30:00-04:00,410.07,417.86,418.14,417.86,423.65,80.4,50,1d+1h+4h,0.454,False,nofill,0.0
2026-05-19 09:30:00-04:00,395.82,418.01,418.32,418.01,424.48,80.4,50,1d+1h+4h,1.297,False,nofill,0.0
2026-05-19 10:30:00-04:00,397.51,418.01,418.31,418.01,424.36,80.4,50,1d+1h+4h,1.199,False,nofill,0.0
2026-05-19 11:30:00-04:00,396.84,418.01,418.3,418.01,424.11,80.4,50,1d+1h+4h,1.238,False,nofill,0.0
2026-05-19 12:30:00-04:00,403.08,418.01,418.31,418.01,424.24,80.4,50,1d+1h+4h,0.873,False,nofill,0.0
2026-05-19 13:30:00-04:00,404.78,418.01,418.3,418.01,424.03,80.4,50,1d+1h+4h,0.773,False,nofill,0.0
2026-05-19 14:30:00-04:00,404.09,418.01,418.29,418.01,423.85,80.4,50,1d+1h+4h,0.814,False,nofill,0.0
2026-05-19 15:30:00-04:00,404.16,418.01,418.27,418.01,423.56,80.4,50,1d+1h+4h,0.81,False,nofill,0.0
2026-05-20 09:30:00-04:00,408.01,418.01,418.29,418.01,423.89,80.4,50,1d+1h+4h,0.594,False,nofill,0.0
2026-05-20 10:30:00-04:00,412.39,418.01,418.29,418.01,423.85,80.4,50,1d+1h+4h,0.334,False,nofill,0.0
2026-05-20 11:30:00-04:00,411.88,418.01,418.28,418.01,423.67,80.4,50,1d+1h+4h,0.364,False,nofill,0.0
2026-05-20 12:30:00-04:00,413.9,418.01,418.27,418.01,423.47,80.4,50,1d+1h+4h,0.244,False,nofill,0.0
2026-05-20 13:30:00-04:00,412.84,418.01,418.26,418.01,423.33,80.4,50,1d+1h+4h,0.307,True,scratch,-0.12049354762619924
2026-05-20 14:30:00-04:00,413.57,418.01,418.25,418.01,423.08,80.4,50,1d+1h+4h,0.264,True,scratch,-0.11761513190106099
2026-05-20 15:30:00-04:00,417.27,420.34,420.58,420.34,425.41,71.4,45,1d+1h+4h,0.182,True,scratch,-0.11736037719687342
2026-05-21 09:30:00-04:00,414.33,418.01,418.28,418.01,423.77,80.4,50,1d+1h+4h,0.221,True,scratch,-0.12554360171228574
2026-05-21 10:30:00-04:00,417.46,420.34,420.61,420.34,426.04,71.4,45,1d+1h+4h,0.173,True,scratch,-0.12443510372324162
2026-05-21 11:30:00-04:00,416.82,418.01,418.27,418.01,423.53,80.4,50,1d+1h+4h,0.072,True,scratch,-0.1227515460359263
2026-05-21 12:30:00-04:00,421.25,422.64,422.91,422.64,428.23,57.8,39,1d+1h+4h,0.084,True,scratch,-0.1228452097180921
2026-05-21 13:30:00-04:00,420.46,422.64,422.9,422.64,428.06,57.8,39,1d+1h+4h,0.131,True,target,1.1591293716316065
2026-05-21 14:30:00-04:00,418.2,420.34,420.59,420.34,425.69,71.4,45,1d+1h+4h,0.129,True,target,1.1502129785942339
2026-05-21 15:30:00-04:00,417.75,420.34,420.59,420.34,425.49,71.4,45,1d+1h+4h,0.156,True,target,1.105343811391113
2026-05-22 09:30:00-04:00,424.62,425.52,425.78,425.52,431.01,50.4,38,1d+1h+4h,0.054,True,target,1.1680059446914637
2026-05-22 10:30:00-04:00,428.64,451.02,451.29,451.02,456.59,43.6,30,1d+1h+4h,1.363,False,nofill,0.0
2026-05-22 11:30:00-04:00,427.55,450.2,450.46,450.2,455.74,43.6,30,1d+1h+4h,1.379,False,nofill,0.0
2026-05-22 12:30:00-04:00,429.78,450.2,450.46,450.2,455.61,43.6,30,1d+1h+4h,1.243,False,nofill,0.0
2026-05-22 13:30:00-04:00,427.93,450.2,450.46,450.2,455.56,43.6,30,1d+1h+4h,1.356,False,nofill,0.0
2026-05-22 14:30:00-04:00,425.88,427.15,427.4,427.15,432.46,45.8,37,1d+1h+4h,0.078,True,scratch,-0.11908807248028896
2026-05-22 15:30:00-04:00,425.95,427.15,427.39,427.15,432.28,45.8,37,1d+1h+4h,0.073,True,scratch,-0.1170637086261972
2026-05-26 09:30:00-04:00,426.98,427.93,428.18,427.93,433.27,43.8,35,1d+1h+4h,0.06,True,scratch,-0.11932542207696573
2026-05-26 10:30:00-04:00,433.35,450.98,451.25,450.98,456.57,43.6,30,1d+1h+4h,1.108,False,nofill,0.0
2026-05-26 11:30:00-04:00,429.93,450.98,451.25,450.98,456.64,43.6,30,1d+1h+4h,1.324,False,nofill,0.0
2026-05-26 12:30:00-04:00,432.37,450.98,451.24,450.98,456.53,43.6,30,1d+1h+4h,1.17,False,nofill,0.0
2026-05-26 13:30:00-04:00,432.83,450.98,451.23,450.98,456.33,43.6,30,1d+1h+4h,1.141,False,nofill,0.0
2026-05-26 14:30:00-04:00,431.05,450.98,451.24,450.98,456.36,43.6,30,1d+1h+4h,1.253,False,nofill,0.0
2026-05-26 15:30:00-04:00,433.56,450.98,451.23,450.98,456.24,43.6,30,1d+1h+4h,1.095,False,nofill,0.0
2026-05-27 09:30:00-04:00,437.4,450.98,451.26,450.98,456.76,43.6,30,1d+1h+4h,0.869,False,nofill,0.0
2026-05-27 10:30:00-04:00,440.85,450.98,451.27,450.98,457.02,43.6,30,1d+1h+4h,0.648,False,nofill,0.0
2026-05-27 11:30:00-04:00,441.89,450.98,451.26,450.98,456.84,43.6,30,1d+1h+4h,0.582,False,nofill,0.0
2026-05-27 12:30:00-04:00,440.5,450.98,451.25,450.98,456.69,43.6,30,1d+1h+4h,0.671,False,nofill,0.0
2026-05-27 13:30:00-04:00,440.14,450.98,451.24,450.98,456.51,43.6,30,1d+1h+4h,0.694,False,nofill,0.0
2026-05-27 14:30:00-04:00,439.58,450.98,451.23,450.98,456.3,43.6,30,1d+1h+4h,0.729,False,nofill,0.0
2026-05-27 15:30:00-04:00,440.3,450.98,451.22,450.98,456.09,43.6,30,1d+1h+4h,0.683,False,nofill,0.0
2026-05-28 09:30:00-04:00,441.01,450.98,451.23,450.98,456.17,42.6,29,1d+1h+4h,0.662,False,nofill,0.0
2026-05-28 10:30:00-04:00,441.14,450.98,451.22,450.98,456.05,42.6,29,1d+1h+4h,0.653,False,nofill,0.0
2026-05-28 11:30:00-04:00,441.52,450.98,451.21,450.98,455.86,42.6,29,1d+1h+4h,0.628,False,nofill,0.0
2026-05-28 12:30:00-04:00,441.75,450.98,451.2,450.98,455.66,42.6,29,1d+1h+4h,0.613,False,nofill,0.0
2026-05-28 13:30:00-04:00,441.77,450.98,451.19,450.98,455.46,42.6,29,1d+1h+4h,0.612,False,nofill,0.0
2026-05-28 14:30:00-04:00,443.64,450.98,451.19,450.98,455.33,42.6,29,1d+1h+4h,0.487,False,nofill,0.0
2026-05-28 15:30:00-04:00,442.1,450.98,451.18,450.98,455.21,42.6,29,1d+1h+4h,0.59,False,nofill,0.0
2026-05-29 09:30:00-04:00,430.69,450.98,451.21,450.98,455.9,42.6,29,1d+1h+4h,1.354,False,nofill,0.0
2026-05-29 10:30:00-04:00,433.64,450.98,451.22,450.98,455.98,42.6,29,1d+1h+4h,1.158,False,nofill,0.0
2026-05-29 11:30:00-04:00,438.25,450.98,451.23,450.98,456.22,42.6,29,1d+1h+4h,0.85,False,nofill,0.0
2026-05-29 12:30:00-04:00,438.2,450.98,451.23,450.98,456.14,42.6,29,1d+1h+4h,0.853,False,nofill,0.0
2026-05-29 13:30:00-04:00,437.72,450.98,451.22,450.98,455.97,42.6,29,1d+1h+4h,0.885,False,nofill,0.0
2026-05-29 14:30:00-04:00,434.41,450.98,451.22,450.98,455.92,42.6,29,1d+1h+4h,1.106,False,nofill,0.0
2026-05-29 15:30:00-04:00,435.56,450.98,451.21,450.98,455.85,42.6,29,1d+1h+4h,1.029,False,nofill,0.0
2026-06-01 09:30:00-04:00,421.67,422.64,422.91,422.64,428.24,56.8,38,1d+1h+4h,0.063,True,scratch,-0.12294844201030664
2026-06-01 10:30:00-04:00,421.91,423.25,423.51,423.25,428.72,54.0,38,1d+1h+4h,0.087,True,scratch,-0.1214351979440309
2026-06-01 11:30:00-04:00,418.8,420.03,420.29,420.03,425.54,62.8,40,1d+1h+4h,0.08,True,scratch,-0.12236572940074186
2026-06-01 12:30:00-04:00,420.92,422.64,422.89,422.64,427.94,56.8,38,1d+1h+4h,0.112,False,nofill,0.0
2026-06-01 13:30:00-04:00,420.16,422.64,422.88,422.64,427.73,56.8,38,1d+1h+4h,0.162,False,nofill,0.0
2026-06-01 14:30:00-04:00,418.27,419.08,419.31,419.08,423.96,64.8,40,1d+1h+4h,0.053,True,target,1.0479169519797882
2026-06-01 15:30:00-04:00,415.71,417.64,417.87,417.64,422.4,71.8,45,1d+1h+4h,0.126,True,target,1.0235911424209876
2026-06-02 09:30:00-04:00,419.74,422.26,422.5,422.26,427.22,54.0,36,1d+1h+4h,0.168,True,scratch,-0.11584745421938658
2026-06-02 10:30:00-04:00,421.93,423.25,423.48,423.25,428.18,54.0,38,1d+1h+4h,0.088,False,nofill,0.0
2026-06-02 11:30:00-04:00,421.27,422.64,422.87,422.64,427.38,54.0,36,1d+1h+4h,0.091,True,scratch,-0.11336995551585183
2026-06-02 12:30:00-04:00,421.53,422.64,422.86,422.64,427.29,54.0,36,1d+1h+4h,0.074,True,scratch,-0.11230031994095002
2026-06-02 13:30:00-04:00,421.42,422.26,422.47,422.26,426.75,55.0,37,1d+1h+4h,0.056,True,scratch,-0.11059325367970274
2026-06-02 14:30:00-04:00,420.4,422.26,422.47,422.26,426.64,55.0,37,1d+1h+4h,0.124,True,scratch,-0.10936962070487999
2026-06-02 15:30:00-04:00,423.74,425.52,425.73,425.52,429.91,51.4,39,1d+1h+4h,0.118,True,target,0.9224616472558234
2026-06-03 09:30:00-04:00,428.64,442.05,442.3,442.05,447.37,42.6,31,1d+1h+4h,0.881,False,nofill,0.0
2026-06-03 10:30:00-04:00,429.86,442.05,442.3,442.05,447.37,42.6,31,1d+1h+4h,0.801,False,nofill,0.0
2026-06-03 11:30:00-04:00,423.56,425.52,425.79,425.52,431.09,51.4,39,1d+1h+4h,0.129,False,nofill,0.0
2026-06-03 12:30:00-04:00,419.48,420.34,420.6,420.34,425.9,61.8,41,1d+1h+4h,0.057,True,scratch,-0.12290101461944758
2026-06-03 13:30:00-04:00,423.94,425.52,425.79,425.52,431.11,51.4,39,1d+1h+4h,0.104,True,scratch,-0.1224405144701679
2026-06-03 14:30:00-04:00,422.83,423.72,423.98,423.72,429.18,55.0,39,1d+1h+4h,0.058,True,scratch,-0.1213242361192246
2026-06-03 15:30:00-04:00,423.73,425.52,425.77,425.52,430.75,51.4,39,1d+1h+4h,0.118,True,scratch,-0.11839667394615283
2026-06-04 09:30:00-04:00,421.38,422.26,422.52,422.26,427.74,55.0,37,1d+1h+4h,0.06,False,nofill,0.0
2026-06-04 10:30:00-04:00,419.89,423.47,423.73,423.47,428.84,55.0,39,1d+1h+4h,0.242,False,nofill,0.0
2026-06-04 11:30:00-04:00,419.2,420.03,420.28,420.03,425.26,62.8,40,1d+1h+4h,0.056,True,scratch,-0.11924978851595158
2026-06-04 12:30:00-04:00,420.72,422.26,422.5,422.26,427.32,55.0,37,1d+1h+4h,0.104,True,scratch,-0.11699094927115627
2026-06-04 13:30:00-04:00,420.12,423.47,423.71,423.47,428.41,55.0,39,1d+1h+4h,0.227,True,scratch,-0.11550620148349511
2026-06-04 14:30:00-04:00,420.16,423.47,423.7,423.47,428.23,55.0,39,1d+1h+4h,0.224,True,scratch,-0.1134366907707518
2026-06-04 15:30:00-04:00,418.46,420.03,420.26,420.03,424.9,63.8,41,1d+1h+4h,0.106,True,scratch,-0.11509451151260341
2026-06-05 09:30:00-04:00,406.71,417.86,418.14,417.86,423.82,78.6,49,1d+1h+4h,0.684,False,nofill,0.0
2026-06-05 10:30:00-04:00,402.69,417.86,418.15,417.86,423.93,78.6,49,1d+1h+4h,0.93,False,nofill,0.0
2026-06-05 11:30:00-04:00,399.0,417.86,418.14,417.86,423.84,78.6,49,1d+1h+4h,1.156,False,nofill,0.0
2026-06-05 12:30:00-04:00,395.49,417.86,418.14,417.86,423.73,78.6,49,1d+1h+4h,1.372,False,nofill,0.0
2026-06-05 13:30:00-04:00,391.67,417.86,418.14,417.86,423.75,78.6,49,1d+1h+4h,1.606,False,nofill,0.0
2026-06-05 14:30:00-04:00,391.61,417.86,418.13,417.86,423.62,78.6,49,1d+1h+4h,1.609,False,nofill,0.0
2026-06-05 15:30:00-04:00,390.97,417.86,418.13,417.86,423.5,78.6,49,1d+1h+4h,1.649,False,nofill,0.0
2026-06-08 09:30:00-04:00,402.9,418.01,418.3,418.01,424.19,81.4,51,1d+1h+4h,0.904,False,nofill,0.0
2026-06-08 10:30:00-04:00,400.9,418.01,418.3,418.01,424.01,81.4,51,1d+1h+4h,1.024,False,nofill,0.0
2026-06-08 11:30:00-04:00,404.86,418.01,418.3,418.01,424.11,81.4,51,1d+1h+4h,0.787,False,nofill,0.0
2026-06-08 12:30:00-04:00,410.79,418.01,418.3,418.01,424.14,81.4,51,1d+1h+4h,0.432,False,nofill,0.0
2026-06-08 13:30:00-04:00,411.87,418.01,418.29,418.01,423.94,81.4,51,1d+1h+4h,0.367,True,scratch,-0.12742649257583283
2026-06-08 14:30:00-04:00,409.53,418.01,418.29,418.01,423.83,81.4,51,1d+1h+4h,0.508,True,scratch,-0.12620223222148397
2026-06-08 15:30:00-04:00,409.01,418.01,418.28,418.01,423.64,81.4,51,1d+1h+4h,0.539,True,scratch,-0.12407609077162984
2026-06-09 09:30:00-04:00,407.45,417.86,418.15,417.86,424.05,84.2,53,1d+1h+4h,0.579,False,nofill,0.0
2026-06-09 10:30:00-04:00,394.15,418.01,418.34,418.01,424.87,84.2,53,1d+1h+4h,1.328,False,nofill,0.0
2026-06-09 11:30:00-04:00,388.93,417.64,417.98,417.64,424.69,84.2,53,1d+1h+4h,1.598,False,nofill,0.0
2026-06-09 12:30:00-04:00,392.69,417.64,417.98,417.64,424.86,85.2,54,1d+1h+4h,1.389,False,nofill,0.0
2026-06-09 13:30:00-04:00,396.26,418.01,418.35,418.01,425.06,85.2,54,1d+1h+4h,1.211,False,nofill,0.0
2026-06-09 14:30:00-04:00,395.82,418.01,418.33,418.01,424.8,85.2,54,1d+1h+4h,1.235,False,nofill,0.0
2026-06-09 15:30:00-04:00,396.57,418.01,418.32,418.01,424.58,85.2,54,1d+1h+4h,1.193,False,nofill,0.0
2026-06-10 09:30:00-04:00,391.02,418.01,418.33,418.01,424.72,85.2,54,1d+1h+4h,1.508,False,nofill,0.0
2026-06-10 10:30:00-04:00,385.15,418.01,418.34,418.01,424.86,85.2,54,1d+1h+4h,1.836,False,nofill,0.0
2026-06-10 11:30:00-04:00,384.56,417.86,418.18,417.86,424.59,85.2,54,1d+1h+4h,1.861,False,nofill,0.0
2026-06-10 12:30:00-04:00,384.02,418.01,418.32,418.01,424.62,85.2,54,1d+1h+4h,1.9,False,nofill,0.0
2026-06-10 13:30:00-04:00,383.88,418.01,418.31,418.01,424.41,87.0,55,1d+1h+4h,1.907,False,nofill,0.0
2026-06-10 14:30:00-04:00,381.06,416.38,416.68,416.38,422.62,76.6,49,1d+1h+4h,1.974,False,nofill,0.0
2026-06-10 15:30:00-04:00,381.62,417.16,417.45,417.16,423.15,78.4,50,1d+1h+4h,1.986,False,nofill,0.0
2026-06-11 09:30:00-04:00,388.67,417.64,417.94,417.64,423.92,87.0,55,1d+1h+4h,1.613,False,nofill,0.0
2026-06-11 10:30:00-04:00,385.65,418.01,418.31,418.01,424.25,87.0,55,1d+1h+4h,1.801,False,nofill,0.0
2026-06-11 11:30:00-04:00,385.22,418.01,418.3,418.01,424.03,87.0,55,1d+1h+4h,1.825,False,nofill,0.0
2026-06-11 12:30:00-04:00,389.92,417.86,418.15,417.86,423.97,87.0,55,1d+1h+4h,1.555,False,nofill,0.0
2026-06-11 13:30:00-04:00,392.36,418.01,418.3,418.01,424.03,87.0,55,1d+1h+4h,1.428,False,nofill,0.0
2026-06-11 14:30:00-04:00,396.1,418.01,418.29,418.01,423.96,87.0,55,1d+1h+4h,1.22,False,nofill,0.0
2026-06-11 15:30:00-04:00,399.0,417.86,418.14,417.86,423.65,87.0,55,1d+1h+4h,1.05,False,nofill,0.0
2026-06-12 09:30:00-04:00,396.01,418.01,418.3,418.01,424.14,87.0,55,1d+1h+4h,1.215,False,nofill,0.0
2026-06-12 10:30:00-04:00,399.87,417.64,417.94,417.64,423.96,87.0,55,1d+1h+4h,0.982,False,nofill,0.0
2026-06-12 11:30:00-04:00,394.96,418.01,418.34,418.01,424.87,87.0,55,1d+1h+4h,1.273,False,nofill,0.0
2026-06-12 12:30:00-04:00,402.0,417.64,417.98,417.64,424.81,87.0,55,1d+1h+4h,0.864,False,nofill,0.0
2026-06-12 13:30:00-04:00,401.25,418.01,418.34,418.01,425.04,87.0,55,1d+1h+4h,0.926,False,nofill,0.0
2026-06-12 14:30:00-04:00,403.1,417.64,417.96,417.64,424.45,87.0,55,1d+1h+4h,0.803,False,nofill,0.0
2026-06-12 15:30:00-04:00,406.44,418.01,418.33,418.01,424.71,87.0,55,1d+1h+4h,0.639,False,nofill,0.0
2026-06-15 09:30:00-04:00,411.38,418.01,418.34,418.01,424.95,87.0,55,1d+1h+4h,0.379,False,nofill,0.0
2026-06-15 10:30:00-04:00,409.81,418.01,418.33,418.01,424.83,87.0,55,1d+1h+4h,0.469,False,nofill,0.0
2026-06-15 11:30:00-04:00,411.38,418.01,418.32,418.01,424.6,87.0,55,1d+1h+4h,0.379,False,nofill,0.0
2026-06-15 12:30:00-04:00,409.44,418.01,418.32,418.01,424.43,88.0,56,1d+1h+4h,0.49,False,nofill,0.0
2026-06-15 13:30:00-04:00,410.03,417.86,418.15,417.86,424.01,88.0,56,1d+1h+4h,0.448,False,nofill,0.0
2026-06-15 14:30:00-04:00,409.67,418.01,418.29,418.01,423.87,88.0,56,1d+1h+4h,0.477,False,nofill,0.0
2026-06-15 15:30:00-04:00,411.22,418.01,418.28,418.01,423.7,88.0,56,1d+1h+4h,0.388,False,nofill,0.0
2026-06-16 09:30:00-04:00,403.0,417.86,418.15,417.86,424.04,88.0,56,1d+1h+4h,0.869,False,nofill,0.0
2026-06-16 10:30:00-04:00,405.19,417.86,418.17,417.86,424.39,88.0,56,1d+1h+4h,0.741,False,nofill,0.0
2026-06-16 11:30:00-04:00,405.24,417.86,418.16,417.86,424.13,88.0,56,1d+1h+4h,0.738,False,nofill,0.0
2026-06-16 12:30:00-04:00,404.65,417.86,418.14,417.86,423.83,88.0,56,1d+1h+4h,0.773,False,nofill,0.0
2026-06-16 13:30:00-04:00,405.6,417.86,418.13,417.86,423.61,89.8,57,1d+1h+4h,0.717,False,nofill,0.0
2026-06-16 14:30:00-04:00,407.05,417.86,418.12,417.86,423.41,89.8,57,1d+1h+4h,0.632,False,nofill,0.0
2026-06-16 15:30:00-04:00,404.67,417.86,418.12,417.86,423.28,89.8,57,1d+1h+4h,0.772,False,nofill,0.0
2026-06-17 09:30:00-04:00,401.68,418.01,418.27,418.01,423.55,87.0,55,1d+1h+4h,0.975,False,nofill,0.0
2026-06-17 10:30:00-04:00,398.68,418.01,418.27,418.01,423.48,87.0,55,1d+1h+4h,1.155,False,nofill,0.0
2026-06-17 11:30:00-04:00,404.63,418.01,418.28,418.01,423.59,87.0,55,1d+1h+4h,0.799,False,nofill,0.0
2026-06-17 12:30:00-04:00,404.24,418.01,418.27,418.01,423.44,87.0,55,1d+1h+4h,0.823,False,nofill,0.0
2026-06-17 13:30:00-04:00,401.23,418.01,418.28,418.01,423.61,87.0,55,1d+1h+4h,1.002,False,nofill,0.0
2026-06-17 14:30:00-04:00,397.78,418.01,418.28,418.01,423.72,87.0,55,1d+1h+4h,1.209,False,nofill,0.0
2026-06-17 15:30:00-04:00,396.32,418.01,418.28,418.01,423.66,87.0,55,1d+1h+4h,1.296,False,nofill,0.0
2026-06-18 09:30:00-04:00,386.14,418.01,418.31,418.01,424.28,90.0,56,1d+1h+4h,1.895,False,nofill,0.0
2026-06-18 10:30:00-04:00,389.55,418.01,418.31,418.01,424.31,90.0,56,1d+1h+4h,1.692,False,nofill,0.0
2026-06-18 11:30:00-04:00,392.2,418.01,418.31,418.01,424.31,90.0,56,1d+1h+4h,1.535,False,nofill,0.0
2026-06-18 12:30:00-04:00,395.19,418.01,418.3,418.01,424.15,90.0,56,1d+1h+4h,1.357,False,nofill,0.0
2026-06-18 13:30:00-04:00,394.2,418.01,418.29,418.01,423.94,90.0,56,1d+1h+4h,1.416,False,nofill,0.0
2026-06-18 14:30:00-04:00,395.87,418.01,418.28,418.01,423.71,90.0,56,1d+1h+4h,1.316,False,nofill,0.0
2026-06-18 15:30:00-04:00,400.43,418.01,418.29,418.01,423.83,90.0,56,1d+1h+4h,1.045,False,nofill,0.0
2026-06-22 09:30:00-04:00,409.8,417.86,418.19,417.86,424.79,92.8,58,1d+1h+4h,0.472,False,nofill,0.0
2026-06-22 10:30:00-04:00,409.72,417.86,418.2,417.86,425.05,92.8,58,1d+1h+4h,0.477,False,nofill,0.0
2026-06-22 11:30:00-04:00,407.17,417.86,418.19,417.86,424.89,92.8,58,1d+1h+4h,0.626,False,nofill,0.0
2026-06-22 12:30:00-04:00,407.05,417.86,418.18,417.86,424.64,93.8,59,1d+1h+4h,0.633,False,nofill,0.0
2026-06-22 13:30:00-04:00,407.1,417.86,418.17,417.86,424.45,93.8,59,1d+1h+4h,0.631,False,nofill,0.0
2026-06-22 14:30:00-04:00,406.16,417.86,418.17,417.86,424.37,93.8,59,1d+1h+4h,0.686,False,nofill,0.0
2026-06-22 15:30:00-04:00,405.04,417.86,418.16,417.86,424.11,93.8,59,1d+1h+4h,0.751,False,nofill,0.0
2026-06-23 09:30:00-04:00,388.08,417.86,418.2,417.86,425.08,93.8,59,1d+1h+4h,1.681,False,nofill,0.0
2026-06-23 10:30:00-04:00,383.58,418.01,418.35,418.01,425.19,93.8,59,1d+1h+4h,1.945,False,nofill,0.0
2026-06-23 11:30:00-04:00,383.44,418.01,418.34,418.01,424.95,93.8,59,1d+1h+4h,1.952,False,nofill,0.0
2026-06-23 12:30:00-04:00,385.18,418.01,418.33,418.01,424.7,93.8,59,1d+1h+4h,1.854,False,nofill,0.0
2026-06-23 13:30:00-04:00,381.55,416.9,417.21,416.9,423.51,87.0,55,1d+1h+4h,1.996,False,nofill,0.0
2026-06-23 14:30:00-04:00,381.62,417.0,417.3,417.0,423.37,87.0,55,1d+1h+4h,1.998,False,nofill,0.0
2026-06-23 15:30:00-04:00,381.57,416.9,417.19,416.9,422.96,87.0,55,1d+1h+4h,1.995,False,nofill,0.0
2026-06-24 09:30:00-04:00,382.0,416.38,416.67,416.38,422.45,85.2,54,1d+1h+4h,1.991,False,nofill,0.0
2026-06-24 10:30:00-04:00,383.77,417.86,418.15,417.86,423.86,95.6,60,1d+1h+4h,1.974,False,nofill,0.0
2026-06-24 11:30:00-04:00,381.38,415.75,416.03,415.75,421.61,85.2,54,1d+1h+4h,1.991,False,nofill,0.0
2026-06-24 12:30:00-04:00,375.52,384.29,384.57,384.29,390.19,68.4,42,1d+1h+4h,0.508,False,nofill,0.0
2026-06-24 13:30:00-04:00,376.98,383.49,383.76,383.49,389.26,68.4,42,1d+1h+4h,0.377,False,nofill,0.0
2026-06-24 14:30:00-04:00,376.22,384.29,384.56,384.29,389.96,68.4,42,1d+1h+4h,0.467,False,nofill,0.0
2026-06-24 15:30:00-04:00,375.36,384.29,384.55,384.29,389.72,68.4,42,1d+1h+4h,0.517,False,nofill,0.0
2026-06-25 09:30:00-04:00,376.42,384.02,384.29,384.02,389.65,68.4,42,1d+1h+4h,0.458,False,nofill,0.0
2026-06-25 10:30:00-04:00,375.0,383.49,383.76,383.49,389.16,68.4,42,1d+1h+4h,0.512,False,nofill,0.0
2026-06-25 11:30:00-04:00,374.39,384.02,384.28,384.02,389.53,68.4,42,1d+1h+4h,0.58,False,nofill,0.0
2026-06-25 12:30:00-04:00,374.36,384.02,384.28,384.02,389.38,68.4,42,1d+1h+4h,0.582,False,nofill,0.0
2026-06-25 13:30:00-04:00,375.9,384.02,384.27,384.02,389.26,68.4,42,1d+1h+4h,0.489,False,nofill,0.0
2026-06-25 14:30:00-04:00,373.54,383.49,383.73,383.49,388.61,68.4,42,1d+1h+4h,0.599,True,scratch,-0.12346900020382412
2026-06-25 15:30:00-04:00,375.15,383.76,383.99,383.76,388.68,68.4,42,1d+1h+4h,0.519,True,scratch,-0.12091129634570486
2026-06-26 09:30:00-04:00,377.4,384.24,384.49,384.24,389.5,68.4,42,1d+1h+4h,0.408,True,scratch,-0.12511020438578102
2026-06-26 10:30:00-04:00,384.9,418.01,418.27,418.01,423.56,95.8,59,1d+1h+4h,1.973,False,nofill,0.0
2026-06-26 11:30:00-04:00,383.02,416.38,416.65,416.38,421.95,88.2,55,1d+1h+4h,1.988,False,nofill,0.0
2026-06-26 12:30:00-04:00,385.68,418.01,418.27,418.01,423.51,95.8,59,1d+1h+4h,1.926,False,nofill,0.0
2026-06-26 13:30:00-04:00,382.55,415.83,416.09,415.83,421.24,83.4,53,1d+1h+4h,1.983,False,nofill,0.0
2026-06-26 14:30:00-04:00,379.76,412.5,412.76,412.5,417.86,72.0,44,1d+1h+4h,1.951,False,nofill,0.0
2026-06-26 15:30:00-04:00,379.19,412.5,412.75,412.5,417.81,72.0,44,1d+1h+4h,1.985,False,nofill,0.0
2026-06-29 09:30:00-04:00,395.66,418.01,418.31,418.01,424.25,98.6,61,1d+1h+4h,1.241,False,nofill,0.0
2026-06-29 10:30:00-04:00,397.71,418.01,418.3,418.01,424.1,98.6,61,1d+1h+4h,1.127,False,nofill,0.0
2026-06-29 11:30:00-04:00,403.99,417.86,418.15,417.86,424.01,98.6,61,1d+1h+4h,0.77,False,nofill,0.0
2026-06-29 12:30:00-04:00,408.79,417.86,418.16,417.86,424.1,98.6,61,1d+1h+4h,0.504,False,nofill,0.0
2026-06-29 13:30:00-04:00,409.0,417.86,418.14,417.86,423.84,98.6,61,1d+1h+4h,0.492,False,nofill,0.0
2026-06-29 14:30:00-04:00,411.94,418.01,418.29,418.01,423.91,98.6,61,1d+1h+4h,0.337,False,nofill,0.0
2026-06-29 15:30:00-04:00,411.79,418.01,418.28,418.01,423.66,98.6,61,1d+1h+4h,0.345,False,nofill,0.0
2026-06-30 09:30:00-04:00,414.9,418.01,418.3,418.01,424.02,98.6,61,1d+1h+4h,0.172,True,scratch,-0.12841545348766248
2026-06-30 10:30:00-04:00,415.46,417.64,417.92,417.64,423.5,98.6,61,1d+1h+4h,0.121,True,scratch,-0.12674473790758034
2026-06-30 11:30:00-04:00,416.44,417.64,417.91,417.64,423.3,98.6,61,1d+1h+4h,0.066,True,scratch,-0.12441155138472881
2026-06-30 12:30:00-04:00,418.26,419.98,420.24,419.98,425.47,85.0,55,1d+1h+4h,0.095,True,scratch,-0.12209770022358901
2026-06-30 13:30:00-04:00,418.96,419.98,420.24,419.98,425.35,85.0,55,1d+1h+4h,0.056,True,scratch,-0.12076177735493854
2026-06-30 14:30:00-04:00,423.46,424.37,424.62,424.37,429.81,59.0,43,1d+1h+4h,0.05,True,scratch,-0.12105236652778517
2026-06-30 15:30:00-04:00,420.32,421.25,421.5,421.25,426.57,66.4,44,1d+1h+4h,0.052,True,target,1.1418557124496242
2026-07-01 09:30:00-04:00,427.08,449.4,449.67,449.4,455.06,50.4,34,1d+1h+4h,1.253,False,nofill,0.0
2026-07-01 10:30:00-04:00,431.82,449.4,449.68,449.4,455.32,50.4,34,1d+1h+4h,0.987,False,nofill,0.0
2026-07-01 11:30:00-04:00,428.0,449.4,449.68,449.4,455.27,50.4,34,1d+1h+4h,1.201,False,nofill,0.0
2026-07-01 12:30:00-04:00,426.48,449.31,449.58,449.31,454.98,50.4,34,1d+1h+4h,1.281,False,nofill,0.0
2026-07-01 13:30:00-04:00,424.6,426.33,426.59,426.33,431.78,57.4,45,1d+1h+4h,0.097,True,scratch,-0.12083400454215854
2026-07-01 14:30:00-04:00,425.99,449.16,449.41,449.16,454.44,50.4,34,1d+1h+4h,1.301,False,nofill,0.0
2026-07-01 15:30:00-04:00,425.37,426.33,426.57,426.33,431.41,57.4,45,1d+1h+4h,0.054,True,scratch,-0.11665625928984902
2026-07-02 09:30:00-04:00,401.51,418.5,418.84,418.5,425.57,100.6,63,1d+1h+4h,0.866,False,nofill,0.0
2026-07-02 10:30:00-04:00,396.93,418.5,418.84,418.5,425.69,100.6,63,1d+1h+4h,1.1,False,nofill,0.0
2026-07-02 11:30:00-04:00,392.93,418.5,418.85,418.5,425.78,100.6,63,1d+1h+4h,1.303,False,nofill,0.0
2026-07-02 12:30:00-04:00,391.03,418.5,418.83,418.5,425.5,100.6,63,1d+1h+4h,1.4,False,nofill,0.0
2026-07-02 13:30:00-04:00,393.74,418.5,418.83,418.5,425.35,100.6,63,1d+1h+4h,1.262,False,nofill,0.0
2026-07-02 14:30:00-04:00,391.21,418.5,418.82,418.5,425.24,100.6,63,1d+1h+4h,1.391,False,nofill,0.0
2026-07-02 15:30:00-04:00,392.82,418.5,418.81,418.5,425.0,100.6,63,1d+1h+4h,1.309,False,nofill,0.0
2026-07-06 09:30:00-04:00,405.22,418.5,418.85,418.5,425.76,100.6,63,1d+1h+4h,0.653,True,scratch,-0.14242114836712227
2026-07-06 10:30:00-04:00,411.38,418.5,418.85,418.5,425.86,100.6,63,1d+1h+4h,0.35,True,scratch,-0.14357913566817038
2026-07-06 11:30:00-04:00,416.71,418.5,418.85,418.5,425.88,100.6,63,1d+1h+4h,0.088,True,scratch,-0.14386246281001824
2026-07-06 12:30:00-04:00,416.64,418.5,418.84,418.5,425.64,100.6,63,1d+1h+4h,0.092,True,scratch,-0.1411455052028332
2026-07-06 13:30:00-04:00,417.62,419.08,419.41,419.08,425.98,99.8,65,1d+1h+4h,0.072,True,scratch,-0.13831806427322402
2026-07-06 14:30:00-04:00,417.2,418.5,418.81,418.5,425.09,100.6,63,1d+1h+4h,0.064,True,scratch,-0.13484535199148606
2026-07-06 15:30:00-04:00,419.77,421.25,421.55,421.25,427.64,80.0,52,1d+1h+4h,0.073,False,nofill,0.0
2026-07-07 09:30:00-04:00,409.42,418.5,418.83,418.5,425.4,100.6,63,1d+1h+4h,0.45,False,nofill,0.0
2026-07-07 10:30:00-04:00,406.35,418.5,418.82,418.5,425.26,100.6,63,1d+1h+4h,0.603,False,nofill,0.0
2026-07-07 11:30:00-04:00,407.43,418.5,418.81,418.5,425.04,101.6,64,1d+1h+4h,0.549,False,nofill,0.0
2026-07-07 12:30:00-04:00,406.98,418.5,418.8,418.5,424.9,101.6,64,1d+1h+4h,0.571,False,nofill,0.0
2026-07-07 13:30:00-04:00,406.46,418.5,418.79,418.5,424.62,101.6,64,1d+1h+4h,0.597,False,nofill,0.0
2026-07-07 14:30:00-04:00,403.05,418.5,418.79,418.5,424.53,101.6,64,1d+1h+4h,0.767,False,nofill,0.0
2026-07-07 15:30:00-04:00,402.98,418.5,418.78,418.5,424.32,101.6,64,1d+1h+4h,0.77,False,nofill,0.0
2026-07-08 09:30:00-04:00,395.34,418.5,418.79,418.5,424.62,101.6,64,1d+1h+4h,1.182,False,nofill,0.0
2026-07-08 10:30:00-04:00,391.97,418.5,418.79,418.5,424.53,101.6,64,1d+1h+4h,1.354,False,nofill,0.0
2026-07-08 11:30:00-04:00,393.86,418.5,418.78,418.5,424.32,101.6,64,1d+1h+4h,1.258,False,nofill,0.0
2026-07-08 12:30:00-04:00,394.87,418.5,418.77,418.5,424.08,101.6,64,1d+1h+4h,1.206,False,nofill,0.0
2026-07-08 13:30:00-04:00,391.43,418.5,418.76,418.5,424.0,101.6,64,1d+1h+4h,1.381,False,nofill,0.0
2026-07-08 14:30:00-04:00,392.79,418.5,418.75,418.5,423.81,101.6,64,1d+1h+4h,1.312,False,nofill,0.0
2026-07-08 15:30:00-04:00,393.87,418.5,418.75,418.5,423.68,101.6,64,1d+1h+4h,1.257,False,nofill,0.0
2026-07-09 09:30:00-04:00,394.52,418.5,418.76,418.5,423.88,101.6,64,1d+1h+4h,1.235,False,nofill,0.0
2026-07-09 10:30:00-04:00,395.8,418.5,418.75,418.5,423.79,101.6,64,1d+1h+4h,1.17,False,nofill,0.0
2026-07-09 11:30:00-04:00,398.62,418.5,418.76,418.5,423.89,101.6,64,1d+1h+4h,1.024,False,nofill,0.0
2026-07-09 12:30:00-04:00,404.46,418.5,418.76,418.5,424.06,101.6,64,1d+1h+4h,0.723,False,nofill,0.0
2026-07-09 13:30:00-04:00,407.39,418.5,418.76,418.5,424.04,101.6,64,1d+1h+4h,0.572,False,nofill,0.0
2026-07-09 14:30:00-04:00,405.75,418.5,418.75,418.5,423.82,101.6,64,1d+1h+4h,0.657,False,nofill,0.0
2026-07-09 15:30:00-04:00,406.54,418.5,418.74,418.5,423.64,101.6,64,1d+1h+4h,0.616,False,nofill,0.0
2026-07-10 09:30:00-04:00,407.58,418.01,418.26,418.01,423.36,100.6,63,1d+1h+4h,0.556,False,nofill,0.0
2026-07-10 10:30:00-04:00,409.56,418.01,418.27,418.01,423.5,100.6,63,1d+1h+4h,0.45,False,nofill,0.0
2026-07-10 11:30:00-04:00,410.66,418.01,418.27,418.01,423.51,100.6,63,1d+1h+4h,0.392,False,nofill,0.0
2026-07-10 12:30:00-04:00,410.2,418.01,418.27,418.01,423.48,100.6,63,1d+1h+4h,0.417,False,nofill,0.0
2026-07-10 13:30:00-04:00,408.92,418.01,418.26,418.01,423.31,100.6,63,1d+1h+4h,0.484,False,nofill,0.0
2026-07-10 14:30:00-04:00,408.9,418.01,418.25,418.01,423.09,100.6,63,1d+1h+4h,0.486,False,nofill,0.0
2026-07-10 15:30:00-04:00,407.74,418.01,418.25,418.01,422.97,100.6,63,1d+1h+4h,0.547,False,nofill,0.0
2026-07-13 09:30:00-04:00,397.78,418.01,418.28,418.01,423.75,100.6,63,1d+1h+4h,1.088,False,nofill,0.0
2026-07-13 10:30:00-04:00,397.24,417.64,417.9,417.64,423.19,100.6,63,1d+1h+4h,1.097,False,nofill,0.0
2026-07-13 11:30:00-04:00,394.15,417.64,417.9,417.64,423.14,100.6,63,1d+1h+4h,1.263,False,nofill,0.0
2026-07-13 12:30:00-04:00,393.41,418.01,418.26,418.01,423.29,100.6,63,1d+1h+4h,1.323,False,nofill,0.0
2026-07-13 13:30:00-04:00,392.62,417.64,417.88,417.64,422.67,102.4,64,1d+1h+4h,1.346,False,nofill,0.0
2026-07-13 14:30:00-04:00,392.05,417.64,417.87,417.64,422.47,102.4,64,1d+1h+4h,1.376,False,nofill,0.0
2026-07-13 15:30:00-04:00,394.75,417.64,417.86,417.64,422.35,102.4,64,1d+1h+4h,1.231,False,nofill,0.0
2026-07-14 09:30:00-04:00,397.51,418.01,418.24,418.01,422.84,99.6,62,1d+1h+4h,1.152,False,nofill,0.0
2026-07-14 10:30:00-04:00,399.71,417.44,417.67,417.44,422.34,99.6,62,1d+1h+4h,0.996,False,nofill,0.0
2026-07-14 11:30:00-04:00,396.5,417.44,417.67,417.44,422.31,99.6,62,1d+1h+4h,1.177,False,nofill,0.0
2026-07-14 12:30:00-04:00,395.34,418.01,418.24,418.01,422.78,99.6,62,1d+1h+4h,1.274,False,nofill,0.0
2026-07-14 13:30:00-04:00,396.42,417.44,417.66,417.44,422.02,99.6,62,1d+1h+4h,1.181,False,nofill,0.0
2026-07-14 14:30:00-04:00,396.6,417.44,417.65,417.44,421.84,99.6,62,1d+1h+4h,1.171,False,nofill,0.0
2026-07-14 15:30:00-04:00,396.06,418.01,418.21,418.01,422.23,99.6,62,1d+1h+4h,1.233,False,nofill,0.0
2026-07-15 09:30:00-04:00,397.65,418.01,418.24,418.01,422.93,99.6,62,1d+1h+4h,1.153,False,nofill,0.0
2026-07-15 10:30:00-04:00,397.44,418.01,418.24,418.01,422.88,99.6,62,1d+1h+4h,1.165,False,nofill,0.0
2026-07-15 11:30:00-04:00,392.68,418.01,418.25,418.01,422.99,99.6,62,1d+1h+4h,1.434,False,nofill,0.0
2026-07-15 12:30:00-04:00,395.96,418.01,418.25,418.01,423.05,99.6,62,1d+1h+4h,1.248,False,nofill,0.0
2026-07-15 13:30:00-04:00,396.57,418.01,418.25,418.01,422.96,99.6,62,1d+1h+4h,1.214,False,nofill,0.0
2026-07-15 14:30:00-04:00,394.76,417.86,418.09,417.86,422.7,99.6,62,1d+1h+4h,1.308,False,nofill,0.0
2026-07-15 15:30:00-04:00,394.19,418.01,418.23,418.01,422.6,99.6,62,1d+1h+4h,1.348,False,nofill,0.0
2026-07-16 09:30:00-04:00,394.6,417.86,418.1,417.86,422.85,99.6,62,1d+1h+4h,1.359,False,nofill,0.0
2026-07-16 10:30:00-04:00,393.73,417.86,418.09,417.86,422.74,99.6,62,1d+1h+4h,1.41,False,nofill,0.0
2026-07-16 11:30:00-04:00,389.29,417.86,418.1,417.86,422.9,99.6,62,1d+1h+4h,1.669,False,nofill,0.0
2026-07-16 12:30:00-04:00,389.02,417.86,418.09,417.86,422.72,99.6,62,1d+1h+4h,1.685,False,nofill,0.0
2026-07-16 13:30:00-04:00,390.56,417.86,418.09,417.86,422.69,99.6,62,1d+1h+4h,1.595,False,nofill,0.0
2026-07-16 14:30:00-04:00,390.3,417.86,418.08,417.86,422.51,99.6,62,1d+1h+4h,1.61,False,nofill,0.0
2026-07-16 15:30:00-04:00,391.1,417.86,418.07,417.86,422.37,99.6,62,1d+1h+4h,1.563,False,nofill,0.0
2026-07-17 09:30:00-04:00,380.95,414.7,414.95,414.7,419.93,80.4,52,1d+1h+4h,1.999,False,nofill,0.0
2026-07-17 10:30:00-04:00,380.65,414.33,414.57,414.33,419.44,80.4,52,1d+1h+4h,1.995,False,nofill,0.0
2026-07-17 11:30:00-04:00,382.55,416.0,416.25,416.0,421.15,87.2,56,1d+1h+4h,1.981,False,nofill,0.0
2026-07-17 12:30:00-04:00,384.53,418.01,418.25,418.01,423.06,96.8,60,1d+1h+4h,1.983,False,nofill,0.0
2026-07-17 13:30:00-04:00,381.65,415.41,415.65,415.41,420.36,86.2,55,1d+1h+4h,2.0,False,nofill,0.0
2026-07-17 14:30:00-04:00,382.46,416.0,416.23,416.0,420.74,87.2,56,1d+1h+4h,1.987,False,nofill,0.0
2026-07-17 15:30:00-04:00,380.69,414.33,414.55,414.33,418.92,80.4,52,1d+1h+4h,1.993,False,nofill,0.0
2026-07-20 09:30:00-04:00,374.85,384.29,384.54,384.29,389.51,70.4,44,1d+1h+4h,0.558,False,nofill,0.0
2026-07-20 10:30:00-04:00,373.92,384.29,384.53,384.29,389.34,70.4,44,1d+1h+4h,0.613,False,nofill,0.0
2026-07-20 11:30:00-04:00,375.32,384.29,384.53,384.29,389.38,70.4,44,1d+1h+4h,0.531,False,nofill,0.0
2026-07-20 12:30:00-04:00,372.18,384.24,384.48,384.24,389.23,71.4,45,1d+1h+4h,0.713,False,nofill,0.0
2026-07-20 13:30:00-04:00,372.59,384.29,384.52,384.29,389.21,71.4,45,1d+1h+4h,0.692,False,nofill,0.0
2026-07-20 14:30:00-04:00,371.05,384.29,384.52,384.29,389.1,71.4,45,1d+1h+4h,0.783,False,nofill,0.0
2026-07-20 15:30:00-04:00,369.59,384.29,384.51,384.29,388.94,71.4,45,1d+1h+4h,0.87,False,nofill,0.0
2026-07-21 09:30:00-04:00,382.61,415.83,416.08,415.83,421.18,87.2,56,1d+1h+4h,1.985,False,nofill,0.0
2026-07-21 10:30:00-04:00,381.91,415.25,415.5,415.25,420.45,86.2,55,1d+1h+4h,1.993,False,nofill,0.0
2026-07-21 11:30:00-04:00,381.34,414.75,414.99,414.75,419.72,80.4,52,1d+1h+4h,1.997,False,nofill,0.0
2026-07-21 12:30:00-04:00,379.43,412.5,412.73,412.5,417.31,74.8,46,1d+1h+4h,1.976,False,nofill,0.0
2026-07-21 13:30:00-04:00,380.04,413.16,413.38,413.16,417.75,75.6,48,1d+1h+4h,1.979,False,nofill,0.0
2026-07-21 14:30:00-04:00,376.9,384.24,384.45,384.24,388.75,71.4,45,1d+1h+4h,0.439,False,nofill,0.0
2026-07-21 15:30:00-04:00,378.92,384.24,384.45,384.24,388.64,71.4,45,1d+1h+4h,0.318,False,nofill,0.0
2026-07-22 09:30:00-04:00,377.48,384.07,384.28,384.07,388.55,71.4,45,1d+1h+4h,0.41,False,nofill,0.0
2026-07-22 10:30:00-04:00,378.0,384.07,384.28,384.07,388.41,71.4,45,1d+1h+4h,0.378,False,nofill,0.0
2026-07-22 11:30:00-04:00,377.37,384.07,384.27,384.07,388.31,71.4,45,1d+1h+4h,0.417,False,nofill,0.0
2026-07-22 12:30:00-04:00,377.2,384.07,384.26,384.07,388.12,71.4,45,1d+1h+4h,0.428,False,nofill,0.0
2026-07-22 13:30:00-04:00,375.76,384.02,384.21,384.02,387.94,71.4,45,1d+1h+4h,0.514,False,nofill,0.0
2026-07-22 14:30:00-04:00,374.8,384.07,384.25,384.07,387.88,71.4,45,1d+1h+4h,0.577,False,nofill,0.0
2026-07-22 15:30:00-04:00,374.05,384.07,384.25,384.07,387.79,71.4,45,1d+1h+4h,0.624,False,nofill,0.0
2026-07-23 09:30:00-04:00,323.92,360.0,360.35,360.0,367.29,62.8,40,1d+1h+4h,1.892,False,nofill,0.0
2026-07-23 10:30:00-04:00,319.54,353.08,353.43,353.08,360.38,59.4,37,1d+1h+4h,1.759,False,nofill,0.0
2026-07-23 11:30:00-04:00,325.17,360.0,360.35,360.0,367.3,62.8,40,1d+1h+4h,1.826,False,nofill,0.0
2026-07-23 12:30:00-04:00,321.67,359.47,359.81,359.47,366.6,61.0,39,1d+1h+4h,1.982,False,nofill,0.0
2026-07-23 13:30:00-04:00,321.2,322.5,322.82,322.5,329.29,59.4,39,1d+1h+4h,0.068,True,scratch,-0.16012668430652743
2026-07-23 14:30:00-04:00,319.84,322.5,322.81,322.5,329.0,59.4,39,1d+1h+4h,0.139,True,scratch,-0.15584112117972282
2026-07-23 15:30:00-04:00,319.46,353.08,353.39,353.08,359.69,59.4,37,1d+1h+4h,1.763,False,nofill,0.0
2026-07-24 09:30:00-04:00,312.55,322.77,323.1,322.77,329.73,59.4,39,1d+1h+4h,0.541,False,nofill,0.0
2026-07-24 10:30:00-04:00,310.38,322.77,323.1,322.77,329.6,59.4,39,1d+1h+4h,0.656,False,nofill,0.0
2026-07-24 11:30:00-04:00,310.46,322.77,323.08,322.77,329.28,59.4,39,1d+1h+4h,0.652,False,nofill,0.0
2026-07-24 12:30:00-04:00,309.45,322.5,322.8,322.5,328.79,59.4,39,1d+1h+4h,0.691,False,nofill,0.0
2026-07-24 13:30:00-04:00,307.32,322.77,323.06,322.77,328.82,59.4,39,1d+1h+4h,0.818,False,nofill,0.0
2026-07-24 14:30:00-04:00,309.29,322.5,322.78,322.5,328.37,59.4,39,1d+1h+4h,0.7,False,nofill,0.0
2026-07-24 15:30:00-04:00,313.0,322.5,322.77,322.5,328.25,59.4,39,1d+1h+4h,0.503,False,nofill,0.0
2026-07-27 09:30:00-04:00,306.98,322.77,323.06,322.77,328.87,59.4,39,1d+1h+4h,0.856,False,nofill,0.0
2026-07-27 10:30:00-04:00,308.55,322.77,323.06,322.77,328.92,59.4,39,1d+1h+4h,0.771,False,nofill,0.0
2026-07-27 11:30:00-04:00,309.4,322.77,323.05,322.77,328.74,59.4,39,1d+1h+4h,0.725,False,nofill,0.0
2026-07-27 12:30:00-04:00,307.39,322.77,323.05,322.77,328.58,59.4,39,1d+1h+4h,0.834,False,nofill,0.0
2026-07-27 13:30:00-04:00,306.5,322.77,323.04,322.77,328.41,59.4,39,1d+1h+4h,0.882,False,nofill,0.0
2026-07-27 14:30:00-04:00,308.33,322.77,323.03,322.77,328.26,59.4,39,1d+1h+4h,0.783,False,nofill,0.0
2026-07-27 15:30:00-04:00,309.24,322.77,323.02,322.77,328.01,59.4,39,1d+1h+4h,0.734,False,nofill,0.0
2026-07-28 09:30:00-04:00,302.59,322.77,323.03,322.77,328.28,57.4,37,1d+1h+4h,1.129,False,nofill,0.0
2026-07-28 10:30:00-04:00,306.27,322.6,322.86,322.6,328.12,57.4,37,1d+1h+4h,0.914,False,nofill,0.0
2026-07-28 11:30:00-04:00,306.56,322.6,322.86,322.6,328.12,57.4,37,1d+1h+4h,0.897,False,nofill,0.0
2026-07-28 12:30:00-04:00,307.18,322.6,322.85,322.6,327.86,57.4,37,1d+1h+4h,0.863,False,nofill,0.0
2026-07-28 13:30:00-04:00,306.78,322.77,323.01,322.77,327.8,57.4,37,1d+1h+4h,0.895,False,nofill,0.0
2026-07-28 14:30:00-04:00,306.7,322.6,322.83,322.6,327.42,57.4,37,1d+1h+4h,0.889,False,nofill,0.0
2026-07-28 15:30:00-04:00,307.49,322.6,322.82,322.6,327.26,57.4,37,1d+1h+4h,0.845,False,nofill,0.0
2026-07-29 09:30:00-04:00,303.33,322.77,323.0,322.77,327.6,56.4,36,1d+1h+4h,1.115,False,nofill,0.0
2026-07-29 10:30:00-04:00,302.64,322.77,322.99,322.77,327.46,56.4,36,1d+1h+4h,1.155,False,nofill,0.0
2026-07-29 11:30:00-04:00,300.9,322.77,322.99,322.77,327.43,56.4,36,1d+1h+4h,1.255,False,nofill,0.0
2026-07-29 12:30:00-04:00,302.46,322.77,322.99,322.77,327.35,56.4,36,1d+1h+4h,1.165,False,nofill,0.0
2026-07-29 13:30:00-04:00,302.63,322.77,322.99,322.77,327.29,56.4,36,1d+1h+4h,1.155,False,nofill,0.0
2026-07-29 14:30:00-04:00,302.07,322.77,322.99,322.77,327.47,56.4,36,1d+1h+4h,1.187,False,nofill,0.0
2026-07-29 15:30:00-04:00,298.35,322.77,323.0,322.77,327.52,56.4,36,1d+1h+4h,1.401,False,nofill,0.0
2026-07-30 09:30:00-04:00,309.12,322.5,322.75,322.5,327.72,54.6,35,1d+1h+4h,0.783,False,nofill,0.0
2026-07-30 10:30:00-04:00,304.53,322.4,322.65,322.4,327.67,54.6,35,1d+1h+4h,1.046,False,nofill,0.0
2026-07-30 11:30:00-04:00,307.0,322.4,322.64,322.4,327.52,54.6,35,1d+1h+4h,0.902,False,nofill,0.0
2026-07-30 12:30:00-04:00,306.91,322.5,322.74,322.5,327.48,54.6,35,1d+1h+4h,0.913,False,nofill,0.0
2026-07-30 13:30:00-04:00,307.54,322.4,322.63,322.4,327.16,54.6,35,1d+1h+4h,0.87,False,nofill,0.0
2026-07-30 14:30:00-04:00,309.83,322.4,322.62,322.4,327.07,54.6,35,1d+1h+4h,0.736,False,nofill,0.0
2026-07-30 15:30:00-04:00,308.89,322.5,322.72,322.5,327.04,54.6,35,1d+1h+4h,0.797,False,nofill,0.0
2026-07-31 09:30:00-04:00,304.35,329.3,329.55,329.3,334.53,54.2,35,1d+1h+4h,1.483,False,nofill,0.0
2026-07-31 10:30:00-04:00,305.76,329.3,329.55,329.3,334.6,54.2,35,1d+1h+4h,1.398,False,nofill,0.0
2026-07-31 11:30:00-04:00,309.4,329.3,329.55,329.3,334.52,54.2,35,1d+1h+4h,1.182,False,nofill,0.0
2026-07-31 12:30:00-04:00,310.5,317.5,317.73,317.5,322.52,54.8,34,1d+1h+4h,0.416,False,nofill,0.0
2026-07-31 13:30:00-04:00,310.92,317.5,317.73,317.5,322.34,54.8,34,1d+1h+4h,0.391,True,target,1.3911626387010045
2026-07-31 14:30:00-04:00,310.44,317.5,317.72,317.5,322.12,54.8,34,1d+1h+4h,0.42,True,target,1.3266480765549593
2026-07-31 15:30:00-04:00,311.12,317.5,317.71,317.5,322.04,54.8,34,1d+1h+4h,0.379,True,target,1.3020241326420212
2026-08-03 09:30:00-04:00,318.71,322.6,322.83,322.6,327.49,53.6,34,1d+1h+4h,0.233,True,scratch,-0.1321048463581609
2026-08-03 10:30:00-04:00,323.14,352.14,352.38,352.14,357.19,53.6,34,1d+1h+4h,1.742,False,nofill,0.0
2026-08-03 11:30:00-04:00,322.08,352.14,352.37,352.14,357.0,53.6,34,1d+1h+4h,1.806,False,nofill,0.0
2026-08-03 12:30:00-04:00,322.12,352.14,352.37,352.14,356.87,53.6,34,1d+1h+4h,1.803,False,nofill,0.0
2026-08-03 13:30:00-04:00,321.43,322.6,322.81,322.6,327.12,54.6,35,1d+1h+4h,0.07,True,scratch,-0.12666637492093624
2026-08-03 14:30:00-04:00,322.75,352.14,352.35,352.14,356.61,53.6,34,1d+1h+4h,1.766,False,nofill,0.0
2026-08-03 15:30:00-04:00,322.13,352.14,352.34,352.14,356.44,53.6,34,1d+1h+4h,1.803,False,nofill,0.0
2026-08-04 09:30:00-04:00,323.73,352.14,352.35,352.14,356.59,51.6,32,1d+1h+4h,1.767,False,nofill,0.0
2026-08-04 10:30:00-04:00,323.93,352.14,352.35,352.14,356.45,51.6,32,1d+1h+4h,1.754,False,nofill,0.0
2026-08-04 11:30:00-04:00,324.6,352.14,352.34,352.14,356.36,51.6,32,1d+1h+4h,1.713,False,nofill,0.0
2026-08-04 12:30:00-04:00,327.05,352.14,352.34,352.14,356.29,51.6,32,1d+1h+4h,1.56,False,nofill,0.0
2026-08-04 13:30:00-04:00,326.43,352.14,352.33,352.14,356.16,51.6,32,1d+1h+4h,1.599,False,nofill,0.0
2026-08-04 14:30:00-04:00,327.76,352.14,352.33,352.14,356.11,51.6,32,1d+1h+4h,1.516,False,nofill,0.0
2026-08-04 15:30:00-04:00,327.42,352.14,352.32,352.14,355.97,51.6,32,1d+1h+4h,1.537,False,nofill,0.0
2026-08-05 09:30:00-04:00,324.12,352.14,352.33,352.14,356.22,51.6,32,1d+1h+4h,1.815,False,nofill,0.0
2026-08-05 10:30:00-04:00,322.27,352.14,352.33,352.14,356.22,51.6,32,1d+1h+4h,1.935,False,nofill,0.0
2026-08-05 11:30:00-04:00,323.62,352.14,352.33,352.14,356.09,51.6,32,1d+1h+4h,1.847,False,nofill,0.0
2026-08-05 12:30:00-04:00,323.03,352.14,352.32,352.14,355.94,51.6,32,1d+1h+4h,1.886,False,nofill,0.0
2026-08-05 13:30:00-04:00,321.97,352.14,352.31,352.14,355.8,51.6,32,1d+1h+4h,1.954,False,nofill,0.0
2026-08-05 14:30:00-04:00,322.71,323.63,323.8,323.63,327.23,51.6,34,1d+1h+4h,0.059,False,nofill,0.0
2026-08-05 15:30:00-04:00,321.46,352.14,352.3,352.14,355.6,51.6,32,1d+1h+4h,1.987,False,nofill,0.0
2026-08-06 09:30:00-04:00,320.77,327.85,328.03,327.85,331.55,52.6,33,1d+1h+4h,0.476,False,nofill,0.0
2026-08-06 10:30:00-04:00,321.7,327.85,328.03,327.85,331.58,52.6,33,1d+1h+4h,0.414,False,nofill,0.0
2026-08-06 11:30:00-04:00,318.62,327.85,328.03,327.85,331.61,52.6,33,1d+1h+4h,0.621,False,nofill,0.0
2026-08-06 12:30:00-04:00,317.91,327.85,328.02,327.85,331.48,52.6,33,1d+1h+4h,0.668,False,nofill,0.0
2026-08-06 13:30:00-04:00,318.58,327.85,328.02,327.85,331.36,52.6,33,1d+1h+4h,0.624,True,scratch,-0.11094580473717253
2026-08-06 14:30:00-04:00,318.77,327.85,328.01,327.85,331.23,52.6,33,1d+1h+4h,0.611,True,scratch,-0.10907946561548032
2026-08-06 15:30:00-04:00,319.62,323.63,323.79,323.63,326.91,52.6,35,1d+1h+4h,0.27,True,target,0.9040722089686204
2026-08-07 09:30:00-04:00,327.22,352.14,352.32,352.14,355.88,49.6,30,1d+1h+4h,1.681,False,nofill,0.0
2026-08-07 10:30:00-04:00,333.27,352.14,352.33,352.14,356.11,49.6,30,1d+1h+4h,1.273,False,nofill,0.0
2026-08-07 11:30:00-04:00,328.88,352.14,352.33,352.14,356.23,49.6,30,1d+1h+4h,1.57,False,nofill,0.0
2026-08-07 12:30:00-04:00,326.99,327.85,328.04,327.85,331.88,52.6,33,1d+1h+4h,0.058,True,scratch,-0.11848259031571606
2026-08-07 13:30:00-04:00,327.0,327.85,328.03,327.85,331.7,52.6,33,1d+1h+4h,0.057,True,scratch,-0.11579600852797967
2026-08-07 14:30:00-04:00,328.36,352.14,352.32,352.14,355.89,49.6,30,1d+1h+4h,1.604,False,nofill,0.0
2026-08-07 15:30:00-04:00,328.58,352.14,352.31,352.14,355.78,49.6,30,1d+1h+4h,1.589,False,nofill,0.0
2026-08-10 09:30:00-04:00,331.61,358.44,358.62,358.44,362.26,47.4,31,1d+1h+4h,1.892,False,nofill,0.0
2026-08-10 10:30:00-04:00,330.1,358.44,358.62,358.44,362.24,47.4,31,1d+1h+4h,1.998,False,nofill,0.0
2026-08-10 11:30:00-04:00,330.55,358.44,358.62,358.44,362.23,47.4,31,1d+1h+4h,1.966,False,nofill,0.0
2026-08-10 12:30:00-04:00,329.03,333.73,333.91,333.73,337.42,47.4,35,1d+1h+4h,0.331,False,nofill,0.0
2026-08-10 13:30:00-04:00,328.56,333.73,333.9,333.73,337.25,50.2,37,1d+1h+4h,0.364,True,scratch,-0.11015851547225841
2026-08-10 14:30:00-04:00,329.86,333.73,333.89,333.73,337.11,50.2,37,1d+1h+4h,0.273,True,scratch,-0.10822163826509357
2026-08-10 15:30:00-04:00,330.85,333.73,333.89,333.73,337.02,50.2,37,1d+1h+4h,0.203,True,scratch,-0.10685044824558787
2026-08-11 09:30:00-04:00,334.69,355.39,355.56,355.39,358.94,46.6,29,1d+1h+4h,1.517,False,nofill,0.0
2026-08-11 10:30:00-04:00,333.3,334.72,334.88,334.72,338.22,48.4,34,1d+1h+4h,0.104,False,nofill,0.0
2026-08-11 11:30:00-04:00,331.53,334.72,334.88,334.72,338.14,48.4,34,1d+1h+4h,0.234,False,nofill,0.0
2026-08-11 12:30:00-04:00,331.84,334.72,334.87,334.72,337.97,48.4,34,1d+1h+4h,0.211,False,nofill,0.0
2026-08-11 13:30:00-04:00,330.72,334.72,334.87,334.72,337.9,48.4,34,1d+1h+4h,0.293,True,scratch,-0.10521572195176798
2026-08-11 14:30:00-04:00,331.94,334.72,334.86,334.72,337.82,48.4,34,1d+1h+4h,0.203,True,scratch,-0.10411166494929125
2026-08-11 15:30:00-04:00,332.77,334.72,334.86,334.72,337.71,48.4,34,1d+1h+4h,0.143,True,scratch,-0.10251089049035933
2026-08-12 09:30:00-04:00,325.58,334.72,334.88,334.72,338.25,48.4,34,1d+1h+4h,0.675,False,nofill,0.0
2026-08-12 10:30:00-04:00,324.36,325.1,325.26,325.1,328.53,49.0,33,1d+1h+4h,0.055,True,target,0.9437494407278368
2026-08-12 11:30:00-04:00,326.94,334.72,334.88,334.72,338.16,48.4,34,1d+1h+4h,0.575,False,nofill,0.0
2026-08-12 12:30:00-04:00,326.29,334.72,334.87,334.72,338.0,48.4,34,1d+1h+4h,0.623,False,nofill,0.0
2026-08-12 13:30:00-04:00,326.51,334.72,334.87,334.72,337.86,48.4,34,1d+1h+4h,0.607,False,nofill,0.0
2026-08-12 14:30:00-04:00,327.68,334.72,334.86,334.72,337.76,48.4,34,1d+1h+4h,0.52,True,scratch,-0.10322901758875735
2026-08-12 15:30:00-04:00,327.45,334.72,334.85,334.72,337.62,48.4,34,1d+1h+4h,0.537,True,scratch,-0.10132601746407621
2026-08-13 09:30:00-04:00,332.9,334.72,334.87,334.72,338.05,48.4,34,1d+1h+4h,0.133,True,scratch,-0.10739836529159996
2026-08-13 10:30:00-04:00,332.96,334.72,334.87,334.72,338.04,48.4,34,1d+1h+4h,0.128,True,target,0.8839216458656374
2026-08-13 11:30:00-04:00,334.54,355.39,355.54,355.39,358.62,46.6,29,1d+1h+4h,1.519,False,nofill,0.0
2026-08-13 12:30:00-04:00,336.35,355.4,355.55,355.4,358.59,46.6,29,1d+1h+4h,1.388,False,nofill,0.0
2026-08-13 13:30:00-04:00,338.44,365.0,365.15,365.0,368.17,47.4,29,1d+1h+4h,1.935,False,nofill,0.0
2026-08-13 14:30:00-04:00,338.75,365.0,365.15,365.0,368.22,47.4,29,1d+1h+4h,1.912,False,nofill,0.0
2026-08-13 15:30:00-04:00,340.07,366.51,366.66,366.51,369.64,50.2,31,1d+1h+4h,1.926,False,nofill,0.0
2026-08-14 09:30:00-04:00,346.22,366.51,366.69,366.51,370.26,50.2,31,1d+1h+4h,1.462,False,nofill,0.0
2026-08-14 10:30:00-04:00,337.35,365.0,365.21,365.0,369.31,47.4,29,1d+1h+4h,1.991,False,nofill,0.0
2026-08-14 11:30:00-04:00,340.68,366.51,366.72,366.51,370.84,50.2,31,1d+1h+4h,1.861,False,nofill,0.0
2026-08-14 12:30:00-04:00,339.32,366.51,366.71,366.51,370.76,50.2,31,1d+1h+4h,1.959,False,nofill,0.0
2026-08-14 13:30:00-04:00,341.82,366.51,366.71,366.51,370.7,50.2,31,1d+1h+4h,1.778,False,nofill,0.0
2026-08-14 14:30:00-04:00,341.88,366.51,366.7,366.51,370.54,50.2,31,1d+1h+4h,1.774,False,nofill,0.0
2026-08-14 15:30:00-04:00,342.32,366.51,366.7,366.51,370.44,50.2,31,1d+1h+4h,1.742,False,nofill,0.0
2026-08-17 09:30:00-04:00,339.48,355.39,355.58,355.39,359.46,46.6,29,1d+1h+4h,1.182,False,nofill,0.0
2026-08-17 10:30:00-04:00,340.89,366.51,366.7,366.51,370.56,49.2,30,1d+1h+4h,1.903,False,nofill,0.0
2026-08-17 11:30:00-04:00,339.85,366.51,366.7,366.51,370.46,49.2,30,1d+1h+4h,1.981,False,nofill,0.0
2026-08-17 12:30:00-04:00,339.04,355.39,355.57,355.39,359.19,46.6,29,1d+1h+4h,1.215,False,nofill,0.0
2026-08-17 13:30:00-04:00,339.48,352.14,352.31,352.14,355.81,46.6,29,1d+1h+4h,0.941,False,nofill,0.0
2026-08-17 14:30:00-04:00,340.68,366.51,366.69,366.51,370.37,49.2,30,1d+1h+4h,1.919,False,nofill,0.0
2026-08-17 15:30:00-04:00,339.34,352.14,352.32,352.14,355.99,46.6,29,1d+1h+4h,0.951,False,nofill,0.0
2026-08-18 09:30:00-04:00,336.86,352.14,352.34,352.14,356.42,46.6,29,1d+1h+4h,1.16,False,nofill,0.0
2026-08-18 10:30:00-04:00,337.4,355.4,355.6,355.4,359.61,46.6,29,1d+1h+4h,1.367,False,nofill,0.0
2026-08-18 11:30:00-04:00,337.22,352.14,352.34,352.14,356.31,46.6,29,1d+1h+4h,1.133,False,nofill,0.0
2026-08-18 12:30:00-04:00,336.96,352.14,352.34,352.14,356.3,46.6,29,1d+1h+4h,1.153,False,nofill,0.0
2026-08-18 13:30:00-04:00,336.42,355.4,355.59,355.4,359.38,46.6,29,1d+1h+4h,1.441,False,nofill,0.0
2026-08-18 14:30:00-04:00,336.67,352.14,352.32,352.14,355.96,46.6,29,1d+1h+4h,1.175,False,nofill,0.0
2026-08-18 15:30:00-04:00,336.88,352.14,352.32,352.14,355.84,46.6,29,1d+1h+4h,1.158,False,nofill,0.0
2026-08-19 09:30:00-04:00,342.34,366.51,366.7,366.51,370.46,49.2,30,1d+1h+4h,1.808,False,nofill,0.0
2026-08-19 10:30:00-04:00,347.44,366.51,366.71,366.51,370.72,49.2,30,1d+1h+4h,1.427,False,nofill,0.0
2026-08-19 11:30:00-04:00,348.21,366.51,366.71,366.51,370.67,49.2,30,1d+1h+4h,1.369,False,nofill,0.0
2026-08-19 12:30:00-04:00,346.88,366.51,366.7,366.51,370.52,49.2,30,1d+1h+4h,1.468,False,nofill,0.0
2026-08-19 13:30:00-04:00,348.29,366.51,366.7,366.51,370.44,49.2,30,1d+1h+4h,1.363,False,nofill,0.0
2026-08-19 14:30:00-04:00,348.3,366.51,366.69,366.51,370.28,49.2,30,1d+1h+4h,1.362,False,nofill,0.0
2026-08-19 15:30:00-04:00,351.11,366.51,366.69,366.51,370.32,49.2,30,1d+1h+4h,1.152,False,nofill,0.0
2026-08-20 09:30:00-04:00,340.31,366.51,366.72,366.51,370.91,48.2,29,1d+1h+4h,1.973,False,nofill,0.0
2026-08-20 10:30:00-04:00,343.92,367.34,367.55,367.34,371.8,48.2,29,1d+1h+4h,1.763,False,nofill,0.0
2026-08-20 11:30:00-04:00,344.81,366.51,366.72,366.51,370.87,48.2,29,1d+1h+4h,1.634,False,nofill,0.0
2026-08-20 12:30:00-04:00,342.37,367.34,367.54,367.34,371.62,48.2,29,1d+1h+4h,1.88,False,nofill,0.0
2026-08-20 13:30:00-04:00,343.35,367.34,367.54,367.34,371.47,48.2,29,1d+1h+4h,1.806,False,nofill,0.0
2026-08-20 14:30:00-04:00,343.32,367.34,367.53,367.34,371.28,48.2,29,1d+1h+4h,1.808,False,nofill,0.0
2026-08-20 15:30:00-04:00,345.28,367.28,367.46,367.28,371.12,48.2,29,1d+1h+4h,1.656,False,nofill,0.0
2026-08-21 09:30:00-04:00,359.8,383.49,383.72,383.49,388.28,64.6,41,1d+1h+4h,1.709,False,nofill,0.0
2026-08-21 10:30:00-04:00,358.96,383.49,383.73,383.49,388.6,64.6,41,1d+1h+4h,1.77,False,nofill,0.0
2026-08-21 11:30:00-04:00,363.37,383.49,383.74,383.49,388.68,64.6,41,1d+1h+4h,1.452,False,nofill,0.0
2026-08-21 12:30:00-04:00,363.56,383.49,383.73,383.49,388.46,64.6,41,1d+1h+4h,1.438,False,nofill,0.0
2026-08-21 13:30:00-04:00,364.32,383.49,383.72,383.49,388.27,64.6,41,1d+1h+4h,1.384,False,nofill,0.0
2026-08-21 14:30:00-04:00,364.14,383.49,383.71,383.49,388.16,64.6,41,1d+1h+4h,1.396,False,nofill,0.0
2026-08-21 15:30:00-04:00,362.88,383.49,383.71,383.49,388.19,64.6,41,1d+1h+4h,1.487,False,nofill,0.0
2026-08-24 09:30:00-04:00,354.43,382.29,382.54,382.29,387.53,63.6,40,1d+1h+4h,1.999,False,nofill,0.0
2026-08-24 10:30:00-04:00,357.41,383.49,383.74,383.49,388.7,64.6,41,1d+1h+4h,1.871,False,nofill,0.0
2026-08-24 11:30:00-04:00,356.98,383.49,383.73,383.49,388.54,64.6,41,1d+1h+4h,1.902,False,nofill,0.0
2026-08-24 12:30:00-04:00,356.58,383.49,383.72,383.49,388.39,64.6,41,1d+1h+4h,1.931,False,nofill,0.0
2026-08-24 13:30:00-04:00,353.17,366.5,366.73,366.5,371.35,51.2,32,1d+1h+4h,0.957,False,nofill,0.0
2026-08-24 14:30:00-04:00,351.14,366.51,366.74,366.51,371.41,51.2,32,1d+1h+4h,1.103,False,nofill,0.0
2026-08-24 15:30:00-04:00,348.94,366.51,366.74,366.51,371.3,51.2,32,1d+1h+4h,1.26,False,nofill,0.0
2026-08-25 09:30:00-04:00,351.26,366.5,366.73,366.5,371.29,52.0,32,1d+1h+4h,1.127,False,nofill,0.0
2026-08-25 10:30:00-04:00,354.38,381.4,381.63,381.4,386.2,55.0,35,1d+1h+4h,1.999,False,nofill,0.0
2026-08-25 11:30:00-04:00,354.44,381.4,381.63,381.4,386.13,55.0,35,1d+1h+4h,1.994,False,nofill,0.0
2026-08-25 12:30:00-04:00,353.53,366.5,366.73,366.5,371.27,52.0,32,1d+1h+4h,0.959,False,nofill,0.0
2026-08-25 13:30:00-04:00,351.87,366.5,366.73,366.5,371.3,52.0,32,1d+1h+4h,1.082,False,nofill,0.0
2026-08-25 14:30:00-04:00,351.39,366.5,366.72,366.5,371.13,52.0,32,1d+1h+4h,1.118,False,nofill,0.0
2026-08-25 15:30:00-04:00,350.14,366.5,366.71,366.5,370.98,52.0,32,1d+1h+4h,1.21,False,nofill,0.0
2026-08-26 09:30:00-04:00,346.25,366.51,366.74,366.51,371.37,54.0,32,1d+1h+4h,1.532,False,nofill,0.0
2026-08-26 10:30:00-04:00,343.9,367.28,367.51,367.28,372.11,54.0,32,1d+1h+4h,1.768,False,nofill,0.0
2026-08-26 11:30:00-04:00,344.08,367.28,367.5,367.28,371.88,54.0,32,1d+1h+4h,1.755,False,nofill,0.0
2026-08-26 12:30:00-04:00,346.79,367.28,367.49,367.28,371.77,54.0,32,1d+1h+4h,1.549,False,nofill,0.0
2026-08-26 13:30:00-04:00,344.82,366.51,366.72,366.51,370.87,54.0,32,1d+1h+4h,1.64,False,nofill,0.0
2026-08-26 14:30:00-04:00,345.62,367.28,367.48,367.28,371.53,54.0,32,1d+1h+4h,1.638,False,nofill,0.0
2026-08-26 15:30:00-04:00,345.88,367.28,367.47,367.28,371.35,54.0,32,1d+1h+4h,1.618,False,nofill,0.0
2026-08-27 09:30:00-04:00,352.46,366.5,366.71,366.5,370.87,54.0,32,1d+1h+4h,1.078,False,nofill,0.0
2026-08-27 10:30:00-04:00,352.44,366.5,366.71,366.5,370.89,54.0,32,1d+1h+4h,1.08,False,nofill,0.0
2026-08-27 11:30:00-04:00,352.91,366.5,366.7,366.5,370.77,54.0,32,1d+1h+4h,1.044,False,nofill,0.0
2026-08-27 12:30:00-04:00,354.16,366.5,366.7,366.5,370.69,54.0,32,1d+1h+4h,0.948,False,nofill,0.0
2026-08-27 13:30:00-04:00,354.14,366.5,366.69,366.5,370.5,54.0,32,1d+1h+4h,0.949,False,nofill,0.0
2026-08-27 14:30:00-04:00,354.2,366.5,366.68,366.5,370.36,54.0,32,1d+1h+4h,0.945,False,nofill,0.0
2026-08-27 15:30:00-04:00,354.59,366.51,366.69,366.51,370.23,54.0,32,1d+1h+4h,0.916,False,nofill,0.0
2026-08-28 09:30:00-04:00,352.54,366.5,366.69,366.5,370.53,54.0,32,1d+1h+4h,1.069,False,nofill,0.0
2026-08-28 10:30:00-04:00,352.4,366.5,366.69,366.5,370.44,54.0,32,1d+1h+4h,1.08,False,nofill,0.0
2026-08-28 11:30:00-04:00,347.37,366.5,366.69,366.5,370.59,54.0,32,1d+1h+4h,1.465,False,nofill,0.0
2026-08-28 12:30:00-04:00,346.2,367.28,367.47,367.28,371.25,54.0,32,1d+1h+4h,1.615,False,nofill,0.0
2026-08-28 13:30:00-04:00,346.54,366.5,366.68,366.5,370.27,54.0,32,1d+1h+4h,1.529,False,nofill,0.0
2026-08-28 14:30:00-04:00,347.7,366.51,366.69,366.51,370.2,54.0,32,1d+1h+4h,1.44,False,nofill,0.0
2026-08-28 15:30:00-04:00,348.76,367.28,367.46,367.28,370.96,54.0,32,1d+1h+4h,1.418,False,nofill,0.0
2026-08-31 09:30:00-04:00,363.58,382.29,382.52,382.29,387.04,63.6,40,1d+1h+4h,1.368,False,nofill,0.0
2026-08-31 10:30:00-04:00,364.12,382.29,382.51,382.29,386.99,63.6,40,1d+1h+4h,1.328,False,nofill,0.0
2026-08-31 11:30:00-04:00,365.09,383.14,383.36,383.14,387.82,63.6,40,1d+1h+4h,1.32,False,nofill,0.0
2026-08-31 12:30:00-04:00,365.24,383.14,383.36,383.14,387.73,63.6,40,1d+1h+4h,1.309,False,nofill,0.0
2026-08-31 13:30:00-04:00,367.51,382.29,382.5,382.29,386.8,63.6,40,1d+1h+4h,1.081,False,nofill,0.0
2026-08-31 14:30:00-04:00,366.66,383.14,383.35,383.14,387.5,63.6,40,1d+1h+4h,1.204,False,nofill,0.0
2026-08-31 15:30:00-04:00,367.92,382.29,382.49,382.29,386.56,63.6,40,1d+1h+4h,1.051,False,nofill,0.0
2026-09-01 09:30:00-04:00,358.36,383.49,383.73,383.49,388.55,64.6,41,1d+1h+4h,1.825,False,nofill,0.0
2026-09-01 10:30:00-04:00,359.47,383.49,383.72,383.49,388.38,64.6,41,1d+1h+4h,1.744,False,nofill,0.0
2026-09-01 11:30:00-04:00,356.83,383.49,383.72,383.49,388.32,64.6,41,1d+1h+4h,1.936,False,nofill,0.0
2026-09-01 12:30:00-04:00,356.94,383.49,383.71,383.49,388.11,64.6,41,1d+1h+4h,1.928,False,nofill,0.0
2026-09-01 13:30:00-04:00,354.73,381.8,382.02,381.8,386.32,57.8,37,1d+1h+4h,1.965,False,nofill,0.0
2026-09-01 14:30:00-04:00,356.62,383.49,383.7,383.49,387.98,64.6,41,1d+1h+4h,1.951,False,nofill,0.0
2026-09-01 15:30:00-04:00,356.12,383.49,383.69,383.49,387.76,64.6,41,1d+1h+4h,1.987,False,nofill,0.0
2026-09-02 09:30:00-04:00,355.02,366.51,366.74,366.51,371.28,57.8,35,1d+1h+4h,0.848,False,nofill,0.0
2026-09-02 10:30:00-04:00,353.94,366.5,366.73,366.5,371.35,57.8,35,1d+1h+4h,0.926,False,nofill,0.0
2026-09-02 11:30:00-04:00,353.74,366.5,366.72,366.5,371.18,57.8,35,1d+1h+4h,0.942,False,nofill,0.0
2026-09-02 12:30:00-04:00,353.69,366.5,366.72,366.5,371.06,57.8,35,1d+1h+4h,0.945,False,nofill,0.0
2026-09-02 13:30:00-04:00,352.15,366.5,366.71,366.5,370.9,57.8,35,1d+1h+4h,1.059,True,target,1.0815726140467774
2026-09-02 14:30:00-04:00,352.91,366.5,366.7,366.5,370.69,57.8,35,1d+1h+4h,1.003,True,target,1.0277048485300755
2026-09-02 15:30:00-04:00,356.99,383.14,383.34,383.14,387.36,63.6,40,1d+1h+4h,1.929,True,scratch,-0.11242353788794013
2026-09-03 09:30:00-04:00,378.65,381.8,382.07,381.8,387.48,64.6,41,1d+1h+4h,0.217,True,scratch,-0.13076521615795755
2026-09-03 10:30:00-04:00,381.4,383.14,383.41,383.14,388.76,64.6,41,1d+1h+4h,0.12,True,scratch,-0.12979027606633275
2026-09-03 11:30:00-04:00,382.04,383.49,383.75,383.49,388.98,64.6,41,1d+1h+4h,0.1,False,nofill,0.0
2026-09-03 12:30:00-04:00,382.17,383.14,383.39,383.14,388.39,64.6,41,1d+1h+4h,0.067,False,nofill,0.0
2026-09-03 13:30:00-04:00,382.23,383.14,383.38,383.14,388.14,64.6,41,1d+1h+4h,0.063,False,nofill,0.0
2026-09-03 14:30:00-04:00,380.9,381.8,382.03,381.8,386.61,65.6,42,1d+1h+4h,0.062,False,nofill,0.0
2026-09-03 15:30:00-04:00,376.36,383.14,383.37,383.14,387.99,65.6,42,1d+1h+4h,0.467,False,nofill,0.0
2026-09-04 09:30:00-04:00,353.23,383.76,384.06,383.76,390.05,71.4,45,1d+1h+4h,2.0,False,nofill,0.0
2026-09-04 10:30:00-04:00,353.12,383.49,383.78,383.49,389.62,65.6,42,1d+1h+4h,1.989,False,nofill,0.0
2026-09-04 11:30:00-04:00,351.93,382.29,382.57,382.29,388.18,65.6,42,1d+1h+4h,1.988,False,nofill,0.0
2026-09-04 12:30:00-04:00,352.18,382.29,382.56,382.29,387.87,65.6,42,1d+1h+4h,1.972,False,nofill,0.0
2026-09-04 13:30:00-04:00,353.01,383.49,383.75,383.49,388.86,67.4,43,1d+1h+4h,1.996,False,nofill,0.0
2026-09-04 14:30:00-04:00,354.7,383.76,384.0,383.76,388.9,73.2,46,1d+1h+4h,1.903,False,nofill,0.0
2026-09-04 15:30:00-04:00,353.95,383.76,384.0,383.76,388.71,73.2,46,1d+1h+4h,1.952,False,nofill,0.0
2026-09-08 09:30:00-04:00,363.37,383.76,384.02,383.76,389.17,73.2,46,1d+1h+4h,1.331,False,nofill,0.0
2026-09-08 10:30:00-04:00,367.83,383.76,384.02,383.76,389.15,73.2,46,1d+1h+4h,1.04,False,nofill,0.0
2026-09-08 11:30:00-04:00,368.22,383.76,384.01,383.76,389.06,73.2,46,1d+1h+4h,1.015,False,nofill,0.0
2026-09-08 12:30:00-04:00,367.52,383.76,384.0,383.76,388.89,73.2,46,1d+1h+4h,1.06,False,nofill,0.0
2026-09-08 13:30:00-04:00,365.54,383.76,384.0,383.76,388.71,73.2,46,1d+1h+4h,1.189,False,nofill,0.0
2026-09-08 14:30:00-04:00,368.28,383.76,383.99,383.76,388.62,73.2,46,1d+1h+4h,1.011,False,nofill,0.0
2026-09-08 15:30:00-04:00,368.04,383.76,383.98,383.76,388.38,73.2,46,1d+1h+4h,1.026,False,nofill,0.0
2026-09-09 09:30:00-04:00,371.27,383.76,383.99,383.76,388.62,70.4,44,1d+1h+4h,0.839,False,nofill,0.0
2026-09-09 10:30:00-04:00,368.68,383.14,383.38,383.14,388.13,70.4,44,1d+1h+4h,0.971,False,nofill,0.0
2026-09-09 11:30:00-04:00,368.74,383.49,383.72,383.49,388.33,70.4,44,1d+1h+4h,0.991,False,nofill,0.0
2026-09-09 12:30:00-04:00,368.16,382.78,383.01,382.78,387.51,70.4,44,1d+1h+4h,0.981,False,nofill,0.0
2026-09-09 13:30:00-04:00,369.84,381.8,382.02,381.8,386.33,70.4,44,1d+1h+4h,0.803,False,nofill,0.0
2026-09-09 14:30:00-04:00,368.92,383.14,383.35,383.14,387.5,70.4,44,1d+1h+4h,0.955,False,nofill,0.0
2026-09-09 15:30:00-04:00,367.8,382.78,382.98,382.78,386.97,70.4,44,1d+1h+4h,1.006,False,nofill,0.0
2026-09-10 09:30:00-04:00,366.3,381.8,382.03,381.8,386.55,70.4,44,1d+1h+4h,1.058,False,nofill,0.0
2026-09-10 10:30:00-04:00,366.16,381.8,382.02,381.8,386.48,70.4,44,1d+1h+4h,1.067,False,nofill,0.0
2026-09-10 11:30:00-04:00,366.13,381.8,382.01,381.8,386.28,70.4,44,1d+1h+4h,1.069,False,nofill,0.0
2026-09-10 12:30:00-04:00,366.83,381.8,382.01,381.8,386.12,70.4,44,1d+1h+4h,1.022,False,nofill,0.0
2026-09-10 13:30:00-04:00,365.85,381.8,382.0,381.8,386.03,70.4,44,1d+1h+4h,1.088,False,nofill,0.0
2026-09-10 14:30:00-04:00,363.94,383.14,383.34,383.14,387.29,70.4,44,1d+1h+4h,1.31,False,nofill,0.0
2026-09-10 15:30:00-04:00,363.61,383.49,383.68,383.49,387.47,70.4,44,1d+1h+4h,1.357,False,nofill,0.0
2026-09-11 09:30:00-04:00,366.44,383.49,383.69,383.49,387.72,70.4,44,1d+1h+4h,1.209,False,nofill,0.0
2026-09-11 10:30:00-04:00,366.33,383.49,383.69,383.49,387.67,70.4,44,1d+1h+4h,1.216,False,nofill,0.0
2026-09-11 11:30:00-04:00,365.06,383.49,383.68,383.49,387.56,70.4,44,1d+1h+4h,1.306,False,nofill,0.0
2026-09-11 12:30:00-04:00,365.95,383.49,383.68,383.49,387.39,70.4,44,1d+1h+4h,1.243,False,nofill,0.0
2026-09-11 13:30:00-04:00,365.01,383.49,383.67,383.49,387.25,70.4,44,1d+1h+4h,1.309,False,nofill,0.0
2026-09-11 14:30:00-04:00,364.11,383.49,383.66,383.49,387.09,70.4,44,1d+1h+4h,1.373,False,nofill,0.0
