ts,close,level,buy_price,stop,target,score,n_events,tfs,dist_atr,filled,outcome,ret_pct
2026-06-29 14:00:00-04:00,281.43,288.37,288.44,288.37,289.89,17.4,11,1d+1h+4h,0.849,False,nofill,0.0
2026-06-29 14:15:00-04:00,281.55,288.37,288.44,288.37,289.85,17.4,11,1d+1h+4h,0.834,False,nofill,0.0
2026-06-29 14:30:00-04:00,282.15,288.37,288.44,288.37,289.81,17.4,11,1d+1h+4h,0.761,False,nofill,0.0
2026-06-29 14:45:00-04:00,282.07,288.37,288.44,288.37,289.76,17.4,11,1d+1h+4h,0.77,False,nofill,0.0
2026-06-29 15:00:00-04:00,282.65,288.37,288.44,288.37,289.75,17.4,11,1d+1h+4h,0.7,False,nofill,0.0
2026-06-29 15:15:00-04:00,282.68,288.37,288.43,288.37,289.7,17.4,11,1d+1h+4h,0.696,False,nofill,0.0
2026-06-29 15:30:00-04:00,281.79,288.37,288.43,288.37,289.68,17.4,11,1d+1h+4h,0.805,False,nofill,0.0
2026-06-29 15:45:00-04:00,281.63,288.37,288.43,288.37,289.66,17.4,11,1d+1h+4h,0.824,False,nofill,0.0
2026-06-30 09:30:00-04:00,283.27,288.37,288.44,288.37,289.88,17.4,11,1d+1h+4h,0.618,True,scratch,-0.0848882402870621
2026-06-30 09:45:00-04:00,285.31,301.64,301.72,301.64,303.23,17.4,11,1d+1h+4h,1.979,False,nofill,0.0
2026-06-30 10:00:00-04:00,285.86,301.64,301.71,301.64,303.21,17.4,11,1d+1h+4h,1.913,False,nofill,0.0
2026-06-30 10:15:00-04:00,286.02,287.78,287.85,287.78,289.3,17.4,11,1d+1h+4h,0.213,True,target,0.44176962446287327
2026-06-30 10:30:00-04:00,285.57,288.61,288.68,288.61,290.09,17.4,11,1d+1h+4h,0.368,True,scratch,-0.08444718008603358
2026-06-30 10:45:00-04:00,286.97,303.2,303.27,303.2,304.7,21.2,12,1d+1h+4h,1.967,False,nofill,0.0
2026-06-30 11:00:00-04:00,286.96,303.2,303.27,303.2,304.65,21.2,12,1d+1h+4h,1.968,False,nofill,0.0
2026-06-30 11:15:00-04:00,288.27,303.2,303.27,303.2,304.7,21.2,12,1d+1h+4h,1.809,False,nofill,0.0
2026-06-30 11:30:00-04:00,288.45,303.2,303.27,303.2,304.67,21.2,12,1d+1h+4h,1.787,False,nofill,0.0
2026-06-30 11:45:00-04:00,288.74,303.2,303.27,303.2,304.63,21.2,12,1d+1h+4h,1.752,False,nofill,0.0
2026-06-30 12:00:00-04:00,288.26,303.2,303.27,303.2,304.63,21.2,12,1d+1h+4h,1.811,False,nofill,0.0
2026-06-30 12:15:00-04:00,288.14,303.2,303.27,303.2,304.57,21.2,12,1d+1h+4h,1.824,False,nofill,0.0
2026-06-30 12:30:00-04:00,288.71,303.2,303.26,303.2,304.52,21.2,12,1d+1h+4h,1.756,False,nofill,0.0
2026-06-30 12:45:00-04:00,289.18,303.2,303.26,303.2,304.47,21.2,12,1d+1h+4h,1.698,False,nofill,0.0
2026-06-30 13:00:00-04:00,289.0,303.2,303.26,303.2,304.44,21.2,12,1d+1h+4h,1.721,False,nofill,0.0
2026-06-30 13:15:00-04:00,288.43,303.2,303.26,303.2,304.4,21.2,12,1d+1h+4h,1.79,False,nofill,0.0
2026-06-30 13:30:00-04:00,288.38,303.2,303.25,303.2,304.34,21.2,12,1d+1h+4h,1.797,False,nofill,0.0
2026-06-30 13:45:00-04:00,288.42,303.2,303.25,303.2,304.3,21.2,12,1d+1h+4h,1.791,False,nofill,0.0
2026-06-30 14:00:00-04:00,288.94,303.2,303.25,303.2,304.3,21.2,12,1d+1h+4h,1.728,False,nofill,0.0
2026-06-30 14:15:00-04:00,288.09,303.2,303.25,303.2,304.31,21.2,12,1d+1h+4h,1.831,False,nofill,0.0
2026-06-30 14:30:00-04:00,287.46,303.2,303.25,303.2,304.31,21.2,12,1d+1h+4h,1.908,False,nofill,0.0
2026-06-30 14:45:00-04:00,286.98,303.2,303.25,303.2,304.29,21.2,12,1d+1h+4h,1.965,False,nofill,0.0
2026-06-30 15:00:00-04:00,287.55,303.2,303.25,303.2,304.27,21.2,12,1d+1h+4h,1.896,False,nofill,0.0
2026-06-30 15:15:00-04:00,287.53,303.2,303.25,303.2,304.26,21.2,12,1d+1h+4h,1.899,False,nofill,0.0
2026-06-30 15:30:00-04:00,287.91,303.2,303.25,303.2,304.23,21.2,12,1d+1h+4h,1.853,False,nofill,0.0
2026-06-30 15:45:00-04:00,289.09,303.2,303.25,303.2,304.34,21.2,12,1d+1h+4h,1.71,False,nofill,0.0
2026-07-01 09:30:00-04:00,291.12,303.2,303.27,303.2,304.58,21.2,12,1d+1h+4h,1.475,False,nofill,0.0
2026-07-01 09:45:00-04:00,292.5,303.2,303.27,303.2,304.74,21.2,12,1d+1h+4h,1.307,False,nofill,0.0
2026-07-01 10:00:00-04:00,292.95,303.2,303.27,303.2,304.75,21.2,12,1d+1h+4h,1.252,False,nofill,0.0
2026-07-01 10:15:00-04:00,293.06,303.2,303.27,303.2,304.75,21.2,12,1d+1h+4h,1.238,False,nofill,0.0
2026-07-01 10:30:00-04:00,294.83,303.2,303.28,303.2,304.8,21.2,12,1d+1h+4h,1.022,False,nofill,0.0
2026-07-01 10:45:00-04:00,294.64,303.2,303.27,303.2,304.77,21.2,12,1d+1h+4h,1.045,False,nofill,0.0
2026-07-01 11:00:00-04:00,294.61,303.2,303.27,303.2,304.74,21.2,12,1d+1h+4h,1.049,False,nofill,0.0
2026-07-01 11:15:00-04:00,295.75,303.2,303.28,303.2,304.78,21.2,12,1d+1h+4h,0.909,False,nofill,0.0
2026-07-01 11:30:00-04:00,294.94,303.2,303.27,303.2,304.75,21.2,12,1d+1h+4h,1.009,False,nofill,0.0
2026-07-01 11:45:00-04:00,295.24,303.2,303.27,303.2,304.7,21.2,12,1d+1h+4h,0.972,False,nofill,0.0
2026-07-01 12:00:00-04:00,295.29,303.2,303.27,303.2,304.64,21.2,12,1d+1h+4h,0.966,False,nofill,0.0
2026-07-01 12:15:00-04:00,294.94,303.2,303.27,303.2,304.58,21.2,12,1d+1h+4h,1.008,False,nofill,0.0
2026-07-01 12:30:00-04:00,294.6,303.2,303.26,303.2,304.54,21.2,12,1d+1h+4h,1.05,False,nofill,0.0
2026-07-01 12:45:00-04:00,294.23,303.2,303.26,303.2,304.5,21.2,12,1d+1h+4h,1.095,False,nofill,0.0
2026-07-01 13:00:00-04:00,294.44,303.2,303.26,303.2,304.46,21.2,12,1d+1h+4h,1.069,False,nofill,0.0
2026-07-01 13:15:00-04:00,294.09,303.2,303.26,303.2,304.41,21.2,12,1d+1h+4h,1.112,False,nofill,0.0
2026-07-01 13:30:00-04:00,294.1,303.2,303.26,303.2,304.37,21.2,12,1d+1h+4h,1.111,False,nofill,0.0
2026-07-01 13:45:00-04:00,293.71,303.2,303.26,303.2,304.43,21.2,12,1d+1h+4h,1.158,False,nofill,0.0
2026-07-01 14:00:00-04:00,294.55,303.2,303.26,303.2,304.5,21.2,12,1d+1h+4h,1.056,False,nofill,0.0
2026-07-01 14:15:00-04:00,294.8,303.2,303.26,303.2,304.47,21.2,12,1d+1h+4h,1.025,False,nofill,0.0
2026-07-01 14:30:00-04:00,295.37,303.2,303.26,303.2,304.44,21.2,12,1d+1h+4h,0.956,False,nofill,0.0
2026-07-01 14:45:00-04:00,294.72,303.2,303.26,303.2,304.41,21.2,12,1d+1h+4h,1.035,False,nofill,0.0
2026-07-01 15:00:00-04:00,294.56,303.2,303.26,303.2,304.36,21.2,12,1d+1h+4h,1.055,False,nofill,0.0
2026-07-01 15:15:00-04:00,294.02,303.2,303.25,303.2,304.34,21.2,12,1d+1h+4h,1.122,False,nofill,0.0
2026-07-01 15:30:00-04:00,294.21,303.2,303.25,303.2,304.29,21.2,12,1d+1h+4h,1.098,False,nofill,0.0
2026-07-01 15:45:00-04:00,294.25,303.2,303.25,303.2,304.35,21.2,12,1d+1h+4h,1.093,False,nofill,0.0
2026-07-02 09:30:00-04:00,300.35,302.94,303.02,302.94,304.56,21.2,12,1d+1h+4h,0.297,True,target,0.4500082750442891
2026-07-02 09:45:00-04:00,302.81,305.03,305.11,305.03,306.72,12.6,7,1d+1h+4h,0.254,True,scratch,-0.08637537554692098
2026-07-02 10:00:00-04:00,303.73,305.03,305.11,305.03,306.74,12.6,7,1d+1h+4h,0.149,True,scratch,-0.08671413201799538
2026-07-02 10:15:00-04:00,305.05,317.13,317.21,317.13,318.85,12.4,8,1d+1h+4h,1.384,False,nofill,0.0
2026-07-02 10:30:00-04:00,306.42,317.13,317.21,317.13,318.86,12.4,8,1d+1h+4h,1.227,False,nofill,0.0
2026-07-02 10:45:00-04:00,306.88,317.13,317.21,317.13,318.87,12.4,8,1d+1h+4h,1.174,False,nofill,0.0
2026-07-02 11:00:00-04:00,307.41,315.0,315.09,315.0,316.8,12.4,8,1d+1h+4h,0.869,False,nofill,0.0
2026-07-02 11:15:00-04:00,305.42,317.13,317.21,317.13,318.96,12.4,8,1d+1h+4h,1.342,False,nofill,0.0
2026-07-02 11:30:00-04:00,305.68,317.13,317.21,317.13,318.94,12.4,8,1d+1h+4h,1.312,False,nofill,0.0
2026-07-02 11:45:00-04:00,305.62,317.13,317.21,317.13,318.87,12.4,8,1d+1h+4h,1.318,False,nofill,0.0
2026-07-02 12:00:00-04:00,307.05,317.13,317.21,317.13,318.86,12.4,8,1d+1h+4h,1.154,False,nofill,0.0
2026-07-02 12:15:00-04:00,308.09,315.0,315.08,315.0,316.72,12.4,8,1d+1h+4h,0.792,False,nofill,0.0
2026-07-02 12:30:00-04:00,307.45,315.0,315.08,315.0,316.7,12.4,8,1d+1h+4h,0.865,False,nofill,0.0
2026-07-02 12:45:00-04:00,308.31,315.0,315.08,315.0,316.72,12.4,8,1d+1h+4h,0.766,False,nofill,0.0
2026-07-02 13:00:00-04:00,308.21,315.0,315.08,315.0,316.7,12.4,8,1d+1h+4h,0.778,False,nofill,0.0
2026-07-02 13:15:00-04:00,307.8,315.0,315.08,315.0,316.66,12.4,8,1d+1h+4h,0.824,False,nofill,0.0
2026-07-02 13:30:00-04:00,308.18,315.0,315.08,315.0,316.6,12.4,8,1d+1h+4h,0.781,False,nofill,0.0
2026-07-02 13:45:00-04:00,307.32,315.0,315.07,315.0,316.57,12.4,8,1d+1h+4h,0.88,False,nofill,0.0
2026-07-02 14:00:00-04:00,307.64,315.0,315.07,315.0,316.51,12.4,8,1d+1h+4h,0.843,False,nofill,0.0
2026-07-02 14:15:00-04:00,307.33,315.0,315.07,315.0,316.48,12.4,8,1d+1h+4h,0.879,False,nofill,0.0
2026-07-02 14:30:00-04:00,307.55,315.0,315.07,315.0,316.43,12.4,8,1d+1h+4h,0.854,False,nofill,0.0
2026-07-02 14:45:00-04:00,307.64,315.0,315.07,315.0,316.38,12.4,8,1d+1h+4h,0.843,False,nofill,0.0
2026-07-02 15:00:00-04:00,307.79,315.0,315.06,315.0,316.35,12.4,8,1d+1h+4h,0.826,False,nofill,0.0
2026-07-02 15:15:00-04:00,307.42,315.0,315.06,315.0,316.32,12.4,8,1d+1h+4h,0.868,False,nofill,0.0
2026-07-02 15:30:00-04:00,307.98,315.0,315.06,315.0,316.31,12.4,8,1d+1h+4h,0.804,False,nofill,0.0
2026-07-02 15:45:00-04:00,308.22,315.0,315.07,315.0,316.38,12.4,8,1d+1h+4h,0.777,False,nofill,0.0
2026-07-06 09:30:00-04:00,309.29,315.0,315.07,315.0,316.5,12.4,8,1d+1h+4h,0.663,False,nofill,0.0
2026-07-06 09:45:00-04:00,309.63,315.0,315.07,315.0,316.51,12.4,8,1d+1h+4h,0.623,False,nofill,0.0
2026-07-06 10:00:00-04:00,309.86,315.0,315.07,315.0,316.49,12.4,8,1d+1h+4h,0.596,False,nofill,0.0
2026-07-06 10:15:00-04:00,311.73,315.0,315.07,315.0,316.55,12.4,8,1d+1h+4h,0.379,False,nofill,0.0
2026-07-06 10:30:00-04:00,311.4,315.0,315.07,315.0,316.49,12.4,8,1d+1h+4h,0.418,False,nofill,0.0
2026-07-06 10:45:00-04:00,312.52,315.0,315.07,315.0,316.48,12.4,8,1d+1h+4h,0.288,False,nofill,0.0
2026-07-06 11:00:00-04:00,312.88,315.0,315.07,315.0,316.43,12.4,8,1d+1h+4h,0.247,False,nofill,0.0
2026-07-06 11:15:00-04:00,313.58,315.0,315.07,315.0,316.4,12.4,8,1d+1h+4h,0.165,False,nofill,0.0
2026-07-06 11:30:00-04:00,314.09,315.0,315.06,315.0,316.36,12.4,8,1d+1h+4h,0.106,False,nofill,0.0
2026-07-06 11:45:00-04:00,313.7,315.0,315.06,315.0,316.32,12.4,8,1d+1h+4h,0.151,False,nofill,0.0
2026-07-06 12:00:00-04:00,313.01,315.0,315.06,315.0,316.3,12.4,8,1d+1h+4h,0.231,False,nofill,0.0
2026-07-06 12:15:00-04:00,312.25,315.0,315.06,315.0,316.27,12.4,8,1d+1h+4h,0.319,False,nofill,0.0
2026-07-06 12:30:00-04:00,312.57,315.0,315.06,315.0,316.24,12.4,8,1d+1h+4h,0.282,False,nofill,0.0
2026-07-06 12:45:00-04:00,312.54,315.0,315.06,315.0,316.19,12.4,8,1d+1h+4h,0.285,False,nofill,0.0
2026-07-06 13:00:00-04:00,312.73,315.0,315.05,315.0,316.15,12.4,8,1d+1h+4h,0.263,False,nofill,0.0
2026-07-06 13:15:00-04:00,312.38,315.0,315.05,315.0,316.11,12.4,8,1d+1h+4h,0.304,False,nofill,0.0
2026-07-06 13:30:00-04:00,312.4,315.0,315.05,315.0,316.07,12.4,8,1d+1h+4h,0.302,False,nofill,0.0
2026-07-06 13:45:00-04:00,312.72,315.0,315.05,315.0,316.02,12.4,8,1d+1h+4h,0.265,False,nofill,0.0
2026-07-06 14:00:00-04:00,312.92,315.0,315.05,315.0,315.99,12.4,8,1d+1h+4h,0.241,False,nofill,0.0
2026-07-06 14:15:00-04:00,313.07,315.0,315.05,315.0,315.95,12.4,8,1d+1h+4h,0.224,False,nofill,0.0
2026-07-06 14:30:00-04:00,313.28,315.0,315.04,315.0,315.92,13.4,9,1d+1h+4h,0.2,False,nofill,0.0
2026-07-06 14:45:00-04:00,313.29,315.0,315.04,315.0,315.89,13.4,9,1d+1h+4h,0.198,False,nofill,0.0
2026-07-06 15:00:00-04:00,313.2,315.0,315.04,315.0,315.86,13.4,9,1d+1h+4h,0.209,False,nofill,0.0
2026-07-06 15:15:00-04:00,313.4,315.0,315.04,315.0,315.84,13.4,9,1d+1h+4h,0.186,False,nofill,0.0
2026-07-06 15:30:00-04:00,313.62,315.0,315.04,315.0,315.8,13.4,9,1d+1h+4h,0.161,False,nofill,0.0
2026-07-06 15:45:00-04:00,312.81,315.0,315.04,315.0,315.87,13.4,9,1d+1h+4h,0.254,False,nofill,0.0
2026-07-07 09:30:00-04:00,312.09,315.17,315.23,315.17,316.38,13.4,9,1d+1h+4h,0.367,False,nofill,0.0
2026-07-07 09:45:00-04:00,311.58,315.17,315.23,315.17,316.42,13.4,9,1d+1h+4h,0.428,False,nofill,0.0
2026-07-07 10:00:00-04:00,311.87,315.17,315.23,315.17,316.44,13.4,9,1d+1h+4h,0.394,False,nofill,0.0
2026-07-07 10:15:00-04:00,311.45,315.17,315.23,315.17,316.43,13.4,9,1d+1h+4h,0.444,False,nofill,0.0
2026-07-07 10:30:00-04:00,312.57,315.17,315.23,315.17,316.52,13.4,9,1d+1h+4h,0.31,False,nofill,0.0
2026-07-07 10:45:00-04:00,312.78,315.17,315.23,315.17,316.5,13.4,9,1d+1h+4h,0.285,False,nofill,0.0
2026-07-07 11:00:00-04:00,313.32,315.17,315.23,315.17,316.5,13.4,9,1d+1h+4h,0.221,False,nofill,0.0
2026-07-07 11:15:00-04:00,314.08,315.17,315.23,315.17,316.48,13.4,9,1d+1h+4h,0.13,False,nofill,0.0
2026-07-07 11:30:00-04:00,314.39,315.17,315.23,315.17,316.43,13.4,9,1d+1h+4h,0.093,False,nofill,0.0
2026-07-07 11:45:00-04:00,314.29,315.17,315.23,315.17,316.39,13.4,9,1d+1h+4h,0.105,False,nofill,0.0
2026-07-07 12:00:00-04:00,313.12,315.17,315.23,315.17,316.39,13.4,9,1d+1h+4h,0.245,False,nofill,0.0
2026-07-07 12:15:00-04:00,313.17,315.17,315.23,315.17,316.41,13.4,9,1d+1h+4h,0.239,False,nofill,0.0
2026-07-07 12:30:00-04:00,313.62,315.17,315.23,315.17,316.41,13.4,9,1d+1h+4h,0.185,False,nofill,0.0
2026-07-07 12:45:00-04:00,313.61,315.17,315.23,315.17,316.35,13.4,9,1d+1h+4h,0.186,False,nofill,0.0
2026-07-07 13:00:00-04:00,312.8,315.17,315.23,315.17,316.37,13.4,9,1d+1h+4h,0.282,False,nofill,0.0
2026-07-07 13:15:00-04:00,312.84,315.17,315.22,315.17,316.32,13.4,9,1d+1h+4h,0.278,False,nofill,0.0
2026-07-07 13:30:00-04:00,312.72,315.17,315.22,315.17,316.27,13.4,9,1d+1h+4h,0.292,False,nofill,0.0
2026-07-07 13:45:00-04:00,311.88,315.17,315.22,315.17,316.28,13.4,9,1d+1h+4h,0.392,False,nofill,0.0
2026-07-07 14:00:00-04:00,312.17,315.17,315.22,315.17,316.24,13.4,9,1d+1h+4h,0.358,False,nofill,0.0
2026-07-07 14:15:00-04:00,312.62,315.17,315.22,315.17,316.22,13.4,9,1d+1h+4h,0.304,False,nofill,0.0
2026-07-07 14:30:00-04:00,313.04,315.17,315.22,315.17,316.21,13.4,9,1d+1h+4h,0.255,False,nofill,0.0
2026-07-07 14:45:00-04:00,312.0,315.17,315.22,315.17,316.23,13.4,9,1d+1h+4h,0.378,False,nofill,0.0
2026-07-07 15:00:00-04:00,311.88,315.17,315.22,315.17,316.23,13.4,9,1d+1h+4h,0.392,False,nofill,0.0
2026-07-07 15:15:00-04:00,311.9,315.17,315.22,315.17,316.2,13.4,9,1d+1h+4h,0.391,False,nofill,0.0
2026-07-07 15:30:00-04:00,311.73,315.17,315.22,315.17,316.19,13.4,9,1d+1h+4h,0.411,False,nofill,0.0
2026-07-07 15:45:00-04:00,310.66,315.17,315.22,315.17,316.25,13.4,9,1d+1h+4h,0.538,False,nofill,0.0
2026-07-08 09:30:00-04:00,307.92,316.94,317.0,316.94,318.25,13.4,9,1d+1h+4h,1.082,False,nofill,0.0
2026-07-08 09:45:00-04:00,309.13,315.17,315.24,315.17,316.58,13.4,9,1d+1h+4h,0.724,False,nofill,0.0
2026-07-08 10:00:00-04:00,309.92,315.17,315.24,315.17,316.62,13.4,9,1d+1h+4h,0.629,False,nofill,0.0
2026-07-08 10:15:00-04:00,308.85,316.94,317.01,316.94,318.42,13.4,9,1d+1h+4h,0.97,False,nofill,0.0
2026-07-08 10:30:00-04:00,310.27,315.17,315.24,315.17,316.67,13.4,9,1d+1h+4h,0.588,False,nofill,0.0
2026-07-08 10:45:00-04:00,308.88,316.94,317.01,316.94,318.48,13.4,9,1d+1h+4h,0.967,False,nofill,0.0
2026-07-08 11:00:00-04:00,309.97,315.17,315.24,315.17,316.71,13.4,9,1d+1h+4h,0.624,False,nofill,0.0
2026-07-08 11:15:00-04:00,310.06,315.17,315.24,315.17,316.67,13.4,9,1d+1h+4h,0.612,False,nofill,0.0
2026-07-08 11:30:00-04:00,309.56,315.17,315.24,315.17,316.62,13.4,9,1d+1h+4h,0.673,False,nofill,0.0
2026-07-08 11:45:00-04:00,310.23,315.17,315.24,315.17,316.59,13.4,9,1d+1h+4h,0.593,False,nofill,0.0
2026-07-08 12:00:00-04:00,310.48,315.17,315.24,315.17,316.58,13.4,9,1d+1h+4h,0.562,False,nofill,0.0
2026-07-08 12:15:00-04:00,311.6,315.17,315.24,315.17,316.57,13.4,9,1d+1h+4h,0.428,False,nofill,0.0
2026-07-08 12:30:00-04:00,312.21,315.17,315.24,315.17,316.55,13.4,9,1d+1h+4h,0.355,False,nofill,0.0
2026-07-08 12:45:00-04:00,313.1,315.17,315.24,315.17,316.54,13.4,9,1d+1h+4h,0.248,False,nofill,0.0
2026-07-08 13:00:00-04:00,313.89,315.17,315.23,315.17,316.52,13.4,9,1d+1h+4h,0.153,False,nofill,0.0
2026-07-08 13:15:00-04:00,314.12,315.17,315.23,315.17,316.5,13.4,9,1d+1h+4h,0.126,False,nofill,0.0
2026-07-08 13:30:00-04:00,314.48,315.17,315.23,315.17,316.45,15.2,10,1d+1h+4h,0.082,False,nofill,0.0
2026-07-08 13:45:00-04:00,314.39,315.17,315.24,315.17,316.62,15.2,10,1d+1h+4h,0.094,False,nofill,0.0
2026-07-08 14:00:00-04:00,314.56,315.17,315.24,315.17,316.56,15.2,10,1d+1h+4h,0.073,False,nofill,0.0
2026-07-08 14:15:00-04:00,314.12,315.17,315.23,315.17,316.5,15.2,10,1d+1h+4h,0.125,False,nofill,0.0
2026-07-08 14:30:00-04:00,313.95,315.17,315.23,315.17,316.44,15.2,10,1d+1h+4h,0.146,False,nofill,0.0
2026-07-08 14:45:00-04:00,313.9,315.17,315.23,315.17,316.39,15.2,10,1d+1h+4h,0.153,False,nofill,0.0
2026-07-08 15:00:00-04:00,313.94,315.17,315.23,315.17,316.34,15.2,10,1d+1h+4h,0.148,False,nofill,0.0
2026-07-08 15:15:00-04:00,313.82,315.17,315.22,315.17,316.29,15.2,10,1d+1h+4h,0.162,False,nofill,0.0
2026-07-08 15:30:00-04:00,313.1,315.17,315.22,315.17,316.29,15.2,10,1d+1h+4h,0.248,False,nofill,0.0
2026-07-08 15:45:00-04:00,313.26,315.17,315.22,315.17,316.3,15.2,10,1d+1h+4h,0.229,False,nofill,0.0
2026-07-09 09:30:00-04:00,310.88,315.17,315.24,315.17,316.61,16.2,11,1d+1h+4h,0.514,False,nofill,0.0
2026-07-09 09:45:00-04:00,310.98,315.17,315.24,315.17,316.59,16.2,11,1d+1h+4h,0.503,False,nofill,0.0
2026-07-09 10:00:00-04:00,310.86,315.17,315.24,315.17,316.63,16.2,11,1d+1h+4h,0.517,True,scratch,-0.08196587747971718
2026-07-09 10:15:00-04:00,312.09,315.17,315.24,315.17,316.67,16.2,11,1d+1h+4h,0.369,True,scratch,-0.0825580578703855
2026-07-09 10:30:00-04:00,311.62,315.17,315.24,315.17,316.62,16.2,11,1d+1h+4h,0.426,True,scratch,-0.0819419890871087
2026-07-09 10:45:00-04:00,311.56,315.17,315.24,315.17,316.6,16.2,11,1d+1h+4h,0.433,True,scratch,-0.08152704128286947
2026-07-09 11:00:00-04:00,312.44,315.17,315.24,315.17,316.57,16.2,11,1d+1h+4h,0.328,True,scratch,-0.08106384675384826
2026-07-09 11:15:00-04:00,314.46,315.17,315.24,315.17,316.65,16.2,11,1d+1h+4h,0.085,True,scratch,-0.08230910645863343
2026-07-09 11:30:00-04:00,314.6,315.17,315.24,315.17,316.6,16.2,11,1d+1h+4h,0.068,True,scratch,-0.08152969627011064
2026-07-09 11:45:00-04:00,314.77,315.48,315.54,315.48,316.84,16.2,11,1d+1h+4h,0.085,False,nofill,0.0
2026-07-09 12:00:00-04:00,314.5,315.17,315.23,315.17,316.51,16.2,11,1d+1h+4h,0.08,True,scratch,-0.08015490896873256
2026-07-09 12:15:00-04:00,314.9,315.48,315.54,315.48,316.8,16.2,11,1d+1h+4h,0.07,False,nofill,0.0
2026-07-09 12:30:00-04:00,315.0,315.48,315.54,315.48,316.76,16.2,11,1d+1h+4h,0.058,False,nofill,0.0
2026-07-09 12:45:00-04:00,314.71,315.17,315.23,315.17,316.41,16.2,11,1d+1h+4h,0.055,True,scratch,-0.07869275841815293
2026-07-09 13:00:00-04:00,315.05,315.48,315.54,315.48,316.67,16.2,11,1d+1h+4h,0.052,True,timeout,0.14372414635879238
2026-07-09 13:15:00-04:00,314.72,315.17,315.23,315.17,316.34,16.2,11,1d+1h+4h,0.054,True,scratch,-0.07758923955425434
2026-07-09 13:30:00-04:00,314.86,315.48,315.53,315.48,316.6,16.2,11,1d+1h+4h,0.074,True,timeout,0.14491175910613663
2026-07-09 13:45:00-04:00,314.98,315.48,315.53,315.48,316.55,16.2,11,1d+1h+4h,0.06,True,timeout,0.14558290041588595
2026-07-09 14:00:00-04:00,314.8,315.48,315.53,315.48,316.54,16.2,11,1d+1h+4h,0.082,True,timeout,0.1457868161324649
2026-07-09 14:15:00-04:00,314.56,315.17,315.22,315.17,316.2,16.2,11,1d+1h+4h,0.073,True,target,0.251638635370921
2026-07-09 14:30:00-04:00,314.69,315.17,315.22,315.17,316.16,16.2,11,1d+1h+4h,0.058,True,target,0.23844054120558678
2026-07-09 14:45:00-04:00,314.44,315.17,315.22,315.17,316.13,16.2,11,1d+1h+4h,0.088,True,target,0.2291286531045822
2026-07-09 15:00:00-04:00,315.15,316.94,316.99,316.94,317.89,15.2,10,1d+1h+4h,0.215,False,nofill,0.0
2026-07-09 15:15:00-04:00,315.41,316.94,316.98,316.94,317.86,15.2,10,1d+1h+4h,0.183,False,nofill,0.0
2026-07-09 15:30:00-04:00,316.14,316.94,316.98,316.94,317.85,15.2,10,1d+1h+4h,0.096,False,nofill,0.0
2026-07-09 15:45:00-04:00,316.18,316.94,316.98,316.94,317.85,15.2,10,1d+1h+4h,0.091,False,nofill,0.0
2026-07-10 09:30:00-04:00,314.74,315.48,315.53,315.48,316.57,16.2,11,1d+1h+4h,0.092,False,nofill,0.0
2026-07-10 09:45:00-04:00,314.3,315.48,315.53,315.48,316.58,16.2,11,1d+1h+4h,0.146,False,nofill,0.0
2026-07-10 10:00:00-04:00,313.77,315.48,315.53,315.48,316.6,16.2,11,1d+1h+4h,0.212,False,nofill,0.0
2026-07-10 10:15:00-04:00,313.13,315.48,315.53,315.48,316.59,16.2,11,1d+1h+4h,0.291,False,nofill,0.0
2026-07-10 10:30:00-04:00,312.96,315.48,315.53,315.48,316.61,16.2,11,1d+1h+4h,0.311,False,nofill,0.0
2026-07-10 10:45:00-04:00,313.76,315.48,315.53,315.48,316.62,16.2,11,1d+1h+4h,0.213,False,nofill,0.0
2026-07-10 11:00:00-04:00,313.87,315.48,315.53,315.48,316.62,16.2,11,1d+1h+4h,0.199,False,nofill,0.0
2026-07-10 11:15:00-04:00,313.34,315.48,315.53,315.48,316.6,16.2,11,1d+1h+4h,0.265,False,nofill,0.0
2026-07-10 11:30:00-04:00,313.18,315.48,315.53,315.48,316.59,16.2,11,1d+1h+4h,0.285,False,nofill,0.0
2026-07-10 11:45:00-04:00,313.23,315.48,315.53,315.48,316.59,16.2,11,1d+1h+4h,0.278,False,nofill,0.0
2026-07-10 12:00:00-04:00,314.19,315.48,315.53,315.48,316.6,16.2,11,1d+1h+4h,0.159,False,nofill,0.0
2026-07-10 12:15:00-04:00,314.36,315.48,315.53,315.48,316.56,16.2,11,1d+1h+4h,0.139,False,nofill,0.0
2026-07-10 12:30:00-04:00,314.46,315.48,315.53,315.48,316.53,16.2,11,1d+1h+4h,0.126,True,target,0.2578913215902201
2026-07-10 12:45:00-04:00,314.7,315.48,315.53,315.48,316.49,16.2,11,1d+1h+4h,0.096,True,target,0.24469020034227906
2026-07-10 13:00:00-04:00,314.28,315.48,315.53,315.48,316.46,16.2,11,1d+1h+4h,0.148,True,target,0.23627969084962785
2026-07-10 13:15:00-04:00,314.46,315.48,315.52,315.48,316.42,16.2,11,1d+1h+4h,0.126,True,target,0.22245036917512007
2026-07-10 13:30:00-04:00,313.91,315.48,315.52,315.48,316.4,16.2,11,1d+1h+4h,0.194,True,target,0.21720949734906903
2026-07-10 13:45:00-04:00,314.13,315.48,315.52,315.48,316.38,16.2,11,1d+1h+4h,0.167,True,target,0.21075265688523803
2026-07-10 14:00:00-04:00,314.17,315.48,315.52,315.48,316.34,16.2,11,1d+1h+4h,0.162,True,target,0.19956077274141393
2026-07-10 14:15:00-04:00,314.84,315.48,315.52,315.48,316.33,16.2,11,1d+1h+4h,0.079,True,target,0.19753830701729758
2026-07-10 14:30:00-04:00,314.96,315.48,315.52,315.48,316.29,16.2,11,1d+1h+4h,0.065,True,target,0.18457552282398204
2026-07-10 14:45:00-04:00,315.27,316.53,316.57,316.53,317.32,16.2,11,1d+1h+4h,0.156,True,scratch,-0.07182707208555072
2026-07-10 15:00:00-04:00,316.02,316.53,316.57,316.53,317.33,16.2,11,1d+1h+4h,0.063,True,scratch,-0.07200699566838331
2026-07-10 15:15:00-04:00,316.16,316.94,316.98,316.94,317.72,16.2,11,1d+1h+4h,0.096,False,nofill,0.0
2026-07-10 15:30:00-04:00,316.66,317.13,317.16,317.13,317.92,13.4,9,1d+1h+4h,0.058,False,nofill,0.0
2026-07-10 15:45:00-04:00,315.33,316.53,316.57,316.53,317.42,16.2,11,1d+1h+4h,0.148,False,nofill,0.0
2026-07-13 11:30:00-04:00,316.44,316.94,317.01,316.94,318.42,16.2,11,1d+1h+4h,0.062,True,scratch,-0.08214982168858187
2026-07-13 12:30:00-04:00,316.48,316.94,317.01,316.94,318.33,16.2,11,1d+1h+4h,0.057,True,scratch,-0.08086823786498387
2026-07-13 12:45:00-04:00,316.6,317.13,317.19,317.13,318.47,13.4,9,1d+1h+4h,0.065,True,scratch,-0.08008529097807138
2026-07-13 13:00:00-04:00,316.1,316.53,316.59,316.53,317.83,16.2,11,1d+1h+4h,0.053,True,scratch,-0.07948509376294322
2026-07-13 13:15:00-04:00,316.47,316.94,317.0,316.94,318.2,16.2,11,1d+1h+4h,0.058,True,scratch,-0.07896944751308865
2026-07-13 13:30:00-04:00,316.4,316.94,317.0,316.94,318.16,16.2,11,1d+1h+4h,0.067,True,scratch,-0.07823261260039294
2026-07-13 13:45:00-04:00,316.15,316.94,317.0,316.94,318.12,16.2,11,1d+1h+4h,0.097,True,scratch,-0.07773978042938667
2026-07-13 14:00:00-04:00,316.33,316.94,316.99,316.94,318.09,16.2,11,1d+1h+4h,0.075,True,scratch,-0.07719208363105023
2026-07-13 14:15:00-04:00,316.84,317.4,317.45,317.4,318.52,12.4,8,1d+1h+4h,0.069,True,scratch,-0.076721130586066
2026-07-13 14:30:00-04:00,316.94,317.4,317.45,317.4,318.47,12.4,8,1d+1h+4h,0.057,True,scratch,-0.07604278905319894
2026-07-13 15:00:00-04:00,316.29,316.94,316.99,316.94,318.0,16.2,11,1d+1h+4h,0.08,True,scratch,-0.07594559456924888
2026-07-13 15:15:00-04:00,316.33,316.94,316.99,316.94,317.99,16.2,11,1d+1h+4h,0.075,True,timeout,0.07551464718456025
2026-07-13 15:30:00-04:00,316.85,317.4,317.45,317.4,318.44,13.4,9,1d+1h+4h,0.068,True,timeout,-0.06933678965381773
2026-07-14 09:30:00-04:00,314.8,315.48,315.55,315.48,316.87,17.2,12,1d+1h+4h,0.086,True,scratch,-0.08087308203419408
2026-07-14 09:45:00-04:00,314.49,315.48,315.55,315.48,316.96,17.2,12,1d+1h+4h,0.125,True,scratch,-0.08228759240919148
2026-07-14 10:00:00-04:00,314.26,315.48,315.55,315.48,316.96,17.2,12,1d+1h+4h,0.155,True,scratch,-0.08233435149066493
2026-07-14 10:15:00-04:00,314.94,315.48,315.55,315.48,316.99,17.2,12,1d+1h+4h,0.068,True,scratch,-0.08275672562754188
2026-07-14 10:30:00-04:00,315.48,316.53,316.6,316.53,318.04,17.2,12,1d+1h+4h,0.132,False,nofill,0.0
2026-07-14 10:45:00-04:00,314.95,315.48,315.55,315.48,317.0,17.2,12,1d+1h+4h,0.067,True,scratch,-0.08286997648190297
2026-07-14 11:00:00-04:00,315.66,316.53,316.6,316.53,318.03,17.2,12,1d+1h+4h,0.11,False,nofill,0.0
2026-07-14 11:15:00-04:00,314.3,315.48,315.55,315.48,317.0,17.2,12,1d+1h+4h,0.149,False,nofill,0.0
2026-07-14 11:30:00-04:00,314.45,315.48,315.55,315.48,316.97,17.2,12,1d+1h+4h,0.13,False,nofill,0.0
2026-07-14 11:45:00-04:00,313.26,315.48,315.55,315.48,316.96,17.2,12,1d+1h+4h,0.281,False,nofill,0.0
2026-07-14 12:00:00-04:00,314.06,315.48,315.55,315.48,316.96,17.2,12,1d+1h+4h,0.179,False,nofill,0.0
2026-07-14 12:15:00-04:00,313.27,315.48,315.55,315.48,316.94,17.2,12,1d+1h+4h,0.28,True,scratch,-0.08202976535570672
2026-07-14 12:30:00-04:00,313.47,315.48,315.55,315.48,316.89,17.2,12,1d+1h+4h,0.255,True,scratch,-0.08131473922965426
2026-07-14 12:45:00-04:00,314.12,315.48,315.55,315.48,316.85,17.2,12,1d+1h+4h,0.172,True,scratch,-0.08071863207990138
2026-07-14 13:00:00-04:00,314.43,315.48,315.54,315.48,316.84,17.2,12,1d+1h+4h,0.133,True,scratch,-0.08044782830453068
2026-07-14 13:15:00-04:00,314.87,315.48,315.54,315.48,316.79,17.2,12,1d+1h+4h,0.077,True,scratch,-0.07977792228881508
2026-07-14 13:30:00-04:00,314.77,315.48,315.54,315.48,316.73,17.2,12,1d+1h+4h,0.089,True,scratch,-0.07885050158008555
2026-07-14 13:45:00-04:00,315.18,315.78,315.84,315.78,316.99,17.2,12,1d+1h+4h,0.076,True,scratch,-0.07818123667183707
2026-07-14 14:00:00-04:00,315.26,315.78,315.83,315.78,316.93,17.2,12,1d+1h+4h,0.067,True,scratch,-0.07727698382415937
2026-07-14 14:15:00-04:00,315.22,315.78,315.83,315.78,316.88,17.2,12,1d+1h+4h,0.071,True,scratch,-0.0765051019093188
2026-07-14 14:30:00-04:00,315.18,315.78,315.83,315.78,316.84,17.2,12,1d+1h+4h,0.075,True,scratch,-0.07602563276269958
2026-07-14 14:45:00-04:00,315.48,316.53,316.58,316.53,317.56,17.2,12,1d+1h+4h,0.133,False,nofill,0.0
2026-07-14 15:00:00-04:00,315.41,316.53,316.58,316.53,317.54,17.2,12,1d+1h+4h,0.142,False,nofill,0.0
2026-07-14 15:15:00-04:00,315.7,316.53,316.58,316.53,317.51,17.2,12,1d+1h+4h,0.105,False,nofill,0.0
2026-07-14 15:30:00-04:00,315.35,315.78,315.83,315.78,316.74,17.2,12,1d+1h+4h,0.054,False,nofill,0.0
2026-07-14 15:45:00-04:00,314.92,315.48,315.53,315.48,316.45,17.2,12,1d+1h+4h,0.071,False,nofill,0.0
2026-07-23 09:30:00-04:00,320.84,322.22,322.28,322.22,323.44,6.6,5,1h+4h,0.174,True,scratch,-0.0779357464776087
2026-07-23 09:45:00-04:00,320.16,322.22,322.28,322.22,323.48,6.6,5,1h+4h,0.26,True,scratch,-0.07855814963456664
2026-07-23 10:00:00-04:00,320.81,322.22,322.28,322.22,323.55,6.6,5,1h+4h,0.178,True,scratch,-0.07956793020693631
2026-07-23 10:15:00-04:00,321.49,322.22,322.28,322.22,323.57,6.6,5,1h+4h,0.092,True,scratch,-0.07987442261490063
2026-07-23 10:30:00-04:00,321.87,323.34,323.4,323.34,324.7,6.6,5,1h+4h,0.186,False,nofill,0.0
2026-07-23 10:45:00-04:00,321.27,322.22,322.28,322.22,323.57,6.6,5,1h+4h,0.12,True,scratch,-0.0799269960834681
2026-07-23 11:00:00-04:00,321.85,323.34,323.4,323.34,324.69,6.6,5,1h+4h,0.188,False,nofill,0.0
2026-07-23 11:15:00-04:00,321.28,322.22,322.28,322.22,323.56,6.6,5,1h+4h,0.119,False,nofill,0.0
2026-07-23 11:30:00-04:00,320.86,322.22,322.28,322.22,323.52,6.6,5,1h+4h,0.172,False,nofill,0.0
2026-07-23 11:45:00-04:00,320.86,322.22,322.28,322.22,323.47,6.6,5,1h+4h,0.172,False,nofill,0.0
2026-07-23 12:00:00-04:00,321.45,322.22,322.28,322.22,323.47,6.6,5,1h+4h,0.097,False,nofill,0.0
2026-07-23 12:15:00-04:00,320.36,322.22,322.28,322.22,323.49,6.6,5,1h+4h,0.235,False,nofill,0.0
2026-07-23 12:30:00-04:00,320.56,322.22,322.28,322.22,323.44,6.6,5,1h+4h,0.21,False,nofill,0.0
2026-07-23 12:45:00-04:00,320.61,322.22,322.28,322.22,323.4,6.6,5,1h+4h,0.204,False,nofill,0.0
2026-07-23 13:00:00-04:00,320.63,322.22,322.27,322.22,323.37,6.6,5,1h+4h,0.201,False,nofill,0.0
2026-07-23 13:15:00-04:00,320.87,322.22,322.27,322.22,323.34,6.6,5,1h+4h,0.171,False,nofill,0.0
2026-07-23 13:30:00-04:00,320.66,322.22,322.27,322.22,323.31,6.6,5,1h+4h,0.197,False,nofill,0.0
2026-07-23 13:45:00-04:00,320.51,322.22,322.27,322.22,323.31,6.6,5,1h+4h,0.216,False,nofill,0.0
2026-07-23 14:00:00-04:00,320.15,322.22,322.27,322.22,323.28,6.6,5,1h+4h,0.262,False,nofill,0.0
2026-07-23 14:15:00-04:00,320.27,322.22,322.27,322.22,323.24,6.6,5,1h+4h,0.247,False,nofill,0.0
2026-07-23 14:30:00-04:00,320.0,322.22,322.27,322.22,323.22,6.6,5,1h+4h,0.28,False,nofill,0.0
2026-07-23 14:45:00-04:00,320.72,322.22,322.27,322.22,323.2,6.6,5,1h+4h,0.19,False,nofill,0.0
2026-07-23 15:00:00-04:00,320.72,322.22,322.27,322.22,323.18,6.6,5,1h+4h,0.19,False,nofill,0.0
2026-07-23 15:15:00-04:00,320.42,322.22,322.27,322.22,323.18,6.6,5,1h+4h,0.228,False,nofill,0.0
2026-07-23 15:30:00-04:00,321.12,322.22,322.27,322.22,323.2,6.6,5,1h+4h,0.139,False,nofill,0.0
2026-07-23 15:45:00-04:00,321.61,322.22,322.27,322.22,323.24,6.6,5,1h+4h,0.077,False,nofill,0.0
2026-07-24 14:30:00-04:00,332.23,334.37,334.42,334.37,335.48,6.8,4,1d+1h+4h,0.259,False,nofill,0.0
2026-07-24 14:45:00-04:00,332.93,334.37,334.42,334.37,335.47,6.8,4,1d+1h+4h,0.174,False,nofill,0.0
2026-07-24 15:00:00-04:00,332.76,334.37,334.42,334.37,335.44,6.8,4,1d+1h+4h,0.195,False,nofill,0.0
2026-07-24 15:15:00-04:00,332.49,334.37,334.42,334.37,335.42,6.8,4,1d+1h+4h,0.228,False,nofill,0.0
2026-07-24 15:30:00-04:00,332.76,334.37,334.42,334.37,335.38,6.8,4,1d+1h+4h,0.194,False,nofill,0.0
2026-07-24 15:45:00-04:00,333.07,334.37,334.42,334.37,335.43,6.8,4,1d+1h+4h,0.157,False,nofill,0.0
2026-07-30 09:30:00-04:00,332.19,334.37,334.46,334.37,336.24,7.8,5,1d+1h+4h,0.271,False,nofill,0.0
2026-07-30 09:45:00-04:00,332.15,334.37,334.46,334.37,336.25,7.8,5,1d+1h+4h,0.276,False,nofill,0.0
2026-07-30 10:00:00-04:00,331.4,334.37,334.46,334.37,336.3,7.8,5,1d+1h+4h,0.369,False,nofill,0.0
2026-07-30 10:15:00-04:00,331.31,334.37,334.46,334.37,336.25,7.8,5,1d+1h+4h,0.38,False,nofill,0.0
2026-07-30 10:30:00-04:00,332.08,334.37,334.46,334.37,336.32,7.8,5,1d+1h+4h,0.284,False,nofill,0.0
2026-07-30 10:45:00-04:00,332.33,334.37,334.46,334.37,336.26,7.8,5,1d+1h+4h,0.253,False,nofill,0.0
2026-07-30 11:00:00-04:00,331.47,334.37,334.46,334.37,336.25,7.8,5,1d+1h+4h,0.36,False,nofill,0.0
2026-07-30 11:15:00-04:00,331.22,334.37,334.46,334.37,336.2,7.8,5,1d+1h+4h,0.391,False,nofill,0.0
2026-07-30 11:30:00-04:00,332.14,334.37,334.46,334.37,336.16,7.8,5,1d+1h+4h,0.277,False,nofill,0.0
2026-07-30 11:45:00-04:00,331.76,334.37,334.45,334.37,336.11,7.8,5,1d+1h+4h,0.324,False,nofill,0.0
2026-07-30 12:00:00-04:00,331.21,334.37,334.45,334.37,336.07,7.8,5,1d+1h+4h,0.392,False,nofill,0.0
2026-07-30 12:15:00-04:00,332.09,334.37,334.45,334.37,336.06,7.8,5,1d+1h+4h,0.283,False,nofill,0.0
2026-07-30 12:30:00-04:00,332.12,334.37,334.45,334.37,336.0,7.8,5,1d+1h+4h,0.279,False,nofill,0.0
2026-07-30 12:45:00-04:00,331.62,334.37,334.45,334.37,335.95,7.8,5,1d+1h+4h,0.341,False,nofill,0.0
2026-07-30 13:00:00-04:00,332.71,334.37,334.44,334.37,335.93,7.8,5,1d+1h+4h,0.206,False,nofill,0.0
2026-07-30 13:15:00-04:00,332.09,334.37,334.44,334.37,335.87,7.8,5,1d+1h+4h,0.283,True,timeout,-0.2367766152699735
2026-07-30 13:30:00-04:00,332.65,334.37,334.44,334.37,335.85,7.8,5,1d+1h+4h,0.214,True,timeout,-0.23637956547618577
2026-07-30 13:45:00-04:00,333.3,334.37,334.44,334.37,335.8,7.8,5,1d+1h+4h,0.133,True,timeout,-0.23578725275578138
2026-07-30 14:00:00-04:00,333.28,334.37,334.44,334.37,335.77,7.8,5,1d+1h+4h,0.136,True,timeout,-0.23536338290436332
2026-07-30 14:15:00-04:00,333.1,334.37,334.44,334.37,335.75,7.8,5,1d+1h+4h,0.158,True,timeout,-0.23500973828354255
2026-07-30 14:30:00-04:00,333.53,334.37,334.43,334.37,335.72,7.8,5,1d+1h+4h,0.104,True,timeout,-0.23452058349485716
2026-07-30 14:45:00-04:00,333.75,334.37,334.43,334.37,335.67,7.8,5,1d+1h+4h,0.077,True,timeout,-0.23386926328130553
2026-07-30 15:00:00-04:00,333.66,334.37,334.43,334.37,335.62,7.8,5,1d+1h+4h,0.089,True,timeout,-0.2332017047814272
2026-07-30 15:15:00-04:00,333.16,334.37,334.43,334.37,335.59,7.8,5,1d+1h+4h,0.15,True,timeout,-0.23280439076432957
2026-07-30 15:30:00-04:00,333.0,334.37,334.43,334.37,335.57,7.8,5,1d+1h+4h,0.17,True,timeout,-0.23239283577896064
2026-07-30 15:45:00-04:00,333.85,334.37,334.43,334.37,335.66,7.8,5,1d+1h+4h,0.065,False,nofill,0.0
2026-07-31 09:30:00-04:00,304.79,317.4,317.58,317.4,321.11,23.0,15,1d+1h+4h,1.278,False,nofill,0.0
2026-07-31 09:45:00-04:00,302.79,317.4,317.58,317.4,321.1,23.0,15,1d+1h+4h,1.481,False,nofill,0.0
2026-07-31 10:00:00-04:00,302.14,317.4,317.57,317.4,320.99,23.0,15,1d+1h+4h,1.548,False,nofill,0.0
2026-07-31 10:15:00-04:00,302.74,317.4,317.57,317.4,320.88,23.0,15,1d+1h+4h,1.486,False,nofill,0.0
2026-07-31 10:30:00-04:00,302.44,317.4,317.56,317.4,320.72,23.0,15,1d+1h+4h,1.517,False,nofill,0.0
2026-07-31 10:45:00-04:00,303.16,317.4,317.55,317.4,320.58,23.0,15,1d+1h+4h,1.444,False,nofill,0.0
2026-07-31 11:00:00-04:00,303.0,317.4,317.54,317.4,320.42,23.0,15,1d+1h+4h,1.46,False,nofill,0.0
2026-07-31 11:15:00-04:00,301.73,316.94,317.08,316.94,319.94,23.0,15,1d+1h+4h,1.542,False,nofill,0.0
2026-07-31 11:30:00-04:00,301.95,317.4,317.54,317.4,320.29,23.0,15,1d+1h+4h,1.566,False,nofill,0.0
2026-07-31 11:45:00-04:00,301.3,317.13,317.26,317.13,319.96,23.0,15,1d+1h+4h,1.605,False,nofill,0.0
2026-07-31 12:00:00-04:00,302.12,317.4,317.53,317.4,320.12,23.0,15,1d+1h+4h,1.55,False,nofill,0.0
2026-07-31 12:15:00-04:00,300.54,317.4,317.53,317.4,320.07,23.0,15,1d+1h+4h,1.709,False,nofill,0.0
2026-07-31 12:30:00-04:00,300.36,317.4,317.52,317.4,319.95,23.0,15,1d+1h+4h,1.727,False,nofill,0.0
2026-07-31 12:45:00-04:00,300.87,317.4,317.52,317.4,319.87,23.0,15,1d+1h+4h,1.676,False,nofill,0.0
2026-07-31 13:00:00-04:00,301.52,317.13,317.24,317.13,319.49,23.0,15,1d+1h+4h,1.582,False,nofill,0.0
2026-07-31 13:15:00-04:00,301.2,317.13,317.23,317.13,319.38,23.0,15,1d+1h+4h,1.615,False,nofill,0.0
2026-07-31 13:30:00-04:00,301.3,317.13,317.23,317.13,319.27,23.0,15,1d+1h+4h,1.604,False,nofill,0.0
2026-07-31 13:45:00-04:00,300.64,317.4,317.5,317.4,319.46,23.0,15,1d+1h+4h,1.699,False,nofill,0.0
2026-07-31 14:00:00-04:00,302.0,317.4,317.5,317.4,319.42,23.0,15,1d+1h+4h,1.562,False,nofill,0.0
2026-07-31 14:15:00-04:00,301.73,316.94,317.03,316.94,318.88,23.0,15,1d+1h+4h,1.542,False,nofill,0.0
2026-07-31 14:30:00-04:00,302.32,317.4,317.49,317.4,319.25,23.0,15,1d+1h+4h,1.529,False,nofill,0.0
2026-07-31 14:45:00-04:00,302.83,317.4,317.49,317.4,319.19,23.0,15,1d+1h+4h,1.477,False,nofill,0.0
2026-07-31 15:00:00-04:00,304.58,317.4,317.49,317.4,319.22,23.0,15,1d+1h+4h,1.3,False,nofill,0.0
2026-07-31 15:15:00-04:00,305.65,317.4,317.48,317.4,319.17,23.0,15,1d+1h+4h,1.191,False,nofill,0.0
2026-07-31 15:30:00-04:00,306.54,317.4,317.48,317.4,319.17,23.0,15,1d+1h+4h,1.102,False,nofill,0.0
2026-07-31 15:45:00-04:00,309.03,317.4,317.49,317.4,319.38,23.0,15,1d+1h+4h,0.849,False,nofill,0.0
2026-08-03 09:30:00-04:00,306.14,317.4,317.51,317.4,319.74,23.0,15,1d+1h+4h,1.147,False,nofill,0.0
2026-08-03 09:45:00-04:00,305.92,317.4,317.51,317.4,319.78,23.0,15,1d+1h+4h,1.169,False,nofill,0.0
2026-08-03 10:00:00-04:00,306.51,317.4,317.51,317.4,319.78,23.0,15,1d+1h+4h,1.109,False,nofill,0.0
2026-08-03 10:15:00-04:00,305.55,317.4,317.51,317.4,319.74,23.0,15,1d+1h+4h,1.207,False,nofill,0.0
2026-08-03 10:30:00-04:00,305.76,317.4,317.51,317.4,319.64,23.0,15,1d+1h+4h,1.186,False,nofill,0.0
2026-08-03 10:45:00-04:00,305.35,317.4,317.5,317.4,319.59,23.0,15,1d+1h+4h,1.227,False,nofill,0.0
2026-08-03 11:00:00-04:00,305.16,317.4,317.5,317.4,319.51,23.0,15,1d+1h+4h,1.247,False,nofill,0.0
2026-08-03 11:15:00-04:00,304.21,317.4,317.5,317.4,319.5,23.0,15,1d+1h+4h,1.343,False,nofill,0.0
2026-08-03 11:30:00-04:00,303.16,317.4,317.5,317.4,319.45,23.0,15,1d+1h+4h,1.45,False,nofill,0.0
2026-08-03 11:45:00-04:00,303.77,317.4,317.5,317.4,319.4,23.0,15,1d+1h+4h,1.388,False,nofill,0.0
2026-08-03 12:00:00-04:00,304.04,317.4,317.49,317.4,319.35,23.0,15,1d+1h+4h,1.361,False,nofill,0.0
2026-08-03 12:15:00-04:00,306.36,317.4,317.49,317.4,319.39,23.0,15,1d+1h+4h,1.124,False,nofill,0.0
2026-08-03 12:30:00-04:00,306.66,317.4,317.49,317.4,319.33,23.0,15,1d+1h+4h,1.094,False,nofill,0.0
2026-08-03 12:45:00-04:00,306.61,317.4,317.49,317.4,319.26,23.0,15,1d+1h+4h,1.099,False,nofill,0.0
2026-08-03 13:00:00-04:00,306.7,317.4,317.48,317.4,319.18,23.0,15,1d+1h+4h,1.089,False,nofill,0.0
2026-08-03 13:15:00-04:00,307.23,317.4,317.48,317.4,319.12,23.0,15,1d+1h+4h,1.036,False,nofill,0.0
2026-08-03 13:30:00-04:00,306.79,317.4,317.48,317.4,319.07,23.0,15,1d+1h+4h,1.081,False,nofill,0.0
2026-08-03 13:45:00-04:00,306.08,317.4,317.48,317.4,319.05,23.0,15,1d+1h+4h,1.153,False,nofill,0.0
2026-08-03 14:00:00-04:00,305.98,317.4,317.47,317.4,318.97,23.0,15,1d+1h+4h,1.163,False,nofill,0.0
2026-08-03 14:15:00-04:00,305.52,317.4,317.47,317.4,318.93,23.0,15,1d+1h+4h,1.21,False,nofill,0.0
2026-08-03 14:30:00-04:00,305.08,317.4,317.47,317.4,318.88,23.0,15,1d+1h+4h,1.254,False,nofill,0.0
2026-08-03 14:45:00-04:00,305.21,317.4,317.47,317.4,318.83,23.0,15,1d+1h+4h,1.242,False,nofill,0.0
2026-08-03 15:00:00-04:00,305.9,317.4,317.47,317.4,318.79,23.0,15,1d+1h+4h,1.171,False,nofill,0.0
2026-08-03 15:15:00-04:00,305.04,317.4,317.47,317.4,318.77,23.0,15,1d+1h+4h,1.258,False,nofill,0.0
2026-08-03 15:30:00-04:00,304.82,317.4,317.46,317.4,318.72,23.0,15,1d+1h+4h,1.281,False,nofill,0.0
2026-08-03 15:45:00-04:00,303.27,317.4,317.47,317.4,318.79,23.0,15,1d+1h+4h,1.439,False,nofill,0.0
2026-08-04 09:30:00-04:00,303.84,317.4,317.47,317.4,318.93,23.0,15,1d+1h+4h,1.388,False,nofill,0.0
2026-08-04 09:45:00-04:00,305.3,317.4,317.47,317.4,318.95,23.0,15,1d+1h+4h,1.239,False,nofill,0.0
2026-08-04 10:00:00-04:00,305.75,317.4,317.47,317.4,318.95,23.0,15,1d+1h+4h,1.193,False,nofill,0.0
2026-08-04 10:15:00-04:00,306.81,317.4,317.47,317.4,318.94,23.0,15,1d+1h+4h,1.084,False,nofill,0.0
2026-08-04 10:30:00-04:00,305.48,317.4,317.47,317.4,318.96,23.0,15,1d+1h+4h,1.22,False,nofill,0.0
2026-08-04 10:45:00-04:00,306.24,317.4,317.47,317.4,318.93,23.0,15,1d+1h+4h,1.143,False,nofill,0.0
2026-08-04 11:00:00-04:00,306.24,317.4,317.47,317.4,318.87,23.0,15,1d+1h+4h,1.142,False,nofill,0.0
2026-08-04 11:15:00-04:00,305.67,317.4,317.47,317.4,318.83,23.0,15,1d+1h+4h,1.201,False,nofill,0.0
2026-08-04 11:30:00-04:00,306.26,317.4,317.47,317.4,318.83,23.0,15,1d+1h+4h,1.141,False,nofill,0.0
2026-08-04 11:45:00-04:00,306.35,317.4,317.47,317.4,318.77,23.0,15,1d+1h+4h,1.132,False,nofill,0.0
2026-08-04 12:00:00-04:00,306.35,317.4,317.46,317.4,318.73,23.0,15,1d+1h+4h,1.131,False,nofill,0.0
2026-08-04 12:15:00-04:00,306.5,317.4,317.46,317.4,318.7,23.0,15,1d+1h+4h,1.116,False,nofill,0.0
2026-08-04 12:30:00-04:00,307.76,317.4,317.46,317.4,318.72,23.0,15,1d+1h+4h,0.987,False,nofill,0.0
2026-08-04 12:45:00-04:00,308.25,317.4,317.46,317.4,318.71,23.0,15,1d+1h+4h,0.937,False,nofill,0.0
2026-08-04 13:00:00-04:00,310.12,316.94,317.01,316.94,318.33,23.0,15,1d+1h+4h,0.698,False,nofill,0.0
2026-08-04 13:15:00-04:00,308.9,317.13,317.19,317.13,318.52,23.0,15,1d+1h+4h,0.842,False,nofill,0.0
2026-08-04 13:30:00-04:00,309.58,317.4,317.46,317.4,318.76,23.0,15,1d+1h+4h,0.8,False,nofill,0.0
2026-08-04 13:45:00-04:00,309.36,317.4,317.46,317.4,318.73,23.0,15,1d+1h+4h,0.823,False,nofill,0.0
2026-08-04 14:00:00-04:00,310.03,316.94,317.0,316.94,318.23,23.0,15,1d+1h+4h,0.708,False,nofill,0.0
2026-08-04 14:15:00-04:00,309.32,317.4,317.46,317.4,318.67,23.0,15,1d+1h+4h,0.827,False,nofill,0.0
2026-08-04 14:30:00-04:00,308.82,317.13,317.19,317.13,318.37,23.0,15,1d+1h+4h,0.851,False,nofill,0.0
2026-08-04 14:45:00-04:00,308.52,317.13,317.18,317.13,318.34,23.0,15,1d+1h+4h,0.881,False,nofill,0.0
2026-08-04 15:00:00-04:00,308.72,317.13,317.18,317.13,318.3,23.0,15,1d+1h+4h,0.861,False,nofill,0.0
2026-08-04 15:15:00-04:00,309.58,317.4,317.46,317.4,318.58,23.0,15,1d+1h+4h,0.801,False,nofill,0.0
2026-08-04 15:30:00-04:00,310.27,316.94,317.0,316.94,318.1,23.0,15,1d+1h+4h,0.682,False,nofill,0.0
2026-08-04 15:45:00-04:00,309.39,317.4,317.46,317.4,318.59,23.0,15,1d+1h+4h,0.82,False,nofill,0.0
2026-08-05 09:30:00-04:00,308.16,317.13,317.19,317.13,318.51,23.0,15,1d+1h+4h,0.944,False,nofill,0.0
2026-08-05 09:45:00-04:00,308.0,317.13,317.19,317.13,318.51,23.0,15,1d+1h+4h,0.961,False,nofill,0.0
2026-08-05 10:00:00-04:00,308.42,317.13,317.19,317.13,318.5,23.0,15,1d+1h+4h,0.916,False,nofill,0.0
2026-08-05 10:15:00-04:00,306.73,317.13,317.2,317.13,318.58,23.0,15,1d+1h+4h,1.095,False,nofill,0.0
2026-08-05 10:30:00-04:00,308.85,317.13,317.2,317.13,318.67,23.0,15,1d+1h+4h,0.871,False,nofill,0.0
2026-08-05 10:45:00-04:00,311.32,317.13,317.2,317.13,318.75,23.0,15,1d+1h+4h,0.611,False,nofill,0.0
2026-08-05 11:00:00-04:00,310.52,317.13,317.2,317.13,318.72,23.0,15,1d+1h+4h,0.695,False,nofill,0.0
2026-08-05 11:15:00-04:00,308.6,317.13,317.2,317.13,318.77,23.0,15,1d+1h+4h,0.898,False,nofill,0.0
2026-08-05 11:30:00-04:00,308.26,317.13,317.2,317.13,318.72,23.0,15,1d+1h+4h,0.933,False,nofill,0.0
2026-08-05 11:45:00-04:00,307.97,317.13,317.2,317.13,318.66,23.0,15,1d+1h+4h,0.964,False,nofill,0.0
2026-08-05 12:00:00-04:00,309.1,317.13,317.2,317.13,318.66,23.0,15,1d+1h+4h,0.845,False,nofill,0.0
2026-08-05 12:15:00-04:00,308.64,317.13,317.2,317.13,318.6,23.0,15,1d+1h+4h,0.893,False,nofill,0.0
2026-08-05 12:30:00-04:00,309.29,317.13,317.2,317.13,318.57,23.0,15,1d+1h+4h,0.825,False,nofill,0.0
2026-08-05 12:45:00-04:00,308.83,317.13,317.19,317.13,318.51,23.0,15,1d+1h+4h,0.873,False,nofill,0.0
2026-08-05 13:00:00-04:00,309.72,317.13,317.19,317.13,318.48,23.0,15,1d+1h+4h,0.78,False,nofill,0.0
2026-08-05 13:15:00-04:00,309.74,317.13,317.19,317.13,318.41,23.0,15,1d+1h+4h,0.778,False,nofill,0.0
2026-08-05 13:30:00-04:00,309.62,317.13,317.19,317.13,318.38,23.0,15,1d+1h+4h,0.79,False,nofill,0.0
2026-08-05 13:45:00-04:00,308.92,317.13,317.19,317.13,318.36,23.0,15,1d+1h+4h,0.864,False,nofill,0.0
2026-08-05 14:00:00-04:00,308.51,317.13,317.18,317.13,318.32,23.0,15,1d+1h+4h,0.907,False,nofill,0.0
2026-08-05 14:15:00-04:00,308.19,317.13,317.18,317.13,318.28,23.0,15,1d+1h+4h,0.941,False,nofill,0.0
2026-08-05 14:30:00-04:00,308.63,317.13,317.18,317.13,318.24,23.0,15,1d+1h+4h,0.894,False,nofill,0.0
2026-08-05 14:45:00-04:00,308.96,317.13,317.18,317.13,318.21,23.0,15,1d+1h+4h,0.86,False,nofill,0.0
2026-08-05 15:00:00-04:00,308.91,317.13,317.18,317.13,318.17,23.0,15,1d+1h+4h,0.865,False,nofill,0.0
2026-08-05 15:15:00-04:00,309.62,317.13,317.18,317.13,318.17,23.0,15,1d+1h+4h,0.79,False,nofill,0.0
2026-08-05 15:30:00-04:00,309.9,317.13,317.17,317.13,318.14,23.0,15,1d+1h+4h,0.76,False,nofill,0.0
2026-08-05 15:45:00-04:00,310.92,317.13,317.18,317.13,318.2,23.0,15,1d+1h+4h,0.653,False,nofill,0.0
2026-08-06 09:30:00-04:00,314.77,317.13,317.19,317.13,318.51,23.0,15,1d+1h+4h,0.253,False,nofill,0.0
2026-08-06 09:45:00-04:00,314.77,317.13,317.19,317.13,318.54,23.0,15,1d+1h+4h,0.253,False,nofill,0.0
2026-08-06 10:00:00-04:00,313.32,317.13,317.2,317.13,318.63,23.0,15,1d+1h+4h,0.408,False,nofill,0.0
2026-08-06 10:15:00-04:00,312.84,317.13,317.2,317.13,318.62,23.0,15,1d+1h+4h,0.46,False,nofill,0.0
2026-08-06 10:30:00-04:00,312.42,317.13,317.2,317.13,318.63,23.0,15,1d+1h+4h,0.504,False,nofill,0.0
2026-08-06 10:45:00-04:00,313.34,317.13,317.2,317.13,318.63,23.0,15,1d+1h+4h,0.406,False,nofill,0.0
2026-08-06 11:00:00-04:00,312.15,317.13,317.2,317.13,318.62,23.0,15,1d+1h+4h,0.533,False,nofill,0.0
2026-08-06 11:15:00-04:00,310.1,317.13,317.2,317.13,318.71,23.0,15,1d+1h+4h,0.753,False,nofill,0.0
2026-08-06 11:30:00-04:00,310.07,317.13,317.2,317.13,318.64,23.0,15,1d+1h+4h,0.757,False,nofill,0.0
2026-08-06 11:45:00-04:00,309.54,317.13,317.2,317.13,318.61,23.0,15,1d+1h+4h,0.814,False,nofill,0.0
2026-08-06 12:00:00-04:00,309.98,317.13,317.2,317.13,318.57,23.0,15,1d+1h+4h,0.766,False,nofill,0.0
2026-08-06 12:15:00-04:00,311.16,317.13,317.2,317.13,318.57,23.0,15,1d+1h+4h,0.64,False,nofill,0.0
2026-08-06 12:30:00-04:00,311.36,317.13,317.19,317.13,318.51,24.0,16,1d+1h+4h,0.618,False,nofill,0.0
2026-08-06 12:45:00-04:00,311.66,317.13,317.19,317.13,318.45,24.0,16,1d+1h+4h,0.586,False,nofill,0.0
2026-08-06 13:00:00-04:00,310.88,317.13,317.19,317.13,318.43,24.0,16,1d+1h+4h,0.669,False,nofill,0.0
2026-08-06 13:15:00-04:00,311.2,317.13,317.19,317.13,318.37,24.0,16,1d+1h+4h,0.635,False,nofill,0.0
2026-08-06 13:30:00-04:00,311.57,317.13,317.18,317.13,318.31,24.0,16,1d+1h+4h,0.596,False,nofill,0.0
2026-08-06 13:45:00-04:00,312.16,317.13,317.18,317.13,318.28,24.0,16,1d+1h+4h,0.533,False,nofill,0.0
2026-08-06 14:00:00-04:00,311.99,317.13,317.18,317.13,318.22,24.0,16,1d+1h+4h,0.551,False,nofill,0.0
2026-08-06 14:15:00-04:00,312.24,317.13,317.18,317.13,318.19,24.0,16,1d+1h+4h,0.524,False,nofill,0.0
2026-08-06 14:30:00-04:00,311.99,317.13,317.18,317.13,318.15,24.0,16,1d+1h+4h,0.551,False,nofill,0.0
2026-08-06 14:45:00-04:00,312.27,317.13,317.17,317.13,318.11,24.0,16,1d+1h+4h,0.521,False,nofill,0.0
2026-08-06 15:00:00-04:00,312.43,317.13,317.17,317.13,318.07,24.0,16,1d+1h+4h,0.504,False,nofill,0.0
2026-08-06 15:15:00-04:00,312.58,317.13,317.17,317.13,318.05,24.0,16,1d+1h+4h,0.488,False,nofill,0.0
2026-08-06 15:30:00-04:00,312.8,317.13,317.17,317.13,318.03,24.0,16,1d+1h+4h,0.464,False,nofill,0.0
2026-08-06 15:45:00-04:00,312.45,317.13,317.17,317.13,318.05,24.0,16,1d+1h+4h,0.501,False,nofill,0.0
2026-08-07 09:30:00-04:00,311.78,317.13,317.18,317.13,318.21,24.0,16,1d+1h+4h,0.597,False,nofill,0.0
2026-08-07 09:45:00-04:00,311.74,317.13,317.18,317.13,318.22,24.0,16,1d+1h+4h,0.602,False,nofill,0.0
2026-08-07 10:00:00-04:00,312.14,317.13,317.18,317.13,318.22,24.0,16,1d+1h+4h,0.557,False,nofill,0.0
2026-08-07 10:15:00-04:00,314.08,317.13,317.18,317.13,318.32,24.0,16,1d+1h+4h,0.34,False,nofill,0.0
2026-08-07 10:30:00-04:00,314.28,317.13,317.18,317.13,318.3,24.0,16,1d+1h+4h,0.318,False,nofill,0.0
2026-08-07 10:45:00-04:00,314.32,317.13,317.18,317.13,318.27,24.0,16,1d+1h+4h,0.314,False,nofill,0.0
2026-08-07 11:00:00-04:00,313.94,317.13,317.18,317.13,318.25,24.0,16,1d+1h+4h,0.356,False,nofill,0.0
2026-08-07 11:15:00-04:00,313.36,317.13,317.18,317.13,318.24,24.0,16,1d+1h+4h,0.421,False,nofill,0.0
2026-08-07 11:30:00-04:00,312.6,317.13,317.18,317.13,318.23,24.0,16,1d+1h+4h,0.506,False,nofill,0.0
2026-08-07 11:45:00-04:00,312.15,317.13,317.18,317.13,318.2,24.0,16,1d+1h+4h,0.556,False,nofill,0.0
2026-08-07 12:00:00-04:00,311.82,317.13,317.18,317.13,318.19,24.0,16,1d+1h+4h,0.593,False,nofill,0.0
2026-08-07 12:15:00-04:00,311.69,317.13,317.17,317.13,318.14,24.0,16,1d+1h+4h,0.607,False,nofill,0.0
2026-08-07 12:30:00-04:00,312.18,317.13,317.17,317.13,318.12,24.0,16,1d+1h+4h,0.553,False,nofill,0.0
2026-08-07 12:45:00-04:00,312.22,317.13,317.17,317.13,318.08,24.0,16,1d+1h+4h,0.548,False,nofill,0.0
2026-08-07 13:00:00-04:00,312.47,317.13,317.17,317.13,318.04,24.0,16,1d+1h+4h,0.52,False,nofill,0.0
2026-08-07 13:15:00-04:00,312.74,317.13,317.17,317.13,318.02,24.0,16,1d+1h+4h,0.49,False,nofill,0.0
2026-08-07 13:30:00-04:00,312.99,317.13,317.17,317.13,317.99,25.8,17,1d+1h+4h,0.462,False,nofill,0.0
2026-08-07 13:45:00-04:00,312.98,317.13,317.17,317.13,317.95,25.8,17,1d+1h+4h,0.463,False,nofill,0.0
2026-08-07 14:00:00-04:00,312.38,317.13,317.17,317.13,317.95,25.8,17,1d+1h+4h,0.53,False,nofill,0.0
2026-08-07 14:15:00-04:00,311.92,317.13,317.17,317.13,317.94,25.8,17,1d+1h+4h,0.582,False,nofill,0.0
2026-08-07 14:30:00-04:00,311.89,317.13,317.16,317.13,317.91,25.8,17,1d+1h+4h,0.585,False,nofill,0.0
2026-08-07 14:45:00-04:00,312.43,317.13,317.16,317.13,317.9,25.8,17,1d+1h+4h,0.525,False,nofill,0.0
2026-08-07 15:00:00-04:00,312.86,317.13,317.16,317.13,317.9,25.8,17,1d+1h+4h,0.477,False,nofill,0.0
2026-08-07 15:15:00-04:00,313.28,317.13,317.16,317.13,317.88,25.8,17,1d+1h+4h,0.43,False,nofill,0.0
2026-08-07 15:30:00-04:00,313.26,317.13,317.16,317.13,317.85,25.8,17,1d+1h+4h,0.432,False,nofill,0.0
2026-08-07 15:45:00-04:00,313.3,317.13,317.16,317.13,317.9,25.8,17,1d+1h+4h,0.428,False,nofill,0.0
2026-08-10 09:30:00-04:00,305.86,317.13,317.19,317.13,318.49,25.8,17,1d+1h+4h,1.263,False,nofill,0.0
2026-08-10 09:45:00-04:00,307.05,317.13,317.19,317.13,318.53,25.8,17,1d+1h+4h,1.13,False,nofill,0.0
2026-08-10 10:00:00-04:00,306.53,317.13,317.19,317.13,318.54,25.8,17,1d+1h+4h,1.189,False,nofill,0.0
2026-08-10 10:15:00-04:00,306.88,317.13,317.19,317.13,318.52,25.8,17,1d+1h+4h,1.149,False,nofill,0.0
2026-08-10 10:30:00-04:00,306.74,317.13,317.19,317.13,318.48,25.8,17,1d+1h+4h,1.165,False,nofill,0.0
2026-08-10 10:45:00-04:00,307.12,317.13,317.19,317.13,318.46,25.8,17,1d+1h+4h,1.122,False,nofill,0.0
2026-08-10 11:00:00-04:00,306.39,317.13,317.19,317.13,318.42,25.8,17,1d+1h+4h,1.204,False,nofill,0.0
2026-08-10 11:15:00-04:00,306.56,317.13,317.19,317.13,318.37,25.8,17,1d+1h+4h,1.186,False,nofill,0.0
2026-08-10 11:30:00-04:00,306.54,317.13,317.18,317.13,318.32,25.8,17,1d+1h+4h,1.187,False,nofill,0.0
2026-08-10 11:45:00-04:00,307.18,317.13,317.18,317.13,318.28,25.8,17,1d+1h+4h,1.116,False,nofill,0.0
2026-08-10 12:00:00-04:00,305.54,317.13,317.18,317.13,318.34,25.8,17,1d+1h+4h,1.299,False,nofill,0.0
2026-08-10 12:15:00-04:00,305.53,317.13,317.18,317.13,318.33,25.8,17,1d+1h+4h,1.301,False,nofill,0.0
2026-08-10 12:30:00-04:00,305.64,317.13,317.18,317.13,318.28,25.8,17,1d+1h+4h,1.289,False,nofill,0.0
2026-08-10 12:45:00-04:00,306.27,317.13,317.18,317.13,318.25,25.8,17,1d+1h+4h,1.218,False,nofill,0.0
2026-08-10 13:00:00-04:00,306.46,317.13,317.18,317.13,318.2,25.8,17,1d+1h+4h,1.197,False,nofill,0.0
2026-08-10 13:15:00-04:00,306.47,317.13,317.18,317.13,318.17,25.8,17,1d+1h+4h,1.195,False,nofill,0.0
2026-08-10 13:30:00-04:00,306.71,317.13,317.17,317.13,318.13,25.8,17,1d+1h+4h,1.169,False,nofill,0.0
2026-08-10 13:45:00-04:00,306.73,317.13,317.17,317.13,318.12,25.8,17,1d+1h+4h,1.167,False,nofill,0.0
2026-08-10 14:00:00-04:00,306.63,317.13,317.17,317.13,318.08,25.8,17,1d+1h+4h,1.178,False,nofill,0.0
2026-08-10 14:15:00-04:00,306.71,317.13,317.17,317.13,318.03,25.8,17,1d+1h+4h,1.168,False,nofill,0.0
2026-08-10 14:30:00-04:00,306.83,317.13,317.17,317.13,317.99,25.8,17,1d+1h+4h,1.155,False,nofill,0.0
2026-08-10 14:45:00-04:00,307.04,317.13,317.17,317.13,317.97,25.8,17,1d+1h+4h,1.132,False,nofill,0.0
2026-08-10 15:00:00-04:00,307.44,317.13,317.17,317.13,317.94,25.8,17,1d+1h+4h,1.087,False,nofill,0.0
2026-08-10 15:15:00-04:00,307.23,317.13,317.16,317.13,317.92,25.8,17,1d+1h+4h,1.11,False,nofill,0.0
2026-08-10 15:30:00-04:00,307.26,317.13,317.16,317.13,317.9,25.8,17,1d+1h+4h,1.107,False,nofill,0.0
2026-08-10 15:45:00-04:00,308.19,317.13,317.17,317.13,317.94,25.8,17,1d+1h+4h,1.003,False,nofill,0.0
2026-08-11 09:30:00-04:00,306.46,317.13,317.18,317.13,318.16,26.0,16,1d+1h+4h,1.213,False,nofill,0.0
2026-08-11 09:45:00-04:00,306.29,317.13,317.18,317.13,318.16,26.0,16,1d+1h+4h,1.233,False,nofill,0.0
2026-08-11 10:00:00-04:00,306.36,317.13,317.17,317.13,318.14,26.0,16,1d+1h+4h,1.225,False,nofill,0.0
2026-08-11 10:15:00-04:00,306.19,317.13,317.17,317.13,318.13,26.0,16,1d+1h+4h,1.244,False,nofill,0.0
2026-08-11 10:30:00-04:00,306.67,316.94,316.99,316.94,317.93,26.0,16,1d+1h+4h,1.168,False,nofill,0.0
2026-08-11 10:45:00-04:00,306.59,317.13,317.17,317.13,318.08,26.0,16,1d+1h+4h,1.199,False,nofill,0.0
2026-08-11 11:00:00-04:00,306.21,317.13,317.17,317.13,318.06,26.0,16,1d+1h+4h,1.241,False,nofill,0.0
2026-08-11 11:15:00-04:00,306.7,316.94,316.98,316.94,317.85,26.0,16,1d+1h+4h,1.164,False,nofill,0.0
2026-08-11 11:30:00-04:00,307.24,317.13,317.17,317.13,318.03,26.0,16,1d+1h+4h,1.125,False,nofill,0.0
2026-08-11 11:45:00-04:00,307.25,317.13,317.17,317.13,318.02,26.0,16,1d+1h+4h,1.124,False,nofill,0.0
2026-08-11 12:00:00-04:00,306.81,317.13,317.17,317.13,318.0,26.0,16,1d+1h+4h,1.174,False,nofill,0.0
2026-08-11 12:15:00-04:00,306.56,317.13,317.17,317.13,317.99,26.0,16,1d+1h+4h,1.203,False,nofill,0.0
2026-08-11 12:30:00-04:00,305.85,317.13,317.17,317.13,317.99,26.0,16,1d+1h+4h,1.283,False,nofill,0.0
2026-08-11 12:45:00-04:00,306.24,317.13,317.17,317.13,317.98,26.0,16,1d+1h+4h,1.239,False,nofill,0.0
2026-08-11 13:00:00-04:00,306.0,317.13,317.17,317.13,317.94,26.0,16,1d+1h+4h,1.266,False,nofill,0.0
2026-08-11 13:15:00-04:00,306.19,317.13,317.16,317.13,317.91,26.0,16,1d+1h+4h,1.244,False,nofill,0.0
2026-08-11 13:30:00-04:00,306.4,317.13,317.16,317.13,317.88,26.0,16,1d+1h+4h,1.22,False,nofill,0.0
2026-08-11 13:45:00-04:00,306.02,317.13,317.16,317.13,317.88,26.0,16,1d+1h+4h,1.263,False,nofill,0.0
2026-08-11 14:00:00-04:00,304.96,317.13,317.16,317.13,317.92,26.0,16,1d+1h+4h,1.384,False,nofill,0.0
2026-08-11 14:15:00-04:00,303.3,317.13,317.17,317.13,318.03,26.0,16,1d+1h+4h,1.573,False,nofill,0.0
2026-08-11 14:30:00-04:00,303.46,317.13,317.17,317.13,318.03,26.0,16,1d+1h+4h,1.555,False,nofill,0.0
2026-08-11 14:45:00-04:00,304.35,317.13,317.17,317.13,318.07,26.0,16,1d+1h+4h,1.454,False,nofill,0.0
2026-08-11 15:00:00-04:00,304.74,317.13,317.17,317.13,318.06,26.0,16,1d+1h+4h,1.409,False,nofill,0.0
2026-08-11 15:15:00-04:00,305.16,317.13,317.17,317.13,318.03,26.0,16,1d+1h+4h,1.361,False,nofill,0.0
2026-08-11 15:30:00-04:00,304.62,317.13,317.17,317.13,318.04,26.0,16,1d+1h+4h,1.423,False,nofill,0.0
2026-08-11 15:45:00-04:00,304.9,317.13,317.17,317.13,318.07,26.0,16,1d+1h+4h,1.391,False,nofill,0.0
2026-08-12 09:30:00-04:00,303.37,317.13,317.18,317.13,318.27,26.0,16,1d+1h+4h,1.614,False,nofill,0.0
2026-08-12 09:45:00-04:00,303.37,317.13,317.18,317.13,318.26,26.0,16,1d+1h+4h,1.614,False,nofill,0.0
2026-08-12 10:00:00-04:00,302.48,317.13,317.18,317.13,318.33,26.0,16,1d+1h+4h,1.718,False,nofill,0.0
2026-08-12 10:15:00-04:00,302.35,317.13,317.18,317.13,318.29,26.0,16,1d+1h+4h,1.734,False,nofill,0.0
2026-08-12 10:30:00-04:00,302.94,317.13,317.18,317.13,318.25,26.0,16,1d+1h+4h,1.664,False,nofill,0.0
2026-08-12 10:45:00-04:00,302.43,317.13,317.18,317.13,318.26,26.0,16,1d+1h+4h,1.724,False,nofill,0.0
2026-08-12 11:00:00-04:00,301.71,317.13,317.18,317.13,318.27,26.0,16,1d+1h+4h,1.808,False,nofill,0.0
2026-08-12 11:15:00-04:00,301.08,317.13,317.18,317.13,318.24,26.0,16,1d+1h+4h,1.882,False,nofill,0.0
2026-08-12 11:30:00-04:00,300.85,317.13,317.18,317.13,318.22,26.0,16,1d+1h+4h,1.91,False,nofill,0.0
2026-08-12 11:45:00-04:00,301.17,317.13,317.18,317.13,318.19,26.0,16,1d+1h+4h,1.872,False,nofill,0.0
2026-08-12 12:00:00-04:00,301.77,317.13,317.18,317.13,318.17,26.0,16,1d+1h+4h,1.801,False,nofill,0.0
2026-08-12 12:15:00-04:00,301.51,317.13,317.17,317.13,318.14,26.0,16,1d+1h+4h,1.832,False,nofill,0.0
2026-08-12 12:30:00-04:00,301.9,317.13,317.17,317.13,318.1,26.0,16,1d+1h+4h,1.786,False,nofill,0.0
2026-08-12 12:45:00-04:00,302.16,317.13,317.17,317.13,318.08,26.0,16,1d+1h+4h,1.755,False,nofill,0.0
2026-08-12 13:00:00-04:00,302.44,317.13,317.17,317.13,318.05,26.0,16,1d+1h+4h,1.723,False,nofill,0.0
2026-08-12 13:15:00-04:00,302.16,317.13,317.17,317.13,318.01,26.0,16,1d+1h+4h,1.755,False,nofill,0.0
2026-08-12 13:30:00-04:00,301.79,317.13,317.17,317.13,317.99,26.0,16,1d+1h+4h,1.799,False,nofill,0.0
2026-08-12 13:45:00-04:00,301.5,317.13,317.17,317.13,317.97,26.0,16,1d+1h+4h,1.832,False,nofill,0.0
2026-08-12 14:00:00-04:00,301.57,317.13,317.16,317.13,317.93,26.0,16,1d+1h+4h,1.825,False,nofill,0.0
2026-08-12 14:15:00-04:00,301.12,317.13,317.16,317.13,317.91,26.0,16,1d+1h+4h,1.877,False,nofill,0.0
2026-08-12 14:30:00-04:00,301.42,317.13,317.16,317.13,317.89,26.0,16,1d+1h+4h,1.842,False,nofill,0.0
2026-08-12 14:45:00-04:00,301.41,317.13,317.16,317.13,317.89,26.0,16,1d+1h+4h,1.843,False,nofill,0.0
2026-08-12 15:00:00-04:00,301.27,317.13,317.16,317.13,317.87,26.0,16,1d+1h+4h,1.86,False,nofill,0.0
2026-08-12 15:15:00-04:00,301.68,317.13,317.16,317.13,317.85,26.0,16,1d+1h+4h,1.812,False,nofill,0.0
2026-08-12 15:30:00-04:00,301.6,317.13,317.16,317.13,317.88,26.0,16,1d+1h+4h,1.822,False,nofill,0.0
2026-08-12 15:45:00-04:00,302.23,317.13,317.16,317.13,317.91,26.0,16,1d+1h+4h,1.748,False,nofill,0.0
2026-08-13 09:30:00-04:00,303.43,317.4,317.44,317.4,318.33,25.0,15,1d+1h+4h,1.704,False,nofill,0.0
2026-08-13 09:45:00-04:00,304.58,317.4,317.45,317.4,318.39,25.0,15,1d+1h+4h,1.564,False,nofill,0.0
2026-08-13 10:00:00-04:00,305.48,317.4,317.45,317.4,318.42,25.0,15,1d+1h+4h,1.454,False,nofill,0.0
2026-08-13 10:15:00-04:00,305.64,317.4,317.45,317.4,318.48,25.0,15,1d+1h+4h,1.434,False,nofill,0.0
2026-08-13 10:30:00-04:00,304.98,317.4,317.45,317.4,318.49,25.0,15,1d+1h+4h,1.515,False,nofill,0.0
2026-08-13 10:45:00-04:00,305.1,317.4,317.45,317.4,318.46,25.0,15,1d+1h+4h,1.5,False,nofill,0.0
2026-08-13 11:00:00-04:00,304.24,317.4,317.45,317.4,318.47,25.0,15,1d+1h+4h,1.605,False,nofill,0.0
2026-08-13 11:15:00-04:00,303.72,317.4,317.45,317.4,318.45,25.0,15,1d+1h+4h,1.669,False,nofill,0.0
2026-08-13 11:30:00-04:00,303.44,317.4,317.45,317.4,318.46,25.0,15,1d+1h+4h,1.702,False,nofill,0.0
2026-08-13 11:45:00-04:00,302.79,317.4,317.45,317.4,318.44,25.0,15,1d+1h+4h,1.782,False,nofill,0.0
2026-08-13 12:00:00-04:00,303.42,317.4,317.45,317.4,318.43,25.0,15,1d+1h+4h,1.706,False,nofill,0.0
2026-08-13 12:15:00-04:00,303.43,317.4,317.45,317.4,318.4,25.0,15,1d+1h+4h,1.704,False,nofill,0.0
2026-08-13 12:30:00-04:00,303.24,317.4,317.45,317.4,318.36,25.0,15,1d+1h+4h,1.728,False,nofill,0.0
2026-08-13 12:45:00-04:00,303.03,317.4,317.45,317.4,318.35,25.0,15,1d+1h+4h,1.753,False,nofill,0.0
2026-08-13 13:00:00-04:00,303.09,317.4,317.44,317.4,318.3,25.0,15,1d+1h+4h,1.745,False,nofill,0.0
2026-08-13 13:15:00-04:00,303.34,317.4,317.44,317.4,318.27,25.0,15,1d+1h+4h,1.715,False,nofill,0.0
2026-08-13 13:30:00-04:00,303.54,317.4,317.44,317.4,318.27,25.0,15,1d+1h+4h,1.69,False,nofill,0.0
2026-08-13 13:45:00-04:00,303.44,317.4,317.44,317.4,318.24,25.0,15,1d+1h+4h,1.703,False,nofill,0.0
2026-08-13 14:00:00-04:00,303.42,317.4,317.44,317.4,318.22,25.0,15,1d+1h+4h,1.705,False,nofill,0.0
2026-08-13 14:15:00-04:00,303.31,317.4,317.44,317.4,318.19,25.0,15,1d+1h+4h,1.719,False,nofill,0.0
2026-08-13 14:30:00-04:00,303.8,317.4,317.44,317.4,318.19,25.0,15,1d+1h+4h,1.658,False,nofill,0.0
2026-08-13 14:45:00-04:00,303.18,317.4,317.44,317.4,318.19,25.0,15,1d+1h+4h,1.734,False,nofill,0.0
2026-08-13 15:00:00-04:00,303.5,317.4,317.44,317.4,318.18,25.0,15,1d+1h+4h,1.695,False,nofill,0.0
2026-08-13 15:15:00-04:00,304.4,317.4,317.44,317.4,318.21,25.0,15,1d+1h+4h,1.586,False,nofill,0.0
2026-08-13 15:30:00-04:00,304.1,317.4,317.44,317.4,318.2,25.0,15,1d+1h+4h,1.622,False,nofill,0.0
2026-08-13 15:45:00-04:00,305.32,317.4,317.44,317.4,318.24,25.0,15,1d+1h+4h,1.473,False,nofill,0.0
2026-08-14 09:30:00-04:00,306.23,317.4,317.44,317.4,318.34,25.0,15,1d+1h+4h,1.425,False,nofill,0.0
2026-08-14 09:45:00-04:00,306.1,317.4,317.45,317.4,318.38,25.0,15,1d+1h+4h,1.441,False,nofill,0.0
2026-08-14 10:00:00-04:00,305.73,317.4,317.45,317.4,318.36,25.0,15,1d+1h+4h,1.488,False,nofill,0.0
2026-08-14 10:15:00-04:00,304.99,317.4,317.45,317.4,318.38,25.0,15,1d+1h+4h,1.583,False,nofill,0.0
2026-08-14 10:30:00-04:00,304.91,317.4,317.45,317.4,318.35,25.0,15,1d+1h+4h,1.593,False,nofill,0.0
2026-08-14 10:45:00-04:00,305.16,317.4,317.44,317.4,318.33,25.0,15,1d+1h+4h,1.561,False,nofill,0.0
2026-08-14 11:00:00-04:00,304.72,317.4,317.44,317.4,318.33,25.0,15,1d+1h+4h,1.617,False,nofill,0.0
2026-08-14 11:15:00-04:00,305.53,317.4,317.45,317.4,318.36,25.0,15,1d+1h+4h,1.513,False,nofill,0.0
2026-08-14 11:30:00-04:00,305.73,317.4,317.44,317.4,318.33,25.0,15,1d+1h+4h,1.489,False,nofill,0.0
2026-08-14 11:45:00-04:00,305.67,317.4,317.44,317.4,318.29,25.0,15,1d+1h+4h,1.497,False,nofill,0.0
2026-08-14 12:00:00-04:00,305.25,317.4,317.44,317.4,318.26,25.0,15,1d+1h+4h,1.55,False,nofill,0.0
2026-08-14 12:15:00-04:00,305.44,317.4,317.44,317.4,318.24,25.0,15,1d+1h+4h,1.525,False,nofill,0.0
2026-08-14 12:30:00-04:00,305.32,317.4,317.44,317.4,318.2,25.0,15,1d+1h+4h,1.541,False,nofill,0.0
2026-08-14 12:45:00-04:00,305.43,317.4,317.44,317.4,318.17,25.0,15,1d+1h+4h,1.527,False,nofill,0.0
2026-08-14 13:00:00-04:00,305.48,317.4,317.44,317.4,318.14,25.0,15,1d+1h+4h,1.52,False,nofill,0.0
2026-08-14 13:15:00-04:00,305.19,317.4,317.43,317.4,318.12,25.0,15,1d+1h+4h,1.557,False,nofill,0.0
2026-08-14 13:30:00-04:00,305.4,317.4,317.43,317.4,318.11,25.0,15,1d+1h+4h,1.53,False,nofill,0.0
2026-08-14 13:45:00-04:00,306.05,317.4,317.43,317.4,318.11,25.0,15,1d+1h+4h,1.447,False,nofill,0.0
2026-08-14 14:00:00-04:00,306.12,317.4,317.43,317.4,318.11,25.0,15,1d+1h+4h,1.439,False,nofill,0.0
2026-08-14 14:15:00-04:00,305.98,317.4,317.43,317.4,318.08,25.0,15,1d+1h+4h,1.457,False,nofill,0.0
2026-08-14 14:30:00-04:00,305.72,317.4,317.43,317.4,318.07,25.0,15,1d+1h+4h,1.49,False,nofill,0.0
2026-08-14 14:45:00-04:00,305.58,317.4,317.43,317.4,318.05,25.0,15,1d+1h+4h,1.507,False,nofill,0.0
2026-08-14 15:00:00-04:00,305.45,317.4,317.43,317.4,318.04,25.0,15,1d+1h+4h,1.524,False,nofill,0.0
2026-08-14 15:15:00-04:00,305.94,317.4,317.43,317.4,318.04,25.0,15,1d+1h+4h,1.461,False,nofill,0.0
2026-08-14 15:30:00-04:00,305.57,317.4,317.43,317.4,318.03,25.0,15,1d+1h+4h,1.509,False,nofill,0.0
2026-08-14 15:45:00-04:00,305.95,317.4,317.43,317.4,318.02,25.0,15,1d+1h+4h,1.46,False,nofill,0.0
2026-08-17 09:30:00-04:00,305.15,316.02,316.06,316.02,316.86,24.0,16,1d+1h+4h,1.426,False,nofill,0.0
2026-08-17 09:45:00-04:00,305.44,316.02,316.06,316.02,316.89,24.0,16,1d+1h+4h,1.388,False,nofill,0.0
2026-08-17 10:00:00-04:00,304.9,316.02,316.06,316.02,316.9,24.0,16,1d+1h+4h,1.459,False,nofill,0.0
2026-08-17 10:15:00-04:00,304.5,316.02,316.06,316.02,316.89,24.0,16,1d+1h+4h,1.512,False,nofill,0.0
2026-08-17 10:30:00-04:00,304.56,316.02,316.06,316.02,316.88,24.0,16,1d+1h+4h,1.504,False,nofill,0.0
2026-08-17 10:45:00-04:00,304.13,315.78,315.82,315.78,316.66,24.0,16,1d+1h+4h,1.529,False,nofill,0.0
2026-08-17 11:00:00-04:00,304.66,316.02,316.06,316.02,316.9,24.0,16,1d+1h+4h,1.491,False,nofill,0.0
2026-08-17 11:15:00-04:00,304.54,316.02,316.06,316.02,316.88,24.0,16,1d+1h+4h,1.507,False,nofill,0.0
2026-08-17 11:30:00-04:00,303.3,316.02,316.06,316.02,316.91,24.0,16,1d+1h+4h,1.669,False,nofill,0.0
2026-08-17 11:45:00-04:00,303.19,316.02,316.06,316.02,316.88,24.0,16,1d+1h+4h,1.684,False,nofill,0.0
2026-08-17 12:00:00-04:00,303.56,316.02,316.06,316.02,316.86,24.0,16,1d+1h+4h,1.635,False,nofill,0.0
2026-08-17 12:15:00-04:00,303.56,316.02,316.06,316.02,316.83,24.0,16,1d+1h+4h,1.636,False,nofill,0.0
2026-08-17 12:30:00-04:00,303.77,316.02,316.06,316.02,316.81,24.0,16,1d+1h+4h,1.608,False,nofill,0.0
2026-08-17 12:45:00-04:00,303.04,316.02,316.06,316.02,316.82,24.0,16,1d+1h+4h,1.703,False,nofill,0.0
2026-08-17 13:00:00-04:00,303.87,315.78,315.82,315.78,316.59,24.0,16,1d+1h+4h,1.563,False,nofill,0.0
2026-08-17 13:15:00-04:00,304.42,316.02,316.06,316.02,316.82,24.0,16,1d+1h+4h,1.523,False,nofill,0.0
2026-08-17 13:30:00-04:00,304.54,316.02,316.05,316.02,316.8,24.0,16,1d+1h+4h,1.507,False,nofill,0.0
2026-08-17 13:45:00-04:00,304.3,315.78,315.82,315.78,316.54,24.0,16,1d+1h+4h,1.506,False,nofill,0.0
2026-08-17 14:00:00-04:00,304.59,316.02,316.05,316.02,316.78,24.0,16,1d+1h+4h,1.5,False,nofill,0.0
2026-08-17 14:15:00-04:00,304.7,315.78,315.82,315.78,316.52,24.0,16,1d+1h+4h,1.454,False,nofill,0.0
2026-08-17 14:30:00-04:00,305.52,316.02,316.05,316.02,316.77,24.0,16,1d+1h+4h,1.378,False,nofill,0.0
2026-08-17 14:45:00-04:00,305.68,316.02,316.05,316.02,316.75,24.0,16,1d+1h+4h,1.357,False,nofill,0.0
2026-08-17 15:00:00-04:00,305.82,316.02,316.05,316.02,316.73,24.0,16,1d+1h+4h,1.339,False,nofill,0.0
2026-08-17 15:15:00-04:00,306.14,316.02,316.05,316.02,316.72,24.0,16,1d+1h+4h,1.296,False,nofill,0.0
2026-08-17 15:30:00-04:00,305.62,316.02,316.05,316.02,316.73,24.0,16,1d+1h+4h,1.365,False,nofill,0.0
2026-08-17 15:45:00-04:00,305.69,316.02,316.05,316.02,316.73,24.0,16,1d+1h+4h,1.356,False,nofill,0.0
2026-08-18 09:30:00-04:00,306.97,315.78,315.82,315.78,316.61,24.0,16,1d+1h+4h,1.175,False,nofill,0.0
2026-08-18 09:45:00-04:00,307.29,316.02,316.06,316.02,316.91,24.0,16,1d+1h+4h,1.164,False,nofill,0.0
2026-08-18 10:00:00-04:00,309.92,316.02,316.07,316.02,317.07,24.0,16,1d+1h+4h,0.813,False,nofill,0.0
2026-08-18 10:15:00-04:00,309.66,316.02,316.07,316.02,317.11,24.0,16,1d+1h+4h,0.848,False,nofill,0.0
2026-08-18 10:30:00-04:00,310.77,315.78,315.83,315.78,316.93,24.0,16,1d+1h+4h,0.668,False,nofill,0.0
2026-08-18 10:45:00-04:00,310.4,315.78,315.83,315.78,316.92,24.0,16,1d+1h+4h,0.718,False,nofill,0.0
2026-08-18 11:00:00-04:00,310.51,315.78,315.84,315.78,316.94,24.0,16,1d+1h+4h,0.703,False,nofill,0.0
2026-08-18 11:15:00-04:00,310.43,315.78,315.83,315.78,316.92,24.0,16,1d+1h+4h,0.714,False,nofill,0.0
2026-08-18 11:30:00-04:00,309.88,316.02,316.07,316.02,317.13,24.0,16,1d+1h+4h,0.819,False,nofill,0.0
2026-08-18 11:45:00-04:00,309.54,316.02,316.07,316.02,317.1,24.0,16,1d+1h+4h,0.864,False,nofill,0.0
2026-08-18 12:00:00-04:00,310.25,316.02,316.07,316.02,317.14,24.0,16,1d+1h+4h,0.769,False,nofill,0.0
2026-08-18 12:15:00-04:00,310.62,315.78,315.83,315.78,316.87,24.0,16,1d+1h+4h,0.689,False,nofill,0.0
2026-08-18 12:30:00-04:00,310.46,315.78,315.83,315.78,316.83,24.0,16,1d+1h+4h,0.71,False,nofill,0.0
2026-08-18 12:45:00-04:00,310.75,315.78,315.83,315.78,316.79,24.0,16,1d+1h+4h,0.671,False,nofill,0.0
2026-08-18 13:00:00-04:00,310.57,315.78,315.83,315.78,316.75,24.0,16,1d+1h+4h,0.695,False,nofill,0.0
2026-08-18 13:15:00-04:00,310.4,315.78,315.82,315.78,316.72,24.0,16,1d+1h+4h,0.718,False,nofill,0.0
2026-08-18 13:30:00-04:00,310.04,316.02,316.06,316.02,316.93,24.0,16,1d+1h+4h,0.797,False,nofill,0.0
2026-08-18 13:45:00-04:00,310.13,316.02,316.06,316.02,316.89,24.0,16,1d+1h+4h,0.785,False,nofill,0.0
2026-08-18 14:00:00-04:00,310.5,316.02,316.06,316.02,316.89,24.0,16,1d+1h+4h,0.736,False,nofill,0.0
2026-08-18 14:15:00-04:00,310.63,316.02,316.06,316.02,316.85,24.0,16,1d+1h+4h,0.719,False,nofill,0.0
2026-08-18 14:30:00-04:00,311.06,315.78,315.82,315.78,316.62,24.0,16,1d+1h+4h,0.63,False,nofill,0.0
2026-08-18 14:45:00-04:00,310.37,316.02,316.06,316.02,316.86,24.0,16,1d+1h+4h,0.753,False,nofill,0.0
2026-08-18 15:00:00-04:00,309.67,316.02,316.06,316.02,316.86,24.0,16,1d+1h+4h,0.847,False,nofill,0.0
2026-08-18 15:15:00-04:00,309.71,316.02,316.06,316.02,316.85,24.0,16,1d+1h+4h,0.842,False,nofill,0.0
2026-08-18 15:30:00-04:00,310.45,316.02,316.06,316.02,316.86,24.0,16,1d+1h+4h,0.743,False,nofill,0.0
2026-08-18 15:45:00-04:00,310.2,316.02,316.06,316.02,316.88,24.0,16,1d+1h+4h,0.776,False,nofill,0.0
2026-08-19 09:30:00-04:00,311.7,316.02,316.07,316.02,317.03,24.0,16,1d+1h+4h,0.564,True,target,0.24444124694715796
2026-08-19 09:45:00-04:00,316.36,317.74,317.8,317.74,319.03,22.2,13,1d+1h+4h,0.18,True,scratch,-0.07931739745563604
2026-08-19 10:00:00-04:00,317.13,317.74,317.8,317.74,319.05,22.2,13,1d+1h+4h,0.08,True,scratch,-0.07955230680933845
2026-08-19 10:15:00-04:00,316.01,316.53,316.6,316.53,317.93,23.0,15,1d+1h+4h,0.068,True,scratch,-0.08097447484791687
2026-08-19 10:30:00-04:00,315.88,316.29,316.36,316.29,317.68,23.0,15,1d+1h+4h,0.054,True,target,0.35962209511299914
2026-08-19 10:45:00-04:00,317.87,319.07,319.15,319.07,320.55,9.6,6,1d+1h+4h,0.158,True,scratch,-0.082050176513071
2026-08-19 11:00:00-04:00,318.8,319.35,319.42,319.35,320.83,6.8,4,1d+1h+4h,0.072,False,nofill,0.0
2026-08-19 11:15:00-04:00,318.18,319.07,319.14,319.07,320.52,9.6,6,1d+1h+4h,0.117,False,nofill,0.0
2026-08-19 11:30:00-04:00,316.43,317.74,317.81,317.74,319.23,22.2,13,1d+1h+4h,0.171,False,nofill,0.0
2026-08-19 11:45:00-04:00,316.3,317.74,317.81,317.74,319.19,22.2,13,1d+1h+4h,0.189,False,nofill,0.0
2026-08-19 12:00:00-04:00,317.25,317.74,317.81,317.74,319.18,22.2,13,1d+1h+4h,0.064,False,nofill,0.0
2026-08-19 12:15:00-04:00,316.56,317.74,317.81,317.74,319.15,22.2,13,1d+1h+4h,0.154,False,nofill,0.0
2026-08-19 12:30:00-04:00,315.26,315.78,315.85,315.78,317.2,24.0,16,1d+1h+4h,0.068,True,scratch,-0.08139294973416034
2026-08-19 12:45:00-04:00,315.1,316.02,316.08,316.02,317.39,24.0,16,1d+1h+4h,0.121,True,scratch,-0.08059410241005871
2026-08-19 13:00:00-04:00,314.87,316.02,316.08,316.02,317.34,24.0,16,1d+1h+4h,0.15,True,scratch,-0.07988982342851392
2026-08-19 13:15:00-04:00,315.06,316.02,316.08,316.02,317.28,24.0,16,1d+1h+4h,0.125,True,scratch,-0.07898734255177287
2026-08-19 13:30:00-04:00,315.36,315.78,315.84,315.78,317.02,24.0,16,1d+1h+4h,0.055,True,scratch,-0.07862520985479904
2026-08-19 13:45:00-04:00,315.2,315.78,315.84,315.78,316.96,24.0,16,1d+1h+4h,0.075,True,scratch,-0.07770055130233988
2026-08-19 14:00:00-04:00,315.45,316.02,316.07,316.02,317.16,24.0,16,1d+1h+4h,0.074,True,scratch,-0.07720783400162468
2026-08-19 14:15:00-04:00,314.84,315.78,315.83,315.78,316.89,24.0,16,1d+1h+4h,0.123,True,scratch,-0.0767523507043566
2026-08-19 14:30:00-04:00,314.86,315.78,315.83,315.78,316.87,24.0,16,1d+1h+4h,0.121,True,scratch,-0.07639646545580803
2026-08-19 14:45:00-04:00,314.87,315.78,315.83,315.78,316.83,24.0,16,1d+1h+4h,0.119,True,scratch,-0.07573786145758099
2026-08-19 15:00:00-04:00,315.82,317.74,317.79,317.74,318.8,23.2,14,1d+1h+4h,0.251,False,nofill,0.0
2026-08-19 15:15:00-04:00,316.68,317.74,317.79,317.74,318.8,23.2,14,1d+1h+4h,0.139,False,nofill,0.0
2026-08-19 15:30:00-04:00,315.66,317.74,317.79,317.74,318.83,23.2,14,1d+1h+4h,0.272,False,nofill,0.0
2026-08-19 15:45:00-04:00,316.88,317.74,317.79,317.74,318.87,23.2,14,1d+1h+4h,0.112,False,nofill,0.0
2026-08-20 09:30:00-04:00,318.44,319.07,319.14,319.07,320.4,10.6,7,1d+1h+4h,0.081,False,nofill,0.0
2026-08-20 09:45:00-04:00,317.28,317.74,317.8,317.74,319.08,23.2,14,1d+1h+4h,0.059,False,nofill,0.0
2026-08-20 10:00:00-04:00,316.68,317.4,317.46,317.4,318.74,23.2,14,1d+1h+4h,0.092,True,scratch,-0.08009105223814039
2026-08-20 10:15:00-04:00,316.47,317.4,317.46,317.4,318.71,23.2,14,1d+1h+4h,0.119,True,scratch,-0.07963293380354175
2026-08-20 10:30:00-04:00,316.35,317.4,317.46,317.4,318.65,23.2,14,1d+1h+4h,0.135,True,scratch,-0.07879150089757925
2026-08-20 10:45:00-04:00,317.42,319.07,319.13,319.07,320.33,10.6,7,1d+1h+4h,0.212,False,nofill,0.0
2026-08-20 11:00:00-04:00,316.5,317.4,317.46,317.4,318.68,23.2,14,1d+1h+4h,0.115,True,scratch,-0.07912117527248963
2026-08-20 11:15:00-04:00,317.22,317.74,317.8,317.74,319.02,23.2,14,1d+1h+4h,0.067,False,nofill,0.0
2026-08-20 11:30:00-04:00,316.53,317.4,317.46,317.4,318.67,23.2,14,1d+1h+4h,0.112,True,scratch,-0.07894776146000204
2026-08-20 11:45:00-04:00,316.91,317.4,317.46,317.4,318.65,23.2,14,1d+1h+4h,0.063,True,scratch,-0.0787286744164506
2026-08-20 12:00:00-04:00,316.24,317.4,317.46,317.4,318.62,23.2,14,1d+1h+4h,0.149,True,scratch,-0.0783439144438236
2026-08-20 12:15:00-04:00,316.46,317.4,317.46,317.4,318.59,23.2,14,1d+1h+4h,0.12,True,scratch,-0.07784757913846807
2026-08-20 12:30:00-04:00,317.44,319.07,319.13,319.07,320.27,10.6,7,1d+1h+4h,0.21,False,nofill,0.0
2026-08-20 12:45:00-04:00,317.21,317.74,317.8,317.74,318.9,23.2,14,1d+1h+4h,0.068,False,nofill,0.0
2026-08-20 13:00:00-04:00,317.28,317.74,317.79,317.74,318.85,23.2,14,1d+1h+4h,0.059,False,nofill,0.0
2026-08-20 13:15:00-04:00,316.67,317.74,317.79,317.74,318.84,23.2,14,1d+1h+4h,0.137,False,nofill,0.0
2026-08-20 13:30:00-04:00,316.6,317.74,317.79,317.74,318.79,23.2,14,1d+1h+4h,0.146,False,nofill,0.0
2026-08-20 13:45:00-04:00,316.32,317.4,317.45,317.4,318.4,23.2,14,1d+1h+4h,0.139,False,nofill,0.0
2026-08-20 14:00:00-04:00,315.45,316.02,316.07,316.02,317.04,25.0,17,1d+1h+4h,0.073,False,nofill,0.0
2026-08-20 14:15:00-04:00,314.84,315.48,315.53,315.48,316.5,25.0,17,1d+1h+4h,0.082,True,scratch,-0.07531939994762649
2026-08-20 14:30:00-04:00,315.63,317.4,317.45,317.4,318.41,23.2,14,1d+1h+4h,0.227,False,nofill,0.0
2026-08-20 14:45:00-04:00,315.13,315.78,315.83,315.78,316.76,25.0,17,1d+1h+4h,0.084,False,nofill,0.0
2026-08-20 15:00:00-04:00,314.56,315.48,315.53,315.48,316.44,25.0,17,1d+1h+4h,0.118,False,nofill,0.0
2026-08-20 15:15:00-04:00,313.37,315.48,315.53,315.48,316.47,25.0,17,1d+1h+4h,0.271,False,nofill,0.0
2026-08-20 15:30:00-04:00,312.96,315.48,315.53,315.48,316.45,25.0,17,1d+1h+4h,0.323,False,nofill,0.0
2026-08-20 15:45:00-04:00,311.34,316.02,316.07,316.02,317.1,25.0,17,1d+1h+4h,0.6,False,nofill,0.0
2026-08-21 09:30:00-04:00,308.12,316.02,316.08,316.02,317.4,25.0,17,1d+1h+4h,1.036,False,nofill,0.0
2026-08-21 09:45:00-04:00,307.38,315.78,315.85,315.78,317.16,25.0,17,1d+1h+4h,1.102,False,nofill,0.0
2026-08-21 10:00:00-04:00,307.72,316.02,316.08,316.02,317.37,25.0,17,1d+1h+4h,1.089,False,nofill,0.0
2026-08-21 10:15:00-04:00,307.8,316.02,316.08,316.02,317.33,25.0,17,1d+1h+4h,1.079,False,nofill,0.0
2026-08-21 10:30:00-04:00,308.58,316.02,316.08,316.02,317.32,25.0,17,1d+1h+4h,0.977,False,nofill,0.0
2026-08-21 10:45:00-04:00,309.46,316.02,316.08,316.02,317.32,25.0,17,1d+1h+4h,0.861,False,nofill,0.0
2026-08-21 11:00:00-04:00,309.7,316.02,316.08,316.02,317.28,25.0,17,1d+1h+4h,0.829,False,nofill,0.0
2026-08-21 11:15:00-04:00,310.6,315.78,315.84,315.78,317.03,25.0,17,1d+1h+4h,0.68,False,nofill,0.0
2026-08-21 11:30:00-04:00,311.31,316.02,316.08,316.02,317.27,25.0,17,1d+1h+4h,0.618,False,nofill,0.0
2026-08-21 11:45:00-04:00,311.51,316.02,316.08,316.02,317.26,25.0,17,1d+1h+4h,0.592,False,nofill,0.0
2026-08-21 12:00:00-04:00,311.19,316.02,316.07,316.02,317.22,25.0,17,1d+1h+4h,0.634,False,nofill,0.0
2026-08-21 12:15:00-04:00,311.2,316.02,316.07,316.02,317.17,25.0,17,1d+1h+4h,0.632,False,nofill,0.0
2026-08-21 12:30:00-04:00,310.7,315.78,315.83,315.78,316.92,25.0,17,1d+1h+4h,0.667,False,nofill,0.0
2026-08-21 12:45:00-04:00,311.0,315.78,315.83,315.78,316.87,25.0,17,1d+1h+4h,0.627,False,nofill,0.0
2026-08-21 13:00:00-04:00,311.56,316.02,316.07,316.02,317.09,25.0,17,1d+1h+4h,0.585,False,nofill,0.0
2026-08-21 13:15:00-04:00,311.06,315.78,315.83,315.78,316.83,25.0,17,1d+1h+4h,0.619,False,nofill,0.0
2026-08-21 13:30:00-04:00,310.04,316.02,316.07,316.02,317.09,25.0,17,1d+1h+4h,0.784,False,nofill,0.0
2026-08-21 13:45:00-04:00,309.56,316.02,316.07,316.02,317.07,25.0,17,1d+1h+4h,0.847,False,nofill,0.0
2026-08-21 14:00:00-04:00,309.18,316.02,316.07,316.02,317.04,25.0,17,1d+1h+4h,0.897,False,nofill,0.0
2026-08-21 14:15:00-04:00,308.47,316.02,316.07,316.02,317.02,25.0,17,1d+1h+4h,0.991,False,nofill,0.0
2026-08-21 14:30:00-04:00,308.54,316.02,316.06,316.02,316.99,25.0,17,1d+1h+4h,0.981,False,nofill,0.0
2026-08-21 14:45:00-04:00,308.78,316.02,316.06,316.02,316.97,25.0,17,1d+1h+4h,0.949,False,nofill,0.0
2026-08-21 15:00:00-04:00,308.69,316.02,316.06,316.02,316.94,25.0,17,1d+1h+4h,0.962,False,nofill,0.0
2026-08-21 15:15:00-04:00,309.74,316.02,316.06,316.02,316.96,25.0,17,1d+1h+4h,0.824,False,nofill,0.0
2026-08-21 15:30:00-04:00,309.55,316.02,316.06,316.02,316.94,25.0,17,1d+1h+4h,0.849,False,nofill,0.0
2026-08-21 15:45:00-04:00,309.42,316.02,316.06,316.02,316.95,25.0,17,1d+1h+4h,0.866,False,nofill,0.0
2026-08-24 09:30:00-04:00,311.13,316.02,316.07,316.02,317.1,25.0,17,1d+1h+4h,0.664,False,nofill,0.0
2026-08-24 09:45:00-04:00,311.88,316.02,316.07,316.02,317.12,25.0,17,1d+1h+4h,0.563,False,nofill,0.0
2026-08-24 10:00:00-04:00,312.23,316.02,316.07,316.02,317.14,25.0,17,1d+1h+4h,0.514,False,nofill,0.0
2026-08-24 10:15:00-04:00,312.94,315.78,315.83,315.78,316.9,25.0,17,1d+1h+4h,0.386,False,nofill,0.0
2026-08-24 10:30:00-04:00,313.1,315.78,315.83,315.78,316.86,25.0,17,1d+1h+4h,0.364,False,nofill,0.0
2026-08-24 10:45:00-04:00,312.97,315.78,315.83,315.78,316.84,25.0,17,1d+1h+4h,0.382,False,nofill,0.0
2026-08-24 11:00:00-04:00,311.88,316.02,316.07,316.02,317.12,25.0,17,1d+1h+4h,0.562,False,nofill,0.0
2026-08-24 11:15:00-04:00,312.24,316.02,316.07,316.02,317.1,25.0,17,1d+1h+4h,0.513,False,nofill,0.0
2026-08-24 11:30:00-04:00,312.24,316.02,316.07,316.02,317.08,25.0,17,1d+1h+4h,0.513,False,nofill,0.0
2026-08-24 11:45:00-04:00,311.7,316.02,316.07,316.02,317.06,25.0,17,1d+1h+4h,0.587,False,nofill,0.0
2026-08-24 12:00:00-04:00,311.42,316.02,316.07,316.02,317.02,25.0,17,1d+1h+4h,0.624,False,nofill,0.0
2026-08-24 12:15:00-04:00,311.93,316.02,316.06,316.02,317.0,25.0,17,1d+1h+4h,0.555,False,nofill,0.0
2026-08-24 12:30:00-04:00,312.25,316.02,316.06,316.02,316.96,25.0,17,1d+1h+4h,0.512,False,nofill,0.0
2026-08-24 12:45:00-04:00,312.94,315.78,315.83,315.78,316.75,25.0,17,1d+1h+4h,0.386,False,nofill,0.0
2026-08-24 13:00:00-04:00,312.49,316.02,316.06,316.02,316.97,25.0,17,1d+1h+4h,0.479,False,nofill,0.0
2026-08-24 13:15:00-04:00,312.12,316.02,316.06,316.02,316.95,25.0,17,1d+1h+4h,0.529,False,nofill,0.0
2026-08-24 13:30:00-04:00,311.85,316.02,316.06,316.02,316.93,25.0,17,1d+1h+4h,0.566,False,nofill,0.0
2026-08-24 13:45:00-04:00,312.01,316.02,316.06,316.02,316.91,25.0,17,1d+1h+4h,0.544,False,nofill,0.0
2026-08-24 14:00:00-04:00,311.73,316.02,316.06,316.02,316.89,25.0,17,1d+1h+4h,0.583,False,nofill,0.0
2026-08-24 14:15:00-04:00,311.74,316.02,316.06,316.02,316.85,25.0,17,1d+1h+4h,0.581,False,nofill,0.0
2026-08-24 14:30:00-04:00,310.94,316.02,316.06,316.02,316.87,25.0,17,1d+1h+4h,0.69,False,nofill,0.0
2026-08-24 14:45:00-04:00,311.59,316.02,316.06,316.02,316.88,25.0,17,1d+1h+4h,0.601,False,nofill,0.0
2026-08-24 15:00:00-04:00,311.22,316.02,316.06,316.02,316.86,25.0,17,1d+1h+4h,0.652,False,nofill,0.0
2026-08-24 15:15:00-04:00,311.25,316.02,316.06,316.02,316.84,25.0,17,1d+1h+4h,0.648,False,nofill,0.0
2026-08-24 15:30:00-04:00,310.68,316.02,316.06,316.02,316.82,25.0,17,1d+1h+4h,0.725,False,nofill,0.0
2026-08-24 15:45:00-04:00,310.35,316.02,316.06,316.02,316.83,25.0,17,1d+1h+4h,0.77,False,nofill,0.0
2026-08-25 09:30:00-04:00,310.5,315.78,315.83,315.78,316.78,25.0,17,1d+1h+4h,0.731,False,nofill,0.0
2026-08-25 09:45:00-04:00,310.44,315.78,315.83,315.78,316.82,25.0,17,1d+1h+4h,0.74,False,nofill,0.0
2026-08-25 10:00:00-04:00,310.1,315.78,315.83,315.78,316.83,25.0,17,1d+1h+4h,0.787,False,nofill,0.0
2026-08-25 10:15:00-04:00,310.08,315.78,315.83,315.78,316.81,25.0,17,1d+1h+4h,0.789,False,nofill,0.0
2026-08-25 10:30:00-04:00,309.86,315.78,315.83,315.78,316.83,25.0,17,1d+1h+4h,0.82,False,nofill,0.0
2026-08-25 10:45:00-04:00,309.09,315.78,315.83,315.78,316.82,25.0,17,1d+1h+4h,0.927,False,nofill,0.0
2026-08-25 11:00:00-04:00,309.42,315.78,315.83,315.78,316.82,25.0,17,1d+1h+4h,0.881,False,nofill,0.0
2026-08-25 11:15:00-04:00,309.31,315.78,315.83,315.78,316.8,25.0,17,1d+1h+4h,0.896,False,nofill,0.0
2026-08-25 11:30:00-04:00,309.77,315.78,315.83,315.78,316.77,25.0,17,1d+1h+4h,0.832,False,nofill,0.0
2026-08-25 11:45:00-04:00,309.6,315.78,315.83,315.78,316.74,25.0,17,1d+1h+4h,0.856,False,nofill,0.0
2026-08-25 12:00:00-04:00,309.53,315.78,315.82,315.78,316.71,25.0,17,1d+1h+4h,0.866,False,nofill,0.0
2026-08-25 12:15:00-04:00,309.96,315.78,315.82,315.78,316.7,25.0,17,1d+1h+4h,0.807,False,nofill,0.0
2026-08-25 12:30:00-04:00,309.79,315.78,315.82,315.78,316.67,25.0,17,1d+1h+4h,0.83,False,nofill,0.0
2026-08-25 12:45:00-04:00,310.04,315.78,315.82,315.78,316.65,25.0,17,1d+1h+4h,0.796,False,nofill,0.0
2026-08-25 13:00:00-04:00,309.82,315.78,315.82,315.78,316.62,25.0,17,1d+1h+4h,0.825,False,nofill,0.0
2026-08-25 13:15:00-04:00,309.65,315.78,315.82,315.78,316.59,25.0,17,1d+1h+4h,0.848,False,nofill,0.0
2026-08-25 13:30:00-04:00,309.69,315.78,315.82,315.78,316.55,25.0,17,1d+1h+4h,0.843,False,nofill,0.0
2026-08-25 13:45:00-04:00,309.46,315.78,315.82,315.78,316.54,25.0,17,1d+1h+4h,0.875,False,nofill,0.0
2026-08-25 14:00:00-04:00,309.29,315.78,315.82,315.78,316.61,25.0,17,1d+1h+4h,0.9,False,nofill,0.0
2026-08-25 14:15:00-04:00,309.54,315.78,315.82,315.78,316.59,25.0,17,1d+1h+4h,0.864,False,nofill,0.0
2026-08-25 14:30:00-04:00,309.2,315.78,315.82,315.78,316.58,25.0,17,1d+1h+4h,0.912,False,nofill,0.0
2026-08-25 14:45:00-04:00,308.58,315.78,315.82,315.78,316.59,25.0,17,1d+1h+4h,0.997,False,nofill,0.0
2026-08-25 15:00:00-04:00,308.69,315.78,315.82,315.78,316.57,25.0,17,1d+1h+4h,0.982,False,nofill,0.0
2026-08-25 15:15:00-04:00,308.97,315.78,315.82,315.78,316.57,25.0,17,1d+1h+4h,0.943,False,nofill,0.0
2026-08-25 15:30:00-04:00,308.96,315.78,315.82,315.78,316.55,25.0,17,1d+1h+4h,0.945,False,nofill,0.0
2026-08-25 15:45:00-04:00,309.9,315.78,315.82,315.78,316.6,25.0,17,1d+1h+4h,0.814,False,nofill,0.0
2026-08-26 09:30:00-04:00,311.41,315.78,315.83,315.78,316.76,25.0,17,1d+1h+4h,0.609,False,nofill,0.0
2026-08-26 09:45:00-04:00,312.5,315.78,315.83,315.78,316.81,25.0,17,1d+1h+4h,0.457,False,nofill,0.0
2026-08-26 10:00:00-04:00,312.83,315.78,315.83,315.78,316.87,25.0,17,1d+1h+4h,0.41,False,nofill,0.0
2026-08-26 10:15:00-04:00,311.8,315.78,315.83,315.78,316.91,25.0,17,1d+1h+4h,0.555,False,nofill,0.0
2026-08-26 10:30:00-04:00,312.48,315.78,315.83,315.78,316.89,25.0,17,1d+1h+4h,0.459,False,nofill,0.0
2026-08-26 10:45:00-04:00,312.8,315.78,315.83,315.78,316.87,25.0,17,1d+1h+4h,0.415,False,nofill,0.0
2026-08-26 11:00:00-04:00,313.06,315.78,315.83,315.78,316.87,25.0,17,1d+1h+4h,0.38,False,nofill,0.0
2026-08-26 11:15:00-04:00,312.52,315.78,315.83,315.78,316.84,25.0,17,1d+1h+4h,0.454,False,nofill,0.0
2026-08-26 11:30:00-04:00,313.44,315.78,315.83,315.78,316.87,25.0,17,1d+1h+4h,0.326,False,nofill,0.0
2026-08-26 11:45:00-04:00,312.94,315.78,315.83,315.78,316.85,25.0,17,1d+1h+4h,0.396,False,nofill,0.0
2026-08-26 12:00:00-04:00,313.41,315.78,315.83,315.78,316.89,25.0,17,1d+1h+4h,0.33,False,nofill,0.0
2026-08-26 12:15:00-04:00,313.29,315.78,315.83,315.78,316.84,25.0,17,1d+1h+4h,0.346,False,nofill,0.0
2026-08-26 12:30:00-04:00,312.73,315.78,315.83,315.78,316.84,25.0,17,1d+1h+4h,0.425,False,nofill,0.0
2026-08-26 12:45:00-04:00,313.03,315.78,315.83,315.78,316.81,25.0,17,1d+1h+4h,0.383,False,nofill,0.0
2026-08-26 13:00:00-04:00,312.6,315.78,315.83,315.78,316.78,25.0,17,1d+1h+4h,0.443,False,nofill,0.0
2026-08-26 13:15:00-04:00,313.13,315.78,315.83,315.78,316.76,25.0,17,1d+1h+4h,0.369,False,nofill,0.0
2026-08-26 13:30:00-04:00,312.79,315.78,315.83,315.78,316.73,25.0,17,1d+1h+4h,0.417,False,nofill,0.0
2026-08-26 13:45:00-04:00,312.94,315.78,315.82,315.78,316.7,25.0,17,1d+1h+4h,0.396,False,nofill,0.0
2026-08-26 14:00:00-04:00,312.82,315.78,315.82,315.78,316.66,25.0,17,1d+1h+4h,0.413,False,nofill,0.0
2026-08-26 14:15:00-04:00,313.05,315.78,315.82,315.78,316.63,25.0,17,1d+1h+4h,0.38,False,nofill,0.0
2026-08-26 14:30:00-04:00,313.68,315.78,315.82,315.78,316.62,25.0,17,1d+1h+4h,0.292,False,nofill,0.0
2026-08-26 14:45:00-04:00,314.56,315.78,315.82,315.78,316.67,25.0,17,1d+1h+4h,0.169,False,nofill,0.0
2026-08-26 15:00:00-04:00,315.07,315.78,315.82,315.78,316.67,25.0,17,1d+1h+4h,0.099,False,nofill,0.0
2026-08-26 15:15:00-04:00,314.84,315.78,315.82,315.78,316.63,25.0,17,1d+1h+4h,0.13,False,nofill,0.0
2026-08-26 15:30:00-04:00,315.24,315.78,315.82,315.78,316.63,25.0,17,1d+1h+4h,0.075,False,nofill,0.0
2026-08-26 15:45:00-04:00,313.48,315.78,315.83,315.78,316.73,25.0,17,1d+1h+4h,0.32,False,nofill,0.0
2026-08-27 09:30:00-04:00,310.82,315.78,315.84,315.78,316.97,25.0,17,1d+1h+4h,0.7,False,nofill,0.0
2026-08-27 09:45:00-04:00,311.62,315.78,315.84,315.78,316.98,25.0,17,1d+1h+4h,0.586,False,nofill,0.0
2026-08-27 10:00:00-04:00,310.22,315.78,315.84,315.78,317.03,25.0,17,1d+1h+4h,0.784,False,nofill,0.0
2026-08-27 10:15:00-04:00,310.79,315.78,315.84,315.78,317.04,25.0,17,1d+1h+4h,0.703,False,nofill,0.0
2026-08-27 10:30:00-04:00,312.9,315.78,315.85,315.78,317.17,25.0,17,1d+1h+4h,0.407,False,nofill,0.0
2026-08-27 10:45:00-04:00,313.4,315.78,315.85,315.78,317.15,25.0,17,1d+1h+4h,0.335,False,nofill,0.0
2026-08-27 11:00:00-04:00,314.73,315.78,315.85,315.78,317.15,25.0,17,1d+1h+4h,0.148,False,nofill,0.0
2026-08-27 11:15:00-04:00,314.65,315.78,315.84,315.78,317.1,25.0,17,1d+1h+4h,0.159,False,nofill,0.0
2026-08-27 11:30:00-04:00,314.76,315.78,315.84,315.78,317.07,26.0,18,1d+1h+4h,0.144,False,nofill,0.0
2026-08-27 11:45:00-04:00,314.8,315.78,315.84,315.78,317.03,26.0,18,1d+1h+4h,0.137,False,nofill,0.0
2026-08-27 12:00:00-04:00,314.68,315.78,315.84,315.78,316.99,26.0,18,1d+1h+4h,0.154,False,nofill,0.0
2026-08-27 12:15:00-04:00,314.57,315.78,315.84,315.78,316.95,26.0,18,1d+1h+4h,0.171,False,nofill,0.0
2026-08-27 12:30:00-04:00,314.76,315.78,315.83,315.78,316.91,26.0,18,1d+1h+4h,0.144,False,nofill,0.0
2026-08-27 12:45:00-04:00,315.0,315.78,315.83,315.78,316.88,26.0,18,1d+1h+4h,0.11,False,nofill,0.0
2026-08-27 13:00:00-04:00,314.93,315.78,315.83,315.78,316.84,26.0,18,1d+1h+4h,0.12,False,nofill,0.0
2026-08-27 13:15:00-04:00,315.27,315.78,315.83,315.78,316.81,26.0,18,1d+1h+4h,0.072,False,nofill,0.0
2026-08-27 13:30:00-04:00,314.69,315.78,315.83,315.78,316.8,26.0,18,1d+1h+4h,0.154,False,nofill,0.0
2026-08-27 13:45:00-04:00,314.82,315.78,315.83,315.78,316.76,26.0,18,1d+1h+4h,0.135,False,nofill,0.0
2026-08-27 14:00:00-04:00,314.33,315.78,315.83,315.78,316.75,26.0,18,1d+1h+4h,0.204,False,nofill,0.0
2026-08-27 14:15:00-04:00,314.18,315.78,315.82,315.78,316.71,26.0,18,1d+1h+4h,0.226,False,nofill,0.0
2026-08-27 14:30:00-04:00,314.24,315.78,315.82,315.78,316.69,26.0,18,1d+1h+4h,0.216,False,nofill,0.0
2026-08-27 14:45:00-04:00,313.88,315.78,315.82,315.78,316.7,26.0,18,1d+1h+4h,0.268,False,nofill,0.0
2026-08-27 15:00:00-04:00,314.21,315.78,315.82,315.78,316.69,26.0,18,1d+1h+4h,0.221,False,nofill,0.0
2026-08-27 15:15:00-04:00,313.57,315.78,315.82,315.78,316.69,26.0,18,1d+1h+4h,0.312,False,nofill,0.0
2026-08-27 15:30:00-04:00,313.89,315.78,315.82,315.78,316.66,26.0,18,1d+1h+4h,0.266,False,nofill,0.0
2026-08-27 15:45:00-04:00,314.58,315.78,315.82,315.78,316.7,26.0,18,1d+1h+4h,0.17,False,nofill,0.0
2026-08-28 09:30:00-04:00,317.32,317.74,317.79,317.74,318.86,23.2,14,1d+1h+4h,0.059,True,target,0.2758119530929859
2026-08-28 09:45:00-04:00,316.78,317.74,317.8,317.74,318.93,23.2,14,1d+1h+4h,0.134,True,target,0.2949431255788282
2026-08-28 10:00:00-04:00,316.5,317.74,317.8,317.74,318.92,23.2,14,1d+1h+4h,0.174,True,target,0.29362442955511714
2026-08-28 10:15:00-04:00,316.73,317.74,317.8,317.74,318.91,23.2,14,1d+1h+4h,0.142,True,target,0.2911759197436359
2026-08-28 10:30:00-04:00,319.47,320.28,320.34,320.28,321.6,11.6,6,1d+1h+4h,0.113,True,scratch,-0.07956004835895092
2026-08-28 10:45:00-04:00,320.71,334.37,334.44,334.37,335.76,8.8,6,1d+1h+4h,1.912,False,nofill,0.0
2026-08-28 11:00:00-04:00,320.85,334.37,334.44,334.37,335.76,8.8,6,1d+1h+4h,1.893,False,nofill,0.0
2026-08-28 11:15:00-04:00,321.94,334.37,334.44,334.37,335.75,8.8,6,1d+1h+4h,1.74,False,nofill,0.0
2026-08-28 11:30:00-04:00,321.8,334.37,334.43,334.37,335.73,8.8,6,1d+1h+4h,1.76,False,nofill,0.0
2026-08-28 11:45:00-04:00,321.48,334.37,334.43,334.37,335.73,8.8,6,1d+1h+4h,1.804,False,nofill,0.0
2026-08-28 12:00:00-04:00,321.62,334.37,334.43,334.37,335.69,8.8,6,1d+1h+4h,1.785,False,nofill,0.0
2026-08-28 12:15:00-04:00,320.97,334.37,334.43,334.37,335.69,8.8,6,1d+1h+4h,1.876,False,nofill,0.0
2026-08-28 12:30:00-04:00,320.62,334.37,334.43,334.37,335.67,8.8,6,1d+1h+4h,1.924,False,nofill,0.0
2026-08-28 12:45:00-04:00,320.85,334.37,334.43,334.37,335.63,8.8,6,1d+1h+4h,1.893,False,nofill,0.0
2026-08-28 13:00:00-04:00,320.77,334.37,334.43,334.37,335.58,8.8,6,1d+1h+4h,1.904,False,nofill,0.0
2026-08-28 13:15:00-04:00,319.74,320.28,320.34,320.28,321.5,11.6,6,1d+1h+4h,0.076,False,nofill,0.0
2026-08-28 13:30:00-04:00,319.42,320.28,320.34,320.28,321.46,11.6,6,1d+1h+4h,0.121,False,nofill,0.0
2026-08-28 13:45:00-04:00,319.69,320.28,320.33,320.28,321.4,11.6,6,1d+1h+4h,0.083,False,nofill,0.0
2026-08-28 14:00:00-04:00,319.65,320.28,320.33,320.28,321.37,11.6,6,1d+1h+4h,0.088,False,nofill,0.0
2026-08-28 14:15:00-04:00,319.54,320.28,320.33,320.28,321.32,11.6,6,1d+1h+4h,0.104,True,timeout,-0.27510508474916096
2026-08-28 14:30:00-04:00,319.6,320.28,320.33,320.28,321.27,11.6,6,1d+1h+4h,0.096,True,timeout,-0.2743597729844005
2026-08-28 14:45:00-04:00,319.82,320.28,320.33,320.28,321.26,11.6,6,1d+1h+4h,0.065,True,timeout,-0.2741624755887573
2026-08-28 15:00:00-04:00,319.64,320.28,320.33,320.28,321.24,11.6,6,1d+1h+4h,0.09,True,timeout,-0.2738512924699843
2026-08-28 15:15:00-04:00,319.54,320.28,320.32,320.28,321.2,11.6,6,1d+1h+4h,0.103,True,timeout,-0.2733511865174343
2026-08-28 15:30:00-04:00,319.83,320.28,320.32,320.28,321.19,11.6,6,1d+1h+4h,0.062,True,timeout,-0.27315287622831086
2026-08-28 15:45:00-04:00,319.64,320.28,320.32,320.28,321.18,11.6,6,1d+1h+4h,0.09,False,nofill,0.0
2026-08-31 09:30:00-04:00,317.38,317.74,317.79,317.74,318.89,23.2,14,1d+1h+4h,0.05,True,scratch,-0.07726477410205934
2026-08-31 09:45:00-04:00,317.26,317.74,317.8,317.74,318.91,23.2,14,1d+1h+4h,0.066,False,nofill,0.0
2026-08-31 10:00:00-04:00,316.52,317.74,317.8,317.74,318.94,23.2,14,1d+1h+4h,0.169,False,nofill,0.0
2026-08-31 10:15:00-04:00,315.71,316.29,316.35,316.29,317.51,24.0,16,1d+1h+4h,0.08,False,nofill,0.0
2026-08-31 10:30:00-04:00,314.98,315.78,315.84,315.78,317.01,26.0,18,1d+1h+4h,0.111,True,scratch,-0.07858745497595354
2026-08-31 10:45:00-04:00,315.38,315.78,315.84,315.78,316.99,26.0,18,1d+1h+4h,0.055,True,scratch,-0.07828682507740048
2026-08-31 11:00:00-04:00,315.32,315.78,315.84,315.78,316.97,26.0,18,1d+1h+4h,0.064,True,scratch,-0.0778721919027725
2026-08-31 11:15:00-04:00,315.07,315.78,315.83,315.78,316.92,26.0,18,1d+1h+4h,0.098,True,scratch,-0.07720469350498416
2026-08-31 11:30:00-04:00,314.92,315.78,315.83,315.78,316.89,26.0,18,1d+1h+4h,0.119,True,scratch,-0.07666961043708564
2026-08-31 11:45:00-04:00,314.66,315.78,315.83,315.78,316.85,26.0,18,1d+1h+4h,0.155,True,scratch,-0.0761105956236352
2026-08-31 12:00:00-04:00,314.46,315.78,315.83,315.78,316.83,26.0,18,1d+1h+4h,0.182,True,scratch,-0.07582879479776095
2026-08-31 12:15:00-04:00,314.67,315.78,315.83,315.78,316.82,26.0,18,1d+1h+4h,0.153,True,scratch,-0.07568011659317975
2026-08-31 12:30:00-04:00,313.48,315.78,315.84,315.78,316.99,26.0,18,1d+1h+4h,0.318,True,scratch,-0.07817478594371874
2026-08-31 12:45:00-04:00,313.76,315.78,315.84,315.78,316.94,26.0,18,1d+1h+4h,0.279,True,scratch,-0.07747437837910542
2026-08-31 13:00:00-04:00,314.03,315.78,315.83,315.78,316.91,26.0,18,1d+1h+4h,0.242,True,scratch,-0.07696523180857895
2026-08-31 13:15:00-04:00,313.88,315.78,315.83,315.78,316.86,26.0,18,1d+1h+4h,0.263,True,scratch,-0.07630600866533888
2026-08-31 13:30:00-04:00,314.17,315.78,315.83,315.78,316.85,26.0,18,1d+1h+4h,0.222,True,scratch,-0.07610629608029162
2026-08-31 13:45:00-04:00,315.07,315.78,315.83,315.78,316.85,26.0,18,1d+1h+4h,0.097,True,scratch,-0.07611858837203167
2026-08-31 14:00:00-04:00,315.36,315.78,315.83,315.78,316.83,26.0,18,1d+1h+4h,0.058,True,scratch,-0.07587011514593733
2026-08-31 14:15:00-04:00,315.68,316.29,316.34,316.29,317.34,24.0,16,1d+1h+4h,0.084,True,scratch,-0.07571570784338233
2026-08-31 14:30:00-04:00,315.27,315.78,315.83,315.78,316.82,26.0,18,1d+1h+4h,0.07,True,scratch,-0.07563867158817406
2026-08-31 14:45:00-04:00,315.39,315.78,315.83,315.78,316.77,26.0,18,1d+1h+4h,0.054,True,scratch,-0.07484367394967606
2026-08-31 15:00:00-04:00,316.03,316.53,316.58,316.53,317.5,24.0,16,1d+1h+4h,0.069,True,timeout,0.14646724697171543
2026-08-31 15:15:00-04:00,316.02,316.53,316.57,316.53,317.47,24.0,16,1d+1h+4h,0.07,True,timeout,0.14694264146180025
2026-08-31 15:30:00-04:00,316.46,317.74,317.78,317.74,318.67,23.2,14,1d+1h+4h,0.177,False,nofill,0.0
2026-08-31 15:45:00-04:00,317.23,317.74,317.79,317.74,318.75,23.2,14,1d+1h+4h,0.07,False,nofill,0.0
2026-09-01 09:30:00-04:00,319.15,321.24,321.3,321.24,322.52,13.4,9,1d+1h+4h,0.274,True,target,0.31952780882720244
2026-09-01 09:45:00-04:00,322.7,323.34,323.41,323.34,324.81,9.4,7,1h+4h,0.085,True,scratch,-0.08160351291705004
2026-09-01 10:00:00-04:00,323.4,334.37,334.44,334.37,335.89,8.8,6,1d+1h+4h,1.439,False,nofill,0.0
2026-09-01 10:15:00-04:00,325.34,334.37,334.45,334.37,335.96,8.8,6,1d+1h+4h,1.185,False,nofill,0.0
2026-09-01 10:30:00-04:00,324.74,334.37,334.45,334.37,335.97,8.8,6,1d+1h+4h,1.265,False,nofill,0.0
2026-09-01 10:45:00-04:00,324.38,334.37,334.44,334.37,335.93,8.8,6,1d+1h+4h,1.311,False,nofill,0.0
2026-09-01 11:00:00-04:00,323.36,334.37,334.44,334.37,335.94,8.8,6,1d+1h+4h,1.445,False,nofill,0.0
2026-09-01 11:15:00-04:00,324.6,334.37,334.45,334.37,335.99,8.8,6,1d+1h+4h,1.283,False,nofill,0.0
2026-09-01 11:30:00-04:00,325.15,334.37,334.45,334.37,335.97,8.8,6,1d+1h+4h,1.21,False,nofill,0.0
2026-09-01 11:45:00-04:00,326.36,334.37,334.45,334.37,336.03,8.8,6,1d+1h+4h,1.052,False,nofill,0.0
2026-09-01 12:00:00-04:00,325.54,334.37,334.45,334.37,335.99,8.8,6,1d+1h+4h,1.16,False,nofill,0.0
2026-09-01 12:15:00-04:00,326.66,334.37,334.45,334.37,336.02,8.8,6,1d+1h+4h,1.012,False,nofill,0.0
2026-09-01 12:30:00-04:00,325.53,334.37,334.45,334.37,336.01,8.8,6,1d+1h+4h,1.161,False,nofill,0.0
2026-09-01 12:45:00-04:00,325.86,334.37,334.45,334.37,335.97,8.8,6,1d+1h+4h,1.117,False,nofill,0.0
2026-09-01 13:00:00-04:00,325.06,334.37,334.44,334.37,335.93,8.8,6,1d+1h+4h,1.222,False,nofill,0.0
2026-09-01 13:15:00-04:00,324.65,334.37,334.44,334.37,335.88,8.8,6,1d+1h+4h,1.276,False,nofill,0.0
2026-09-01 13:30:00-04:00,324.86,334.37,334.44,334.37,335.82,8.8,6,1d+1h+4h,1.248,False,nofill,0.0
2026-09-01 13:45:00-04:00,325.21,334.37,334.44,334.37,335.77,8.8,6,1d+1h+4h,1.203,False,nofill,0.0
2026-09-01 14:00:00-04:00,324.92,334.37,334.44,334.37,335.74,8.8,6,1d+1h+4h,1.24,False,nofill,0.0
2026-09-01 14:15:00-04:00,325.21,334.37,334.43,334.37,335.71,8.8,6,1d+1h+4h,1.203,False,nofill,0.0
2026-09-01 14:30:00-04:00,324.54,334.37,334.43,334.37,335.68,8.8,6,1d+1h+4h,1.29,False,nofill,0.0
2026-09-01 14:45:00-04:00,325.54,334.37,334.43,334.37,335.69,8.8,6,1d+1h+4h,1.159,False,nofill,0.0
2026-09-01 15:00:00-04:00,325.78,334.37,334.43,334.37,335.66,8.8,6,1d+1h+4h,1.128,False,nofill,0.0
2026-09-01 15:15:00-04:00,325.57,334.37,334.43,334.37,335.61,8.8,6,1d+1h+4h,1.155,False,nofill,0.0
2026-09-01 15:30:00-04:00,325.36,334.37,334.43,334.37,335.56,8.8,6,1d+1h+4h,1.182,False,nofill,0.0
2026-09-01 15:45:00-04:00,325.14,334.37,334.43,334.37,335.61,8.8,6,1d+1h+4h,1.212,False,nofill,0.0
2026-09-02 09:30:00-04:00,325.45,334.37,334.44,334.37,335.85,8.8,6,1d+1h+4h,1.202,False,nofill,0.0
2026-09-02 09:45:00-04:00,325.19,334.37,334.44,334.37,335.83,8.8,6,1d+1h+4h,1.237,False,nofill,0.0
2026-09-02 10:00:00-04:00,323.99,334.37,334.44,334.37,335.85,8.8,6,1d+1h+4h,1.399,False,nofill,0.0
2026-09-02 10:15:00-04:00,324.57,334.37,334.44,334.37,335.84,8.8,6,1d+1h+4h,1.321,False,nofill,0.0
2026-09-02 10:30:00-04:00,324.73,334.37,334.44,334.37,335.8,8.8,6,1d+1h+4h,1.3,False,nofill,0.0
2026-09-02 10:45:00-04:00,324.62,334.37,334.44,334.37,335.77,8.8,6,1d+1h+4h,1.314,False,nofill,0.0
2026-09-02 11:00:00-04:00,324.46,334.37,334.43,334.37,335.73,8.8,6,1d+1h+4h,1.335,False,nofill,0.0
2026-09-02 11:15:00-04:00,326.55,334.37,334.44,334.37,335.79,8.8,6,1d+1h+4h,1.054,False,nofill,0.0
2026-09-02 11:30:00-04:00,325.12,334.37,334.44,334.37,335.85,8.8,6,1d+1h+4h,1.247,False,nofill,0.0
2026-09-02 11:45:00-04:00,325.01,334.37,334.44,334.37,335.86,8.8,6,1d+1h+4h,1.261,False,nofill,0.0
2026-09-02 12:00:00-04:00,325.3,334.37,334.44,334.37,335.85,8.8,6,1d+1h+4h,1.222,False,nofill,0.0
2026-09-02 12:15:00-04:00,324.67,334.37,334.44,334.37,335.84,8.8,6,1d+1h+4h,1.307,False,nofill,0.0
2026-09-02 12:30:00-04:00,325.38,334.37,334.44,334.37,335.81,8.8,6,1d+1h+4h,1.211,False,nofill,0.0
2026-09-02 12:45:00-04:00,326.12,334.37,334.44,334.37,335.77,8.8,6,1d+1h+4h,1.112,False,nofill,0.0
2026-09-02 13:00:00-04:00,325.56,334.37,334.44,334.37,335.75,8.8,6,1d+1h+4h,1.187,False,nofill,0.0
2026-09-02 13:15:00-04:00,325.08,334.37,334.43,334.37,335.72,8.8,6,1d+1h+4h,1.253,False,nofill,0.0
2026-09-02 13:30:00-04:00,325.33,334.37,334.43,334.37,335.69,8.8,6,1d+1h+4h,1.218,False,nofill,0.0
2026-09-02 13:45:00-04:00,325.96,334.37,334.43,334.37,335.66,8.8,6,1d+1h+4h,1.134,False,nofill,0.0
2026-09-02 14:00:00-04:00,326.0,334.37,334.43,334.37,335.62,8.8,6,1d+1h+4h,1.128,False,nofill,0.0
2026-09-02 14:15:00-04:00,326.3,334.37,334.43,334.37,335.57,8.8,6,1d+1h+4h,1.088,False,nofill,0.0
2026-09-02 14:30:00-04:00,325.34,334.37,334.43,334.37,335.57,8.8,6,1d+1h+4h,1.217,False,nofill,0.0
2026-09-02 14:45:00-04:00,325.0,334.37,334.43,334.37,335.53,8.8,6,1d+1h+4h,1.263,False,nofill,0.0
2026-09-02 15:00:00-04:00,325.53,334.37,334.43,334.37,335.54,8.8,6,1d+1h+4h,1.191,False,nofill,0.0
2026-09-02 15:15:00-04:00,325.64,334.37,334.42,334.37,335.49,8.8,6,1d+1h+4h,1.176,False,nofill,0.0
2026-09-02 15:30:00-04:00,325.2,334.37,334.42,334.37,335.48,8.8,6,1d+1h+4h,1.236,False,nofill,0.0
2026-09-02 15:45:00-04:00,324.99,334.37,334.42,334.37,335.47,8.8,6,1d+1h+4h,1.264,False,nofill,0.0
2026-09-03 09:30:00-04:00,326.48,334.37,334.43,334.37,335.64,8.8,6,1d+1h+4h,1.07,False,nofill,0.0
2026-09-03 09:45:00-04:00,326.72,334.37,334.43,334.37,335.66,8.8,6,1d+1h+4h,1.038,False,nofill,0.0
2026-09-03 10:00:00-04:00,328.13,334.37,334.43,334.37,335.73,8.8,6,1d+1h+4h,0.847,False,nofill,0.0
2026-09-03 10:15:00-04:00,329.72,334.37,334.44,334.37,335.8,8.8,6,1d+1h+4h,0.632,False,nofill,0.0
2026-09-03 10:30:00-04:00,328.32,334.37,334.44,334.37,335.91,8.8,6,1d+1h+4h,0.822,False,nofill,0.0
2026-09-03 10:45:00-04:00,327.98,334.37,334.44,334.37,335.9,8.8,6,1d+1h+4h,0.866,False,nofill,0.0
2026-09-03 11:00:00-04:00,330.46,334.37,334.45,334.37,336.0,8.8,6,1d+1h+4h,0.53,False,nofill,0.0
2026-09-03 11:15:00-04:00,329.83,334.37,334.45,334.37,335.98,8.8,6,1d+1h+4h,0.616,False,nofill,0.0
2026-09-03 11:30:00-04:00,329.68,334.37,334.45,334.37,335.96,8.8,6,1d+1h+4h,0.636,False,nofill,0.0
2026-09-03 11:45:00-04:00,329.77,334.37,334.44,334.37,335.89,8.8,6,1d+1h+4h,0.624,False,nofill,0.0
2026-09-03 12:00:00-04:00,330.02,334.37,334.44,334.37,335.83,8.8,6,1d+1h+4h,0.59,False,nofill,0.0
2026-09-03 12:15:00-04:00,330.07,334.37,334.44,334.37,335.8,8.8,6,1d+1h+4h,0.583,False,nofill,0.0
2026-09-03 12:30:00-04:00,329.83,334.37,334.44,334.37,335.74,8.8,6,1d+1h+4h,0.616,False,nofill,0.0
2026-09-03 12:45:00-04:00,328.94,334.37,334.43,334.37,335.71,8.8,6,1d+1h+4h,0.737,False,nofill,0.0
2026-09-03 13:00:00-04:00,328.12,334.37,334.43,334.37,335.69,8.8,6,1d+1h+4h,0.849,False,nofill,0.0
2026-09-03 13:15:00-04:00,327.73,334.37,334.43,334.37,335.66,8.8,6,1d+1h+4h,0.901,False,nofill,0.0
2026-09-03 13:30:00-04:00,326.92,334.37,334.43,334.37,335.67,8.8,6,1d+1h+4h,1.011,False,nofill,0.0
2026-09-03 13:45:00-04:00,326.9,334.37,334.43,334.37,335.62,8.8,6,1d+1h+4h,1.014,False,nofill,0.0
2026-09-03 14:00:00-04:00,327.33,334.37,334.43,334.37,335.58,8.8,6,1d+1h+4h,0.955,False,nofill,0.0
2026-09-03 14:15:00-04:00,327.12,334.37,334.43,334.37,335.54,8.8,6,1d+1h+4h,0.984,False,nofill,0.0
2026-09-03 14:30:00-04:00,326.9,334.37,334.42,334.37,335.49,8.8,6,1d+1h+4h,1.014,False,nofill,0.0
2026-09-03 14:45:00-04:00,327.19,334.37,334.42,334.37,335.46,8.8,6,1d+1h+4h,0.974,False,nofill,0.0
2026-09-03 15:00:00-04:00,327.35,334.37,334.42,334.37,335.43,8.8,6,1d+1h+4h,0.953,False,nofill,0.0
2026-09-03 15:15:00-04:00,327.8,334.37,334.42,334.37,335.4,8.8,6,1d+1h+4h,0.892,False,nofill,0.0
2026-09-03 15:30:00-04:00,327.78,334.37,334.42,334.37,335.36,8.8,6,1d+1h+4h,0.894,False,nofill,0.0
2026-09-03 15:45:00-04:00,328.21,334.37,334.42,334.37,335.37,8.8,6,1d+1h+4h,0.836,False,nofill,0.0
2026-09-04 09:30:00-04:00,324.82,334.7,334.76,334.7,335.98,8.8,6,1d+1h+4h,1.294,False,nofill,0.0
2026-09-04 09:45:00-04:00,323.7,324.11,324.17,324.11,325.43,11.4,9,1h+4h,0.054,False,nofill,0.0
2026-09-04 10:00:00-04:00,321.21,322.22,322.29,322.22,323.64,11.4,9,1h+4h,0.132,False,nofill,0.0
2026-09-04 10:15:00-04:00,320.71,321.24,321.3,321.24,322.66,13.4,9,1d+1h+4h,0.069,True,scratch,-0.08107154559270358
2026-09-04 10:30:00-04:00,320.03,321.24,321.3,321.24,322.65,13.4,9,1d+1h+4h,0.158,True,scratch,-0.08098709313806296
2026-09-04 10:45:00-04:00,318.44,319.07,319.14,319.07,320.54,15.4,9,1d+1h+4h,0.083,True,scratch,-0.08177712245591717
2026-09-04 11:00:00-04:00,319.29,321.24,321.31,321.24,322.71,13.4,9,1d+1h+4h,0.255,True,scratch,-0.08179497046133521
2026-09-04 11:15:00-04:00,319.47,321.24,321.3,321.24,322.67,13.4,9,1d+1h+4h,0.231,True,scratch,-0.08128123003330323
2026-09-04 11:30:00-04:00,320.34,321.24,321.3,321.24,322.68,13.4,9,1d+1h+4h,0.117,True,scratch,-0.08140392847141298
2026-09-04 11:45:00-04:00,321.01,322.22,322.29,322.22,323.65,11.4,9,1h+4h,0.159,False,nofill,0.0
2026-09-04 12:00:00-04:00,321.05,322.22,322.29,322.22,323.59,11.4,9,1h+4h,0.153,False,nofill,0.0
2026-09-04 12:15:00-04:00,320.5,321.24,321.3,321.24,322.58,13.4,9,1d+1h+4h,0.096,True,scratch,-0.07984490277920253
2026-09-04 12:30:00-04:00,320.84,321.24,321.3,321.24,322.53,13.4,9,1d+1h+4h,0.052,True,scratch,-0.07923708228814164
2026-09-04 12:45:00-04:00,321.03,322.22,322.28,322.22,323.46,11.4,9,1h+4h,0.156,False,nofill,0.0
2026-09-04 13:00:00-04:00,321.21,322.22,322.28,322.22,323.42,11.4,9,1h+4h,0.132,False,nofill,0.0
2026-09-04 13:15:00-04:00,321.68,322.22,322.28,322.22,323.39,11.4,9,1h+4h,0.07,False,nofill,0.0
2026-09-04 13:30:00-04:00,320.96,322.22,322.28,322.22,323.38,11.4,9,1h+4h,0.164,False,nofill,0.0
2026-09-04 13:45:00-04:00,321.02,322.22,322.27,322.22,323.34,11.4,9,1h+4h,0.158,False,nofill,0.0
2026-09-04 14:00:00-04:00,321.27,322.22,322.27,322.22,323.29,11.4,9,1h+4h,0.124,False,nofill,0.0
2026-09-04 14:15:00-04:00,320.88,322.22,322.27,322.22,323.24,11.4,9,1h+4h,0.176,False,nofill,0.0
2026-09-04 14:30:00-04:00,321.35,322.22,322.27,322.22,323.21,11.4,9,1h+4h,0.114,False,nofill,0.0
2026-09-04 14:45:00-04:00,321.67,322.22,322.27,322.22,323.17,11.4,9,1h+4h,0.073,False,nofill,0.0
2026-09-04 15:00:00-04:00,321.99,324.11,324.15,324.11,325.05,11.4,9,1h+4h,0.278,False,nofill,0.0
2026-09-04 15:15:00-04:00,321.79,322.22,322.26,322.22,323.12,11.4,9,1h+4h,0.057,False,nofill,0.0
2026-09-04 15:30:00-04:00,320.68,321.24,321.28,321.24,322.16,13.4,9,1d+1h+4h,0.073,False,nofill,0.0
2026-09-04 15:45:00-04:00,319.99,321.24,321.28,321.24,322.18,13.4,9,1d+1h+4h,0.163,False,nofill,0.0
2026-09-08 09:30:00-04:00,317.52,319.07,319.13,319.07,320.33,16.4,10,1d+1h+4h,0.207,False,nofill,0.0
2026-09-08 09:45:00-04:00,316.9,317.74,317.8,317.74,319.03,24.2,15,1d+1h+4h,0.112,False,nofill,0.0
2026-09-08 10:00:00-04:00,315.88,316.29,316.35,316.29,317.6,25.0,17,1d+1h+4h,0.054,True,scratch,-0.07974937296244544
2026-09-08 10:15:00-04:00,315.67,316.29,316.35,316.29,317.56,25.0,17,1d+1h+4h,0.083,True,scratch,-0.07913634677376713
2026-09-08 10:30:00-04:00,316.09,316.53,316.59,316.53,317.79,25.0,17,1d+1h+4h,0.059,True,scratch,-0.0788821216384572
2026-09-08 10:45:00-04:00,315.97,316.53,316.59,316.53,317.75,25.0,17,1d+1h+4h,0.074,True,scratch,-0.07838904068566688
2026-09-08 11:00:00-04:00,316.2,317.74,317.8,317.74,318.94,24.2,15,1d+1h+4h,0.205,False,nofill,0.0
2026-09-08 11:15:00-04:00,316.25,317.74,317.8,317.74,318.93,24.2,15,1d+1h+4h,0.199,False,nofill,0.0
2026-09-08 11:30:00-04:00,316.42,317.74,317.8,317.74,318.91,24.2,15,1d+1h+4h,0.177,False,nofill,0.0
2026-09-08 11:45:00-04:00,316.08,316.53,316.58,316.53,317.66,25.0,17,1d+1h+4h,0.06,True,scratch,-0.07694364409408516
2026-09-08 12:00:00-04:00,315.6,316.02,316.07,316.02,317.12,27.0,19,1d+1h+4h,0.056,True,scratch,-0.0765798077541735
2026-09-08 12:15:00-04:00,316.08,316.53,316.58,316.53,317.6,25.0,17,1d+1h+4h,0.059,True,scratch,-0.0761360287783952
2026-09-08 12:30:00-04:00,316.09,316.53,316.58,316.53,317.55,25.0,17,1d+1h+4h,0.059,True,scratch,-0.0753204166533683
2026-09-08 12:45:00-04:00,315.99,316.53,316.58,316.53,317.51,25.0,17,1d+1h+4h,0.072,True,scratch,-0.07470971222196532
2026-09-08 13:00:00-04:00,316.18,317.74,317.79,317.74,318.7,24.2,15,1d+1h+4h,0.207,False,nofill,0.0
2026-09-08 13:15:00-04:00,316.27,317.74,317.78,317.74,318.66,24.2,15,1d+1h+4h,0.196,False,nofill,0.0
2026-09-08 13:30:00-04:00,316.26,317.74,317.78,317.74,318.62,24.2,15,1d+1h+4h,0.197,False,nofill,0.0
2026-09-08 13:45:00-04:00,316.03,316.53,316.57,316.53,317.37,26.0,18,1d+1h+4h,0.067,True,scratch,-0.07266719380465414
2026-09-08 14:00:00-04:00,316.32,317.74,317.78,317.74,318.56,24.2,15,1d+1h+4h,0.189,False,nofill,0.0
2026-09-08 14:15:00-04:00,316.39,317.74,317.78,317.74,318.57,24.2,15,1d+1h+4h,0.18,False,nofill,0.0
2026-09-08 14:30:00-04:00,315.47,316.02,316.06,316.02,316.87,28.0,20,1d+1h+4h,0.073,True,scratch,-0.07281763523423468
2026-09-08 14:45:00-04:00,315.53,316.02,316.06,316.02,316.89,28.0,20,1d+1h+4h,0.065,True,scratch,-0.07309783994678964
2026-09-08 15:00:00-04:00,316.09,316.53,316.57,316.53,317.43,26.0,18,1d+1h+4h,0.059,True,timeout,-0.13029652020730698
2026-09-08 15:15:00-04:00,315.8,316.29,316.33,316.29,317.17,26.0,18,1d+1h+4h,0.065,True,scratch,-0.07315518672981192
2026-09-08 15:30:00-04:00,316.18,317.74,317.78,317.74,318.62,24.2,15,1d+1h+4h,0.208,False,nofill,0.0
2026-09-08 15:45:00-04:00,316.35,317.74,317.78,317.74,318.63,24.2,15,1d+1h+4h,0.185,False,nofill,0.0
2026-09-09 09:30:00-04:00,315.85,316.29,316.33,316.29,317.21,26.0,18,1d+1h+4h,0.058,True,scratch,-0.07383993631396857
2026-09-09 09:45:00-04:00,317.87,322.1,322.15,322.1,323.14,18.2,13,1d+1h+4h,0.554,False,nofill,0.0
2026-09-09 10:00:00-04:00,315.54,316.02,316.07,316.02,317.18,28.0,20,1d+1h+4h,0.063,False,nofill,0.0
2026-09-09 10:15:00-04:00,314.75,316.02,316.07,316.02,317.2,28.0,20,1d+1h+4h,0.166,False,nofill,0.0
2026-09-09 10:30:00-04:00,313.24,316.02,316.08,316.02,317.25,28.0,20,1d+1h+4h,0.364,False,nofill,0.0
2026-09-09 10:45:00-04:00,313.38,316.02,316.07,316.02,317.21,28.0,20,1d+1h+4h,0.346,False,nofill,0.0
2026-09-09 11:00:00-04:00,312.22,316.02,316.07,316.02,317.22,28.0,20,1d+1h+4h,0.498,False,nofill,0.0
2026-09-09 11:15:00-04:00,312.5,316.02,316.07,316.02,317.18,28.0,20,1d+1h+4h,0.461,False,nofill,0.0
2026-09-09 11:30:00-04:00,313.29,316.02,316.07,316.02,317.2,28.0,20,1d+1h+4h,0.358,False,nofill,0.0
2026-09-09 11:45:00-04:00,313.18,316.02,316.07,316.02,317.17,28.0,20,1d+1h+4h,0.373,False,nofill,0.0
2026-09-09 12:00:00-04:00,313.38,316.02,316.07,316.02,317.13,28.0,20,1d+1h+4h,0.345,False,nofill,0.0
2026-09-09 12:15:00-04:00,313.67,316.02,316.07,316.02,317.09,28.0,20,1d+1h+4h,0.308,True,scratch,-0.0761307484836049
2026-09-09 12:30:00-04:00,314.34,316.02,316.07,316.02,317.08,28.0,20,1d+1h+4h,0.22,True,scratch,-0.07603880099998905
2026-09-09 12:45:00-04:00,314.01,316.02,316.07,316.02,317.07,28.0,20,1d+1h+4h,0.263,True,scratch,-0.07577841062614832
2026-09-09 13:00:00-04:00,312.86,316.02,316.07,316.02,317.19,28.0,20,1d+1h+4h,0.414,True,scratch,-0.07768752069545748
2026-09-09 13:15:00-04:00,311.7,316.02,316.08,316.02,317.27,28.0,20,1d+1h+4h,0.565,True,scratch,-0.07883923655467306
2026-09-09 13:30:00-04:00,312.52,316.02,316.08,316.02,317.35,28.0,20,1d+1h+4h,0.459,True,scratch,-0.08007801415057525
2026-09-09 13:45:00-04:00,313.26,316.02,316.08,316.02,317.42,28.0,20,1d+1h+4h,0.362,True,scratch,-0.08116054138723738
2026-09-09 14:00:00-04:00,310.08,316.02,316.09,316.02,317.6,28.0,20,1d+1h+4h,0.778,True,scratch,-0.08383655280486124
2026-09-09 14:15:00-04:00,312.13,316.02,316.1,316.02,317.75,28.0,20,1d+1h+4h,0.51,True,scratch,-0.08611809642060653
2026-09-09 14:30:00-04:00,314.12,316.02,316.1,316.02,317.8,28.0,20,1d+1h+4h,0.249,True,scratch,-0.08688197708192069
2026-09-09 14:45:00-04:00,316.66,317.74,317.84,317.74,319.8,25.2,16,1d+1h+4h,0.142,False,nofill,0.0
2026-09-09 15:00:00-04:00,315.86,316.29,316.39,316.29,318.36,26.0,18,1d+1h+4h,0.056,False,nofill,0.0
2026-09-09 15:15:00-04:00,315.57,316.02,316.11,316.02,318.03,28.0,20,1d+1h+4h,0.059,False,nofill,0.0
2026-09-09 15:30:00-04:00,315.77,316.29,316.38,316.29,318.23,26.0,18,1d+1h+4h,0.068,False,nofill,0.0
2026-09-09 15:45:00-04:00,315.41,316.02,316.11,316.02,317.89,28.0,20,1d+1h+4h,0.08,False,nofill,0.0
2026-09-10 09:30:00-04:00,319.93,322.22,322.33,322.22,324.54,18.2,13,1d+1h+4h,0.29,True,scratch,-0.09423518632893924
2026-09-10 09:45:00-04:00,318.93,319.35,319.46,319.35,321.75,18.4,12,1d+1h+4h,0.053,True,scratch,-0.09580559856099402
2026-09-10 10:00:00-04:00,319.34,322.1,322.21,322.1,324.47,18.2,13,1d+1h+4h,0.349,True,scratch,-0.09505664288504967
2026-09-10 10:15:00-04:00,318.96,319.35,319.46,319.35,321.65,18.4,12,1d+1h+4h,0.05,True,target,0.6249264672800514
2026-09-10 10:30:00-04:00,320.06,322.22,322.33,322.22,324.5,18.2,13,1d+1h+4h,0.273,True,scratch,-0.09367969016442768
2026-09-10 10:45:00-04:00,323.01,323.45,323.56,323.45,325.82,11.4,9,1h+4h,0.056,True,scratch,-0.09490398397460353
2026-09-10 11:00:00-04:00,321.94,322.37,322.48,322.37,324.69,12.4,10,1h+4h,0.054,True,scratch,-0.09428931020917242
2026-09-10 11:15:00-04:00,323.71,324.11,324.22,324.11,326.44,11.4,9,1h+4h,0.051,True,scratch,-0.09411177729162779
2026-09-10 11:30:00-04:00,322.49,323.34,323.45,323.34,325.65,11.4,9,1h+4h,0.108,True,scratch,-0.09392337284952479
2026-09-10 11:45:00-04:00,319.57,322.1,322.21,322.1,324.5,18.2,13,1d+1h+4h,0.32,True,target,0.6483226595405345
2026-09-10 12:00:00-04:00,320.14,322.22,322.33,322.22,324.54,18.2,13,1d+1h+4h,0.264,True,target,0.625838903860898
2026-09-10 12:15:00-04:00,321.9,322.37,322.48,322.37,324.67,12.4,10,1h+4h,0.059,True,target,0.6199455879557947
2026-09-10 12:30:00-04:00,324.49,330.81,330.92,330.81,333.21,9.8,7,1d+1h+4h,0.8,False,nofill,0.0
2026-09-10 12:45:00-04:00,323.35,324.11,324.22,324.11,326.47,11.4,9,1h+4h,0.096,True,scratch,-0.09466639429289714
2026-09-10 13:00:00-04:00,323.55,324.11,324.22,324.11,326.39,11.4,9,1h+4h,0.071,True,scratch,-0.09344434533803403
2026-09-10 13:15:00-04:00,324.82,330.81,330.92,330.81,333.04,9.8,7,1d+1h+4h,0.758,False,nofill,0.0
2026-09-10 13:30:00-04:00,325.44,330.81,330.91,330.81,332.98,9.8,7,1d+1h+4h,0.68,False,nofill,0.0
2026-09-10 13:45:00-04:00,325.01,330.81,330.91,330.81,332.87,9.8,7,1d+1h+4h,0.734,False,nofill,0.0
2026-09-10 14:00:00-04:00,323.65,324.11,324.21,324.11,326.16,11.4,9,1h+4h,0.058,True,scratch,-0.09002843314072084
2026-09-10 14:15:00-04:00,324.12,330.81,330.9,330.81,332.79,9.8,7,1d+1h+4h,0.847,False,nofill,0.0
2026-09-10 14:30:00-04:00,324.4,330.81,330.9,330.81,332.72,9.8,7,1d+1h+4h,0.812,False,nofill,0.0
2026-09-10 14:45:00-04:00,325.38,330.81,330.9,330.81,332.68,9.8,7,1d+1h+4h,0.688,False,nofill,0.0
2026-09-10 15:00:00-04:00,325.8,330.81,330.9,330.81,332.62,9.8,7,1d+1h+4h,0.634,False,nofill,0.0
2026-09-10 15:15:00-04:00,325.29,330.81,330.89,330.81,332.56,9.8,7,1d+1h+4h,0.7,False,nofill,0.0
2026-09-10 15:30:00-04:00,325.4,330.81,330.89,330.81,332.48,9.8,7,1d+1h+4h,0.685,False,nofill,0.0
2026-09-10 15:45:00-04:00,326.6,328.93,329.01,328.93,330.6,9.8,7,1d+1h+4h,0.296,False,nofill,0.0
2026-09-11 09:30:00-04:00,333.35,334.37,334.47,334.37,336.52,8.8,6,1d+1h+4h,0.127,True,scratch,-0.09051341299867177
2026-09-11 09:45:00-04:00,332.47,334.37,334.47,334.37,336.57,8.8,6,1d+1h+4h,0.236,True,scratch,-0.09125632915975013
2026-09-11 10:00:00-04:00,331.7,334.37,334.47,334.37,336.51,8.8,6,1d+1h+4h,0.332,True,scratch,-0.09037786713190776
2026-09-11 10:15:00-04:00,334.09,334.7,334.8,334.7,336.9,8.8,6,1d+1h+4h,0.076,True,scratch,-0.09130215096972982
2026-09-11 11:45:00-04:00,333.92,334.37,334.46,334.37,336.28,8.8,6,1d+1h+4h,0.056,True,scratch,-0.08714636694610034
2026-09-11 12:15:00-04:00,334.17,334.7,334.79,334.7,336.49,8.8,6,1d+1h+4h,0.066,True,scratch,-0.08544800759487936
2026-09-11 12:30:00-04:00,334.13,334.7,334.78,334.7,336.4,8.8,6,1d+1h+4h,0.071,True,scratch,-0.08417390119809243
2026-09-11 13:00:00-04:00,334.34,334.75,334.83,334.75,336.33,8.8,6,1d+1h+4h,0.051,False,nofill,0.0
2026-09-11 13:15:00-04:00,333.95,334.37,334.44,334.37,335.89,8.8,6,1d+1h+4h,0.052,False,nofill,0.0
2026-09-11 13:30:00-04:00,333.22,334.37,334.44,334.37,335.87,9.8,7,1d+1h+4h,0.143,False,nofill,0.0
2026-09-11 13:45:00-04:00,333.38,334.37,334.44,334.37,335.82,9.8,7,1d+1h+4h,0.123,False,nofill,0.0
2026-09-11 14:00:00-04:00,332.8,334.37,334.44,334.37,335.81,9.8,7,1d+1h+4h,0.196,False,nofill,0.0
2026-09-11 14:15:00-04:00,332.86,334.37,334.44,334.37,335.74,9.8,7,1d+1h+4h,0.188,False,nofill,0.0
2026-09-11 14:30:00-04:00,332.9,334.37,334.43,334.37,335.68,9.8,7,1d+1h+4h,0.182,False,nofill,0.0
2026-09-11 14:45:00-04:00,332.52,334.37,334.43,334.37,335.63,9.8,7,1d+1h+4h,0.23,False,nofill,0.0
2026-09-11 15:00:00-04:00,332.56,334.37,334.43,334.37,335.59,9.8,7,1d+1h+4h,0.225,False,nofill,0.0
2026-09-11 15:15:00-04:00,332.64,334.37,334.43,334.37,335.53,9.8,7,1d+1h+4h,0.215,False,nofill,0.0
2026-09-11 15:30:00-04:00,332.61,334.37,334.42,334.37,335.5,9.8,7,1d+1h+4h,0.219,False,nofill,0.0
