ts,close,level,buy_price,stop,target,score,n_events,tfs,dist_atr,filled,outcome,ret_pct
2023-11-27 11:30:00-05:00,152.84,152.98,153.01,152.98,153.56,6.0,4,1d+1h,0.081,True,scratch,-0.0778622260482198
2023-11-27 12:30:00-05:00,152.78,152.98,153.01,152.98,153.53,6.0,4,1d+1h,0.115,True,scratch,-0.07706341427251573
2024-01-10 11:30:00-05:00,169.48,169.63,169.67,169.63,170.45,6.6,5,1h+4h,0.074,True,target,0.40021188270649155
2024-01-11 09:30:00-05:00,169.1,169.41,169.45,169.41,170.31,10.4,8,1h+4h,0.153,True,scratch,-0.08530401232661466
2024-01-11 10:30:00-05:00,168.99,169.41,169.45,169.41,170.29,10.4,8,1h+4h,0.207,True,scratch,-0.08483295238003175
2024-01-11 11:30:00-05:00,168.96,169.41,169.45,169.41,170.27,10.4,8,1h+4h,0.221,True,scratch,-0.08404596109091722
2024-01-11 12:30:00-05:00,169.36,169.49,169.53,169.49,170.34,6.6,5,1h+4h,0.062,True,target,0.417883787006712
2024-01-12 15:30:00-05:00,169.06,169.41,169.47,169.41,170.65,10.4,8,1h+4h,0.147,False,nofill,0.0
2024-01-16 09:30:00-05:00,167.02,168.91,168.98,168.91,170.39,12.2,9,1h+4h,0.744,False,nofill,0.0
2024-01-16 10:30:00-05:00,166.72,168.91,168.98,168.91,170.42,12.2,9,1h+4h,0.862,False,nofill,0.0
2024-01-16 11:30:00-05:00,166.64,168.91,168.98,168.91,170.36,12.2,9,1h+4h,0.894,False,nofill,0.0
2024-01-16 12:30:00-05:00,166.96,168.91,168.98,168.91,170.31,12.2,9,1h+4h,0.766,False,nofill,0.0
2024-01-16 13:30:00-05:00,166.98,168.91,168.97,168.91,170.26,12.2,9,1h+4h,0.76,True,scratch,-0.09798824472950773
2024-01-16 14:30:00-05:00,167.46,168.91,168.97,168.91,170.22,12.2,9,1h+4h,0.571,True,scratch,-0.09690040598099303
2024-01-16 15:30:00-05:00,167.94,168.91,168.97,168.91,170.17,12.2,9,1h+4h,0.382,True,scratch,-0.09560518050416578
2024-01-17 09:30:00-05:00,167.96,168.91,168.97,168.91,170.26,12.2,9,1h+4h,0.373,False,nofill,0.0
2024-01-17 10:30:00-05:00,168.23,168.91,168.97,168.91,170.21,12.2,9,1h+4h,0.268,False,nofill,0.0
2024-01-17 11:30:00-05:00,167.7,168.91,168.97,168.91,170.19,12.2,9,1h+4h,0.476,False,nofill,0.0
2024-01-17 12:30:00-05:00,167.06,169.07,169.13,169.07,170.31,14.2,11,1h+4h,0.793,False,nofill,0.0
2024-01-17 13:30:00-05:00,167.25,169.07,169.13,169.07,170.26,14.2,11,1h+4h,0.718,False,nofill,0.0
2024-01-17 14:30:00-05:00,166.51,169.07,169.13,169.07,170.24,14.2,11,1h+4h,1.01,False,nofill,0.0
2024-01-17 15:30:00-05:00,167.15,169.07,169.12,169.07,170.21,14.2,11,1h+4h,0.758,False,nofill,0.0
2024-01-18 09:30:00-05:00,166.09,169.07,169.13,169.07,170.23,14.2,11,1h+4h,1.188,False,nofill,0.0
2024-01-18 10:30:00-05:00,165.84,169.07,169.12,169.07,170.22,14.2,11,1h+4h,1.288,False,nofill,0.0
2024-01-18 11:30:00-05:00,165.7,169.07,169.12,169.07,170.19,14.2,11,1h+4h,1.344,False,nofill,0.0
2024-01-18 12:30:00-05:00,166.26,169.07,169.12,169.07,170.16,14.2,11,1h+4h,1.12,False,nofill,0.0
2024-01-18 13:30:00-05:00,166.73,169.07,169.12,169.07,170.12,14.2,11,1h+4h,0.935,False,nofill,0.0
2024-01-18 14:30:00-05:00,167.1,169.07,169.12,169.07,170.09,14.2,11,1h+4h,0.786,True,scratch,-0.08874358627803947
2024-01-18 15:30:00-05:00,167.42,169.07,169.12,169.07,170.06,14.2,11,1h+4h,0.658,True,scratch,-0.08780802474053218
2024-01-19 09:30:00-05:00,168.5,169.07,169.12,169.07,170.12,14.2,11,1h+4h,0.22,True,scratch,-0.089492296719762
2024-01-19 10:30:00-05:00,169.01,169.41,169.46,169.41,170.46,11.4,9,1h+4h,0.156,True,target,0.5286709563774306
2024-01-19 11:30:00-05:00,169.44,169.63,169.68,169.63,170.64,7.6,6,1h+4h,0.072,True,target,0.5054848852819038
2024-01-23 09:30:00-05:00,169.04,169.41,169.45,169.41,170.33,11.4,9,1h+4h,0.15,False,nofill,0.0
2024-01-23 10:30:00-05:00,169.03,169.41,169.45,169.41,170.31,11.4,9,1h+4h,0.154,True,scratch,-0.08515496519868604
2024-01-23 11:30:00-05:00,169.13,169.41,169.45,169.41,170.27,11.4,9,1h+4h,0.113,True,scratch,-0.08407332041456828
2024-01-23 12:30:00-05:00,169.2,169.41,169.45,169.41,170.24,11.4,9,1h+4h,0.087,True,scratch,-0.08338480186290687
2024-01-23 13:30:00-05:00,169.15,169.41,169.45,169.41,170.22,11.4,9,1h+4h,0.105,True,target,0.3959187604654746
2024-01-23 14:30:00-05:00,169.22,169.41,169.45,169.41,170.2,11.4,9,1h+4h,0.075,True,target,0.3812621566628094
2024-01-23 15:30:00-05:00,169.02,169.41,169.45,169.41,170.16,11.4,9,1h+4h,0.158,True,target,0.364072069607313
2024-01-29 11:30:00-05:00,171.61,171.78,171.81,171.78,172.49,6.8,6,1h+4h,0.074,True,scratch,-0.0796068033855013
2024-02-01 10:30:00-05:00,172.34,172.47,172.52,172.47,173.51,7.6,6,1h+4h,0.051,True,target,0.5134990415901264
2024-02-07 12:30:00-05:00,175.27,175.82,175.86,175.82,176.72,6.6,5,1h+4h,0.226,False,nofill,0.0
2024-02-07 13:30:00-05:00,175.39,175.82,175.86,175.82,176.69,6.6,5,1h+4h,0.176,False,nofill,0.0
2024-02-07 14:30:00-05:00,175.27,175.82,175.86,175.82,176.65,6.6,5,1h+4h,0.226,False,nofill,0.0
2024-02-07 15:30:00-05:00,175.42,175.82,175.85,175.82,176.61,6.6,5,1h+4h,0.164,False,nofill,0.0
2024-02-08 09:30:00-05:00,174.12,175.82,175.86,175.82,176.66,6.6,5,1h+4h,0.713,False,nofill,0.0
2024-02-08 10:30:00-05:00,173.75,175.82,175.86,175.82,176.65,6.6,5,1h+4h,0.871,False,nofill,0.0
2024-02-08 11:30:00-05:00,173.82,175.82,175.85,175.82,176.62,6.6,5,1h+4h,0.844,False,nofill,0.0
2024-02-08 12:30:00-05:00,173.83,175.82,175.85,175.82,176.59,6.6,5,1h+4h,0.837,False,nofill,0.0
2024-02-08 13:30:00-05:00,174.72,175.82,175.85,175.82,176.6,6.6,5,1h+4h,0.462,False,nofill,0.0
2024-02-08 14:30:00-05:00,174.81,175.82,175.85,175.82,176.58,6.6,5,1h+4h,0.426,False,nofill,0.0
2024-02-08 15:30:00-05:00,174.8,175.82,175.85,175.82,176.56,6.6,5,1h+4h,0.428,False,nofill,0.0
2024-02-09 09:30:00-05:00,174.3,175.82,175.85,175.82,176.57,6.6,5,1h+4h,0.662,False,nofill,0.0
2024-02-09 10:30:00-05:00,174.21,175.82,175.85,175.82,176.55,6.6,5,1h+4h,0.697,False,nofill,0.0
2024-02-09 11:30:00-05:00,174.45,175.82,175.85,175.82,176.56,6.6,5,1h+4h,0.594,False,nofill,0.0
2024-02-09 12:30:00-05:00,174.98,175.82,175.85,175.82,176.55,6.6,5,1h+4h,0.364,False,nofill,0.0
2024-02-09 13:30:00-05:00,174.77,175.82,175.85,175.82,176.52,6.6,5,1h+4h,0.455,False,nofill,0.0
2024-02-09 14:30:00-05:00,174.71,175.82,175.85,175.82,176.51,6.6,5,1h+4h,0.481,True,target,0.3161597229309532
2024-02-09 15:30:00-05:00,174.96,175.82,175.85,175.82,176.5,6.6,5,1h+4h,0.372,True,target,0.3087793385289084
2024-02-12 09:30:00-05:00,175.21,175.82,175.85,175.82,176.58,6.6,5,1h+4h,0.258,True,target,0.3526513858692404
2024-02-12 10:30:00-05:00,176.19,176.31,176.35,176.31,177.11,6.6,5,1h+4h,0.051,True,scratch,-0.08153519291278499
2024-02-12 13:30:00-05:00,176.1,176.31,176.35,176.31,177.07,6.6,5,1h+4h,0.09,False,nofill,0.0
2024-02-12 14:30:00-05:00,175.84,176.31,176.34,176.31,177.04,6.6,5,1h+4h,0.2,False,nofill,0.0
2024-02-12 15:30:00-05:00,175.81,176.31,176.34,176.31,177.02,6.6,5,1h+4h,0.213,False,nofill,0.0
2024-02-13 09:30:00-05:00,174.42,176.31,176.35,176.31,177.16,7.6,6,1h+4h,0.78,False,nofill,0.0
2024-02-13 10:30:00-05:00,174.7,176.31,176.35,176.31,177.15,7.6,6,1h+4h,0.664,False,nofill,0.0
2024-02-13 11:30:00-05:00,174.58,176.31,176.35,176.31,177.13,7.6,6,1h+4h,0.714,False,nofill,0.0
2024-02-13 12:30:00-05:00,174.18,176.31,176.35,176.31,177.13,7.6,6,1h+4h,0.877,False,nofill,0.0
2024-02-13 13:30:00-05:00,173.22,173.35,173.39,173.35,174.2,10.4,8,1h+4h,0.054,True,scratch,-0.08322429075523496
2024-02-13 14:30:00-05:00,172.91,173.35,173.39,173.35,174.21,10.4,8,1h+4h,0.182,True,target,0.41426971023372783
2024-02-13 15:30:00-05:00,174.25,176.31,176.35,176.31,177.22,7.6,6,1h+4h,0.85,False,nofill,0.0
2024-02-14 09:30:00-05:00,175.75,176.31,176.36,176.31,177.28,9.4,7,1h+4h,0.236,False,nofill,0.0
2024-02-14 10:30:00-05:00,174.94,176.31,176.36,176.31,177.31,9.4,7,1h+4h,0.577,False,nofill,0.0
2024-02-14 11:30:00-05:00,175.15,176.31,176.36,176.31,177.29,9.4,7,1h+4h,0.488,False,nofill,0.0
2024-02-14 12:30:00-05:00,175.01,176.31,176.35,176.31,177.25,9.4,7,1h+4h,0.547,False,nofill,0.0
2024-02-14 13:30:00-05:00,174.88,176.31,176.35,176.31,177.25,9.4,7,1h+4h,0.602,True,target,0.44598082960785046
2024-02-14 14:30:00-05:00,175.43,176.31,176.35,176.31,177.24,9.4,7,1h+4h,0.371,True,target,0.4397962696210289
2024-02-14 15:30:00-05:00,176.02,176.31,176.35,176.31,177.23,9.4,7,1h+4h,0.122,True,target,0.4381002958860236
2024-04-02 13:30:00-04:00,198.74,200.38,200.42,200.38,201.23,6.6,5,1h+4h,0.643,False,nofill,0.0
2024-04-02 14:30:00-04:00,198.95,200.38,200.42,200.38,201.2,6.6,5,1h+4h,0.561,False,nofill,0.0
2024-04-02 15:30:00-04:00,198.9,200.38,200.42,200.38,201.18,6.6,5,1h+4h,0.58,False,nofill,0.0
2024-04-03 09:30:00-04:00,199.04,200.38,200.42,200.38,201.18,6.6,5,1h+4h,0.537,False,nofill,0.0
2024-04-03 10:30:00-04:00,198.16,200.38,200.42,200.38,201.2,6.6,5,1h+4h,0.89,False,nofill,0.0
2024-04-03 11:30:00-04:00,198.86,200.38,200.42,200.38,201.2,6.6,5,1h+4h,0.611,False,nofill,0.0
2024-04-03 12:30:00-04:00,198.84,200.38,200.42,200.38,201.19,6.6,5,1h+4h,0.617,False,nofill,0.0
2024-04-03 13:30:00-04:00,198.66,200.38,200.42,200.38,201.16,6.6,5,1h+4h,0.692,False,nofill,0.0
2024-04-03 14:30:00-04:00,198.01,200.38,200.42,200.38,201.18,6.6,5,1h+4h,0.95,False,nofill,0.0
2024-04-03 15:30:00-04:00,198.29,200.38,200.42,200.38,201.16,6.6,5,1h+4h,0.838,False,nofill,0.0
2024-04-04 09:30:00-04:00,199.13,200.38,200.42,200.38,201.21,6.6,5,1h+4h,0.481,False,nofill,0.0
2024-04-04 10:30:00-04:00,198.97,200.38,200.42,200.38,201.23,6.6,5,1h+4h,0.543,False,nofill,0.0
2024-04-04 11:30:00-04:00,198.96,200.38,200.42,200.38,201.2,6.6,5,1h+4h,0.545,False,nofill,0.0
2024-04-04 12:30:00-04:00,198.94,200.38,200.42,200.38,201.16,6.6,5,1h+4h,0.554,False,nofill,0.0
2024-04-04 13:30:00-04:00,197.41,200.38,200.42,200.38,201.23,6.6,5,1h+4h,1.143,False,nofill,0.0
2024-04-04 14:30:00-04:00,196.24,200.38,200.42,200.38,201.28,6.6,5,1h+4h,1.596,False,nofill,0.0
2024-04-04 15:30:00-04:00,195.7,200.38,200.42,200.38,201.29,6.6,5,1h+4h,1.802,False,nofill,0.0
2024-04-05 09:30:00-04:00,195.65,200.38,200.43,200.38,201.35,6.6,5,1h+4h,1.807,False,nofill,0.0
2024-04-05 10:30:00-04:00,196.96,200.38,200.43,200.38,201.38,6.6,5,1h+4h,1.307,False,nofill,0.0
2024-04-05 11:30:00-04:00,197.91,200.38,200.43,200.38,201.41,6.6,5,1h+4h,0.942,False,nofill,0.0
2024-04-05 12:30:00-04:00,197.47,200.38,200.43,200.38,201.4,6.6,5,1h+4h,1.112,False,nofill,0.0
2024-04-05 13:30:00-04:00,197.35,200.38,200.43,200.38,201.39,6.6,5,1h+4h,1.158,False,nofill,0.0
2024-04-05 14:30:00-04:00,197.48,200.38,200.43,200.38,201.36,6.6,5,1h+4h,1.108,False,nofill,0.0
2024-04-05 15:30:00-04:00,197.46,200.38,200.43,200.38,201.33,6.6,5,1h+4h,1.116,False,nofill,0.0
2024-04-08 09:30:00-04:00,198.54,200.38,200.43,200.38,201.38,6.6,5,1h+4h,0.726,False,nofill,0.0
2024-04-08 10:30:00-04:00,198.37,200.38,200.43,200.38,201.35,6.6,5,1h+4h,0.793,False,nofill,0.0
2024-04-08 11:30:00-04:00,198.32,200.38,200.43,200.38,201.33,6.6,5,1h+4h,0.813,False,nofill,0.0
2024-04-08 12:30:00-04:00,198.53,200.38,200.42,200.38,201.29,6.6,5,1h+4h,0.73,False,nofill,0.0
2024-04-08 13:30:00-04:00,198.32,200.38,200.42,200.38,201.25,6.6,5,1h+4h,0.813,False,nofill,0.0
2024-04-08 14:30:00-04:00,198.43,200.38,200.42,200.38,201.22,6.6,5,1h+4h,0.769,False,nofill,0.0
2024-04-08 15:30:00-04:00,198.61,200.38,200.42,200.38,201.2,6.6,5,1h+4h,0.698,False,nofill,0.0
2024-04-09 09:30:00-04:00,196.32,200.38,200.43,200.38,201.34,6.6,5,1h+4h,1.547,False,nofill,0.0
2024-04-09 10:30:00-04:00,195.71,200.38,200.43,200.38,201.38,6.6,5,1h+4h,1.779,False,nofill,0.0
2024-04-09 11:30:00-04:00,196.6,200.38,200.43,200.38,201.4,6.6,5,1h+4h,1.44,False,nofill,0.0
2024-04-09 12:30:00-04:00,196.39,200.38,200.43,200.38,201.37,6.6,5,1h+4h,1.52,False,nofill,0.0
2024-04-09 13:30:00-04:00,196.31,200.38,200.43,200.38,201.34,6.6,5,1h+4h,1.551,False,nofill,0.0
2024-04-09 14:30:00-04:00,197.33,200.38,200.43,200.38,201.36,6.6,5,1h+4h,1.162,False,nofill,0.0
2024-04-09 15:30:00-04:00,197.21,200.38,200.43,200.38,201.35,6.6,5,1h+4h,1.208,False,nofill,0.0
2024-04-10 09:30:00-04:00,196.62,200.38,200.43,200.38,201.48,6.6,5,1h+4h,1.425,False,nofill,0.0
2024-04-10 10:30:00-04:00,195.83,200.38,200.43,200.38,201.5,6.6,5,1h+4h,1.724,False,nofill,0.0
2024-04-10 14:30:00-04:00,195.45,200.38,200.44,200.38,201.55,6.6,5,1h+4h,1.868,False,nofill,0.0
2024-04-10 15:30:00-04:00,195.43,200.38,200.43,200.38,201.52,6.6,5,1h+4h,1.875,False,nofill,0.0
2024-04-11 12:30:00-04:00,195.44,200.38,200.44,200.38,201.59,6.6,5,1h+4h,1.845,False,nofill,0.0
2024-04-11 13:30:00-04:00,196.3,200.38,200.44,200.38,201.6,6.6,5,1h+4h,1.524,False,nofill,0.0
2024-04-11 14:30:00-04:00,196.08,200.38,200.44,200.38,201.57,6.6,5,1h+4h,1.606,False,nofill,0.0
2024-04-11 15:30:00-04:00,195.3,200.38,200.44,200.38,201.58,6.6,5,1h+4h,1.897,False,nofill,0.0
2024-04-12 09:30:00-04:00,185.59,190.07,190.16,190.07,191.95,9.8,5,1d+1h+4h,1.331,False,nofill,0.0
2024-04-12 10:30:00-04:00,184.5,190.07,190.16,190.07,191.98,9.8,5,1d+1h+4h,1.655,False,nofill,0.0
2024-04-12 11:30:00-04:00,184.89,190.07,190.16,190.07,191.92,9.8,5,1d+1h+4h,1.539,False,nofill,0.0
2024-04-12 12:30:00-04:00,183.86,190.07,190.16,190.07,191.9,9.8,5,1d+1h+4h,1.845,False,nofill,0.0
2024-04-12 13:30:00-04:00,184.33,190.07,190.16,190.07,191.88,9.8,5,1d+1h+4h,1.706,False,nofill,0.0
2024-04-12 14:30:00-04:00,183.45,190.07,190.16,190.07,191.86,9.8,5,1d+1h+4h,1.967,False,nofill,0.0
2024-04-12 15:30:00-04:00,182.84,185.75,185.83,185.75,187.5,9.4,7,1h+4h,0.866,True,scratch,-0.10491167157823389
2024-04-15 09:30:00-04:00,186.12,190.07,190.16,190.07,192.05,9.8,5,1d+1h+4h,1.134,False,nofill,0.0
2024-04-15 10:30:00-04:00,184.06,190.07,190.17,190.07,192.09,9.8,5,1d+1h+4h,1.725,False,nofill,0.0
2024-04-15 11:30:00-04:00,184.68,190.07,190.16,190.07,192.0,9.8,5,1d+1h+4h,1.549,False,nofill,0.0
2024-04-15 12:30:00-04:00,183.15,190.07,190.16,190.07,191.98,9.8,5,1d+1h+4h,1.987,False,nofill,0.0
2024-04-15 13:30:00-04:00,182.43,185.75,185.84,185.75,187.61,9.4,7,1h+4h,0.953,False,nofill,0.0
2024-04-15 14:30:00-04:00,182.62,185.75,185.84,185.75,187.57,9.4,7,1h+4h,0.9,False,nofill,0.0
2024-04-15 15:30:00-04:00,182.89,185.75,185.83,185.75,187.51,9.4,7,1h+4h,0.821,False,nofill,0.0
2024-04-16 09:30:00-04:00,180.07,185.75,185.84,185.75,187.61,9.4,7,1h+4h,1.635,False,nofill,0.0
2024-04-16 10:30:00-04:00,180.38,185.75,185.84,185.75,187.56,9.4,7,1h+4h,1.546,False,nofill,0.0
2024-04-16 11:30:00-04:00,180.37,185.75,185.83,185.75,187.5,9.4,7,1h+4h,1.549,False,nofill,0.0
2024-04-16 12:30:00-04:00,180.56,185.75,185.83,185.75,187.42,9.4,7,1h+4h,1.494,False,nofill,0.0
2024-04-16 13:30:00-04:00,180.45,185.75,185.83,185.75,187.44,9.4,7,1h+4h,1.526,False,nofill,0.0
2024-04-16 14:30:00-04:00,181.89,185.75,185.83,185.75,187.43,9.4,7,1h+4h,1.111,False,nofill,0.0
2024-04-16 15:30:00-04:00,180.74,185.75,185.83,185.75,187.41,9.4,7,1h+4h,1.442,False,nofill,0.0
2024-04-17 09:30:00-04:00,180.78,185.75,185.83,185.75,187.45,9.4,7,1h+4h,1.443,False,nofill,0.0
2024-04-17 10:30:00-04:00,179.85,185.75,185.83,185.75,187.42,9.4,7,1h+4h,1.712,False,nofill,0.0
2024-04-17 11:30:00-04:00,180.15,185.75,185.83,185.75,187.37,9.4,7,1h+4h,1.625,False,nofill,0.0
2024-04-17 12:30:00-04:00,180.62,185.75,185.83,185.75,187.34,9.4,7,1h+4h,1.489,False,nofill,0.0
2024-04-17 13:30:00-04:00,180.84,185.75,185.82,185.75,187.29,9.4,7,1h+4h,1.425,False,nofill,0.0
2024-04-17 14:30:00-04:00,180.15,185.75,185.82,185.75,187.28,9.4,7,1h+4h,1.625,False,nofill,0.0
2024-04-17 15:30:00-04:00,179.97,185.75,185.82,185.75,187.25,9.4,7,1h+4h,1.678,False,nofill,0.0
2024-04-18 09:30:00-04:00,182.39,185.75,185.83,185.75,187.33,9.4,7,1h+4h,0.979,False,nofill,0.0
2024-04-18 10:30:00-04:00,183.03,185.75,185.82,185.75,187.29,9.4,7,1h+4h,0.793,False,nofill,0.0
2024-04-18 11:30:00-04:00,182.42,185.75,185.82,185.75,187.25,9.4,7,1h+4h,0.972,False,nofill,0.0
2024-04-18 12:30:00-04:00,181.2,185.75,185.82,185.75,187.29,9.4,7,1h+4h,1.326,False,nofill,0.0
2024-04-18 13:30:00-04:00,180.96,185.75,185.82,185.75,187.25,9.4,7,1h+4h,1.396,False,nofill,0.0
2024-04-18 14:30:00-04:00,181.47,185.75,185.82,185.75,187.22,9.4,7,1h+4h,1.248,False,nofill,0.0
2024-04-18 15:30:00-04:00,181.23,185.75,185.82,185.75,187.17,9.4,7,1h+4h,1.318,False,nofill,0.0
2024-04-19 09:30:00-04:00,182.74,185.75,185.82,185.75,187.19,9.4,7,1h+4h,0.86,False,nofill,0.0
2024-04-19 10:30:00-04:00,183.09,190.07,190.14,190.07,191.47,9.8,5,1d+1h+4h,1.994,False,nofill,0.0
2024-04-19 11:30:00-04:00,183.16,190.07,190.13,190.07,191.41,9.8,5,1d+1h+4h,1.972,False,nofill,0.0
2024-04-19 12:30:00-04:00,184.39,190.07,190.14,190.07,191.44,9.8,5,1d+1h+4h,1.622,False,nofill,0.0
2024-04-19 13:30:00-04:00,184.56,190.07,190.13,190.07,191.42,9.8,5,1d+1h+4h,1.574,False,nofill,0.0
2024-04-19 14:30:00-04:00,184.88,190.07,190.13,190.07,191.38,9.8,5,1d+1h+4h,1.482,False,nofill,0.0
2024-04-19 15:30:00-04:00,185.8,190.07,190.13,190.07,191.4,9.8,5,1d+1h+4h,1.22,False,nofill,0.0
2024-04-22 09:30:00-04:00,187.66,190.07,190.14,190.07,191.46,9.8,5,1d+1h+4h,0.68,False,nofill,0.0
2024-04-22 10:30:00-04:00,186.84,190.07,190.14,190.07,191.44,9.8,5,1d+1h+4h,0.912,False,nofill,0.0
2024-04-22 11:30:00-04:00,187.91,190.07,190.14,190.07,191.44,9.8,5,1d+1h+4h,0.609,False,nofill,0.0
2024-04-22 12:30:00-04:00,188.99,190.07,190.14,190.07,191.44,9.8,5,1d+1h+4h,0.305,False,nofill,0.0
2024-04-22 13:30:00-04:00,190.08,190.46,190.52,190.46,191.82,8.8,4,1d+1h+4h,0.106,True,target,0.6212790273153468
2024-04-22 14:30:00-04:00,189.33,190.07,190.13,190.07,191.42,9.8,5,1d+1h+4h,0.209,True,target,0.6148249081437518
2024-04-22 15:30:00-04:00,189.5,190.07,190.13,190.07,191.38,9.8,5,1d+1h+4h,0.161,True,target,0.5936636781405547
2024-04-23 09:30:00-04:00,191.15,194.41,194.48,194.41,195.79,7.6,6,1h+4h,0.935,False,nofill,0.0
2024-04-23 10:30:00-04:00,191.78,194.41,194.47,194.41,195.76,7.6,6,1h+4h,0.755,False,nofill,0.0
2024-04-23 11:30:00-04:00,191.71,194.41,194.47,194.41,195.7,7.6,6,1h+4h,0.774,False,nofill,0.0
2024-04-23 12:30:00-04:00,192.08,194.41,194.47,194.41,195.66,7.6,6,1h+4h,0.669,False,nofill,0.0
2024-04-23 13:30:00-04:00,191.77,194.41,194.47,194.41,195.62,7.6,6,1h+4h,0.758,False,nofill,0.0
2024-04-23 14:30:00-04:00,191.63,194.41,194.47,194.41,195.57,7.6,6,1h+4h,0.798,False,nofill,0.0
2024-04-23 15:30:00-04:00,192.14,194.41,194.46,194.41,195.53,7.6,6,1h+4h,0.651,False,nofill,0.0
2024-04-24 09:30:00-04:00,192.25,194.41,194.47,194.41,195.62,7.6,6,1h+4h,0.627,False,nofill,0.0
2024-04-24 10:30:00-04:00,191.06,194.41,194.47,194.41,195.64,7.6,6,1h+4h,0.974,False,nofill,0.0
2024-04-24 11:30:00-04:00,190.99,194.41,194.47,194.41,195.6,7.6,6,1h+4h,0.993,False,nofill,0.0
2024-04-24 12:30:00-04:00,192.0,194.41,194.47,194.41,195.6,7.6,6,1h+4h,0.701,False,nofill,0.0
2024-04-24 13:30:00-04:00,192.48,194.41,194.46,194.41,195.56,7.6,6,1h+4h,0.56,False,nofill,0.0
2024-04-24 14:30:00-04:00,192.93,199.78,199.83,199.78,200.91,8.6,7,1h+4h,1.989,False,nofill,0.0
2024-04-24 15:30:00-04:00,193.04,199.78,199.83,199.78,200.87,8.6,7,1h+4h,1.957,False,nofill,0.0
2024-04-25 09:30:00-04:00,192.41,194.41,194.47,194.41,195.61,7.6,6,1h+4h,0.591,False,nofill,0.0
2024-04-25 10:30:00-04:00,193.17,199.78,199.84,199.78,200.96,8.6,7,1h+4h,1.952,False,nofill,0.0
2024-04-25 11:30:00-04:00,193.62,200.38,200.44,200.38,201.55,9.4,7,1h+4h,1.996,False,nofill,0.0
2024-04-25 12:30:00-04:00,193.28,199.78,199.84,199.78,200.94,8.6,7,1h+4h,1.919,False,nofill,0.0
2024-04-25 13:30:00-04:00,192.71,194.41,194.46,194.41,195.55,7.6,6,1h+4h,0.502,True,scratch,-0.08781836861084802
2024-04-25 14:30:00-04:00,193.31,199.78,199.83,199.78,200.89,8.6,7,1h+4h,1.91,False,nofill,0.0
2024-04-25 15:30:00-04:00,193.38,199.78,199.83,199.78,200.85,8.6,7,1h+4h,1.89,False,nofill,0.0
2024-04-26 09:30:00-04:00,194.16,200.48,200.53,200.48,201.61,9.4,7,1h+4h,1.934,False,nofill,0.0
2024-04-26 10:30:00-04:00,193.3,199.78,199.83,199.78,200.92,8.6,7,1h+4h,1.984,False,nofill,0.0
2024-04-26 11:30:00-04:00,193.96,200.48,200.53,200.48,201.6,9.4,7,1h+4h,1.995,False,nofill,0.0
2024-04-26 12:30:00-04:00,194.05,200.48,200.53,200.48,201.54,9.4,7,1h+4h,1.967,False,nofill,0.0
2024-04-26 13:30:00-04:00,194.39,200.48,200.53,200.48,201.5,9.4,7,1h+4h,1.863,False,nofill,0.0
2024-04-26 14:30:00-04:00,194.31,200.48,200.53,200.48,201.46,9.4,7,1h+4h,1.888,False,nofill,0.0
2024-04-26 15:30:00-04:00,193.49,199.78,199.83,199.78,200.75,8.6,7,1h+4h,1.925,False,nofill,0.0
2024-04-29 09:30:00-04:00,193.66,194.41,194.46,194.41,195.43,8.6,7,1h+4h,0.237,False,nofill,0.0
2024-04-29 10:30:00-04:00,193.89,194.41,194.46,194.41,195.4,9.6,8,1h+4h,0.165,False,nofill,0.0
2024-04-29 11:30:00-04:00,193.56,194.41,194.46,194.41,195.36,9.6,8,1h+4h,0.271,False,nofill,0.0
2024-04-29 12:30:00-04:00,193.56,194.41,194.45,194.41,195.32,9.6,8,1h+4h,0.269,False,nofill,0.0
2024-04-29 13:30:00-04:00,193.62,194.41,194.45,194.41,195.27,11.4,9,1h+4h,0.25,True,scratch,-0.08110830231760069
2024-04-29 14:30:00-04:00,192.9,194.41,194.45,194.41,195.3,11.4,9,1h+4h,0.479,True,scratch,-0.08174675906285067
2024-04-29 15:30:00-04:00,193.29,194.41,194.45,194.41,195.27,11.4,9,1h+4h,0.354,True,scratch,-0.0810366402895446
2024-04-30 09:30:00-04:00,194.17,194.41,194.46,194.41,195.38,11.4,9,1h+4h,0.076,True,scratch,-0.08382730892815271
2024-04-30 10:30:00-04:00,193.68,194.41,194.46,194.41,195.42,11.4,9,1h+4h,0.231,False,nofill,0.0
2024-04-30 11:30:00-04:00,193.15,194.41,194.46,194.41,195.4,11.4,9,1h+4h,0.398,False,nofill,0.0
2024-04-30 12:30:00-04:00,192.61,194.41,194.46,194.41,195.39,11.4,9,1h+4h,0.569,False,nofill,0.0
2024-04-30 13:30:00-04:00,192.49,194.41,194.46,194.41,195.37,11.4,9,1h+4h,0.607,False,nofill,0.0
2024-04-30 14:30:00-04:00,192.02,194.41,194.46,194.41,195.36,11.4,9,1h+4h,0.756,False,nofill,0.0
2024-04-30 15:30:00-04:00,191.73,194.41,194.45,194.41,195.33,11.4,9,1h+4h,0.848,False,nofill,0.0
2024-05-01 09:30:00-04:00,191.64,194.41,194.46,194.41,195.39,11.4,9,1h+4h,0.871,False,nofill,0.0
2024-05-01 10:30:00-04:00,192.48,194.41,194.46,194.41,195.39,11.4,9,1h+4h,0.606,False,nofill,0.0
2024-05-01 11:30:00-04:00,192.29,194.41,194.46,194.41,195.37,11.4,9,1h+4h,0.665,True,scratch,-0.0834923310781277
2024-05-01 12:30:00-04:00,192.0,194.41,194.46,194.41,195.36,11.4,9,1h+4h,0.756,True,scratch,-0.08323561473806418
2024-05-01 13:30:00-04:00,192.75,194.41,194.45,194.41,195.35,11.4,9,1h+4h,0.521,True,scratch,-0.0830803646344247
2024-05-01 14:30:00-04:00,193.95,194.41,194.46,194.41,195.46,11.4,9,1h+4h,0.144,False,nofill,0.0
2024-05-01 15:30:00-04:00,191.84,194.41,194.46,194.41,195.54,11.4,9,1h+4h,0.807,False,nofill,0.0
2024-05-02 09:30:00-04:00,191.24,194.56,194.62,194.56,195.83,11.4,9,1h+4h,1.026,False,nofill,0.0
2024-05-02 10:30:00-04:00,190.68,194.41,194.47,194.41,195.66,12.4,10,1h+4h,1.155,False,nofill,0.0
2024-05-02 11:30:00-04:00,190.13,194.41,194.47,194.41,195.66,12.4,10,1h+4h,1.325,False,nofill,0.0
2024-05-02 12:30:00-04:00,191.11,194.46,194.52,194.46,195.72,12.4,10,1h+4h,1.037,False,nofill,0.0
2024-05-02 13:30:00-04:00,191.22,194.46,194.52,194.46,195.66,12.4,10,1h+4h,1.003,False,nofill,0.0
2024-05-02 14:30:00-04:00,191.73,194.41,194.47,194.41,195.58,12.4,10,1h+4h,0.83,False,nofill,0.0
2024-05-02 15:30:00-04:00,191.66,194.41,194.46,194.41,195.54,12.4,10,1h+4h,0.851,False,nofill,0.0
2024-05-03 09:30:00-04:00,189.91,194.41,194.47,194.41,195.77,12.4,10,1h+4h,1.373,False,nofill,0.0
2024-05-03 10:30:00-04:00,190.48,194.87,194.93,194.87,196.2,12.4,10,1h+4h,1.34,False,nofill,0.0
2024-05-03 11:30:00-04:00,190.61,194.87,194.93,194.87,196.14,12.4,10,1h+4h,1.3,False,nofill,0.0
2024-05-03 12:30:00-04:00,190.51,194.87,194.93,194.87,196.1,12.4,10,1h+4h,1.33,False,nofill,0.0
2024-05-03 13:30:00-04:00,190.83,194.41,194.47,194.41,195.59,12.4,10,1h+4h,1.092,False,nofill,0.0
2024-05-03 14:30:00-04:00,190.46,194.87,194.92,194.87,196.02,12.4,10,1h+4h,1.346,False,nofill,0.0
2024-05-03 15:30:00-04:00,190.52,194.87,194.92,194.87,195.97,12.4,10,1h+4h,1.327,False,nofill,0.0
2024-05-06 09:30:00-04:00,191.13,194.41,194.46,194.41,195.55,12.4,10,1h+4h,1.023,False,nofill,0.0
2024-05-06 10:30:00-04:00,189.98,194.41,194.47,194.41,195.57,12.4,10,1h+4h,1.382,False,nofill,0.0
2024-05-06 11:30:00-04:00,190.14,194.56,194.61,194.56,195.66,12.4,10,1h+4h,1.379,False,nofill,0.0
2024-05-06 12:30:00-04:00,190.77,194.41,194.46,194.41,195.49,12.4,10,1h+4h,1.136,False,nofill,0.0
2024-05-06 13:30:00-04:00,191.57,194.46,194.51,194.46,195.53,12.4,10,1h+4h,0.902,False,nofill,0.0
2024-05-06 14:30:00-04:00,191.07,194.41,194.46,194.41,195.47,12.4,10,1h+4h,1.042,False,nofill,0.0
2024-05-06 15:30:00-04:00,191.96,194.41,194.46,194.41,195.49,12.4,10,1h+4h,0.764,False,nofill,0.0
2024-05-07 09:30:00-04:00,192.61,194.41,194.46,194.41,195.51,12.4,10,1h+4h,0.588,False,nofill,0.0
2024-05-07 10:30:00-04:00,192.61,194.41,194.46,194.41,195.46,12.4,10,1h+4h,0.588,False,nofill,0.0
2024-05-07 11:30:00-04:00,192.54,194.41,194.46,194.41,195.44,12.4,10,1h+4h,0.61,False,nofill,0.0
2024-05-07 12:30:00-04:00,192.38,194.41,194.46,194.41,195.42,12.4,10,1h+4h,0.661,False,nofill,0.0
2024-05-07 13:30:00-04:00,192.12,194.56,194.61,194.56,195.52,12.4,10,1h+4h,0.796,False,nofill,0.0
2024-05-07 14:30:00-04:00,191.83,194.46,194.5,194.46,195.39,12.4,10,1h+4h,0.859,False,nofill,0.0
2024-05-07 15:30:00-04:00,191.77,194.46,194.5,194.46,195.35,12.4,10,1h+4h,0.878,False,nofill,0.0
2024-05-08 09:30:00-04:00,192.64,194.41,194.46,194.41,195.37,12.4,10,1h+4h,0.548,False,nofill,0.0
2024-05-08 10:30:00-04:00,192.91,194.41,194.45,194.41,195.35,12.4,10,1h+4h,0.464,True,target,0.40006086045063505
2024-05-08 11:30:00-04:00,193.36,194.41,194.45,194.41,195.35,12.4,10,1h+4h,0.325,True,target,0.39945115724466795
2024-05-08 12:30:00-04:00,193.9,194.41,194.45,194.41,195.34,12.4,10,1h+4h,0.158,True,target,0.3963708927544607
2024-05-08 13:30:00-04:00,194.62,194.87,194.91,194.87,195.8,10.6,9,1h+4h,0.077,True,target,0.39610197360986366
2024-05-08 14:30:00-04:00,195.49,200.38,200.43,200.38,201.34,9.4,7,1h+4h,1.514,False,nofill,0.0
2024-05-08 15:30:00-04:00,195.63,200.38,200.43,200.38,201.36,9.4,7,1h+4h,1.471,False,nofill,0.0
2024-05-09 09:30:00-04:00,197.07,200.38,200.43,200.38,201.45,9.4,7,1h+4h,1.045,False,nofill,0.0
2024-05-09 10:30:00-04:00,196.65,200.38,200.43,200.38,201.43,9.4,7,1h+4h,1.177,False,nofill,0.0
2024-05-09 11:30:00-04:00,196.12,200.38,200.43,200.38,201.42,9.4,7,1h+4h,1.344,False,nofill,0.0
2024-05-09 12:30:00-04:00,196.6,200.38,200.43,200.38,201.39,9.4,7,1h+4h,1.193,False,nofill,0.0
2024-05-09 13:30:00-04:00,196.86,200.38,200.43,200.38,201.37,9.4,7,1h+4h,1.111,False,nofill,0.0
2024-05-09 14:30:00-04:00,197.14,200.38,200.43,200.38,201.33,9.4,7,1h+4h,1.022,False,nofill,0.0
2024-05-09 15:30:00-04:00,197.53,200.38,200.42,200.38,201.3,9.4,7,1h+4h,0.899,False,nofill,0.0
2024-05-10 09:30:00-04:00,199.02,200.38,200.43,200.38,201.37,9.4,7,1h+4h,0.443,False,nofill,0.0
2024-05-10 10:30:00-04:00,198.68,200.38,200.43,200.38,201.38,9.4,7,1h+4h,0.554,False,nofill,0.0
2024-05-10 11:30:00-04:00,198.94,200.38,200.43,200.38,201.36,9.4,7,1h+4h,0.469,False,nofill,0.0
2024-05-10 12:30:00-04:00,198.67,200.38,200.42,200.38,201.32,9.4,7,1h+4h,0.557,False,nofill,0.0
2024-05-10 13:30:00-04:00,198.91,200.38,200.42,200.38,201.29,9.4,7,1h+4h,0.479,False,nofill,0.0
2024-05-10 14:30:00-04:00,199.02,200.38,200.42,200.38,201.25,9.4,7,1h+4h,0.443,False,nofill,0.0
2024-05-10 15:30:00-04:00,198.75,200.38,200.42,200.38,201.22,9.4,7,1h+4h,0.531,False,nofill,0.0
2024-05-13 09:30:00-04:00,198.87,200.38,200.42,200.38,201.25,9.4,7,1h+4h,0.508,False,nofill,0.0
2024-05-13 10:30:00-04:00,198.92,200.38,200.42,200.38,201.25,9.4,7,1h+4h,0.491,False,nofill,0.0
2024-05-13 11:30:00-04:00,199.1,200.38,200.42,200.38,201.23,9.4,7,1h+4h,0.431,False,nofill,0.0
2024-05-13 12:30:00-04:00,198.78,200.38,200.42,200.38,201.21,10.4,8,1h+4h,0.538,False,nofill,0.0
2024-05-13 13:30:00-04:00,198.76,200.38,200.42,200.38,201.17,10.4,8,1h+4h,0.545,False,nofill,0.0
2024-05-13 14:30:00-04:00,198.87,200.38,200.42,200.38,201.14,10.4,8,1h+4h,0.508,True,scratch,-0.07793742427271155
2024-05-13 15:30:00-04:00,198.68,200.38,200.42,200.38,201.14,10.4,8,1h+4h,0.572,True,scratch,-0.07811523187080116
2024-05-14 09:30:00-04:00,199.35,200.38,200.42,200.38,201.2,10.4,8,1h+4h,0.344,True,scratch,-0.07940210790741142
2024-05-14 10:30:00-04:00,200.29,200.48,200.52,200.48,201.34,7.6,6,1h+4h,0.063,True,scratch,-0.08047107734201475
2024-05-14 11:30:00-04:00,200.44,200.94,200.98,200.94,201.78,6.6,5,1h+4h,0.167,True,scratch,-0.07997320138469766
2024-05-14 12:30:00-04:00,200.11,200.38,200.42,200.38,201.2,10.4,8,1h+4h,0.09,True,target,0.32941576728386934
2024-05-14 13:30:00-04:00,200.33,200.48,200.52,200.48,201.27,7.6,6,1h+4h,0.051,True,target,0.31495217347312643
2024-05-15 11:30:00-04:00,200.29,200.48,200.52,200.48,201.34,7.6,6,1h+4h,0.064,True,scratch,-0.08034212152522313
2024-05-15 12:30:00-04:00,200.45,200.94,200.98,200.94,201.78,6.6,5,1h+4h,0.165,True,target,0.33613144093682656
2024-05-15 13:30:00-04:00,200.3,200.48,200.52,200.48,201.31,7.6,6,1h+4h,0.06,True,target,0.33395825936417545
2024-05-15 14:30:00-04:00,200.71,200.94,200.98,200.94,201.76,6.6,5,1h+4h,0.078,True,target,0.3294911657842903
2024-05-20 12:30:00-04:00,199.34,199.68,199.74,199.68,200.98,11.6,10,1h+4h,0.1,False,nofill,0.0
2024-05-20 13:30:00-04:00,197.22,199.78,199.85,199.78,201.18,11.6,10,1h+4h,0.751,False,nofill,0.0
2024-05-20 14:30:00-04:00,196.13,199.78,199.85,199.78,201.2,11.6,10,1h+4h,1.071,False,nofill,0.0
2024-05-20 15:30:00-04:00,195.69,199.78,199.85,199.78,201.19,11.6,10,1h+4h,1.2,False,nofill,0.0
2024-05-21 09:30:00-04:00,198.72,199.68,199.76,199.68,201.27,11.6,10,1h+4h,0.279,False,nofill,0.0
2024-05-21 10:30:00-04:00,198.26,199.68,199.75,199.68,201.24,11.6,10,1h+4h,0.41,False,nofill,0.0
2024-05-21 11:30:00-04:00,197.64,199.68,199.75,199.68,201.19,11.6,10,1h+4h,0.59,False,nofill,0.0
2024-05-21 12:30:00-04:00,197.86,199.68,199.75,199.68,201.12,11.6,10,1h+4h,0.526,True,scratch,-0.0943193932778863
2024-05-21 13:30:00-04:00,198.4,199.68,199.75,199.68,201.08,11.6,10,1h+4h,0.37,True,scratch,-0.09326084876123408
2024-05-21 14:30:00-04:00,199.39,199.68,199.75,199.68,201.05,11.6,10,1h+4h,0.084,True,scratch,-0.09265338344046636
2024-05-21 15:30:00-04:00,199.57,199.77,199.83,199.77,201.09,11.6,10,1h+4h,0.058,True,scratch,-0.0913245476268032
2024-05-22 09:30:00-04:00,200.46,200.94,201.01,200.94,202.31,6.6,5,1h+4h,0.138,False,nofill,0.0
2024-05-22 10:30:00-04:00,198.85,199.68,199.75,199.68,201.11,11.6,10,1h+4h,0.242,True,scratch,-0.09394647361006259
2024-05-22 11:30:00-04:00,199.19,199.68,199.75,199.68,201.07,11.6,10,1h+4h,0.143,True,scratch,-0.09300387515344122
2024-05-22 12:30:00-04:00,199.39,199.68,199.74,199.68,201.02,11.6,10,1h+4h,0.084,False,nofill,0.0
2024-05-22 13:30:00-04:00,198.41,200.38,200.44,200.38,201.72,12.4,10,1h+4h,0.574,False,nofill,0.0
2024-05-22 14:30:00-04:00,197.87,200.38,200.44,200.38,201.69,12.4,10,1h+4h,0.731,False,nofill,0.0
2024-05-22 15:30:00-04:00,198.34,200.38,200.44,200.38,201.68,12.4,10,1h+4h,0.594,False,nofill,0.0
2024-05-23 09:30:00-04:00,197.13,200.48,200.54,200.48,201.8,12.4,10,1h+4h,1.003,False,nofill,0.0
2024-05-23 10:30:00-04:00,197.8,200.48,200.54,200.48,201.78,12.4,10,1h+4h,0.802,False,nofill,0.0
2024-05-23 11:30:00-04:00,197.93,200.38,200.44,200.38,201.63,12.4,10,1h+4h,0.734,False,nofill,0.0
2024-05-23 12:30:00-04:00,197.41,200.48,200.54,200.48,201.7,12.4,10,1h+4h,0.919,False,nofill,0.0
2024-05-23 13:30:00-04:00,196.4,200.48,200.54,200.48,201.72,14.2,11,1h+4h,1.219,False,nofill,0.0
2024-05-23 14:30:00-04:00,196.92,200.48,200.54,200.48,201.69,14.2,11,1h+4h,1.065,False,nofill,0.0
2024-05-23 15:30:00-04:00,197.03,200.48,200.53,200.48,201.63,14.2,11,1h+4h,1.032,False,nofill,0.0
2024-05-24 09:30:00-04:00,199.25,200.38,200.44,200.38,201.63,14.2,11,1h+4h,0.337,False,nofill,0.0
2024-05-24 10:30:00-04:00,199.76,200.38,200.44,200.38,201.59,14.2,11,1h+4h,0.184,False,nofill,0.0
2024-05-24 11:30:00-04:00,199.9,200.38,200.44,200.38,201.58,14.2,11,1h+4h,0.143,False,nofill,0.0
2024-05-24 12:30:00-04:00,200.06,200.38,200.43,200.38,201.53,14.2,11,1h+4h,0.095,True,scratch,-0.08739992435999877
2024-05-24 13:30:00-04:00,200.09,200.38,200.43,200.38,201.48,14.2,11,1h+4h,0.086,True,scratch,-0.08615413595135513
2024-05-24 14:30:00-04:00,200.24,200.48,200.53,200.48,201.53,14.2,11,1h+4h,0.071,True,scratch,-0.0849314456137229
2024-05-24 15:30:00-04:00,200.71,200.94,200.98,200.94,201.95,9.4,7,1h+4h,0.067,False,nofill,0.0
2024-05-28 09:30:00-04:00,198.92,200.38,200.43,200.38,201.48,14.2,11,1h+4h,0.447,False,nofill,0.0
2024-05-28 10:30:00-04:00,199.76,200.38,200.43,200.38,201.5,14.2,11,1h+4h,0.19,False,nofill,0.0
2024-05-28 11:30:00-04:00,200.25,200.48,200.53,200.48,201.57,15.2,12,1h+4h,0.07,False,nofill,0.0
2024-05-28 12:30:00-04:00,199.71,200.38,200.43,200.38,201.44,15.2,12,1h+4h,0.205,False,nofill,0.0
2024-05-28 13:30:00-04:00,199.42,200.38,200.43,200.38,201.41,15.2,12,1h+4h,0.294,False,nofill,0.0
2024-05-28 14:30:00-04:00,199.28,200.38,200.43,200.38,201.38,15.2,12,1h+4h,0.337,False,nofill,0.0
2024-05-28 15:30:00-04:00,199.5,200.38,200.43,200.38,201.34,15.2,12,1h+4h,0.27,False,nofill,0.0
2024-05-29 09:30:00-04:00,198.55,200.38,200.43,200.38,201.47,17.0,13,1h+4h,0.57,False,nofill,0.0
2024-05-29 10:30:00-04:00,197.85,200.48,200.53,200.48,201.56,17.0,13,1h+4h,0.82,False,nofill,0.0
2024-05-29 11:30:00-04:00,197.69,200.48,200.53,200.48,201.53,17.0,13,1h+4h,0.869,False,nofill,0.0
2024-05-29 12:30:00-04:00,198.32,200.38,200.43,200.38,201.42,17.0,13,1h+4h,0.642,False,nofill,0.0
2024-05-29 13:30:00-04:00,198.37,200.38,200.43,200.38,201.37,17.0,13,1h+4h,0.626,False,nofill,0.0
2024-05-29 14:30:00-04:00,198.66,200.38,200.43,200.38,201.33,17.0,13,1h+4h,0.536,False,nofill,0.0
2024-05-29 15:30:00-04:00,198.18,200.38,200.43,200.38,201.34,17.0,13,1h+4h,0.686,False,nofill,0.0
2024-05-30 09:30:00-04:00,199.56,200.38,200.43,200.38,201.4,17.0,13,1h+4h,0.265,False,nofill,0.0
2024-05-30 10:30:00-04:00,199.75,200.38,200.43,200.38,201.38,17.0,13,1h+4h,0.203,False,nofill,0.0
2024-05-30 11:30:00-04:00,198.58,200.38,200.43,200.38,201.41,17.0,13,1h+4h,0.581,False,nofill,0.0
2024-05-30 12:30:00-04:00,199.38,200.38,200.43,200.38,201.42,17.0,13,1h+4h,0.324,False,nofill,0.0
2024-05-30 13:30:00-04:00,199.6,200.38,200.43,200.38,201.38,17.0,13,1h+4h,0.252,False,nofill,0.0
2024-05-30 14:30:00-04:00,199.69,200.38,200.43,200.38,201.34,18.0,14,1h+4h,0.223,False,nofill,0.0
2024-05-30 15:30:00-04:00,199.33,200.38,200.43,200.38,201.35,18.0,14,1h+4h,0.339,False,nofill,0.0
2024-05-31 09:30:00-04:00,198.61,200.38,200.43,200.38,201.41,18.0,14,1h+4h,0.551,False,nofill,0.0
2024-05-31 10:30:00-04:00,199.71,200.38,200.43,200.38,201.43,18.0,14,1h+4h,0.208,True,target,0.4396415781057428
2024-05-31 11:30:00-04:00,199.28,200.38,200.43,200.38,201.43,18.0,14,1h+4h,0.344,True,target,0.43779009774809197
2024-05-31 12:30:00-04:00,199.81,200.38,200.43,200.38,201.4,18.0,14,1h+4h,0.177,True,target,0.4247298112815212
2024-06-03 10:30:00-04:00,200.61,200.94,200.99,200.94,202.15,12.2,9,1h+4h,0.101,False,nofill,0.0
2024-06-03 11:30:00-04:00,199.4,200.38,200.44,200.38,201.61,18.0,14,1h+4h,0.304,True,target,0.525937057661019
2024-06-03 12:30:00-04:00,200.04,200.38,200.44,200.38,201.59,18.0,14,1h+4h,0.106,True,target,0.5164266167252851
2024-06-03 13:30:00-04:00,200.44,200.76,200.82,200.76,201.93,13.2,10,1h+4h,0.099,True,scratch,-0.08763551076321763
2024-06-04 10:30:00-04:00,199.06,200.41,200.47,200.41,201.72,18.0,14,1h+4h,0.416,False,nofill,0.0
2024-06-04 11:30:00-04:00,199.0,200.41,200.47,200.41,201.69,18.0,14,1h+4h,0.435,False,nofill,0.0
2024-06-04 12:30:00-04:00,199.31,200.48,200.54,200.48,201.73,18.0,14,1h+4h,0.361,False,nofill,0.0
2024-06-04 13:30:00-04:00,199.3,200.48,200.54,200.48,201.68,18.0,14,1h+4h,0.364,False,nofill,0.0
2024-06-04 14:30:00-04:00,199.01,200.41,200.47,200.41,201.59,18.0,14,1h+4h,0.432,False,nofill,0.0
2024-06-04 15:30:00-04:00,199.15,200.48,200.53,200.48,201.61,18.0,14,1h+4h,0.41,False,nofill,0.0
2024-06-05 09:30:00-04:00,198.19,200.48,200.54,200.48,201.68,18.0,14,1h+4h,0.714,False,nofill,0.0
2024-06-05 10:30:00-04:00,198.04,200.48,200.54,200.48,201.65,18.0,14,1h+4h,0.761,False,nofill,0.0
2024-06-05 11:30:00-04:00,197.26,200.38,200.44,200.38,201.54,18.0,14,1h+4h,0.973,False,nofill,0.0
2024-06-05 12:30:00-04:00,197.6,200.41,200.46,200.41,201.53,19.0,15,1h+4h,0.876,False,nofill,0.0
2024-06-05 13:30:00-04:00,197.55,200.41,200.46,200.41,201.48,19.0,15,1h+4h,0.892,False,nofill,0.0
2024-06-05 14:30:00-04:00,197.2,200.48,200.53,200.48,201.53,19.0,15,1h+4h,1.023,False,nofill,0.0
2024-06-05 15:30:00-04:00,197.26,200.38,200.43,200.38,201.39,19.0,15,1h+4h,0.973,False,nofill,0.0
2024-06-06 09:30:00-04:00,197.94,200.41,200.46,200.41,201.43,19.0,15,1h+4h,0.781,False,nofill,0.0
2024-06-06 10:30:00-04:00,196.94,200.41,200.46,200.41,201.45,19.0,15,1h+4h,1.097,False,nofill,0.0
2024-06-06 11:30:00-04:00,195.58,200.41,200.46,200.41,201.49,19.0,15,1h+4h,1.528,False,nofill,0.0
2024-06-06 12:30:00-04:00,196.45,200.38,200.43,200.38,201.47,19.0,15,1h+4h,1.243,False,nofill,0.0
2024-06-06 13:30:00-04:00,196.73,200.41,200.46,200.41,201.55,19.0,15,1h+4h,1.164,False,nofill,0.0
2024-06-06 14:30:00-04:00,197.33,200.38,200.43,200.38,201.5,19.0,15,1h+4h,0.965,False,nofill,0.0
2024-06-06 15:30:00-04:00,196.95,200.41,200.46,200.41,201.5,19.0,15,1h+4h,1.094,True,scratch,-0.08590030748307775
2024-06-07 09:30:00-04:00,199.87,200.38,200.44,200.38,201.62,19.0,15,1h+4h,0.158,True,scratch,-0.08934038106978015
2024-06-07 10:30:00-04:00,200.17,200.38,200.44,200.38,201.59,19.0,15,1h+4h,0.065,True,scratch,-0.08872154273047439
2024-06-07 11:30:00-04:00,200.61,200.94,200.99,200.94,202.11,12.2,9,1h+4h,0.101,False,nofill,0.0
2024-06-07 12:30:00-04:00,200.66,200.94,200.99,200.94,202.07,12.2,9,1h+4h,0.086,False,nofill,0.0
2024-06-07 13:30:00-04:00,200.3,200.48,200.53,200.48,201.62,19.0,15,1h+4h,0.056,True,scratch,-0.08706814008689889
2024-06-07 14:30:00-04:00,200.09,200.38,200.43,200.38,201.5,19.0,15,1h+4h,0.09,True,scratch,-0.08665973670429761
2024-06-07 15:30:00-04:00,199.95,200.38,200.43,200.38,201.45,20.0,16,1h+4h,0.134,True,scratch,-0.08541339152376981
2024-06-10 09:30:00-04:00,199.89,200.38,200.44,200.38,201.55,20.0,16,1h+4h,0.156,False,nofill,0.0
2024-06-10 10:30:00-04:00,199.3,200.38,200.44,200.38,201.58,20.0,16,1h+4h,0.344,False,nofill,0.0
2024-06-10 11:30:00-04:00,199.62,200.38,200.44,200.38,201.58,20.0,16,1h+4h,0.242,False,nofill,0.0
2024-06-10 12:30:00-04:00,199.32,200.38,200.44,200.38,201.56,21.0,17,1h+4h,0.337,False,nofill,0.0
2024-06-10 13:30:00-04:00,199.66,200.38,200.43,200.38,201.52,22.8,18,1h+4h,0.229,False,nofill,0.0
2024-06-10 14:30:00-04:00,199.61,200.38,200.43,200.38,201.47,22.8,18,1h+4h,0.245,False,nofill,0.0
2024-06-10 15:30:00-04:00,199.6,200.38,200.43,200.38,201.44,22.8,18,1h+4h,0.248,False,nofill,0.0
2024-06-11 09:30:00-04:00,194.39,200.38,200.45,200.38,201.81,22.8,18,1h+4h,1.799,False,nofill,0.0
2024-06-11 10:30:00-04:00,195.25,200.48,200.55,200.48,201.94,22.8,18,1h+4h,1.571,False,nofill,0.0
2024-06-11 11:30:00-04:00,194.45,200.48,200.55,200.48,201.91,22.8,18,1h+4h,1.811,False,nofill,0.0
2024-06-11 12:30:00-04:00,194.24,200.48,200.55,200.48,201.86,22.8,18,1h+4h,1.874,False,nofill,0.0
2024-06-11 13:30:00-04:00,194.78,200.48,200.54,200.48,201.82,22.8,18,1h+4h,1.712,False,nofill,0.0
2024-06-11 14:30:00-04:00,194.58,200.48,200.54,200.48,201.77,22.8,18,1h+4h,1.772,False,nofill,0.0
2024-06-11 15:30:00-04:00,194.4,200.48,200.54,200.48,201.72,22.8,18,1h+4h,1.826,False,nofill,0.0
2024-06-12 09:30:00-04:00,192.82,194.87,194.94,194.87,196.33,21.0,15,1d+1h+4h,0.594,False,nofill,0.0
2024-06-12 10:30:00-04:00,192.62,194.56,194.63,194.56,196.02,21.0,15,1d+1h+4h,0.562,False,nofill,0.0
2024-06-12 11:30:00-04:00,192.97,194.87,194.94,194.87,196.29,21.0,15,1d+1h+4h,0.549,False,nofill,0.0
2024-06-12 12:30:00-04:00,193.16,200.07,200.14,200.07,201.44,22.0,18,1h+4h,1.996,False,nofill,0.0
2024-06-12 13:30:00-04:00,192.77,194.87,194.93,194.87,196.22,21.0,15,1d+1h+4h,0.607,False,nofill,0.0
2024-06-12 14:30:00-04:00,191.52,194.56,194.63,194.56,195.94,21.0,15,1d+1h+4h,0.879,False,nofill,0.0
2024-06-12 15:30:00-04:00,191.53,194.56,194.62,194.56,195.9,21.0,15,1d+1h+4h,0.876,False,nofill,0.0
2024-06-13 09:30:00-04:00,192.6,194.87,194.94,194.87,196.27,21.0,15,1d+1h+4h,0.655,False,nofill,0.0
2024-06-13 10:30:00-04:00,192.71,194.56,194.63,194.56,195.93,21.0,15,1d+1h+4h,0.534,False,nofill,0.0
2024-06-13 11:30:00-04:00,192.57,194.87,194.93,194.87,196.18,21.0,15,1d+1h+4h,0.664,False,nofill,0.0
2024-06-13 12:30:00-04:00,193.93,200.38,200.44,200.38,201.73,22.8,18,1h+4h,1.861,False,nofill,0.0
2024-06-13 13:30:00-04:00,193.92,200.38,200.44,200.38,201.67,22.8,18,1h+4h,1.864,False,nofill,0.0
2024-06-13 14:30:00-04:00,194.05,200.38,200.44,200.38,201.63,22.8,18,1h+4h,1.827,False,nofill,0.0
2024-06-13 15:30:00-04:00,193.6,200.48,200.54,200.48,201.69,22.8,18,1h+4h,1.985,False,nofill,0.0
2024-06-14 09:30:00-04:00,192.04,194.56,194.62,194.56,195.85,21.0,15,1d+1h+4h,0.73,True,scratch,-0.09156528361927707
2024-06-14 10:30:00-04:00,194.6,200.48,200.55,200.48,201.88,22.8,18,1h+4h,1.703,False,nofill,0.0
2024-06-14 11:30:00-04:00,193.57,200.41,200.48,200.41,201.82,22.8,18,1h+4h,1.981,False,nofill,0.0
2024-06-14 12:30:00-04:00,193.84,200.48,200.55,200.48,201.85,22.8,18,1h+4h,1.922,False,nofill,0.0
2024-06-14 13:30:00-04:00,193.26,194.56,194.62,194.56,195.91,21.0,15,1d+1h+4h,0.375,False,nofill,0.0
2024-06-14 14:30:00-04:00,193.63,200.48,200.54,200.48,201.77,22.8,18,1h+4h,1.984,False,nofill,0.0
2024-06-14 15:30:00-04:00,193.78,200.48,200.54,200.48,201.71,22.8,18,1h+4h,1.94,False,nofill,0.0
2024-06-17 09:30:00-04:00,194.16,200.38,200.44,200.38,201.65,22.8,18,1h+4h,1.826,False,nofill,0.0
2024-06-17 10:30:00-04:00,194.58,200.38,200.44,200.38,201.66,22.8,18,1h+4h,1.703,False,nofill,0.0
2024-06-17 11:30:00-04:00,195.21,200.41,200.47,200.41,201.69,22.8,18,1h+4h,1.527,False,nofill,0.0
2024-06-17 12:30:00-04:00,194.96,200.48,200.54,200.48,201.73,22.8,18,1h+4h,1.621,False,nofill,0.0
2024-06-17 13:30:00-04:00,195.35,200.38,200.44,200.38,201.59,22.8,18,1h+4h,1.477,False,nofill,0.0
2024-06-17 14:30:00-04:00,195.24,200.38,200.44,200.38,201.55,22.8,18,1h+4h,1.509,False,nofill,0.0
2024-06-17 15:30:00-04:00,194.99,200.48,200.54,200.48,201.64,22.8,18,1h+4h,1.612,False,nofill,0.0
2024-06-18 09:30:00-04:00,196.53,200.41,200.48,200.41,201.78,22.8,18,1h+4h,1.133,False,nofill,0.0
2024-06-18 10:30:00-04:00,196.76,200.48,200.54,200.48,201.81,22.8,18,1h+4h,1.087,False,nofill,0.0
2024-06-18 11:30:00-04:00,196.55,200.38,200.44,200.38,201.67,22.8,18,1h+4h,1.119,False,nofill,0.0
2024-06-18 12:30:00-04:00,195.98,200.41,200.47,200.41,201.69,22.8,18,1h+4h,1.294,False,nofill,0.0
2024-06-18 13:30:00-04:00,196.81,200.48,200.54,200.48,201.75,22.8,18,1h+4h,1.072,False,nofill,0.0
2024-06-18 14:30:00-04:00,196.88,200.48,200.54,200.48,201.71,22.8,18,1h+4h,1.051,False,nofill,0.0
2024-06-18 15:30:00-04:00,197.06,200.38,200.44,200.38,201.57,22.8,18,1h+4h,0.968,False,nofill,0.0
2024-06-20 09:30:00-04:00,197.17,200.38,200.44,200.38,201.61,22.8,18,1h+4h,0.942,False,nofill,0.0
2024-06-20 10:30:00-04:00,196.82,200.48,200.54,200.48,201.71,22.8,18,1h+4h,1.074,False,nofill,0.0
2024-06-20 11:30:00-04:00,196.99,200.48,200.54,200.48,201.68,22.8,18,1h+4h,1.024,False,nofill,0.0
2024-06-20 12:30:00-04:00,197.9,200.48,200.54,200.48,201.67,22.8,18,1h+4h,0.757,False,nofill,0.0
2024-06-20 13:30:00-04:00,199.15,200.38,200.44,200.38,201.58,22.8,18,1h+4h,0.361,False,nofill,0.0
2024-06-20 14:30:00-04:00,198.41,200.38,200.44,200.38,201.59,22.8,18,1h+4h,0.578,False,nofill,0.0
2024-06-20 15:30:00-04:00,198.64,200.38,200.44,200.38,201.57,22.8,18,1h+4h,0.511,False,nofill,0.0
2024-06-21 09:30:00-04:00,196.21,200.41,200.48,200.41,201.84,22.8,18,1h+4h,1.211,False,nofill,0.0
2024-06-21 10:30:00-04:00,194.99,200.07,200.14,200.07,201.51,23.0,19,1h+4h,1.465,False,nofill,0.0
2024-06-21 11:30:00-04:00,195.19,200.07,200.14,200.07,201.5,23.0,19,1h+4h,1.408,False,nofill,0.0
2024-06-21 12:30:00-04:00,196.16,200.07,200.14,200.07,201.49,23.0,19,1h+4h,1.128,False,nofill,0.0
2024-06-21 13:30:00-04:00,196.3,200.07,200.14,200.07,201.44,23.0,19,1h+4h,1.087,False,nofill,0.0
2024-06-21 14:30:00-04:00,195.94,200.07,200.13,200.07,201.38,23.0,19,1h+4h,1.191,False,nofill,0.0
2024-06-21 15:30:00-04:00,196.45,200.07,200.13,200.07,201.37,23.0,19,1h+4h,1.044,False,nofill,0.0
2024-06-24 09:30:00-04:00,198.52,200.38,200.45,200.38,201.77,22.8,18,1h+4h,0.543,False,nofill,0.0
2024-06-24 10:30:00-04:00,198.38,200.48,200.54,200.48,201.84,22.8,18,1h+4h,0.614,False,nofill,0.0
2024-06-24 11:30:00-04:00,198.47,200.48,200.54,200.48,201.8,22.8,18,1h+4h,0.588,False,nofill,0.0
2024-06-24 12:30:00-04:00,198.47,200.48,200.54,200.48,201.75,22.8,18,1h+4h,0.588,False,nofill,0.0
2024-06-24 13:30:00-04:00,198.29,200.41,200.47,200.41,201.63,22.8,18,1h+4h,0.62,False,nofill,0.0
2024-06-24 14:30:00-04:00,198.67,200.48,200.54,200.48,201.67,22.8,18,1h+4h,0.529,False,nofill,0.0
2024-06-24 15:30:00-04:00,198.87,200.41,200.47,200.41,201.57,22.8,18,1h+4h,0.45,False,nofill,0.0
2024-06-25 09:30:00-04:00,199.33,200.38,200.44,200.38,201.62,22.8,18,1h+4h,0.315,False,nofill,0.0
2024-06-25 10:30:00-04:00,198.69,200.48,200.54,200.48,201.71,22.8,18,1h+4h,0.537,False,nofill,0.0
2024-06-25 11:30:00-04:00,198.06,200.48,200.54,200.48,201.68,22.8,18,1h+4h,0.726,False,nofill,0.0
2024-06-25 12:30:00-04:00,198.94,200.41,200.47,200.41,201.63,23.8,19,1h+4h,0.442,False,nofill,0.0
2024-06-25 13:30:00-04:00,198.7,200.48,200.54,200.48,201.67,23.8,19,1h+4h,0.534,False,nofill,0.0
2024-06-25 14:30:00-04:00,198.32,200.41,200.47,200.41,201.57,23.8,19,1h+4h,0.627,False,nofill,0.0
2024-06-25 15:30:00-04:00,198.09,200.48,200.53,200.48,201.6,23.8,19,1h+4h,0.717,False,nofill,0.0
2024-06-26 09:30:00-04:00,196.72,200.38,200.44,200.38,201.56,23.8,19,1h+4h,1.138,False,nofill,0.0
2024-06-26 10:30:00-04:00,196.82,200.48,200.53,200.48,201.63,23.8,19,1h+4h,1.138,False,nofill,0.0
2024-06-26 11:30:00-04:00,197.23,200.41,200.46,200.41,201.53,23.8,19,1h+4h,0.988,False,nofill,0.0
2024-06-26 12:30:00-04:00,197.02,200.38,200.43,200.38,201.45,23.8,19,1h+4h,1.044,False,nofill,0.0
2024-06-26 13:30:00-04:00,196.9,200.48,200.53,200.48,201.51,25.6,20,1h+4h,1.113,False,nofill,0.0
2024-06-26 14:30:00-04:00,197.59,200.38,200.43,200.38,201.39,25.6,20,1h+4h,0.867,False,nofill,0.0
2024-06-26 15:30:00-04:00,197.42,200.41,200.46,200.41,201.41,25.6,20,1h+4h,0.929,False,nofill,0.0
2024-06-27 09:30:00-04:00,199.2,200.38,200.43,200.38,201.49,25.6,20,1h+4h,0.37,False,nofill,0.0
2024-06-27 10:30:00-04:00,199.42,200.38,200.43,200.38,201.48,25.6,20,1h+4h,0.301,False,nofill,0.0
2024-06-27 11:30:00-04:00,199.24,200.38,200.43,200.38,201.46,25.6,20,1h+4h,0.357,False,nofill,0.0
2024-06-27 12:30:00-04:00,199.41,200.38,200.43,200.38,201.43,25.6,20,1h+4h,0.304,False,nofill,0.0
2024-06-27 13:30:00-04:00,198.16,200.41,200.46,200.41,201.48,25.6,20,1h+4h,0.705,True,target,0.44892410322570075
2024-06-27 14:30:00-04:00,198.87,200.38,200.43,200.38,201.44,26.6,21,1h+4h,0.473,True,target,0.44327568894828584
2024-06-27 15:30:00-04:00,199.2,200.38,200.43,200.38,201.41,26.6,21,1h+4h,0.37,True,target,0.4308384615676397
2024-07-12 09:30:00-04:00,202.52,203.97,204.03,203.97,205.33,8.6,7,1h+4h,0.435,True,target,0.5755980889543766
2024-07-24 14:30:00-04:00,208.93,209.55,209.61,209.55,210.83,11.6,8,1d+1h+4h,0.168,True,scratch,-0.08905306071631536
2024-07-24 15:30:00-04:00,208.7,208.92,208.98,208.92,210.19,12.6,9,1d+1h+4h,0.06,True,scratch,-0.0888513643195421
2024-07-25 09:30:00-04:00,208.82,209.55,209.61,209.55,210.85,11.6,8,1d+1h+4h,0.204,True,scratch,-0.08945003331736201
2024-07-25 10:30:00-04:00,209.04,209.55,209.61,209.55,210.86,11.6,8,1d+1h+4h,0.143,True,scratch,-0.08970348770585002
2024-07-25 11:30:00-04:00,209.42,209.76,209.82,209.76,211.09,8.6,7,1h+4h,0.095,True,scratch,-0.09005340452644672
2024-07-25 12:30:00-04:00,209.35,209.55,209.61,209.55,210.85,11.6,8,1d+1h+4h,0.056,True,scratch,-0.08955123719592839
2024-07-25 13:30:00-04:00,208.86,209.55,209.61,209.55,210.82,11.6,8,1d+1h+4h,0.193,True,scratch,-0.08892945503323757
2024-07-25 15:30:00-04:00,208.7,208.92,208.98,208.92,210.21,12.6,9,1d+1h+4h,0.061,True,target,0.526700032715377
2024-07-29 09:30:00-04:00,210.86,212.35,212.42,212.35,213.75,6.8,6,1h+4h,0.414,False,nofill,0.0
2024-07-29 10:30:00-04:00,211.21,212.35,212.42,212.35,213.73,6.8,6,1h+4h,0.318,False,nofill,0.0
2024-07-29 11:30:00-04:00,210.78,212.35,212.41,212.35,213.7,6.8,6,1h+4h,0.438,False,nofill,0.0
2024-07-29 12:30:00-04:00,210.96,212.35,212.41,212.35,213.66,6.8,6,1h+4h,0.388,False,nofill,0.0
2024-07-29 13:30:00-04:00,211.02,212.35,212.41,212.35,213.61,6.8,6,1h+4h,0.37,True,target,0.5040988860739892
2024-07-29 14:30:00-04:00,210.83,212.35,212.41,212.35,213.56,6.8,6,1h+4h,0.424,True,target,0.4805536715664527
2024-07-29 15:30:00-04:00,210.85,212.35,212.41,212.35,213.52,6.8,6,1h+4h,0.419,True,target,0.4654734911326175
2024-08-01 09:30:00-04:00,210.64,212.35,212.42,212.35,213.91,7.8,7,1h+4h,0.437,False,nofill,0.0
2024-08-01 10:30:00-04:00,208.41,208.79,208.87,208.79,210.43,14.4,10,1d+1h+4h,0.097,True,scratch,-0.09751993071076548
2024-08-01 11:30:00-04:00,208.53,208.79,208.86,208.79,210.39,14.4,10,1d+1h+4h,0.066,False,nofill,0.0
2024-08-01 12:30:00-04:00,207.78,208.79,208.86,208.79,210.36,14.4,10,1d+1h+4h,0.259,False,nofill,0.0
2024-08-01 13:30:00-04:00,207.22,208.79,208.86,208.79,210.33,14.4,10,1d+1h+4h,0.401,False,nofill,0.0
2024-08-01 14:30:00-04:00,206.93,208.79,208.86,208.79,210.29,14.4,10,1d+1h+4h,0.475,False,nofill,0.0
2024-08-01 15:30:00-04:00,207.82,208.79,208.86,208.79,210.26,14.4,10,1d+1h+4h,0.248,False,nofill,0.0
2024-08-02 09:30:00-04:00,200.6,200.84,200.93,200.84,202.76,26.8,20,1d+1h+4h,0.055,True,scratch,-0.10547141210379696
2024-08-02 10:30:00-04:00,198.5,200.41,200.51,200.41,202.41,34.6,25,1d+1h+4h,0.436,False,nofill,0.0
2024-08-02 11:30:00-04:00,198.94,200.41,200.51,200.41,202.43,34.6,25,1d+1h+4h,0.335,False,nofill,0.0
2024-08-02 12:30:00-04:00,198.67,200.41,200.5,200.41,202.4,34.6,25,1d+1h+4h,0.396,False,nofill,0.0
2024-08-02 13:30:00-04:00,197.72,200.41,200.5,200.41,202.39,34.6,25,1d+1h+4h,0.613,False,nofill,0.0
2024-08-02 14:30:00-04:00,198.09,200.41,200.5,200.41,202.32,34.6,25,1d+1h+4h,0.529,False,nofill,0.0
2024-08-02 15:30:00-04:00,199.12,200.41,200.5,200.41,202.31,34.6,25,1d+1h+4h,0.294,False,nofill,0.0
2024-08-05 09:30:00-04:00,193.74,200.38,200.49,200.38,202.76,34.6,25,1d+1h+4h,1.431,False,nofill,0.0
2024-08-05 10:30:00-04:00,194.6,200.38,200.49,200.38,202.7,34.6,25,1d+1h+4h,1.246,False,nofill,0.0
2024-08-05 11:30:00-04:00,195.2,200.41,200.52,200.41,202.7,34.6,25,1d+1h+4h,1.124,False,nofill,0.0
2024-08-05 12:30:00-04:00,195.65,200.38,200.48,200.38,202.58,34.6,25,1d+1h+4h,1.019,False,nofill,0.0
2024-08-05 13:30:00-04:00,195.65,200.38,200.48,200.38,202.5,34.6,25,1d+1h+4h,1.019,False,nofill,0.0
2024-08-05 14:30:00-04:00,194.72,200.48,200.58,200.48,202.54,34.6,25,1d+1h+4h,1.241,False,nofill,0.0
2024-08-05 15:30:00-04:00,194.91,200.38,200.47,200.38,202.36,34.6,25,1d+1h+4h,1.179,True,scratch,-0.10691263007973628
2024-08-06 09:30:00-04:00,198.33,200.48,200.58,200.48,202.68,34.6,25,1d+1h+4h,0.439,True,scratch,-0.11229119741194005
2024-08-06 10:30:00-04:00,198.5,200.48,200.58,200.48,202.68,34.6,25,1d+1h+4h,0.404,True,scratch,-0.11214936626218197
2024-08-06 11:30:00-04:00,200.29,200.76,200.87,200.76,202.98,32.6,23,1d+1h+4h,0.096,True,scratch,-0.11248504204354193
2024-08-06 12:30:00-04:00,201.18,201.98,202.08,201.98,204.14,21.0,15,1d+1h+4h,0.164,True,scratch,-0.11077510092470932
2024-08-06 13:30:00-04:00,201.67,201.98,202.08,201.98,204.05,21.0,15,1d+1h+4h,0.063,True,scratch,-0.10861529830662464
2024-08-06 14:30:00-04:00,201.85,202.1,202.2,202.1,204.12,19.0,13,1d+1h+4h,0.051,True,target,0.8917550711829314
2024-08-06 15:30:00-04:00,200.24,200.76,200.86,200.76,202.78,32.6,23,1d+1h+4h,0.106,True,target,0.8993289574618313
2024-08-07 09:30:00-04:00,203.68,208.79,208.9,208.79,211.08,17.4,11,1d+1h+4h,1.036,False,nofill,0.0
2024-08-07 10:30:00-04:00,203.18,208.79,208.9,208.79,211.08,17.4,11,1d+1h+4h,1.137,False,nofill,0.0
2024-08-07 11:30:00-04:00,202.52,208.79,208.9,208.79,211.06,17.4,11,1d+1h+4h,1.272,False,nofill,0.0
2024-08-07 12:30:00-04:00,202.0,208.79,208.89,208.79,211.01,17.4,11,1d+1h+4h,1.377,False,nofill,0.0
2024-08-07 13:30:00-04:00,201.26,201.98,202.08,201.98,204.18,21.0,15,1d+1h+4h,0.147,True,target,0.9774253507437214
2024-08-07 14:30:00-04:00,201.49,201.98,202.08,201.98,204.09,21.0,15,1d+1h+4h,0.099,True,target,0.9358442065356298
2024-08-07 15:30:00-04:00,200.43,200.76,200.86,200.76,202.85,32.6,23,1d+1h+4h,0.067,True,target,0.9327073630009286
2024-08-08 09:30:00-04:00,203.76,208.79,208.89,208.79,211.03,17.4,11,1d+1h+4h,1.028,False,nofill,0.0
2024-08-08 10:30:00-04:00,203.82,208.79,208.89,208.79,210.94,17.4,11,1d+1h+4h,1.017,False,nofill,0.0
2024-08-08 11:30:00-04:00,203.6,208.79,208.89,208.79,210.84,17.4,11,1d+1h+4h,1.061,False,nofill,0.0
2024-08-08 12:30:00-04:00,203.74,208.79,208.88,208.79,210.77,17.4,11,1d+1h+4h,1.033,False,nofill,0.0
2024-08-08 13:30:00-04:00,204.26,208.79,208.88,208.79,210.7,17.4,11,1d+1h+4h,0.927,False,nofill,0.0
2024-08-08 14:30:00-04:00,204.48,208.79,208.88,208.79,210.64,17.4,11,1d+1h+4h,0.882,False,nofill,0.0
2024-08-08 15:30:00-04:00,204.07,208.79,208.87,208.79,210.58,17.4,11,1d+1h+4h,0.966,False,nofill,0.0
2024-08-09 09:30:00-04:00,205.65,208.79,208.88,208.79,210.67,17.4,11,1d+1h+4h,0.656,False,nofill,0.0
2024-08-09 10:30:00-04:00,205.77,208.79,208.88,208.79,210.64,17.4,11,1d+1h+4h,0.631,False,nofill,0.0
2024-08-09 11:30:00-04:00,205.38,208.79,208.87,208.79,210.57,17.4,11,1d+1h+4h,0.713,False,nofill,0.0
2024-08-09 12:30:00-04:00,206.29,208.79,208.87,208.79,210.52,17.4,11,1d+1h+4h,0.522,False,nofill,0.0
2024-08-09 13:30:00-04:00,205.68,208.79,208.87,208.79,210.46,17.4,11,1d+1h+4h,0.651,False,nofill,0.0
2024-08-09 14:30:00-04:00,206.13,208.79,208.86,208.79,210.4,17.4,11,1d+1h+4h,0.556,False,nofill,0.0
2024-08-09 15:30:00-04:00,205.81,208.79,208.86,208.79,210.35,17.4,11,1d+1h+4h,0.623,False,nofill,0.0
2024-08-12 09:30:00-04:00,206.1,208.79,208.87,208.79,210.5,17.4,11,1d+1h+4h,0.574,False,nofill,0.0
2024-08-12 10:30:00-04:00,205.99,208.79,208.87,208.79,210.48,17.4,11,1d+1h+4h,0.598,False,nofill,0.0
2024-08-12 11:30:00-04:00,206.19,208.79,208.87,208.79,210.44,17.4,11,1d+1h+4h,0.555,False,nofill,0.0
2024-08-12 12:30:00-04:00,206.07,208.79,208.86,208.79,210.39,17.4,11,1d+1h+4h,0.581,False,nofill,0.0
2024-08-12 13:30:00-04:00,205.92,208.79,208.86,208.79,210.33,17.4,11,1d+1h+4h,0.613,False,nofill,0.0
2024-08-12 14:30:00-04:00,206.01,208.79,208.86,208.79,210.26,17.4,11,1d+1h+4h,0.594,False,nofill,0.0
2024-08-12 15:30:00-04:00,206.27,208.79,208.86,208.79,210.21,17.4,11,1d+1h+4h,0.538,False,nofill,0.0
2024-08-13 09:30:00-04:00,206.04,208.79,208.86,208.79,210.28,17.4,11,1d+1h+4h,0.607,False,nofill,0.0
2024-08-13 10:30:00-04:00,206.11,208.79,208.86,208.79,210.25,17.4,11,1d+1h+4h,0.591,False,nofill,0.0
2024-08-13 11:30:00-04:00,206.62,208.79,208.86,208.79,210.25,17.4,11,1d+1h+4h,0.479,False,nofill,0.0
2024-08-13 12:30:00-04:00,206.97,208.79,208.86,208.79,210.21,18.4,12,1d+1h+4h,0.401,False,nofill,0.0
2024-08-13 13:30:00-04:00,207.42,208.79,208.85,208.79,210.18,18.4,12,1d+1h+4h,0.302,True,scratch,-0.09175929681901618
2024-08-13 14:30:00-04:00,207.6,208.79,208.85,208.79,210.12,18.4,12,1d+1h+4h,0.262,True,scratch,-0.09037858365323892
2024-08-13 15:30:00-04:00,207.91,208.79,208.85,208.79,210.07,18.4,12,1d+1h+4h,0.194,True,scratch,-0.08928439715748526
2024-08-14 09:30:00-04:00,208.82,209.55,209.61,209.55,210.88,12.6,9,1d+1h+4h,0.164,True,scratch,-0.09020822521937921
2024-08-14 10:30:00-04:00,209.18,209.55,209.61,209.55,210.85,12.6,9,1d+1h+4h,0.083,True,scratch,-0.08958191054111442
2024-08-14 11:30:00-04:00,209.07,209.76,209.82,209.76,211.04,12.6,9,1d+1h+4h,0.155,True,scratch,-0.08897553404376701
2024-08-14 12:30:00-04:00,209.46,209.76,209.82,209.76,211.0,12.6,9,1d+1h+4h,0.067,True,scratch,-0.08812960610149467
2024-08-14 13:30:00-04:00,209.68,211.47,211.53,211.47,212.66,9.6,8,1h+4h,0.403,True,scratch,-0.08670052660225691
2024-08-14 14:30:00-04:00,210.32,211.47,211.53,211.47,212.66,9.6,8,1h+4h,0.259,True,scratch,-0.08663972978385504
2024-08-14 15:30:00-04:00,210.09,211.47,211.53,211.47,212.62,9.6,8,1h+4h,0.311,True,scratch,-0.08574824959926008
2024-08-15 09:30:00-04:00,211.87,212.17,212.23,212.17,213.52,7.8,7,1h+4h,0.068,True,scratch,-0.09021908048769678
2024-08-15 10:30:00-04:00,211.99,212.35,212.41,212.35,213.67,7.8,7,1h+4h,0.082,False,nofill,0.0
2024-08-15 11:30:00-04:00,211.98,212.35,212.41,212.35,213.64,7.8,7,1h+4h,0.084,False,nofill,0.0
2024-08-15 12:30:00-04:00,211.61,212.96,213.02,212.96,214.21,8.8,8,1h+4h,0.308,False,nofill,0.0
2024-08-15 13:30:00-04:00,211.78,212.96,213.02,212.96,214.16,8.8,8,1h+4h,0.269,True,scratch,-0.08684030722714287
2024-08-15 14:30:00-04:00,211.89,212.96,213.02,212.96,214.12,8.8,8,1h+4h,0.244,True,scratch,-0.08591069385487371
2024-08-15 15:30:00-04:00,211.58,212.96,213.01,212.96,214.11,8.8,8,1h+4h,0.315,True,scratch,-0.08576779479075869
2024-08-16 09:30:00-04:00,212.94,213.16,213.22,213.16,214.39,6.0,6,1h,0.052,True,target,0.48941729885367824
2024-09-06 10:30:00-04:00,213.87,215.53,215.61,215.53,217.29,9.6,6,1d+1h+4h,0.426,False,nofill,0.0
2024-09-06 11:30:00-04:00,212.36,212.96,213.05,212.96,214.75,11.6,10,1h+4h,0.154,True,scratch,-0.0998955061809581
2024-09-06 12:30:00-04:00,212.95,216.39,216.47,216.39,218.13,9.6,6,1d+1h+4h,0.883,False,nofill,0.0
2024-09-06 13:30:00-04:00,211.95,212.96,213.05,212.96,214.75,11.6,10,1h+4h,0.259,True,scratch,-0.09988883310177998
2024-09-06 14:30:00-04:00,212.74,212.96,213.04,212.96,214.73,11.6,10,1h+4h,0.057,True,target,0.73140847051818
2024-09-06 15:30:00-04:00,212.58,212.96,213.04,212.96,214.66,11.6,10,1h+4h,0.098,True,target,0.7016978645995708
2024-09-09 09:30:00-04:00,216.14,216.39,216.48,216.39,218.32,9.6,6,1d+1h+4h,0.062,True,scratch,-0.10245076126009778
2024-09-09 10:30:00-04:00,216.31,218.74,218.83,218.74,220.66,6.8,6,1h+4h,0.607,False,nofill,0.0
2024-09-09 11:30:00-04:00,217.62,218.74,218.83,218.74,220.65,6.8,6,1h+4h,0.281,False,nofill,0.0
2024-09-09 12:30:00-04:00,217.93,218.74,218.83,218.74,220.55,6.8,6,1h+4h,0.203,False,nofill,0.0
2024-09-09 13:30:00-04:00,217.23,218.74,218.82,218.74,220.49,6.8,6,1h+4h,0.377,False,nofill,0.0
2024-09-09 14:30:00-04:00,217.54,218.74,218.82,218.74,220.41,6.8,6,1h+4h,0.3,False,nofill,0.0
2024-09-09 15:30:00-04:00,216.83,218.74,218.82,218.74,220.39,7.8,7,1h+4h,0.477,False,nofill,0.0
2024-09-10 09:30:00-04:00,205.95,208.79,208.9,208.79,211.25,18.4,12,1d+1h+4h,0.573,False,nofill,0.0
2024-09-10 10:30:00-04:00,201.72,201.98,202.11,201.98,204.68,22.0,16,1d+1h+4h,0.051,True,scratch,-0.12346806102302432
2024-09-10 11:30:00-04:00,201.67,201.98,202.11,201.98,204.62,22.0,16,1d+1h+4h,0.063,True,target,1.1812265682179524
2024-09-10 12:30:00-04:00,203.08,208.79,208.91,208.79,211.37,18.4,12,1d+1h+4h,1.151,False,nofill,0.0
2024-09-10 13:30:00-04:00,205.35,208.79,208.91,208.79,211.37,18.4,12,1d+1h+4h,0.694,False,nofill,0.0
2024-09-10 14:30:00-04:00,205.7,208.79,208.91,208.79,211.27,18.4,12,1d+1h+4h,0.623,False,nofill,0.0
2024-09-10 15:30:00-04:00,205.55,208.79,208.9,208.79,211.15,18.4,12,1d+1h+4h,0.653,False,nofill,0.0
2024-09-11 09:30:00-04:00,202.13,208.79,208.91,208.79,211.27,18.4,12,1d+1h+4h,1.33,False,nofill,0.0
2024-09-11 10:30:00-04:00,203.51,208.79,208.91,208.79,211.27,18.4,12,1d+1h+4h,1.055,False,nofill,0.0
2024-09-11 11:30:00-04:00,204.61,206.9,207.02,206.9,209.32,18.4,14,1d+1h+4h,0.458,True,scratch,-0.11556887581615216
2024-09-11 12:30:00-04:00,205.43,206.9,207.01,206.9,209.28,18.4,14,1d+1h+4h,0.294,True,scratch,-0.11471959239328644
2024-09-11 13:30:00-04:00,205.89,206.9,207.01,206.9,209.17,18.4,14,1d+1h+4h,0.202,True,scratch,-0.11224213154257257
2024-09-11 14:30:00-04:00,207.4,208.79,208.89,208.79,211.02,18.4,12,1d+1h+4h,0.278,False,nofill,0.0
2024-09-11 15:30:00-04:00,207.14,208.79,208.89,208.79,210.95,18.4,12,1d+1h+4h,0.329,False,nofill,0.0
2024-09-12 09:30:00-04:00,206.29,208.79,208.9,208.79,211.06,18.4,12,1d+1h+4h,0.508,False,nofill,0.0
2024-09-12 10:30:00-04:00,206.36,208.79,208.89,208.79,210.97,18.4,12,1d+1h+4h,0.494,False,nofill,0.0
2024-09-12 11:30:00-04:00,206.08,206.9,207.0,206.9,208.99,18.4,14,1d+1h+4h,0.167,True,scratch,-0.10797440535089686
2024-09-12 12:30:00-04:00,206.83,208.79,208.88,208.79,210.79,19.4,13,1d+1h+4h,0.398,False,nofill,0.0
2024-09-12 13:30:00-04:00,206.98,208.79,208.88,208.79,210.77,19.4,13,1d+1h+4h,0.368,False,nofill,0.0
2024-09-12 14:30:00-04:00,206.09,208.79,208.88,208.79,210.74,19.4,13,1d+1h+4h,0.55,False,nofill,0.0
2024-09-12 15:30:00-04:00,206.7,208.79,208.88,208.79,210.69,19.4,13,1d+1h+4h,0.425,False,nofill,0.0
2024-09-13 09:30:00-04:00,206.03,208.79,208.88,208.79,210.73,19.4,13,1d+1h+4h,0.563,False,nofill,0.0
2024-09-13 10:30:00-04:00,205.59,208.79,208.88,208.79,210.7,19.4,13,1d+1h+4h,0.653,False,nofill,0.0
2024-09-13 11:30:00-04:00,204.1,208.79,208.88,208.79,210.7,19.4,13,1d+1h+4h,0.958,False,nofill,0.0
2024-09-13 12:30:00-04:00,204.58,208.79,208.88,208.79,210.69,19.4,13,1d+1h+4h,0.86,False,nofill,0.0
2024-09-13 13:30:00-04:00,203.87,208.79,208.88,208.79,210.63,21.2,14,1d+1h+4h,1.005,False,nofill,0.0
2024-09-13 14:30:00-04:00,204.49,208.79,208.87,208.79,210.57,21.2,14,1d+1h+4h,0.878,False,nofill,0.0
2024-09-13 15:30:00-04:00,204.38,208.79,208.87,208.79,210.49,21.2,14,1d+1h+4h,0.901,False,nofill,0.0
2024-09-16 09:30:00-04:00,206.55,208.79,208.87,208.79,210.62,21.2,14,1d+1h+4h,0.465,False,nofill,0.0
2024-09-16 10:30:00-04:00,205.77,208.79,208.87,208.79,210.57,21.2,14,1d+1h+4h,0.627,False,nofill,0.0
2024-09-16 11:30:00-04:00,207.08,208.79,208.87,208.79,210.56,21.2,14,1d+1h+4h,0.356,False,nofill,0.0
2024-09-16 12:30:00-04:00,207.13,208.79,208.87,208.79,210.49,22.2,15,1d+1h+4h,0.345,False,nofill,0.0
2024-09-16 13:30:00-04:00,207.26,208.79,208.86,208.79,210.41,22.2,15,1d+1h+4h,0.319,True,scratch,-0.09692862828958315
2024-09-16 14:30:00-04:00,207.78,208.79,208.86,208.79,210.37,22.2,15,1d+1h+4h,0.209,True,scratch,-0.09596448087274556
2024-09-16 15:30:00-04:00,207.92,208.79,208.86,208.79,210.32,22.2,15,1d+1h+4h,0.18,True,scratch,-0.09481310506487262
2024-09-17 09:30:00-04:00,208.85,209.55,209.62,209.55,211.08,15.4,11,1d+1h+4h,0.151,True,scratch,-0.09464242448077309
2024-09-17 10:30:00-04:00,209.06,209.55,209.62,209.55,211.05,15.4,11,1d+1h+4h,0.106,True,scratch,-0.09395476945677217
2024-09-17 11:30:00-04:00,209.53,212.03,212.1,212.03,213.51,12.6,11,1h+4h,0.54,False,nofill,0.0
2024-09-17 12:30:00-04:00,207.9,208.79,208.86,208.79,210.31,22.2,15,1d+1h+4h,0.192,True,scratch,-0.09455973422612951
2024-09-17 13:30:00-04:00,208.31,208.79,208.86,208.79,210.27,22.2,15,1d+1h+4h,0.103,True,scratch,-0.09374784187892171
2024-09-17 14:30:00-04:00,208.94,209.55,209.62,209.55,211.01,16.4,12,1d+1h+4h,0.132,False,nofill,0.0
2024-09-17 15:30:00-04:00,209.45,209.76,209.83,209.76,211.18,13.6,10,1d+1h+4h,0.067,False,nofill,0.0
2024-09-18 09:30:00-04:00,207.81,208.79,208.86,208.79,210.28,22.2,15,1d+1h+4h,0.212,True,scratch,-0.09395667216279824
2024-09-18 10:30:00-04:00,208.53,208.79,208.86,208.79,210.26,22.2,15,1d+1h+4h,0.056,True,scratch,-0.09344410538782988
2024-09-18 11:30:00-04:00,208.26,208.79,208.86,208.79,210.21,22.2,15,1d+1h+4h,0.113,True,scratch,-0.09231894869792256
2024-09-18 12:30:00-04:00,209.14,209.55,209.62,209.55,210.98,16.4,12,1d+1h+4h,0.089,True,scratch,-0.09238931652797433
2024-09-18 13:30:00-04:00,208.69,209.55,209.63,209.55,211.22,16.4,12,1d+1h+4h,0.187,True,target,0.6997087551938064
2024-09-18 14:30:00-04:00,208.58,208.92,209.0,208.92,210.64,18.2,13,1d+1h+4h,0.075,True,target,0.7215114388398725
2024-09-18 15:30:00-04:00,207.59,208.79,208.87,208.79,210.48,22.2,15,1d+1h+4h,0.26,True,target,0.7092190640646701
2024-09-19 09:30:00-04:00,210.58,212.03,212.12,212.03,213.84,13.6,12,1h+4h,0.316,False,nofill,0.0
2024-09-19 10:30:00-04:00,210.98,212.03,212.12,212.03,213.83,13.6,12,1h+4h,0.229,False,nofill,0.0
2024-09-19 11:30:00-04:00,209.6,209.93,210.02,209.93,211.73,13.6,10,1d+1h+4h,0.073,True,target,0.7537880448605261
2024-09-19 12:30:00-04:00,210.07,212.03,212.11,212.03,213.76,13.6,12,1h+4h,0.427,False,nofill,0.0
2024-09-19 13:30:00-04:00,211.6,212.03,212.11,212.03,213.76,13.6,12,1h+4h,0.094,False,nofill,0.0
2024-09-19 14:30:00-04:00,210.54,212.03,212.11,212.03,213.74,13.6,12,1h+4h,0.324,False,nofill,0.0
2024-09-19 15:30:00-04:00,210.59,212.03,212.11,212.03,213.66,13.6,12,1h+4h,0.313,False,nofill,0.0
2024-09-20 09:30:00-04:00,210.42,212.17,212.25,212.17,213.81,13.6,12,1h+4h,0.398,False,nofill,0.0
2024-09-20 10:30:00-04:00,210.74,212.17,212.25,212.17,213.75,13.6,12,1h+4h,0.325,False,nofill,0.0
2024-09-20 11:30:00-04:00,210.2,212.17,212.24,212.17,213.71,13.6,12,1h+4h,0.449,False,nofill,0.0
2024-09-20 12:30:00-04:00,211.17,212.17,212.24,212.17,213.69,13.6,12,1h+4h,0.227,False,nofill,0.0
2024-09-20 13:30:00-04:00,209.98,212.17,212.24,212.17,213.69,13.6,12,1h+4h,0.499,False,nofill,0.0
2024-09-20 14:30:00-04:00,210.47,212.17,212.24,212.17,213.65,13.6,12,1h+4h,0.387,False,nofill,0.0
2024-09-20 15:30:00-04:00,211.09,212.17,212.24,212.17,213.63,13.6,12,1h+4h,0.246,False,nofill,0.0
2024-09-23 09:30:00-04:00,211.57,211.91,211.98,211.91,213.4,14.4,12,1h+4h,0.081,False,nofill,0.0
2024-09-23 10:30:00-04:00,210.76,211.34,211.41,211.34,212.8,14.4,12,1h+4h,0.137,False,nofill,0.0
2024-09-23 11:30:00-04:00,210.53,211.34,211.4,211.34,212.74,14.4,12,1h+4h,0.192,False,nofill,0.0
2024-09-23 12:30:00-04:00,211.12,211.34,211.4,211.34,212.71,15.4,13,1h+4h,0.051,True,scratch,-0.09094796904434155
2024-09-23 13:30:00-04:00,211.19,211.91,211.97,211.91,213.21,15.4,13,1h+4h,0.171,True,scratch,-0.08919707075031313
2024-09-23 14:30:00-04:00,211.18,211.91,211.97,211.91,213.16,15.4,13,1h+4h,0.173,True,scratch,-0.08813570629845335
2024-09-23 15:30:00-04:00,211.44,212.03,212.09,212.03,213.23,15.4,13,1h+4h,0.14,True,scratch,-0.08685917175973445
2024-09-24 09:30:00-04:00,211.97,212.35,212.41,212.35,213.63,14.4,12,1h+4h,0.093,True,scratch,-0.08875605288107824
2024-09-24 10:30:00-04:00,212.02,212.35,212.41,212.35,213.63,14.4,12,1h+4h,0.081,False,nofill,0.0
2024-09-24 11:30:00-04:00,210.52,212.03,212.09,212.03,213.34,15.4,13,1h+4h,0.37,False,nofill,0.0
2024-09-24 12:30:00-04:00,210.87,211.34,211.4,211.34,212.62,15.4,13,1h+4h,0.114,True,scratch,-0.08893387738743153
2024-09-24 13:30:00-04:00,211.01,211.34,211.39,211.34,212.57,15.4,13,1h+4h,0.08,True,scratch,-0.08782420832279536
2024-09-24 14:30:00-04:00,211.62,212.03,212.09,212.03,213.26,15.4,13,1h+4h,0.099,True,scratch,-0.0875346752784667
2024-09-24 15:30:00-04:00,211.67,212.03,212.09,212.03,213.22,15.4,13,1h+4h,0.088,True,scratch,-0.08672806045134651
2024-09-25 09:30:00-04:00,209.94,212.03,212.09,212.03,213.33,15.4,13,1h+4h,0.517,False,nofill,0.0
2024-09-25 10:30:00-04:00,209.42,209.64,209.7,209.64,210.94,15.6,12,1d+1h+4h,0.056,True,scratch,-0.08957744131432577
2024-09-25 11:30:00-04:00,209.43,209.64,209.7,209.64,210.94,15.6,12,1d+1h+4h,0.053,True,scratch,-0.08957405522278528
2024-09-25 12:30:00-04:00,209.12,209.35,209.41,209.35,210.61,16.4,12,1d+1h+4h,0.058,True,scratch,-0.08865713847837631
2024-09-25 13:30:00-04:00,210.04,212.03,212.09,212.03,213.3,16.4,14,1h+4h,0.492,False,nofill,0.0
2024-09-25 14:30:00-04:00,210.11,212.03,212.09,212.03,213.24,16.4,14,1h+4h,0.475,False,nofill,0.0
2024-09-25 15:30:00-04:00,210.25,212.03,212.09,212.03,213.19,16.4,14,1h+4h,0.44,False,nofill,0.0
2024-09-26 09:30:00-04:00,210.35,212.03,212.09,212.03,213.31,16.4,14,1h+4h,0.427,False,nofill,0.0
2024-09-26 10:30:00-04:00,209.76,212.03,212.09,212.03,213.33,16.4,14,1h+4h,0.577,False,nofill,0.0
2024-09-26 11:30:00-04:00,210.22,212.03,212.09,212.03,213.32,16.4,14,1h+4h,0.458,False,nofill,0.0
2024-09-26 12:30:00-04:00,210.3,212.03,212.09,212.03,213.28,16.4,14,1h+4h,0.439,False,nofill,0.0
2024-09-26 13:30:00-04:00,210.07,212.03,212.09,212.03,213.23,16.4,14,1h+4h,0.498,False,nofill,0.0
2024-09-26 14:30:00-04:00,210.14,212.03,212.09,212.03,213.19,16.4,14,1h+4h,0.48,True,scratch,-0.08594063124183204
2024-09-26 15:30:00-04:00,209.82,212.03,212.08,212.03,213.15,16.4,14,1h+4h,0.561,True,scratch,-0.08511325139836101
2024-09-27 09:30:00-04:00,210.77,212.03,212.09,212.03,213.2,16.4,14,1h+4h,0.326,True,scratch,-0.08621829258173008
2024-09-27 10:30:00-04:00,211.98,212.24,212.3,212.24,213.46,15.4,13,1h+4h,0.067,False,nofill,0.0
2024-09-27 11:30:00-04:00,210.8,212.03,212.09,212.03,213.29,16.4,14,1h+4h,0.318,False,nofill,0.0
2024-09-27 12:30:00-04:00,210.84,212.03,212.09,212.03,213.26,16.4,14,1h+4h,0.308,False,nofill,0.0
2024-09-27 13:30:00-04:00,210.66,212.03,212.09,212.03,213.23,17.4,15,1h+4h,0.354,False,nofill,0.0
2024-09-27 14:30:00-04:00,210.55,212.03,212.09,212.03,213.2,17.4,15,1h+4h,0.382,False,nofill,0.0
2024-09-27 15:30:00-04:00,210.34,212.03,212.08,212.03,213.17,17.4,15,1h+4h,0.437,False,nofill,0.0
2024-09-30 09:30:00-04:00,208.73,209.29,209.36,209.29,210.73,19.2,14,1d+1h+4h,0.141,True,scratch,-0.09262847454518663
2024-09-30 10:30:00-04:00,209.58,212.03,212.1,212.03,213.46,17.4,15,1h+4h,0.615,False,nofill,0.0
2024-09-30 11:30:00-04:00,209.59,212.03,212.1,212.03,213.4,17.4,15,1h+4h,0.613,False,nofill,0.0
2024-09-30 12:30:00-04:00,208.99,209.29,209.35,209.29,210.61,19.2,14,1d+1h+4h,0.075,True,scratch,-0.09007570430984435
2024-09-30 13:30:00-04:00,208.65,208.92,208.98,208.92,210.27,22.0,16,1d+1h+4h,0.068,True,target,0.5528333004714447
2024-09-30 14:30:00-04:00,209.82,212.03,212.1,212.03,213.4,19.2,16,1h+4h,0.555,False,nofill,0.0
2024-09-30 15:30:00-04:00,210.78,212.03,212.09,212.03,213.39,19.2,16,1h+4h,0.314,False,nofill,0.0
2024-10-01 09:30:00-04:00,206.59,208.05,208.13,208.05,209.65,23.2,16,1d+1h+4h,0.363,True,scratch,-0.09665746906569739
2024-10-01 10:30:00-04:00,208.16,208.63,208.71,208.63,210.26,23.2,16,1d+1h+4h,0.117,True,scratch,-0.09720938035399085
2024-10-01 11:30:00-04:00,208.44,208.79,208.86,208.79,210.35,22.0,16,1d+1h+4h,0.088,False,nofill,0.0
2024-10-01 12:30:00-04:00,206.91,208.05,208.12,208.05,209.62,23.2,16,1d+1h+4h,0.284,True,scratch,-0.09595531791699585
2024-10-01 13:30:00-04:00,208.42,208.63,208.71,208.63,210.24,23.2,16,1d+1h+4h,0.052,True,scratch,-0.09661049000975197
2024-10-01 14:30:00-04:00,207.73,208.05,208.12,208.05,209.62,23.2,16,1d+1h+4h,0.08,True,scratch,-0.0959578459863053
2024-10-01 15:30:00-04:00,207.01,208.05,208.12,208.05,209.62,23.2,16,1d+1h+4h,0.259,True,scratch,-0.09578916586510111
2024-10-02 09:30:00-04:00,208.34,208.63,208.71,208.63,210.33,23.2,16,1d+1h+4h,0.073,False,nofill,0.0
2024-10-02 10:30:00-04:00,207.51,208.05,208.13,208.05,209.73,23.2,16,1d+1h+4h,0.137,False,nofill,0.0
2024-10-02 11:30:00-04:00,207.23,208.05,208.13,208.05,209.65,23.2,16,1d+1h+4h,0.208,False,nofill,0.0
2024-10-02 12:30:00-04:00,206.96,208.05,208.12,208.05,209.57,24.2,17,1d+1h+4h,0.276,False,nofill,0.0
2024-10-02 13:30:00-04:00,207.38,208.05,208.12,208.05,209.54,24.2,17,1d+1h+4h,0.171,False,nofill,0.0
2024-10-02 14:30:00-04:00,207.12,208.05,208.12,208.05,209.48,24.2,17,1d+1h+4h,0.235,False,nofill,0.0
2024-10-02 15:30:00-04:00,207.27,208.05,208.11,208.05,209.41,24.2,17,1d+1h+4h,0.197,False,nofill,0.0
2024-10-03 09:30:00-04:00,205.82,208.63,208.7,208.63,210.1,24.2,17,1d+1h+4h,0.725,False,nofill,0.0
2024-10-03 10:30:00-04:00,205.42,208.63,208.7,208.63,210.07,24.2,17,1d+1h+4h,0.83,False,nofill,0.0
2024-10-03 11:30:00-04:00,205.37,208.05,208.12,208.05,209.42,24.2,17,1d+1h+4h,0.692,False,nofill,0.0
2024-10-03 12:30:00-04:00,204.56,208.05,208.11,208.05,209.41,24.2,17,1d+1h+4h,0.901,False,nofill,0.0
2024-10-03 13:30:00-04:00,204.94,208.63,208.69,208.63,209.95,24.2,17,1d+1h+4h,0.954,True,scratch,-0.0901603104946358
2024-10-03 14:30:00-04:00,204.88,208.63,208.69,208.63,209.89,24.2,17,1d+1h+4h,0.968,True,scratch,-0.08877475365366427
2024-10-03 15:30:00-04:00,205.17,208.63,208.69,208.63,209.84,24.2,17,1d+1h+4h,0.893,True,scratch,-0.0875907234208606
2024-10-04 09:30:00-04:00,208.04,208.63,208.7,208.63,210.1,25.2,18,1d+1h+4h,0.142,True,scratch,-0.093544138035484
2024-10-04 10:30:00-04:00,208.45,208.92,208.99,208.92,210.44,24.0,18,1d+1h+4h,0.114,True,scratch,-0.0945189916706779
2024-10-04 11:30:00-04:00,208.92,209.35,209.42,209.35,210.85,21.2,16,1d+1h+4h,0.106,True,target,0.6192968886926886
2024-10-04 12:30:00-04:00,210.31,211.91,211.98,211.91,213.43,19.2,16,1h+4h,0.387,False,nofill,0.0
2024-10-04 13:30:00-04:00,210.16,211.91,211.98,211.91,213.38,19.2,16,1h+4h,0.424,True,scratch,-0.09304417478407379
2024-10-04 14:30:00-04:00,211.06,211.91,211.98,211.91,213.36,19.2,16,1h+4h,0.205,True,scratch,-0.09248425335361965
2024-10-04 15:30:00-04:00,211.22,211.91,211.98,211.91,213.3,19.2,16,1h+4h,0.167,True,scratch,-0.09129117934874031
2024-10-07 09:30:00-04:00,211.72,212.03,212.1,212.03,213.51,19.2,16,1h+4h,0.076,False,nofill,0.0
2024-10-07 10:30:00-04:00,211.62,211.91,211.98,211.91,213.35,19.2,16,1h+4h,0.072,False,nofill,0.0
2024-10-07 11:30:00-04:00,210.96,211.91,211.98,211.91,213.34,19.2,16,1h+4h,0.234,False,nofill,0.0
2024-10-07 12:30:00-04:00,211.05,211.91,211.98,211.91,213.28,19.2,16,1h+4h,0.211,False,nofill,0.0
2024-10-07 13:30:00-04:00,210.51,211.91,211.97,211.91,213.23,19.2,16,1h+4h,0.343,False,nofill,0.0
2024-10-07 14:30:00-04:00,210.78,212.35,212.41,212.35,213.67,19.2,16,1h+4h,0.384,False,nofill,0.0
2024-10-07 15:30:00-04:00,210.89,212.44,212.5,212.44,213.73,19.2,16,1h+4h,0.379,False,nofill,0.0
2024-10-08 09:30:00-04:00,208.88,209.29,209.36,209.29,210.68,20.2,15,1d+1h+4h,0.103,True,target,0.5720074441376122
2024-10-08 10:30:00-04:00,210.58,211.91,211.98,211.91,213.36,19.2,16,1h+4h,0.333,False,nofill,0.0
2024-10-08 11:30:00-04:00,210.96,211.91,211.98,211.91,213.32,19.2,16,1h+4h,0.238,False,nofill,0.0
2024-10-08 12:30:00-04:00,210.64,211.91,211.97,211.91,213.27,19.2,16,1h+4h,0.318,False,nofill,0.0
2024-10-08 13:30:00-04:00,210.7,212.44,212.5,212.44,213.73,21.0,17,1h+4h,0.436,False,nofill,0.0
2024-10-08 14:30:00-04:00,210.98,212.35,212.41,212.35,213.6,21.0,17,1h+4h,0.343,True,target,0.49951957765166366
2024-10-08 15:30:00-04:00,210.78,212.44,212.5,212.44,213.64,21.0,17,1h+4h,0.415,True,target,0.47647388053855266
2024-10-09 09:30:00-04:00,211.55,212.35,212.41,212.35,213.65,21.0,17,1h+4h,0.198,True,target,0.5247251446980128
2024-10-09 10:30:00-04:00,213.29,213.61,213.68,213.61,214.99,12.4,10,1h+4h,0.079,True,scratch,-0.09061014098592501
2024-10-09 11:30:00-04:00,213.33,213.61,213.67,213.61,214.96,12.4,10,1h+4h,0.069,True,scratch,-0.08999280091787076
2024-10-09 12:30:00-04:00,213.91,215.53,215.59,215.53,216.85,9.6,6,1d+1h+4h,0.4,False,nofill,0.0
2024-10-09 13:30:00-04:00,213.37,213.61,213.67,213.61,214.91,12.4,10,1h+4h,0.06,True,scratch,-0.08890176791346294
2024-10-09 14:30:00-04:00,213.98,215.41,215.47,215.41,216.68,9.6,6,1d+1h+4h,0.353,False,nofill,0.0
2024-10-09 15:30:00-04:00,213.41,213.89,213.95,213.89,215.13,11.6,10,1h+4h,0.119,True,scratch,-0.08763671931917294
2024-10-10 09:30:00-04:00,213.21,213.61,213.67,213.61,214.89,13.4,11,1h+4h,0.1,False,nofill,0.0
2024-10-10 10:30:00-04:00,212.51,212.84,212.9,212.84,214.13,20.0,16,1h+4h,0.083,True,scratch,-0.08873823186313912
2024-10-10 11:30:00-04:00,213.01,213.33,213.39,213.33,214.59,17.2,14,1h+4h,0.08,False,nofill,0.0
2024-10-10 12:30:00-04:00,212.0,212.35,212.41,212.35,213.62,21.0,17,1h+4h,0.087,True,scratch,-0.08845660091943985
2024-10-10 13:30:00-04:00,212.1,212.35,212.41,212.35,213.6,21.0,17,1h+4h,0.063,True,target,0.49941750256417006
2024-10-10 14:30:00-04:00,212.11,212.35,212.41,212.35,213.57,21.0,17,1h+4h,0.06,True,target,0.4850061048750298
2024-10-10 15:30:00-04:00,212.85,213.16,213.22,213.16,214.36,17.2,14,1h+4h,0.078,True,target,0.47370461282143506
2024-10-14 09:30:00-04:00,219.2,219.68,219.78,219.68,221.78,6.8,6,1h+4h,0.107,True,target,0.851439190574288
2024-10-14 13:30:00-04:00,221.25,224.63,224.72,224.63,226.5,6.6,5,1h+4h,0.747,False,nofill,0.0
2024-10-14 14:30:00-04:00,221.14,224.63,224.71,224.63,226.4,6.6,5,1h+4h,0.772,True,scratch,-0.09747874848314853
2024-10-14 15:30:00-04:00,221.52,224.63,224.71,224.63,226.33,6.6,5,1h+4h,0.687,True,scratch,-0.0959525252788418
2024-10-15 09:30:00-04:00,223.26,224.63,224.72,224.63,226.42,6.6,5,1h+4h,0.306,True,scratch,-0.09794112974519376
2024-10-15 12:30:00-04:00,223.29,224.63,224.72,224.63,226.46,6.6,5,1h+4h,0.299,False,nofill,0.0
2024-10-15 13:30:00-04:00,222.98,224.63,224.71,224.63,226.4,7.6,6,1h+4h,0.369,False,nofill,0.0
2024-10-15 14:30:00-04:00,222.84,224.63,224.71,224.63,226.34,7.6,6,1h+4h,0.4,False,nofill,0.0
2024-10-15 15:30:00-04:00,222.44,224.63,224.71,224.63,226.31,7.6,6,1h+4h,0.488,False,nofill,0.0
2024-10-16 09:30:00-04:00,221.57,224.63,224.71,224.63,226.37,7.6,6,1h+4h,0.705,False,nofill,0.0
2024-10-16 10:30:00-04:00,221.59,224.63,224.71,224.63,226.33,7.6,6,1h+4h,0.701,False,nofill,0.0
2024-10-16 11:30:00-04:00,222.5,224.63,224.71,224.63,226.32,7.6,6,1h+4h,0.491,False,nofill,0.0
2024-10-16 12:30:00-04:00,222.73,224.63,224.71,224.63,226.24,7.6,6,1h+4h,0.438,False,nofill,0.0
2024-10-16 13:30:00-04:00,223.07,224.63,224.7,224.63,226.16,7.6,6,1h+4h,0.36,True,scratch,-0.09249000039841526
2024-10-16 14:30:00-04:00,223.19,224.63,224.7,224.63,226.1,7.6,6,1h+4h,0.332,True,scratch,-0.09107973136484038
2024-10-16 15:30:00-04:00,223.59,224.63,224.7,224.63,226.03,7.6,6,1h+4h,0.24,True,scratch,-0.08970870392306374
2024-10-17 09:30:00-04:00,224.69,225.45,225.52,225.45,226.93,6.6,5,1h+4h,0.181,True,scratch,-0.09110893267124665
2024-10-17 12:30:00-04:00,224.84,225.45,225.52,225.45,226.84,6.6,5,1h+4h,0.145,False,nofill,0.0
2024-10-17 13:30:00-04:00,224.61,225.45,225.51,225.45,226.79,6.6,5,1h+4h,0.2,False,nofill,0.0
2024-10-17 14:30:00-04:00,224.6,225.45,225.51,225.45,226.75,7.6,6,1h+4h,0.202,False,nofill,0.0
2024-10-17 15:30:00-04:00,224.46,225.45,225.51,225.45,226.7,7.6,6,1h+4h,0.236,True,scratch,-0.08638086300621906
2024-10-18 09:30:00-04:00,224.61,225.45,225.51,225.45,226.75,7.6,6,1h+4h,0.205,True,scratch,-0.08750217483477485
2024-10-18 10:30:00-04:00,225.36,225.85,225.91,225.85,227.12,6.6,5,1h+4h,0.119,False,nofill,0.0
2024-10-18 11:30:00-04:00,225.44,225.85,225.91,225.85,227.07,6.6,5,1h+4h,0.1,True,scratch,-0.08577651840585565
2024-10-18 12:30:00-04:00,225.02,225.45,225.51,225.45,226.63,7.6,6,1h+4h,0.105,True,scratch,-0.0849422504776487
2024-10-18 13:30:00-04:00,225.57,225.85,225.9,225.85,226.99,6.6,5,1h+4h,0.068,True,scratch,-0.08408232463392729
2024-10-18 14:30:00-04:00,225.6,225.85,225.9,225.85,226.96,6.6,5,1h+4h,0.061,False,nofill,0.0
2024-10-18 15:30:00-04:00,225.45,225.85,225.9,225.85,226.91,6.6,5,1h+4h,0.098,False,nofill,0.0
2024-10-21 09:30:00-04:00,224.61,225.45,225.5,225.45,226.58,7.6,6,1h+4h,0.21,False,nofill,0.0
2024-10-21 10:30:00-04:00,223.31,225.45,225.51,225.45,226.64,8.6,7,1h+4h,0.535,False,nofill,0.0
2024-10-21 11:30:00-04:00,223.53,225.45,225.51,225.45,226.62,8.6,7,1h+4h,0.48,False,nofill,0.0
2024-10-21 12:30:00-04:00,224.01,225.45,225.51,225.45,226.61,8.6,7,1h+4h,0.36,False,nofill,0.0
2024-10-21 13:30:00-04:00,223.59,225.45,225.5,225.45,226.59,8.6,7,1h+4h,0.465,False,nofill,0.0
2024-10-21 14:30:00-04:00,223.44,225.45,225.5,225.45,226.53,8.6,7,1h+4h,0.504,False,nofill,0.0
2024-10-21 15:30:00-04:00,223.19,225.45,225.5,225.45,226.49,8.6,7,1h+4h,0.565,False,nofill,0.0
2024-10-22 09:30:00-04:00,222.5,225.45,225.5,225.45,226.58,10.4,8,1h+4h,0.736,False,nofill,0.0
2024-10-22 10:30:00-04:00,222.27,225.45,225.51,225.45,226.78,10.4,8,1h+4h,0.795,False,nofill,0.0
2024-10-22 11:30:00-04:00,224.91,225.45,225.52,225.45,226.89,10.4,8,1h+4h,0.135,False,nofill,0.0
2024-10-22 12:30:00-04:00,223.9,225.45,225.52,225.45,226.92,10.4,8,1h+4h,0.389,False,nofill,0.0
2024-10-22 13:30:00-04:00,224.34,225.45,225.52,225.45,226.88,10.4,8,1h+4h,0.279,False,nofill,0.0
2024-10-22 14:30:00-04:00,223.96,225.45,225.52,225.45,226.85,10.4,8,1h+4h,0.372,False,nofill,0.0
2024-10-22 15:30:00-04:00,224.15,225.28,225.34,225.28,226.63,10.4,8,1h+4h,0.282,False,nofill,0.0
2024-10-23 09:30:00-04:00,224.22,225.28,225.35,225.28,226.67,10.4,8,1h+4h,0.274,False,nofill,0.0
2024-10-23 10:30:00-04:00,223.4,225.28,225.35,225.28,226.65,10.4,8,1h+4h,0.486,False,nofill,0.0
2024-10-23 11:30:00-04:00,223.89,225.28,225.34,225.28,226.62,10.4,8,1h+4h,0.359,False,nofill,0.0
2024-10-23 12:30:00-04:00,223.64,225.28,225.34,225.28,226.58,11.4,9,1h+4h,0.425,False,nofill,0.0
2024-10-23 13:30:00-04:00,223.12,225.28,225.34,225.28,226.57,11.4,9,1h+4h,0.558,False,nofill,0.0
2024-10-23 14:30:00-04:00,223.83,225.28,225.34,225.28,226.57,11.4,9,1h+4h,0.374,False,nofill,0.0
2024-10-23 15:30:00-04:00,223.45,225.28,225.34,225.28,226.55,11.4,9,1h+4h,0.473,False,nofill,0.0
2024-10-24 09:30:00-04:00,223.63,225.28,225.34,225.28,226.63,11.4,9,1h+4h,0.431,False,nofill,0.0
2024-10-24 10:30:00-04:00,223.12,225.28,225.34,225.28,226.61,11.4,9,1h+4h,0.564,False,nofill,0.0
2024-10-24 11:30:00-04:00,222.38,225.28,225.34,225.28,226.62,11.4,9,1h+4h,0.757,False,nofill,0.0
2024-10-24 12:30:00-04:00,223.73,225.28,225.34,225.28,226.63,11.4,9,1h+4h,0.405,False,nofill,0.0
2024-10-24 13:30:00-04:00,223.9,225.28,225.34,225.28,226.59,11.4,9,1h+4h,0.36,True,scratch,-0.08771865876422424
2024-10-24 14:30:00-04:00,224.33,225.28,225.34,225.28,226.57,11.4,9,1h+4h,0.248,True,scratch,-0.0872581755304469
2024-10-24 15:30:00-04:00,224.98,225.28,225.34,225.28,226.55,11.4,9,1h+4h,0.078,True,scratch,-0.08673556846560126
2024-10-25 09:30:00-04:00,224.65,225.28,225.34,225.28,226.59,11.4,9,1h+4h,0.162,False,nofill,0.0
2024-10-25 10:30:00-04:00,222.55,225.28,225.35,225.28,226.68,11.4,9,1h+4h,0.704,False,nofill,0.0
2024-10-25 11:30:00-04:00,222.53,225.28,225.35,225.28,226.65,11.4,9,1h+4h,0.708,False,nofill,0.0
2024-10-25 12:30:00-04:00,221.96,225.28,225.34,225.28,226.62,12.4,10,1h+4h,0.855,False,nofill,0.0
2024-10-25 13:30:00-04:00,222.03,225.28,225.34,225.28,226.62,12.4,10,1h+4h,0.837,False,nofill,0.0
2024-10-25 14:30:00-04:00,222.28,225.28,225.34,225.28,226.57,12.4,10,1h+4h,0.771,False,nofill,0.0
2024-10-25 15:30:00-04:00,222.32,225.28,225.34,225.28,226.51,12.4,10,1h+4h,0.762,False,nofill,0.0
2024-10-28 09:30:00-04:00,224.58,225.28,225.34,225.28,226.6,12.4,10,1h+4h,0.183,False,nofill,0.0
2024-10-28 10:30:00-04:00,224.74,225.28,225.34,225.28,226.59,12.4,10,1h+4h,0.14,False,nofill,0.0
2024-10-28 11:30:00-04:00,224.61,225.28,225.34,225.28,226.57,12.4,10,1h+4h,0.175,False,nofill,0.0
2024-10-28 12:30:00-04:00,224.45,225.28,225.34,225.28,226.53,12.4,10,1h+4h,0.216,True,scratch,-0.0863951259816198
2024-10-28 13:30:00-04:00,224.86,225.28,225.34,225.28,226.49,12.4,10,1h+4h,0.11,True,scratch,-0.08556993842895322
2024-10-28 14:30:00-04:00,225.09,225.28,225.34,225.28,226.44,12.4,10,1h+4h,0.05,True,scratch,-0.08457010043424473
2024-10-28 15:30:00-04:00,225.56,225.85,225.9,225.85,226.97,10.4,8,1h+4h,0.076,True,scratch,-0.08366821128622526
2024-10-29 09:30:00-04:00,224.24,225.28,225.34,225.28,226.52,12.4,10,1h+4h,0.273,False,nofill,0.0
2024-10-29 10:30:00-04:00,223.6,225.28,225.34,225.28,226.5,12.4,10,1h+4h,0.438,False,nofill,0.0
2024-10-29 11:30:00-04:00,223.83,225.28,225.34,225.28,226.47,12.4,10,1h+4h,0.378,False,nofill,0.0
2024-10-29 12:30:00-04:00,223.47,225.28,225.34,225.28,226.44,12.4,10,1h+4h,0.472,False,nofill,0.0
2024-10-29 13:30:00-04:00,223.28,225.28,225.33,225.28,226.42,12.4,10,1h+4h,0.522,True,scratch,-0.08400579913002693
2024-10-29 14:30:00-04:00,223.36,225.28,225.33,225.28,226.38,12.4,10,1h+4h,0.502,True,scratch,-0.083209667578521
2024-10-29 15:30:00-04:00,223.0,225.28,225.33,225.28,226.34,12.4,10,1h+4h,0.595,True,scratch,-0.08241401270484561
2024-10-30 09:30:00-04:00,224.65,225.28,225.34,225.28,226.55,12.4,10,1h+4h,0.162,True,scratch,-0.08681398898274795
2024-10-30 11:30:00-04:00,225.54,225.85,225.91,225.85,227.16,11.4,9,1h+4h,0.08,False,nofill,0.0
2024-10-30 12:30:00-04:00,225.07,225.28,225.34,225.28,226.55,12.4,10,1h+4h,0.054,True,scratch,-0.08683628128095533
2024-10-30 13:30:00-04:00,224.9,225.85,225.91,225.85,227.09,13.2,10,1h+4h,0.244,False,nofill,0.0
2024-10-30 14:30:00-04:00,224.57,225.45,225.51,225.45,226.64,13.4,11,1h+4h,0.226,True,scratch,-0.0851565558489753
2024-10-30 15:30:00-04:00,224.56,225.45,225.5,225.45,226.6,13.4,11,1h+4h,0.229,True,scratch,-0.08427660254518576
2024-10-31 09:30:00-04:00,223.28,225.45,225.51,225.45,226.7,13.4,11,1h+4h,0.561,False,nofill,0.0
2024-10-31 10:30:00-04:00,222.28,225.45,225.51,225.45,226.73,13.4,11,1h+4h,0.818,False,nofill,0.0
2024-10-31 11:30:00-04:00,223.37,225.45,225.51,225.45,226.74,13.4,11,1h+4h,0.537,False,nofill,0.0
2024-10-31 12:30:00-04:00,223.24,225.85,225.91,225.85,227.09,14.2,11,1h+4h,0.674,False,nofill,0.0
2024-10-31 13:30:00-04:00,223.03,225.85,225.91,225.85,227.06,14.2,11,1h+4h,0.728,False,nofill,0.0
2024-10-31 14:30:00-04:00,222.92,225.85,225.91,225.85,227.02,14.2,11,1h+4h,0.756,True,scratch,-0.08471002359982105
2024-10-31 15:30:00-04:00,221.89,226.31,226.37,226.31,227.49,14.2,11,1h+4h,1.14,False,nofill,0.0
2024-11-01 09:30:00-04:00,225.55,225.85,225.92,225.85,227.22,14.2,11,1h+4h,0.077,True,scratch,-0.08876845185535887
2024-11-01 10:30:00-04:00,226.11,226.31,226.38,226.31,227.68,14.2,11,1h+4h,0.051,False,nofill,0.0
2024-11-01 11:30:00-04:00,224.6,225.85,225.92,225.85,227.24,14.2,11,1h+4h,0.321,False,nofill,0.0
2024-11-01 12:30:00-04:00,225.1,225.85,225.91,225.85,227.21,14.2,11,1h+4h,0.193,False,nofill,0.0
2024-11-01 13:30:00-04:00,224.83,225.85,225.91,225.85,227.19,14.2,11,1h+4h,0.262,False,nofill,0.0
2024-11-01 14:30:00-04:00,223.99,225.45,225.51,225.45,226.76,14.4,12,1h+4h,0.375,False,nofill,0.0
2024-11-01 15:30:00-04:00,222.94,225.45,225.51,225.45,226.77,14.4,12,1h+4h,0.645,False,nofill,0.0
2024-11-04 09:30:00-05:00,221.52,225.45,225.52,225.45,226.89,14.4,12,1h+4h,1.0,False,nofill,0.0
2024-11-04 10:30:00-05:00,220.99,225.48,225.55,225.48,226.9,14.4,12,1h+4h,1.143,False,nofill,0.0
2024-11-04 11:30:00-05:00,220.53,225.45,225.52,225.45,226.89,14.4,12,1h+4h,1.252,False,nofill,0.0
2024-11-04 12:30:00-05:00,220.78,225.48,225.55,225.48,226.89,16.2,13,1h+4h,1.195,False,nofill,0.0
2024-11-04 13:30:00-05:00,220.8,225.48,225.54,225.48,226.82,16.2,13,1h+4h,1.191,False,nofill,0.0
2024-11-04 14:30:00-05:00,220.14,225.45,225.51,225.45,226.76,16.2,13,1h+4h,1.352,False,nofill,0.0
2024-11-04 15:30:00-05:00,219.78,225.45,225.51,225.45,226.74,16.2,13,1h+4h,1.443,False,nofill,0.0
2024-11-05 09:30:00-05:00,220.99,225.48,225.54,225.48,226.83,16.2,13,1h+4h,1.182,False,nofill,0.0
2024-11-05 10:30:00-05:00,220.99,225.48,225.55,225.48,226.85,16.2,13,1h+4h,1.182,False,nofill,0.0
2024-11-05 11:30:00-05:00,221.15,225.48,225.54,225.48,226.82,16.2,13,1h+4h,1.14,False,nofill,0.0
2024-11-05 12:30:00-05:00,221.44,225.48,225.54,225.48,226.79,16.2,13,1h+4h,1.064,False,nofill,0.0
2024-11-05 13:30:00-05:00,220.57,225.48,225.54,225.48,226.78,16.2,13,1h+4h,1.293,True,target,0.48811961010060134
2024-11-05 14:30:00-05:00,220.6,225.48,225.54,225.48,226.74,16.2,13,1h+4h,1.285,True,target,0.4730281039709405
2024-11-05 15:30:00-05:00,221.57,225.48,225.54,225.48,226.73,16.2,13,1h+4h,1.029,True,target,0.46929828404180807
2024-12-02 09:30:00-05:00,245.85,247.93,248.0,247.93,249.5,7.6,6,1h+4h,0.452,False,nofill,0.0
2024-12-02 10:30:00-05:00,246.36,247.93,248.01,247.93,249.51,7.6,6,1h+4h,0.342,False,nofill,0.0
2024-12-02 11:30:00-05:00,246.1,247.93,248.0,247.93,249.48,7.6,6,1h+4h,0.398,False,nofill,0.0
2024-12-02 12:30:00-05:00,247.06,247.93,248.0,247.93,249.45,7.6,6,1h+4h,0.189,False,nofill,0.0
2024-12-02 13:30:00-05:00,246.9,247.93,248.0,247.93,249.39,7.6,6,1h+4h,0.224,True,scratch,-0.08797092879462287
2024-12-02 14:30:00-05:00,247.24,247.93,248.0,247.93,249.33,7.6,6,1h+4h,0.15,True,scratch,-0.08687153557064287
2024-12-02 15:30:00-05:00,246.28,247.93,248.0,247.93,249.31,7.6,6,1h+4h,0.358,True,scratch,-0.08646217308138082
2024-12-03 09:30:00-05:00,246.88,247.93,248.0,247.93,249.42,7.6,6,1h+4h,0.23,False,nofill,0.0
2024-12-03 10:30:00-05:00,246.02,247.93,248.0,247.93,249.4,7.6,6,1h+4h,0.418,False,nofill,0.0
2024-12-03 11:30:00-05:00,245.7,247.93,248.0,247.93,249.36,7.6,6,1h+4h,0.489,False,nofill,0.0
2024-12-03 12:30:00-05:00,246.05,247.93,248.0,247.93,249.3,8.6,7,1h+4h,0.411,False,nofill,0.0
2024-12-03 13:30:00-05:00,246.02,247.93,247.99,247.93,249.27,8.6,7,1h+4h,0.418,False,nofill,0.0
2024-12-03 14:30:00-05:00,245.63,247.93,247.99,247.93,249.22,8.6,7,1h+4h,0.503,False,nofill,0.0
2024-12-03 15:30:00-05:00,244.85,247.93,247.99,247.93,249.21,8.6,7,1h+4h,0.673,False,nofill,0.0
2024-12-04 09:30:00-05:00,242.96,247.93,248.0,247.93,249.32,8.6,7,1h+4h,1.113,False,nofill,0.0
2024-12-04 10:30:00-05:00,242.4,247.93,248.0,247.93,249.3,8.6,7,1h+4h,1.239,False,nofill,0.0
2024-12-04 11:30:00-05:00,242.39,247.93,247.99,247.93,249.26,8.6,7,1h+4h,1.241,False,nofill,0.0
2024-12-04 12:30:00-05:00,242.93,247.93,247.99,247.93,249.22,8.6,7,1h+4h,1.12,False,nofill,0.0
2024-12-04 13:30:00-05:00,243.3,247.93,247.99,247.93,249.2,8.6,7,1h+4h,1.037,False,nofill,0.0
2024-12-04 14:30:00-05:00,244.11,247.93,247.99,247.93,249.19,8.6,7,1h+4h,0.856,False,nofill,0.0
2024-12-04 15:30:00-05:00,243.42,247.93,247.99,247.93,249.17,8.6,7,1h+4h,1.009,False,nofill,0.0
2024-12-05 09:30:00-05:00,246.02,248.0,248.07,248.0,249.43,8.6,7,1h+4h,0.448,False,nofill,0.0
2024-12-05 10:30:00-05:00,246.69,248.0,248.07,248.0,249.41,8.6,7,1h+4h,0.297,False,nofill,0.0
2024-12-05 11:30:00-05:00,245.98,248.0,248.07,248.0,249.37,8.6,7,1h+4h,0.459,False,nofill,0.0
2024-12-05 12:30:00-05:00,246.04,248.0,248.06,248.0,249.34,9.6,8,1h+4h,0.444,False,nofill,0.0
2024-12-05 13:30:00-05:00,246.13,248.0,248.06,248.0,249.29,9.6,8,1h+4h,0.425,False,nofill,0.0
2024-12-05 14:30:00-05:00,246.19,248.0,248.06,248.0,249.23,9.6,8,1h+4h,0.411,False,nofill,0.0
2024-12-05 15:30:00-05:00,245.49,248.0,248.06,248.0,249.23,9.6,8,1h+4h,0.57,False,nofill,0.0
2024-12-06 09:30:00-05:00,245.2,248.0,248.06,248.0,249.33,9.6,8,1h+4h,0.653,False,nofill,0.0
2024-12-06 10:30:00-05:00,245.77,248.0,248.06,248.0,249.34,9.6,8,1h+4h,0.52,False,nofill,0.0
2024-12-06 11:30:00-05:00,246.27,248.0,248.06,248.0,249.31,9.6,8,1h+4h,0.403,False,nofill,0.0
2024-12-06 12:30:00-05:00,246.5,248.0,248.06,248.0,249.29,9.6,8,1h+4h,0.35,False,nofill,0.0
2024-12-06 13:30:00-05:00,246.4,248.0,248.06,248.0,249.23,9.6,8,1h+4h,0.373,False,nofill,0.0
2024-12-06 14:30:00-05:00,246.93,248.0,248.06,248.0,249.21,9.6,8,1h+4h,0.249,False,nofill,0.0
2024-12-06 15:30:00-05:00,247.34,248.0,248.06,248.0,249.19,9.6,8,1h+4h,0.155,False,nofill,0.0
2024-12-09 09:30:00-05:00,246.18,248.0,248.06,248.0,249.27,9.6,8,1h+4h,0.425,False,nofill,0.0
2024-12-09 10:30:00-05:00,245.72,248.0,248.06,248.0,249.3,9.6,8,1h+4h,0.535,False,nofill,0.0
2024-12-09 11:30:00-05:00,245.97,248.0,248.06,248.0,249.3,9.6,8,1h+4h,0.476,False,nofill,0.0
2024-12-09 12:30:00-05:00,245.19,248.0,248.06,248.0,249.27,10.6,9,1h+4h,0.659,False,nofill,0.0
2024-12-09 13:30:00-05:00,245.22,248.0,248.06,248.0,249.23,10.6,9,1h+4h,0.653,False,nofill,0.0
2024-12-09 14:30:00-05:00,244.66,248.0,248.06,248.0,249.23,10.6,9,1h+4h,0.783,False,nofill,0.0
2024-12-09 15:30:00-05:00,243.96,248.0,248.06,248.0,249.23,10.6,9,1h+4h,0.947,False,nofill,0.0
2024-12-10 09:30:00-05:00,242.84,248.34,248.4,248.34,249.66,10.6,9,1h+4h,1.262,False,nofill,0.0
2024-12-10 10:30:00-05:00,243.0,248.34,248.4,248.34,249.66,10.6,9,1h+4h,1.225,False,nofill,0.0
2024-12-10 11:30:00-05:00,243.04,248.34,248.4,248.34,249.62,10.6,9,1h+4h,1.216,False,nofill,0.0
2024-12-10 12:30:00-05:00,243.6,248.34,248.41,248.34,249.91,10.6,9,1h+4h,1.088,False,nofill,0.0
2024-12-10 13:30:00-05:00,243.42,248.34,248.41,248.34,249.9,10.6,9,1h+4h,1.129,False,nofill,0.0
2024-12-10 14:30:00-05:00,243.54,248.34,248.41,248.34,249.86,10.6,9,1h+4h,1.102,False,nofill,0.0
2024-12-10 15:30:00-05:00,243.19,248.34,248.41,248.34,249.83,10.6,9,1h+4h,1.182,False,nofill,0.0
2024-12-11 09:30:00-05:00,243.38,248.0,248.07,248.0,249.54,10.6,9,1h+4h,1.102,False,nofill,0.0
2024-12-11 10:30:00-05:00,244.0,248.0,248.07,248.0,249.54,10.6,9,1h+4h,0.954,False,nofill,0.0
2024-12-11 11:30:00-05:00,243.21,248.0,248.07,248.0,249.5,10.6,9,1h+4h,1.143,False,nofill,0.0
2024-12-11 12:30:00-05:00,243.71,248.0,248.07,248.0,249.46,10.6,9,1h+4h,1.024,False,nofill,0.0
2024-12-11 13:30:00-05:00,243.08,248.0,248.07,248.0,249.42,10.6,9,1h+4h,1.174,False,nofill,0.0
2024-12-11 14:30:00-05:00,243.37,248.0,248.07,248.0,249.39,10.6,9,1h+4h,1.105,False,nofill,0.0
2024-12-11 15:30:00-05:00,243.57,248.0,248.06,248.0,249.34,10.6,9,1h+4h,1.057,False,nofill,0.0
2024-12-12 09:30:00-05:00,242.69,248.34,248.41,248.34,249.77,12.4,10,1h+4h,1.377,False,nofill,0.0
2024-12-12 10:30:00-05:00,242.42,248.34,248.41,248.34,249.76,12.4,10,1h+4h,1.443,False,nofill,0.0
2024-12-12 11:30:00-05:00,241.77,248.34,248.41,248.34,249.72,12.4,10,1h+4h,1.601,False,nofill,0.0
2024-12-12 12:30:00-05:00,241.53,248.34,248.4,248.34,249.68,12.4,10,1h+4h,1.66,False,nofill,0.0
2024-12-12 13:30:00-05:00,241.16,248.34,248.4,248.34,249.63,12.4,10,1h+4h,1.75,False,nofill,0.0
2024-12-12 14:30:00-05:00,242.2,248.34,248.4,248.34,249.63,12.4,10,1h+4h,1.495,False,nofill,0.0
2024-12-12 15:30:00-05:00,241.54,248.34,248.4,248.34,249.61,12.4,10,1h+4h,1.657,False,nofill,0.0
2024-12-13 09:30:00-05:00,239.58,247.35,247.42,247.35,248.8,11.4,9,1h+4h,1.915,False,nofill,0.0
2024-12-13 10:30:00-05:00,240.14,248.0,248.07,248.0,249.42,11.4,9,1h+4h,1.938,False,nofill,0.0
2024-12-13 11:30:00-05:00,239.45,247.35,247.42,247.35,248.74,11.4,9,1h+4h,1.947,False,nofill,0.0
2024-12-13 12:30:00-05:00,240.09,248.0,248.06,248.0,249.36,11.4,9,1h+4h,1.95,False,nofill,0.0
2024-12-13 13:30:00-05:00,239.74,247.35,247.41,247.35,248.67,11.4,9,1h+4h,1.875,False,nofill,0.0
2024-12-13 14:30:00-05:00,239.6,247.35,247.41,247.35,248.61,11.4,9,1h+4h,1.909,False,nofill,0.0
2024-12-13 15:30:00-05:00,239.97,248.0,248.06,248.0,249.23,11.4,9,1h+4h,1.979,False,nofill,0.0
2024-12-16 09:30:00-05:00,237.96,238.64,238.71,238.64,240.02,16.6,9,1d+1h+4h,0.171,True,target,0.48868999092719356
2024-12-16 10:30:00-05:00,239.15,239.39,239.46,239.39,240.77,16.6,9,1d+1h+4h,0.06,True,scratch,-0.08731392460490373
2024-12-16 11:30:00-05:00,239.32,247.18,247.24,247.18,248.54,10.4,8,1h+4h,1.973,False,nofill,0.0
2024-12-16 12:30:00-05:00,239.96,247.87,247.93,247.87,249.2,11.4,9,1h+4h,1.985,False,nofill,0.0
2024-12-16 13:30:00-05:00,239.56,247.35,247.41,247.35,248.64,11.4,9,1h+4h,1.955,False,nofill,0.0
2024-12-16 14:30:00-05:00,240.12,248.0,248.06,248.0,249.26,11.4,9,1h+4h,1.977,False,nofill,0.0
2024-12-16 15:30:00-05:00,239.83,247.35,247.41,247.35,248.59,11.4,9,1h+4h,1.888,False,nofill,0.0
2024-12-17 09:30:00-05:00,237.42,238.64,238.71,238.64,240.01,16.6,9,1d+1h+4h,0.314,False,nofill,0.0
2024-12-17 10:30:00-05:00,237.49,238.64,238.7,238.64,239.98,16.6,9,1d+1h+4h,0.295,False,nofill,0.0
2024-12-17 11:30:00-05:00,237.14,239.46,239.52,239.46,240.79,17.6,10,1d+1h+4h,0.594,False,nofill,0.0
2024-12-17 12:30:00-05:00,236.84,239.46,239.52,239.46,240.75,17.6,10,1d+1h+4h,0.671,False,nofill,0.0
2024-12-17 13:30:00-05:00,237.26,239.34,239.4,239.34,240.61,17.6,10,1d+1h+4h,0.533,False,nofill,0.0
2024-12-17 14:30:00-05:00,237.78,239.34,239.4,239.34,240.59,17.6,10,1d+1h+4h,0.4,False,nofill,0.0
2024-12-17 15:30:00-05:00,238.36,239.34,239.4,239.34,240.58,17.6,10,1d+1h+4h,0.251,False,nofill,0.0
2024-12-18 09:30:00-05:00,238.09,239.34,239.4,239.34,240.59,17.6,10,1d+1h+4h,0.292,False,nofill,0.0
2024-12-18 10:30:00-05:00,237.43,239.34,239.4,239.34,240.66,17.6,10,1d+1h+4h,0.446,False,nofill,0.0
2024-12-18 11:30:00-05:00,238.03,239.34,239.4,239.34,240.65,17.6,10,1d+1h+4h,0.307,False,nofill,0.0
2024-12-18 12:30:00-05:00,237.32,238.64,238.7,238.64,239.92,17.6,10,1d+1h+4h,0.308,False,nofill,0.0
2024-12-18 13:30:00-05:00,234.98,239.46,239.53,239.46,240.87,17.6,10,1d+1h+4h,1.046,False,nofill,0.0
2024-12-18 14:30:00-05:00,233.1,239.14,239.22,239.14,240.66,17.6,10,1d+1h+4h,1.411,False,nofill,0.0
2024-12-18 15:30:00-05:00,230.34,238.64,238.72,238.64,240.33,17.6,10,1d+1h+4h,1.938,False,nofill,0.0
2024-12-19 09:30:00-05:00,233.96,239.46,239.55,239.46,241.48,17.6,10,1d+1h+4h,1.254,False,nofill,0.0
2024-12-19 10:30:00-05:00,234.93,239.46,239.56,239.46,241.51,17.6,10,1d+1h+4h,1.032,False,nofill,0.0
2024-12-19 11:30:00-05:00,233.04,239.14,239.24,239.14,241.21,17.6,10,1d+1h+4h,1.389,False,nofill,0.0
2024-12-19 12:30:00-05:00,234.0,239.46,239.55,239.46,241.48,17.6,10,1d+1h+4h,1.244,False,nofill,0.0
2024-12-19 13:30:00-05:00,233.44,239.34,239.43,239.34,241.33,17.6,10,1d+1h+4h,1.345,False,nofill,0.0
2024-12-19 14:30:00-05:00,233.58,239.39,239.48,239.39,241.32,17.6,10,1d+1h+4h,1.324,False,nofill,0.0
2024-12-19 15:30:00-05:00,233.05,239.14,239.23,239.14,241.03,17.6,10,1d+1h+4h,1.388,False,nofill,0.0
2024-12-20 09:30:00-05:00,236.16,238.64,238.74,238.64,240.74,18.6,11,1d+1h+4h,0.54,True,scratch,-0.10187688457918842
2024-12-20 10:30:00-05:00,237.76,238.64,238.74,238.64,240.74,18.6,11,1d+1h+4h,0.192,True,scratch,-0.10182966379429503
2024-12-20 11:30:00-05:00,238.9,239.14,239.24,239.14,241.21,17.6,10,1d+1h+4h,0.053,False,nofill,0.0
2024-12-20 12:30:00-05:00,237.68,238.64,238.74,238.64,240.68,18.6,11,1d+1h+4h,0.209,True,scratch,-0.10070461467789338
2024-12-20 13:30:00-05:00,238.42,238.76,238.85,238.76,240.74,17.6,10,1d+1h+4h,0.075,True,scratch,-0.09941587937339902
2024-12-20 14:30:00-05:00,238.18,238.64,238.73,238.64,240.56,19.6,12,1d+1h+4h,0.1,True,scratch,-0.09815800833089527
2024-12-20 15:30:00-05:00,237.7,238.64,238.73,238.64,240.57,19.6,12,1d+1h+4h,0.204,False,nofill,0.0
2024-12-23 09:30:00-05:00,235.72,238.64,238.74,238.64,240.64,19.6,12,1d+1h+4h,0.644,False,nofill,0.0
2024-12-23 10:30:00-05:00,235.68,238.64,238.73,238.64,240.6,19.6,12,1d+1h+4h,0.652,False,nofill,0.0
2024-12-23 11:30:00-05:00,237.27,238.64,238.73,238.64,240.61,20.6,13,1d+1h+4h,0.302,False,nofill,0.0
2024-12-23 12:30:00-05:00,237.75,238.64,238.73,238.64,240.52,20.6,13,1d+1h+4h,0.196,False,nofill,0.0
2024-12-23 13:30:00-05:00,236.89,238.64,238.73,238.64,240.49,20.6,13,1d+1h+4h,0.386,True,target,0.6780622592714503
2024-12-23 14:30:00-05:00,237.25,238.64,238.72,238.64,240.42,20.6,13,1d+1h+4h,0.307,True,target,0.6483802733192379
2024-12-23 15:30:00-05:00,238.27,238.64,238.72,238.64,240.39,20.6,13,1d+1h+4h,0.082,True,target,0.6387533921357713
2024-12-24 09:30:00-05:00,240.87,248.34,248.43,248.34,250.18,12.4,10,1h+4h,1.664,False,nofill,0.0
2024-12-24 10:30:00-05:00,241.18,248.34,248.43,248.34,250.13,12.4,10,1h+4h,1.596,False,nofill,0.0
2024-12-24 11:30:00-05:00,241.9,248.34,248.42,248.34,250.08,12.4,10,1h+4h,1.434,False,nofill,0.0
2024-12-26 09:30:00-05:00,241.64,248.34,248.42,248.34,250.08,12.4,10,1h+4h,1.544,False,nofill,0.0
2024-12-26 10:30:00-05:00,241.87,248.34,248.42,248.34,250.01,12.4,10,1h+4h,1.49,False,nofill,0.0
2024-12-26 11:30:00-05:00,242.47,248.0,248.08,248.0,249.62,12.4,10,1h+4h,1.275,False,nofill,0.0
2024-12-26 12:30:00-05:00,242.71,248.34,248.41,248.34,249.9,12.4,10,1h+4h,1.297,False,nofill,0.0
2024-12-26 13:30:00-05:00,242.19,248.34,248.41,248.34,249.84,12.4,10,1h+4h,1.417,False,nofill,0.0
2024-12-26 14:30:00-05:00,242.49,248.0,248.07,248.0,249.43,12.4,10,1h+4h,1.27,False,nofill,0.0
2024-12-26 15:30:00-05:00,243.1,247.96,248.03,247.96,249.36,12.4,10,1h+4h,1.12,False,nofill,0.0
2024-12-27 09:30:00-05:00,241.12,248.0,248.07,248.0,249.47,12.4,10,1h+4h,1.615,False,nofill,0.0
2024-12-27 10:30:00-05:00,241.37,248.34,248.41,248.34,249.81,12.4,10,1h+4h,1.636,False,nofill,0.0
2024-12-27 11:30:00-05:00,240.44,248.0,248.07,248.0,249.48,12.4,10,1h+4h,1.775,False,nofill,0.0
2024-12-27 12:30:00-05:00,240.63,248.34,248.41,248.34,249.77,12.4,10,1h+4h,1.81,False,nofill,0.0
2024-12-27 13:30:00-05:00,241.45,248.34,248.41,248.34,249.76,12.4,10,1h+4h,1.617,False,nofill,0.0
2024-12-27 14:30:00-05:00,241.03,248.0,248.07,248.0,249.4,12.4,10,1h+4h,1.636,False,nofill,0.0
2024-12-27 15:30:00-05:00,241.32,248.34,248.41,248.34,249.74,12.4,10,1h+4h,1.648,False,nofill,0.0
2024-12-30 09:30:00-05:00,237.99,239.42,239.5,239.42,241.03,20.6,13,1d+1h+4h,0.338,True,scratch,-0.09204396289715921
2024-12-30 10:30:00-05:00,239.5,240.04,240.12,240.04,241.69,19.0,13,1d+1h,0.127,True,scratch,-0.09265711279879962
2024-12-30 11:30:00-05:00,240.09,243.03,243.11,243.03,244.65,12.6,11,1h+4h,0.695,False,nofill,0.0
2024-12-30 12:30:00-05:00,240.38,243.03,243.11,243.03,244.62,14.4,12,1h+4h,0.626,False,nofill,0.0
2024-12-30 13:30:00-05:00,240.36,243.03,243.11,243.03,244.57,14.4,12,1h+4h,0.631,False,nofill,0.0
2024-12-30 14:30:00-05:00,240.06,243.03,243.1,243.03,244.51,14.4,12,1h+4h,0.703,False,nofill,0.0
2024-12-30 15:30:00-05:00,239.4,240.04,240.11,240.04,241.51,19.0,13,1d+1h,0.151,True,scratch,-0.08911213642868177
2024-12-31 09:30:00-05:00,240.69,242.72,242.79,242.72,244.23,13.4,11,1h+4h,0.494,False,nofill,0.0
2024-12-31 10:30:00-05:00,239.78,240.04,240.11,240.04,241.55,17.0,11,1d+1h,0.062,True,scratch,-0.08984650061319988
2024-12-31 11:30:00-05:00,239.36,240.04,240.11,240.04,241.51,17.0,11,1d+1h,0.166,True,scratch,-0.08918783602264169
2024-12-31 12:30:00-05:00,239.5,240.04,240.11,240.04,241.52,17.0,11,1d+1h,0.133,True,scratch,-0.0892274176848118
2024-12-31 13:30:00-05:00,239.52,240.04,240.11,240.04,241.48,17.0,11,1d+1h,0.127,True,scratch,-0.0885554537599309
2024-12-31 14:30:00-05:00,240.17,242.72,242.78,242.72,244.13,13.4,11,1h+4h,0.621,True,scratch,-0.08775125025400898
2024-12-31 15:30:00-05:00,239.97,240.23,240.3,240.23,241.61,14.0,8,1d+1h,0.063,True,target,0.48572694093254043
2025-01-02 09:30:00-05:00,241.45,242.68,242.75,242.68,244.21,13.4,11,1h+4h,0.302,False,nofill,0.0
2025-01-02 10:30:00-05:00,241.91,242.68,242.75,242.68,244.23,13.4,11,1h+4h,0.188,False,nofill,0.0
2025-01-02 11:30:00-05:00,240.83,242.68,242.76,242.68,244.26,13.4,11,1h+4h,0.454,False,nofill,0.0
2025-01-02 12:30:00-05:00,240.16,242.72,242.79,242.72,244.28,14.4,12,1h+4h,0.628,False,nofill,0.0
2025-01-02 13:30:00-05:00,240.46,242.72,242.79,242.72,244.25,14.4,12,1h+4h,0.554,True,scratch,-0.09013425337464076
2025-01-02 14:30:00-05:00,241.32,242.68,242.75,242.68,244.24,14.4,12,1h+4h,0.334,True,scratch,-0.09053546829754788
2025-01-02 15:30:00-05:00,239.99,242.68,242.75,242.68,244.24,14.4,12,1h+4h,0.661,True,scratch,-0.09054386618877475
2025-01-03 09:30:00-05:00,241.02,242.72,242.8,242.72,244.53,14.4,12,1h+4h,0.412,False,nofill,0.0
2025-01-03 10:30:00-05:00,241.54,242.68,242.77,242.68,244.48,14.4,12,1h+4h,0.276,False,nofill,0.0
2025-01-03 11:30:00-05:00,241.34,242.68,242.76,242.68,244.41,14.4,12,1h+4h,0.325,False,nofill,0.0
2025-01-03 12:30:00-05:00,241.46,242.68,242.76,242.68,244.34,14.4,12,1h+4h,0.296,True,scratch,-0.09256919648142903
2025-01-03 13:30:00-05:00,241.53,242.68,242.76,242.68,244.28,14.4,12,1h+4h,0.279,True,scratch,-0.09127115605642722
2025-01-03 14:30:00-05:00,242.62,243.03,243.11,243.03,244.61,13.4,11,1h+4h,0.101,True,scratch,-0.0908731971766108
2025-01-03 15:30:00-05:00,243.28,248.34,248.41,248.34,249.87,12.4,10,1h+4h,1.229,False,nofill,0.0
2025-01-06 09:30:00-05:00,243.5,248.34,248.42,248.34,250.08,12.4,10,1h+4h,1.159,False,nofill,0.0
2025-01-06 10:30:00-05:00,244.55,248.34,248.43,248.34,250.17,12.4,10,1h+4h,0.907,False,nofill,0.0
2025-01-06 11:30:00-05:00,244.02,248.34,248.43,248.34,250.17,12.4,10,1h+4h,1.033,False,nofill,0.0
2025-01-06 12:30:00-05:00,243.18,248.34,248.43,248.34,250.15,12.4,10,1h+4h,1.235,False,nofill,0.0
2025-01-06 13:30:00-05:00,241.93,242.68,242.77,242.68,244.47,14.4,12,1h+4h,0.18,True,scratch,-0.09499164245176939
2025-01-06 14:30:00-05:00,241.51,242.68,242.76,242.68,244.43,14.4,12,1h+4h,0.28,True,scratch,-0.09431416689753558
2025-01-06 15:30:00-05:00,240.97,242.68,242.76,242.68,244.4,14.4,12,1h+4h,0.409,True,scratch,-0.0936411275726523
2025-01-07 09:30:00-05:00,243.53,248.34,248.43,248.34,250.18,12.4,10,1h+4h,1.149,False,nofill,0.0
2025-01-07 10:30:00-05:00,244.82,248.34,248.43,248.34,250.24,12.4,10,1h+4h,0.841,False,nofill,0.0
2025-01-07 11:30:00-05:00,244.64,248.34,248.43,248.34,250.18,12.4,10,1h+4h,0.885,False,nofill,0.0
2025-01-07 12:30:00-05:00,244.88,248.0,248.08,248.0,249.78,12.4,10,1h+4h,0.746,False,nofill,0.0
2025-01-07 13:30:00-05:00,243.97,248.0,248.08,248.0,249.75,12.4,10,1h+4h,0.963,False,nofill,0.0
2025-01-07 14:30:00-05:00,242.54,243.03,243.12,243.03,244.78,13.4,11,1h+4h,0.118,True,scratch,-0.09423387473654898
2025-01-07 15:30:00-05:00,243.23,248.34,248.42,248.34,250.03,12.4,10,1h+4h,1.221,False,nofill,0.0
2025-01-08 09:30:00-05:00,240.67,242.68,242.77,242.68,244.53,14.4,12,1h+4h,0.485,True,scratch,-0.0963411222689392
2025-01-08 10:30:00-05:00,242.23,242.68,242.77,242.68,244.53,14.4,12,1h+4h,0.109,True,scratch,-0.09630228094237303
2025-01-08 11:30:00-05:00,241.96,242.68,242.77,242.68,244.49,14.4,12,1h+4h,0.175,True,scratch,-0.09544316892641236
2025-01-08 12:30:00-05:00,242.59,243.03,243.12,243.03,244.79,13.4,11,1h+4h,0.107,True,scratch,-0.0943086506089652
2025-01-08 13:30:00-05:00,242.9,248.34,248.42,248.34,250.05,12.4,10,1h+4h,1.313,False,nofill,0.0
2025-01-08 14:30:00-05:00,243.01,248.34,248.42,248.34,250.0,12.4,10,1h+4h,1.286,False,nofill,0.0
2025-01-08 15:30:00-05:00,243.04,248.34,248.42,248.34,249.93,12.4,10,1h+4h,1.278,False,nofill,0.0
2025-01-10 09:30:00-05:00,241.04,242.68,242.77,242.68,244.49,14.4,12,1h+4h,0.39,False,nofill,0.0
2025-01-10 10:30:00-05:00,239.61,240.04,240.13,240.04,241.88,23.0,17,1d+1h,0.102,True,scratch,-0.09641641149834568
2025-01-10 11:30:00-05:00,239.64,240.04,240.13,240.04,241.84,23.0,17,1d+1h,0.095,True,scratch,-0.09556822307354995
2025-01-10 12:30:00-05:00,240.95,242.68,242.77,242.68,244.48,14.4,12,1h+4h,0.412,False,nofill,0.0
2025-01-10 13:30:00-05:00,240.18,242.68,242.76,242.68,244.45,14.4,12,1h+4h,0.594,True,scratch,-0.09464356225581394
2025-01-10 14:30:00-05:00,239.59,240.04,240.12,240.04,241.77,23.0,17,1d+1h,0.107,True,scratch,-0.09429070453200739
2025-01-10 15:30:00-05:00,239.92,240.23,240.31,240.23,241.91,18.0,12,1d+1h,0.074,True,target,0.6034774031502321
2025-01-13 09:30:00-05:00,242.51,243.03,243.13,243.03,244.98,16.4,14,1h+4h,0.122,True,scratch,-0.09809182900308855
2025-01-13 10:30:00-05:00,242.67,243.03,243.13,243.03,244.94,16.4,14,1h+4h,0.085,True,scratch,-0.09736654858234495
2025-01-13 11:30:00-05:00,242.15,243.03,243.12,243.03,244.91,16.4,14,1h+4h,0.206,True,scratch,-0.09670774001072635
2025-01-13 12:30:00-05:00,242.75,243.03,243.12,243.03,244.87,16.4,14,1h+4h,0.066,True,scratch,-0.095919872560013
2025-01-13 13:30:00-05:00,243.24,244.84,244.92,244.84,246.6,13.8,11,1d+1h+4h,0.373,True,scratch,-0.0942002284723853
2025-01-13 14:30:00-05:00,243.69,244.84,244.92,244.84,246.56,13.8,11,1d+1h+4h,0.268,True,scratch,-0.09334481721546828
2025-01-13 15:30:00-05:00,244.16,244.84,244.92,244.84,246.51,13.8,11,1d+1h+4h,0.159,True,scratch,-0.09236110231595207
2025-01-14 09:30:00-05:00,245.32,247.96,248.05,247.96,249.78,12.4,10,1h+4h,0.605,False,nofill,0.0
2025-01-14 10:30:00-05:00,244.72,245.03,245.12,245.03,246.85,12.8,10,1d+1h+4h,0.072,True,target,0.6461174459619468
2025-01-14 11:30:00-05:00,244.62,244.84,244.93,244.84,246.64,13.8,11,1d+1h+4h,0.05,True,target,0.6396200530221385
2025-01-14 12:30:00-05:00,245.06,247.96,248.04,247.96,249.74,12.4,10,1h+4h,0.665,False,nofill,0.0
2025-01-14 13:30:00-05:00,245.92,247.96,248.04,247.96,249.73,12.4,10,1h+4h,0.469,True,target,0.6175874629239297
2025-01-14 14:30:00-05:00,246.04,247.96,248.04,247.96,249.69,12.4,10,1h+4h,0.439,True,target,0.6040172897093354
2025-01-14 15:30:00-05:00,247.22,247.96,248.04,247.96,249.74,12.4,10,1h+4h,0.17,True,target,0.6247894134039811
2025-02-04 12:30:00-05:00,267.48,269.84,269.92,269.84,271.5,6.6,5,1h+4h,0.537,False,nofill,0.0
2025-02-04 13:30:00-05:00,267.89,269.84,269.92,269.84,271.46,6.6,5,1h+4h,0.445,True,scratch,-0.08863196676351937
2025-02-04 14:30:00-05:00,267.54,269.84,269.91,269.84,271.41,6.6,5,1h+4h,0.526,True,scratch,-0.08767014479889035
2025-02-04 15:30:00-05:00,267.89,269.84,269.91,269.84,271.35,6.6,5,1h+4h,0.445,True,scratch,-0.08662497384466228
2025-02-05 09:30:00-05:00,270.32,270.68,270.76,270.68,272.29,6.6,5,1h+4h,0.085,False,nofill,0.0
2025-02-05 10:30:00-05:00,269.38,269.84,269.92,269.84,271.43,6.6,5,1h+4h,0.107,False,nofill,0.0
2025-02-05 11:30:00-05:00,269.01,269.84,269.91,269.84,271.39,6.6,5,1h+4h,0.195,True,target,0.4868636099317092
2025-02-05 12:30:00-05:00,269.2,269.84,269.91,269.84,271.33,6.6,5,1h+4h,0.15,True,target,0.46672383897714553
2025-02-05 13:30:00-05:00,269.6,269.84,269.91,269.84,271.28,6.6,5,1h+4h,0.056,True,target,0.4473559363426416
2025-02-05 14:30:00-05:00,270.35,270.64,270.71,270.64,272.07,6.6,5,1h+4h,0.068,True,target,0.44321582978739116
2025-02-05 15:30:00-05:00,270.43,270.68,270.75,270.68,272.05,6.6,5,1h+4h,0.059,True,target,0.42027399367534635
2025-02-10 10:30:00-05:00,270.19,270.64,270.72,270.64,272.4,6.6,5,1h+4h,0.1,True,scratch,-0.0909420921883064
2025-02-10 11:30:00-05:00,269.96,270.64,270.72,270.64,272.38,6.6,5,1h+4h,0.151,True,scratch,-0.09056338163224709
2025-02-11 09:30:00-05:00,270.35,270.64,270.72,270.64,272.28,7.6,6,1h+4h,0.063,True,target,0.5173085593022986
2025-02-20 10:30:00-05:00,267.94,269.74,269.83,269.74,271.67,12.4,8,1d+1h+4h,0.374,False,nofill,0.0
2025-02-20 11:30:00-05:00,268.14,269.74,269.83,269.74,271.7,12.4,8,1d+1h+4h,0.333,False,nofill,0.0
2025-02-20 12:30:00-05:00,266.35,269.74,269.84,269.74,271.75,12.4,8,1d+1h+4h,0.704,False,nofill,0.0
2025-02-20 13:30:00-05:00,266.8,269.74,269.84,269.74,271.75,12.4,8,1d+1h+4h,0.61,False,nofill,0.0
2025-02-20 14:30:00-05:00,267.97,269.74,269.84,269.74,271.74,12.4,8,1d+1h+4h,0.367,False,nofill,0.0
2025-02-20 15:30:00-05:00,266.86,269.74,269.83,269.74,271.71,12.4,8,1d+1h+4h,0.598,False,nofill,0.0
2025-02-21 09:30:00-05:00,267.53,269.74,269.83,269.74,271.73,12.4,8,1d+1h+4h,0.45,False,nofill,0.0
2025-02-21 10:30:00-05:00,268.58,269.74,269.83,269.74,271.72,12.4,8,1d+1h+4h,0.236,False,nofill,0.0
2025-02-21 11:30:00-05:00,267.93,269.74,269.83,269.74,271.68,12.4,8,1d+1h+4h,0.368,False,nofill,0.0
2025-02-21 12:30:00-05:00,264.64,270.35,270.44,270.35,272.4,12.4,8,1d+1h+4h,1.161,False,nofill,0.0
2025-02-21 13:30:00-05:00,263.02,269.74,269.84,269.74,271.83,12.4,8,1d+1h+4h,1.366,False,nofill,0.0
2025-02-21 14:30:00-05:00,263.76,269.74,269.84,269.74,271.76,13.4,9,1d+1h+4h,1.217,False,nofill,0.0
2025-02-21 15:30:00-05:00,264.24,269.84,269.93,269.84,271.78,13.4,9,1d+1h+4h,1.139,False,nofill,0.0
2025-02-24 09:30:00-05:00,260.94,270.82,270.94,270.82,273.25,15.4,9,1d+1h+4h,1.92,False,nofill,0.0
2025-02-24 10:30:00-05:00,262.04,270.82,270.94,270.82,273.29,15.4,9,1d+1h+4h,1.706,False,nofill,0.0
2025-02-24 11:30:00-05:00,261.67,270.82,270.94,270.82,273.25,15.4,9,1d+1h+4h,1.778,False,nofill,0.0
2025-02-24 12:30:00-05:00,262.57,270.82,270.93,270.82,273.2,15.4,9,1d+1h+4h,1.603,False,nofill,0.0
2025-02-24 13:30:00-05:00,261.9,270.82,270.93,270.82,273.16,15.4,9,1d+1h+4h,1.734,False,nofill,0.0
2025-02-24 14:30:00-05:00,261.65,270.82,270.93,270.82,273.08,15.4,9,1d+1h+4h,1.781,False,nofill,0.0
2025-02-24 15:30:00-05:00,261.36,270.82,270.92,270.82,273.01,15.4,9,1d+1h+4h,1.839,False,nofill,0.0
2025-02-25 09:30:00-05:00,256.41,262.84,262.96,262.84,265.4,10.6,7,1d+1h+4h,1.181,False,nofill,0.0
2025-02-25 10:30:00-05:00,254.92,262.84,262.97,262.84,265.44,10.6,7,1d+1h+4h,1.455,False,nofill,0.0
2025-02-25 11:30:00-05:00,255.94,262.84,262.97,262.84,265.46,10.6,7,1d+1h+4h,1.268,False,nofill,0.0
2025-02-25 12:30:00-05:00,256.82,262.84,262.97,262.84,265.43,11.6,8,1d+1h+4h,1.106,False,nofill,0.0
2025-02-25 13:30:00-05:00,257.5,262.84,262.96,262.84,265.4,11.6,8,1d+1h+4h,0.982,False,nofill,0.0
2025-02-25 14:30:00-05:00,258.74,269.59,269.71,269.59,272.09,13.4,9,1d+1h+4h,1.992,False,nofill,0.0
2025-02-25 15:30:00-05:00,257.42,262.84,262.96,262.84,265.3,11.6,8,1d+1h+4h,0.996,False,nofill,0.0
2025-02-26 09:30:00-05:00,259.84,270.35,270.47,270.35,272.9,13.4,9,1d+1h+4h,1.97,False,nofill,0.0
2025-02-26 10:30:00-05:00,259.29,269.84,269.96,269.84,272.35,13.4,9,1d+1h+4h,1.978,False,nofill,0.0
2025-02-26 11:30:00-05:00,260.11,270.68,270.8,270.68,273.11,15.4,9,1d+1h+4h,1.982,False,nofill,0.0
2025-02-26 12:30:00-05:00,258.56,263.0,263.11,263.0,265.39,11.6,8,1d+1h+4h,0.833,False,nofill,0.0
2025-02-26 13:30:00-05:00,258.48,263.0,263.11,263.0,265.28,11.6,8,1d+1h+4h,0.847,True,scratch,-0.10114419593061363
2025-02-26 14:30:00-05:00,258.66,263.0,263.1,263.0,265.19,11.6,8,1d+1h+4h,0.814,True,scratch,-0.09953412936770656
2025-02-26 15:30:00-05:00,258.83,263.0,263.1,263.0,265.12,11.6,8,1d+1h+4h,0.781,True,scratch,-0.09828312023792973
2025-02-27 09:30:00-05:00,262.51,270.82,270.93,270.82,273.15,15.4,9,1d+1h+4h,1.552,False,nofill,0.0
2025-02-27 10:30:00-05:00,261.84,270.82,270.93,270.82,273.09,15.4,9,1d+1h+4h,1.677,False,nofill,0.0
2025-02-27 11:30:00-05:00,262.34,270.82,270.92,270.82,273.01,15.4,9,1d+1h+4h,1.584,False,nofill,0.0
2025-02-27 12:30:00-05:00,262.03,270.68,270.78,270.68,272.79,15.4,9,1d+1h+4h,1.616,False,nofill,0.0
2025-02-27 13:30:00-05:00,260.57,270.82,270.92,270.82,272.92,15.4,9,1d+1h+4h,1.916,False,nofill,0.0
2025-02-27 14:30:00-05:00,257.95,262.84,262.95,262.84,265.0,12.6,9,1d+1h+4h,0.914,False,nofill,0.0
2025-02-27 15:30:00-05:00,259.15,269.84,269.94,269.84,271.95,13.4,9,1d+1h+4h,1.997,False,nofill,0.0
2025-02-28 09:30:00-05:00,261.68,270.82,270.93,270.82,273.04,15.4,9,1d+1h+4h,1.676,False,nofill,0.0
2025-02-28 10:30:00-05:00,261.06,270.82,270.92,270.82,272.98,15.4,9,1d+1h+4h,1.791,False,nofill,0.0
2025-02-28 11:30:00-05:00,260.1,270.82,270.92,270.82,272.96,15.4,9,1d+1h+4h,1.967,False,nofill,0.0
2025-02-28 12:30:00-05:00,259.01,269.84,269.94,269.84,272.01,13.4,9,1d+1h+4h,1.987,False,nofill,0.0
2025-02-28 13:30:00-05:00,260.28,270.82,270.92,270.82,272.96,15.4,9,1d+1h+4h,1.934,False,nofill,0.0
2025-02-28 14:30:00-05:00,262.44,270.82,270.92,270.82,272.99,15.4,9,1d+1h+4h,1.537,False,nofill,0.0
2025-02-28 15:30:00-05:00,264.59,270.82,270.93,270.82,273.05,15.4,9,1d+1h+4h,1.143,False,nofill,0.0
2025-03-03 09:30:00-05:00,265.28,270.64,270.75,270.64,272.93,15.4,9,1d+1h+4h,0.949,False,nofill,0.0
2025-03-03 10:30:00-05:00,264.34,270.82,270.93,270.82,273.09,15.4,9,1d+1h+4h,1.147,False,nofill,0.0
2025-03-03 11:30:00-05:00,264.13,270.82,270.93,270.82,273.05,15.4,9,1d+1h+4h,1.184,False,nofill,0.0
2025-03-03 12:30:00-05:00,261.3,270.82,270.93,270.82,273.14,15.4,9,1d+1h+4h,1.685,False,nofill,0.0
2025-03-03 13:30:00-05:00,262.29,270.82,270.93,270.82,273.11,15.4,9,1d+1h+4h,1.509,False,nofill,0.0
2025-03-03 14:30:00-05:00,258.18,262.84,262.96,262.84,265.34,12.6,9,1d+1h+4h,0.824,False,nofill,0.0
2025-03-03 15:30:00-05:00,260.64,270.82,270.94,270.82,273.35,15.4,9,1d+1h+4h,1.802,False,nofill,0.0
2025-03-04 09:30:00-05:00,248.98,253.35,253.51,253.35,256.72,9.6,6,1d+1h+4h,0.698,False,nofill,0.0
2025-03-04 10:30:00-05:00,246.54,247.18,247.34,247.18,250.58,17.2,12,1d+1h+4h,0.102,True,target,1.2482972570821316
2025-03-04 11:30:00-05:00,250.21,262.64,262.81,262.64,266.12,12.6,9,1d+1h+4h,1.985,False,nofill,0.0
2025-03-04 12:30:00-05:00,250.92,263.01,263.17,263.01,266.46,12.6,9,1d+1h+4h,1.93,False,nofill,0.0
2025-03-04 13:30:00-05:00,252.44,261.7,261.86,261.7,265.12,12.6,9,1d+1h+4h,1.478,False,nofill,0.0
2025-03-04 14:30:00-05:00,253.51,261.7,261.86,261.7,265.08,12.6,9,1d+1h+4h,1.308,False,nofill,0.0
2025-03-04 15:30:00-05:00,250.23,262.64,262.81,262.64,266.12,12.6,9,1d+1h+4h,1.981,False,nofill,0.0
2025-03-05 09:30:00-05:00,249.52,261.7,261.87,261.7,265.24,12.6,9,1d+1h+4h,1.972,False,nofill,0.0
2025-03-05 10:30:00-05:00,248.91,253.35,253.52,253.35,256.85,10.6,7,1d+1h+4h,0.719,False,nofill,0.0
2025-03-05 11:30:00-05:00,250.14,261.7,261.86,261.7,265.14,12.6,9,1d+1h+4h,1.87,False,nofill,0.0
2025-03-05 12:30:00-05:00,250.16,261.7,261.86,261.7,265.01,12.6,9,1d+1h+4h,1.868,False,nofill,0.0
2025-03-05 13:30:00-05:00,251.64,263.01,263.17,263.01,266.31,12.6,9,1d+1h+4h,1.839,False,nofill,0.0
2025-03-05 14:30:00-05:00,252.63,261.7,261.85,261.7,264.88,12.6,9,1d+1h+4h,1.468,False,nofill,0.0
2025-03-05 15:30:00-05:00,251.44,263.01,263.16,263.01,266.14,12.6,9,1d+1h+4h,1.873,False,nofill,0.0
2025-03-06 09:30:00-05:00,247.52,247.87,248.04,247.87,251.35,14.4,12,1h+4h,0.056,True,scratch,-0.12672718809481065
2025-03-06 10:30:00-05:00,247.82,248.34,248.5,248.34,251.76,13.4,11,1h+4h,0.084,False,nofill,0.0
2025-03-06 11:30:00-05:00,245.01,247.18,247.34,247.18,250.63,20.0,14,1d+1h+4h,0.346,False,nofill,0.0
2025-03-06 12:30:00-05:00,246.24,247.18,247.34,247.18,250.56,20.0,14,1d+1h+4h,0.15,False,nofill,0.0
2025-03-06 13:30:00-05:00,245.09,247.18,247.34,247.18,250.44,20.0,14,1d+1h+4h,0.333,False,nofill,0.0
2025-03-06 14:30:00-05:00,246.0,247.18,247.33,247.18,250.4,20.0,14,1d+1h+4h,0.189,False,nofill,0.0
2025-03-06 15:30:00-05:00,246.49,247.18,247.33,247.18,250.26,20.0,14,1d+1h+4h,0.11,False,nofill,0.0
2025-03-07 09:30:00-05:00,242.94,244.84,244.99,244.84,248.05,24.4,18,1d+1h+4h,0.3,False,nofill,0.0
2025-03-07 10:30:00-05:00,239.93,240.67,240.82,240.67,243.88,28.6,21,1d+1h+4h,0.117,True,scratch,-0.12347829856886872
2025-03-07 11:30:00-05:00,240.42,240.84,240.99,240.84,243.96,25.6,18,1d+1h+4h,0.066,True,scratch,-0.12163998282817001
2025-03-07 12:30:00-05:00,242.06,244.88,245.03,244.88,248.0,24.4,18,1d+1h+4h,0.446,False,nofill,0.0
2025-03-07 13:30:00-05:00,243.12,244.84,244.98,244.84,247.87,24.4,18,1d+1h+4h,0.271,False,nofill,0.0
2025-03-07 14:30:00-05:00,241.75,244.88,245.02,244.88,247.82,24.4,18,1d+1h+4h,0.495,False,nofill,0.0
2025-03-07 15:30:00-05:00,242.0,244.88,245.02,244.88,247.75,24.4,18,1d+1h+4h,0.455,False,nofill,0.0
2025-03-10 09:30:00-04:00,234.03,240.04,240.2,240.04,243.33,34.4,24,1d+1h+4h,0.882,False,nofill,0.0
2025-03-10 10:30:00-04:00,233.0,240.04,240.19,240.04,243.25,34.4,24,1d+1h+4h,1.032,False,nofill,0.0
2025-03-10 11:30:00-04:00,231.96,240.04,240.19,240.04,243.22,34.4,24,1d+1h+4h,1.186,False,nofill,0.0
2025-03-10 12:30:00-04:00,230.71,239.45,239.6,239.45,242.52,34.4,24,1d+1h+4h,1.282,False,nofill,0.0
2025-03-10 13:30:00-04:00,230.47,240.04,240.18,240.04,243.01,34.4,24,1d+1h+4h,1.404,False,nofill,0.0
2025-03-10 14:30:00-04:00,231.07,239.45,239.59,239.45,242.44,34.4,24,1d+1h+4h,1.229,False,nofill,0.0
2025-03-10 15:30:00-04:00,232.21,239.45,239.59,239.45,242.37,34.4,24,1d+1h+4h,1.062,False,nofill,0.0
2025-03-11 09:30:00-04:00,228.8,239.45,239.6,239.45,242.54,34.4,24,1d+1h+4h,1.569,False,nofill,0.0
2025-03-11 10:30:00-04:00,228.83,239.45,239.6,239.45,242.51,34.4,24,1d+1h+4h,1.564,False,nofill,0.0
2025-03-11 11:30:00-04:00,228.45,239.42,239.56,239.42,242.43,34.4,24,1d+1h+4h,1.615,False,nofill,0.0
2025-03-11 12:30:00-04:00,226.86,240.04,240.18,240.04,242.99,34.4,24,1d+1h+4h,1.941,False,nofill,0.0
2025-03-11 13:30:00-04:00,227.99,239.39,239.53,239.39,242.3,34.4,24,1d+1h+4h,1.679,False,nofill,0.0
2025-03-11 14:30:00-04:00,229.63,239.39,239.53,239.39,242.33,34.4,24,1d+1h+4h,1.438,False,nofill,0.0
2025-03-11 15:30:00-04:00,229.12,240.04,240.18,240.04,242.89,34.4,24,1d+1h+4h,1.608,False,nofill,0.0
2025-03-12 09:30:00-04:00,229.74,239.39,239.54,239.39,242.43,34.4,24,1d+1h+4h,1.42,False,nofill,0.0
2025-03-12 10:30:00-04:00,229.52,239.39,239.53,239.39,242.41,34.4,24,1d+1h+4h,1.453,False,nofill,0.0
2025-03-12 11:30:00-04:00,230.6,240.04,240.18,240.04,242.99,34.4,24,1d+1h+4h,1.39,False,nofill,0.0
2025-03-12 12:30:00-04:00,230.98,239.39,239.53,239.39,242.21,34.4,24,1d+1h+4h,1.237,False,nofill,0.0
2025-03-12 13:30:00-04:00,230.14,239.45,239.58,239.45,242.23,34.4,24,1d+1h+4h,1.371,False,nofill,0.0
2025-03-12 14:30:00-04:00,229.22,240.04,240.17,240.04,242.76,34.4,24,1d+1h+4h,1.593,False,nofill,0.0
2025-03-12 15:30:00-04:00,227.89,239.42,239.55,239.42,242.1,34.4,24,1d+1h+4h,1.697,False,nofill,0.0
2025-03-13 09:30:00-04:00,228.06,239.42,239.56,239.42,242.29,34.4,24,1d+1h+4h,1.702,False,nofill,0.0
2025-03-13 10:30:00-04:00,227.23,240.04,240.17,240.04,242.81,34.4,24,1d+1h+4h,1.919,False,nofill,0.0
2025-03-13 11:30:00-04:00,225.42,238.76,238.89,238.76,241.53,33.2,22,1d+1h+4h,1.999,False,nofill,0.0
2025-03-13 12:30:00-04:00,225.2,238.45,238.58,238.45,241.15,33.2,22,1d+1h+4h,1.986,False,nofill,0.0
2025-03-13 13:30:00-04:00,225.68,238.45,238.58,238.45,241.08,33.2,22,1d+1h+4h,1.914,False,nofill,0.0
2025-03-13 14:30:00-04:00,225.24,238.45,238.57,238.45,240.99,33.2,22,1d+1h+4h,1.979,False,nofill,0.0
2025-03-13 15:30:00-04:00,225.14,238.45,238.57,238.45,240.92,33.2,22,1d+1h+4h,1.995,False,nofill,0.0
2025-03-14 09:30:00-04:00,230.42,239.45,239.58,239.45,242.22,34.4,24,1d+1h+4h,1.338,False,nofill,0.0
2025-03-14 10:30:00-04:00,232.13,239.42,239.55,239.42,242.16,34.4,24,1d+1h+4h,1.08,False,nofill,0.0
2025-03-14 11:30:00-04:00,231.82,240.04,240.17,240.04,242.7,34.4,24,1d+1h+4h,1.218,False,nofill,0.0
2025-03-14 12:30:00-04:00,232.63,240.04,240.16,240.04,242.61,34.4,24,1d+1h+4h,1.098,False,nofill,0.0
2025-03-14 13:30:00-04:00,232.08,239.42,239.54,239.42,241.89,34.4,24,1d+1h+4h,1.088,False,nofill,0.0
2025-03-14 14:30:00-04:00,232.14,239.42,239.53,239.42,241.78,34.4,24,1d+1h+4h,1.079,False,nofill,0.0
2025-03-14 15:30:00-04:00,232.37,239.42,239.53,239.42,241.7,34.4,24,1d+1h+4h,1.045,False,nofill,0.0
2025-03-17 09:30:00-04:00,231.74,240.04,240.15,240.04,242.39,34.4,24,1d+1h+4h,1.252,False,nofill,0.0
2025-03-17 10:30:00-04:00,233.36,240.04,240.15,240.04,242.39,34.4,24,1d+1h+4h,1.007,False,nofill,0.0
2025-03-17 11:30:00-04:00,232.97,240.04,240.15,240.04,242.3,34.4,24,1d+1h+4h,1.067,False,nofill,0.0
2025-03-17 12:30:00-04:00,233.93,239.46,239.56,239.46,241.65,34.4,24,1d+1h+4h,0.834,False,nofill,0.0
2025-03-17 13:30:00-04:00,234.63,239.46,239.56,239.46,241.57,34.4,24,1d+1h+4h,0.729,False,nofill,0.0
2025-03-17 14:30:00-04:00,235.52,240.04,240.14,240.04,242.08,34.4,24,1d+1h+4h,0.682,False,nofill,0.0
2025-03-17 15:30:00-04:00,234.02,240.04,240.14,240.04,242.07,34.4,24,1d+1h+4h,0.908,False,nofill,0.0
2025-03-18 09:30:00-04:00,234.74,239.39,239.49,239.39,241.44,33.4,23,1d+1h+4h,0.734,False,nofill,0.0
2025-03-18 10:30:00-04:00,234.66,239.46,239.55,239.46,241.45,33.4,23,1d+1h+4h,0.757,False,nofill,0.0
2025-03-18 11:30:00-04:00,234.96,239.46,239.55,239.46,241.4,33.4,23,1d+1h+4h,0.71,False,nofill,0.0
2025-03-18 12:30:00-04:00,233.93,239.46,239.55,239.46,241.38,33.4,23,1d+1h+4h,0.872,False,nofill,0.0
2025-03-18 13:30:00-04:00,234.28,239.46,239.55,239.46,241.33,33.4,23,1d+1h+4h,0.817,False,nofill,0.0
2025-03-18 14:30:00-04:00,235.01,239.39,239.48,239.39,241.2,33.4,23,1d+1h+4h,0.691,False,nofill,0.0
2025-03-18 15:30:00-04:00,235.02,239.39,239.48,239.39,241.16,33.4,23,1d+1h+4h,0.69,False,nofill,0.0
2025-03-19 09:30:00-04:00,237.0,239.46,239.55,239.46,241.35,34.4,24,1d+1h+4h,0.384,False,nofill,0.0
2025-03-19 10:30:00-04:00,237.48,240.04,240.13,240.04,241.89,34.4,24,1d+1h+4h,0.4,False,nofill,0.0
2025-03-19 11:30:00-04:00,238.55,240.04,240.13,240.04,241.88,34.4,24,1d+1h+4h,0.233,True,scratch,-0.09650363969659903
2025-03-19 12:30:00-04:00,238.08,240.04,240.12,240.04,241.82,34.4,24,1d+1h+4h,0.306,True,scratch,-0.09527016915451547
2025-03-19 13:30:00-04:00,239.05,239.45,239.54,239.45,241.26,34.4,24,1d+1h+4h,0.062,True,scratch,-0.09601885219922002
2025-03-19 14:30:00-04:00,239.69,240.04,240.13,240.04,241.97,34.4,24,1d+1h+4h,0.055,True,scratch,-0.0982371464634868
2025-03-19 15:30:00-04:00,239.23,240.04,240.13,240.04,241.97,34.4,24,1d+1h+4h,0.127,True,scratch,-0.09820986869900628
2025-03-20 09:30:00-04:00,240.48,240.84,240.94,240.84,243.0,26.6,19,1d+1h+4h,0.058,True,scratch,-0.10265563117185517
2025-03-20 10:30:00-04:00,240.9,244.88,244.98,244.88,246.99,25.4,19,1d+1h+4h,0.629,False,nofill,0.0
2025-03-20 11:30:00-04:00,240.5,240.84,240.94,240.84,242.86,27.6,20,1d+1h+4h,0.054,False,nofill,0.0
2025-03-20 12:30:00-04:00,239.15,240.04,240.14,240.04,242.04,31.4,23,1d+1h+4h,0.141,False,nofill,0.0
2025-03-20 13:30:00-04:00,238.98,239.34,239.43,239.34,241.28,33.4,23,1d+1h+4h,0.057,True,scratch,-0.09854158246610512
2025-03-20 14:30:00-04:00,239.29,240.04,240.13,240.04,241.95,31.4,23,1d+1h+4h,0.118,True,scratch,-0.09774928144941075
2025-03-20 15:30:00-04:00,238.98,239.34,239.43,239.34,241.19,33.4,23,1d+1h+4h,0.057,True,scratch,-0.09676395317292918
2025-03-21 09:30:00-04:00,238.52,239.34,239.43,239.34,241.24,33.4,23,1d+1h+4h,0.131,True,scratch,-0.09783333810425843
2025-03-21 10:30:00-04:00,239.41,240.04,240.13,240.04,241.95,31.4,23,1d+1h+4h,0.1,True,scratch,-0.09786617014587717
2025-03-21 11:30:00-04:00,240.23,240.67,240.76,240.67,242.6,29.6,22,1d+1h+4h,0.07,True,target,0.7042568356802059
2025-03-21 12:30:00-04:00,241.09,244.88,244.97,244.88,246.81,25.4,19,1d+1h+4h,0.604,False,nofill,0.0
2025-03-21 13:30:00-04:00,241.24,244.88,244.97,244.88,246.78,25.4,19,1d+1h+4h,0.58,True,target,0.6791634675294977
2025-03-21 14:30:00-04:00,241.54,244.88,244.97,244.88,246.72,25.4,19,1d+1h+4h,0.533,True,target,0.6554668380901685
2025-03-21 15:30:00-04:00,241.61,244.88,244.96,244.88,246.65,25.4,19,1d+1h+4h,0.521,True,target,0.6294334843962357
2025-03-24 09:30:00-04:00,246.97,247.35,247.45,247.35,249.43,18.2,13,1d+1h+4h,0.06,True,scratch,-0.09989109892171166
2025-03-24 10:30:00-04:00,247.62,247.96,248.06,247.96,249.99,13.4,11,1h+4h,0.054,False,nofill,0.0
2025-03-24 11:30:00-04:00,246.72,247.18,247.27,247.18,249.15,20.0,14,1d+1h+4h,0.073,True,target,0.6979883589406155
2025-03-24 12:30:00-04:00,246.55,247.18,247.27,247.18,249.06,20.0,14,1d+1h+4h,0.1,True,target,0.6645011717155036
2025-03-24 13:30:00-04:00,246.96,247.35,247.44,247.35,249.17,19.2,14,1d+1h+4h,0.062,True,target,0.6388407560675713
2025-03-24 14:30:00-04:00,248.32,248.77,248.86,248.77,250.59,14.4,12,1h+4h,0.071,True,target,0.6353786000006245
2025-03-24 15:30:00-04:00,247.99,248.34,248.42,248.34,250.08,14.4,12,1h+4h,0.055,True,target,0.6083909954613276
2025-03-25 09:30:00-04:00,249.37,253.05,253.14,253.05,254.86,13.4,9,1d+1h+4h,0.597,False,nofill,0.0
2025-03-25 10:30:00-04:00,249.94,253.05,253.13,253.05,254.82,13.4,9,1d+1h+4h,0.504,False,nofill,0.0
2025-03-25 11:30:00-04:00,249.76,253.05,253.13,253.05,254.76,13.4,9,1d+1h+4h,0.534,False,nofill,0.0
2025-03-25 12:30:00-04:00,249.81,253.05,253.13,253.05,254.7,13.4,9,1d+1h+4h,0.526,False,nofill,0.0
2025-03-25 13:30:00-04:00,250.1,253.05,253.13,253.05,254.64,13.4,9,1d+1h+4h,0.479,True,scratch,-0.08983594984427468
2025-03-25 14:30:00-04:00,250.64,253.05,253.12,253.05,254.62,13.4,9,1d+1h+4h,0.39,True,scratch,-0.08948019639326565
2025-03-25 15:30:00-04:00,251.16,253.05,253.12,253.05,254.6,13.4,9,1d+1h+4h,0.307,True,scratch,-0.08903016939064701
2025-03-26 09:30:00-04:00,254.14,261.7,261.78,261.7,263.38,12.6,9,1d+1h+4h,1.247,False,nofill,0.0
2025-03-26 10:30:00-04:00,253.18,261.7,261.78,261.7,263.39,12.6,9,1d+1h+4h,1.406,False,nofill,0.0
2025-03-26 11:30:00-04:00,252.46,253.05,253.13,253.05,254.79,13.4,9,1d+1h+4h,0.098,False,nofill,0.0
2025-03-26 12:30:00-04:00,251.16,253.05,253.13,253.05,254.79,13.4,9,1d+1h+4h,0.311,False,nofill,0.0
2025-03-26 13:30:00-04:00,251.12,253.05,253.13,253.05,254.72,13.4,9,1d+1h+4h,0.319,False,nofill,0.0
2025-03-26 14:30:00-04:00,250.08,253.05,253.13,253.05,254.72,13.4,9,1d+1h+4h,0.49,False,nofill,0.0
2025-03-26 15:30:00-04:00,250.92,253.05,253.13,253.05,254.7,13.4,9,1d+1h+4h,0.352,False,nofill,0.0
2025-03-27 09:30:00-04:00,250.17,253.05,253.14,253.05,254.86,13.4,9,1d+1h+4h,0.489,False,nofill,0.0
2025-03-27 10:30:00-04:00,248.86,253.05,253.14,253.05,254.87,13.4,9,1d+1h+4h,0.711,False,nofill,0.0
2025-03-27 11:30:00-04:00,249.18,253.05,253.14,253.05,254.85,13.4,9,1d+1h+4h,0.656,False,nofill,0.0
2025-03-27 12:30:00-04:00,248.21,248.77,248.86,248.77,250.56,14.4,12,1h+4h,0.095,True,scratch,-0.09428856492953441
2025-03-27 13:30:00-04:00,248.78,253.05,253.13,253.05,254.8,13.4,9,1d+1h+4h,0.725,False,nofill,0.0
2025-03-27 14:30:00-04:00,250.08,253.35,253.43,253.35,255.1,13.4,9,1d+1h+4h,0.556,False,nofill,0.0
2025-03-27 15:30:00-04:00,248.12,248.77,248.86,248.77,250.55,14.4,12,1h+4h,0.11,True,scratch,-0.09406888055422113
2025-03-28 09:30:00-04:00,244.51,244.88,244.98,244.88,246.94,25.4,19,1d+1h+4h,0.061,False,nofill,0.0
2025-03-28 10:30:00-04:00,243.47,244.88,244.98,244.88,246.95,25.4,19,1d+1h+4h,0.233,False,nofill,0.0
2025-03-28 11:30:00-04:00,242.42,244.88,244.98,244.88,246.95,25.4,19,1d+1h+4h,0.406,False,nofill,0.0
2025-03-28 12:30:00-04:00,241.39,244.88,244.98,244.88,246.92,25.4,19,1d+1h+4h,0.576,False,nofill,0.0
2025-03-28 13:30:00-04:00,242.13,244.88,244.98,244.88,246.88,25.4,19,1d+1h+4h,0.454,False,nofill,0.0
2025-03-28 14:30:00-04:00,242.5,244.88,244.97,244.88,246.83,25.4,19,1d+1h+4h,0.393,False,nofill,0.0
2025-03-28 15:30:00-04:00,242.86,244.88,244.97,244.88,246.8,25.4,19,1d+1h+4h,0.334,False,nofill,0.0
2025-03-31 09:30:00-04:00,239.79,240.23,240.33,240.23,242.43,29.6,22,1d+1h+4h,0.071,True,target,0.810435955489508
2025-03-31 10:30:00-04:00,241.7,244.88,244.98,244.88,247.08,25.4,19,1d+1h+4h,0.511,False,nofill,0.0
2025-03-31 11:30:00-04:00,243.18,244.84,244.94,244.84,247.02,26.4,20,1d+1h+4h,0.267,True,scratch,-0.10233989628983808
2025-03-31 12:30:00-04:00,243.04,244.84,244.94,244.84,246.94,26.4,20,1d+1h+4h,0.291,True,scratch,-0.10086931457606862
2025-03-31 13:30:00-04:00,244.15,244.84,244.94,244.84,246.96,26.4,20,1d+1h+4h,0.111,True,scratch,-0.1010817005825726
2025-03-31 14:30:00-04:00,244.16,244.84,244.94,244.84,246.94,26.4,20,1d+1h+4h,0.109,True,scratch,-0.10082736759567945
2025-03-31 15:30:00-04:00,245.3,247.17,247.27,247.17,249.26,25.0,17,1d+1h+4h,0.301,False,nofill,0.0
2025-04-01 09:30:00-04:00,241.77,244.88,244.99,244.88,247.15,26.4,20,1d+1h+4h,0.51,True,scratch,-0.10409297855621391
2025-04-01 10:30:00-04:00,244.87,247.17,247.28,247.17,249.57,25.0,17,1d+1h+4h,0.377,False,nofill,0.0
2025-04-01 11:30:00-04:00,244.43,244.88,244.99,244.88,247.21,26.4,20,1d+1h+4h,0.074,False,nofill,0.0
2025-04-01 12:30:00-04:00,243.05,244.88,244.99,244.88,247.17,26.4,20,1d+1h+4h,0.3,False,nofill,0.0
2025-04-01 13:30:00-04:00,242.11,244.88,244.99,244.88,247.12,26.4,20,1d+1h+4h,0.454,True,scratch,-0.10342091486739147
2025-04-01 14:30:00-04:00,243.26,244.88,244.99,244.88,247.09,26.4,20,1d+1h+4h,0.266,True,scratch,-0.10296266427703982
2025-04-01 15:30:00-04:00,243.63,244.88,244.98,244.88,247.01,26.4,20,1d+1h+4h,0.205,True,scratch,-0.1013859043501597
2025-04-02 09:30:00-04:00,245.92,247.17,247.28,247.17,249.5,26.0,18,1d+1h+4h,0.207,False,nofill,0.0
2025-04-02 10:30:00-04:00,246.4,247.17,247.28,247.17,249.43,26.0,18,1d+1h+4h,0.127,False,nofill,0.0
2025-04-02 11:30:00-04:00,246.02,247.17,247.27,247.17,249.39,26.0,18,1d+1h+4h,0.19,False,nofill,0.0
2025-04-02 12:30:00-04:00,246.44,247.17,247.27,247.17,249.36,26.0,18,1d+1h+4h,0.12,False,nofill,0.0
2025-04-02 13:30:00-04:00,244.41,244.88,244.98,244.88,247.07,26.4,20,1d+1h+4h,0.077,True,scratch,-0.10244904046475822
2025-04-02 14:30:00-04:00,245.34,247.17,247.27,247.17,249.31,26.0,18,1d+1h+4h,0.301,False,nofill,0.0
2025-04-02 15:30:00-04:00,245.79,247.17,247.27,247.17,249.25,26.0,18,1d+1h+4h,0.227,False,nofill,0.0
2025-04-03 09:30:00-04:00,229.88,238.76,238.91,238.76,241.96,36.0,24,1d+1h+4h,1.284,False,nofill,0.0
2025-04-03 10:30:00-04:00,229.64,238.76,238.91,238.76,241.96,36.0,24,1d+1h+4h,1.318,False,nofill,0.0
2025-04-03 11:30:00-04:00,232.98,238.45,238.61,238.45,241.72,36.0,24,1d+1h+4h,0.791,False,nofill,0.0
2025-04-03 12:30:00-04:00,230.73,238.76,238.91,238.76,241.97,36.0,24,1d+1h+4h,1.161,False,nofill,0.0
2025-04-03 13:30:00-04:00,229.9,238.76,238.91,238.76,241.92,36.0,24,1d+1h+4h,1.28,False,nofill,0.0
2025-04-03 14:30:00-04:00,228.69,238.76,238.91,238.76,241.87,36.0,24,1d+1h+4h,1.456,False,nofill,0.0
2025-04-03 15:30:00-04:00,228.69,238.76,238.9,238.76,241.72,36.0,24,1d+1h+4h,1.456,False,nofill,0.0
2025-04-04 09:30:00-04:00,212.14,212.84,213.03,212.84,216.86,31.0,23,1d+1h+4h,0.09,True,scratch,-0.14975171815706512
2025-04-04 10:30:00-04:00,211.43,211.91,212.11,211.91,216.06,33.8,25,1d+1h+4h,0.062,True,scratch,-0.1531429231525605
2025-04-04 11:30:00-04:00,210.59,211.47,211.66,211.47,215.55,35.8,27,1d+1h+4h,0.114,True,scratch,-0.15166128902553977
2025-04-04 12:30:00-04:00,211.93,212.35,212.54,212.35,216.35,31.0,23,1d+1h+4h,0.055,True,scratch,-0.14948079020787874
2025-04-04 13:30:00-04:00,211.24,211.7,211.89,211.7,215.71,34.8,26,1d+1h+4h,0.059,True,scratch,-0.15010589699343546
2025-04-04 14:30:00-04:00,211.85,212.24,212.43,212.24,216.18,33.8,25,1d+1h+4h,0.051,True,scratch,-0.14817863264652287
2025-04-04 15:30:00-04:00,210.23,211.47,211.66,211.47,215.39,35.8,27,1d+1h+4h,0.161,True,scratch,-0.14801201241004813
2025-04-07 09:30:00-04:00,209.8,210.37,210.61,210.37,215.5,39.4,29,1d+1h+4h,0.066,True,scratch,-0.175841417643674
2025-04-07 10:30:00-04:00,209.02,209.5,209.76,209.5,214.97,39.8,29,1d+1h+4h,0.056,True,target,2.4220489468603112
2025-04-07 11:30:00-04:00,211.49,212.03,212.29,212.03,217.53,34.8,26,1d+1h+4h,0.063,True,target,2.406929189314444
2025-04-07 12:30:00-04:00,214.71,219.68,219.94,219.68,225.17,34.0,22,1d+1h+4h,0.582,False,nofill,0.0
2025-04-07 13:30:00-04:00,214.2,219.68,219.94,219.68,225.12,34.0,22,1d+1h+4h,0.642,True,target,2.2950286439155754
2025-04-07 14:30:00-04:00,212.86,219.49,219.74,219.49,224.76,34.0,22,1d+1h+4h,0.776,True,target,2.224293804557975
2025-04-07 15:30:00-04:00,214.37,219.68,219.92,219.68,224.78,34.0,22,1d+1h+4h,0.622,True,target,2.1463188814185408
2025-04-08 09:30:00-04:00,227.0,240.58,240.85,240.58,246.32,43.0,31,1d+1h+4h,1.518,False,nofill,0.0
2025-04-08 10:30:00-04:00,222.4,240.23,240.5,240.23,245.98,42.0,30,1d+1h+4h,1.993,False,nofill,0.0
2025-04-08 11:30:00-04:00,223.19,240.67,240.93,240.67,246.18,43.0,31,1d+1h+4h,1.953,False,nofill,0.0
2025-04-08 12:30:00-04:00,218.73,219.49,219.75,219.49,224.99,34.0,22,1d+1h+4h,0.085,True,scratch,-0.17907438673426812
2025-04-08 13:30:00-04:00,219.02,219.49,219.75,219.49,224.88,34.0,22,1d+1h+4h,0.053,True,scratch,-0.17675866940285445
2025-04-08 14:30:00-04:00,217.11,219.68,219.94,219.68,225.22,34.0,22,1d+1h+4h,0.287,False,nofill,0.0
2025-04-08 15:30:00-04:00,216.9,219.68,219.94,219.68,225.12,34.0,22,1d+1h+4h,0.311,False,nofill,0.0
2025-04-09 09:30:00-04:00,215.62,218.74,219.01,218.74,224.31,35.8,23,1d+1h+4h,0.308,True,target,2.3587586367721958
2025-04-09 10:30:00-04:00,214.78,218.74,219.01,218.74,224.34,35.8,23,1d+1h+4h,0.39,True,target,2.37323481205276
2025-04-09 11:30:00-04:00,215.18,218.88,219.14,218.88,224.32,35.8,23,1d+1h+4h,0.364,True,target,2.301659674510814
2025-04-09 12:30:00-04:00,226.75,240.88,241.19,240.88,247.36,45.8,33,1d+1h+4h,1.391,False,nofill,0.0
2025-04-09 13:30:00-04:00,235.31,240.88,241.2,240.88,247.61,45.8,33,1d+1h+4h,0.549,False,nofill,0.0
2025-04-09 14:30:00-04:00,234.87,240.88,241.2,240.88,247.58,45.8,33,1d+1h+4h,0.592,False,nofill,0.0
2025-04-09 15:30:00-04:00,234.26,240.88,241.19,240.88,247.33,45.8,33,1d+1h+4h,0.652,False,nofill,0.0
2025-04-10 09:30:00-04:00,228.35,241.05,241.36,241.05,247.64,47.8,35,1d+1h+4h,1.218,False,nofill,0.0
2025-04-10 10:30:00-04:00,226.16,241.05,241.35,241.05,247.43,47.8,35,1d+1h+4h,1.428,False,nofill,0.0
2025-04-10 11:30:00-04:00,221.21,241.05,241.35,241.05,247.44,47.8,35,1d+1h+4h,1.903,False,nofill,0.0
2025-04-10 12:30:00-04:00,224.53,241.05,241.35,241.05,247.41,47.8,35,1d+1h+4h,1.585,False,nofill,0.0
2025-04-10 13:30:00-04:00,228.62,241.05,241.35,241.05,247.32,47.8,35,1d+1h+4h,1.192,False,nofill,0.0
2025-04-10 14:30:00-04:00,224.69,241.05,241.34,241.05,247.19,47.8,35,1d+1h+4h,1.569,False,nofill,0.0
2025-04-10 15:30:00-04:00,226.94,241.05,241.34,241.05,247.09,47.8,35,1d+1h+4h,1.354,False,nofill,0.0
2025-04-11 09:30:00-04:00,229.87,241.05,241.36,241.05,247.49,48.8,36,1d+1h+4h,1.052,False,nofill,0.0
2025-04-11 10:30:00-04:00,231.99,241.09,241.39,241.09,247.43,48.8,36,1d+1h+4h,0.856,False,nofill,0.0
2025-04-11 11:30:00-04:00,233.22,241.05,241.34,241.05,247.17,48.8,36,1d+1h+4h,0.737,False,nofill,0.0
2025-04-11 12:30:00-04:00,234.8,241.09,241.37,241.09,246.95,48.8,36,1d+1h+4h,0.592,False,nofill,0.0
2025-04-11 13:30:00-04:00,236.46,241.05,241.32,241.05,246.78,48.8,36,1d+1h+4h,0.432,False,nofill,0.0
2025-04-11 14:30:00-04:00,238.02,241.09,241.35,241.09,246.57,48.8,36,1d+1h+4h,0.289,False,nofill,0.0
2025-04-11 15:30:00-04:00,236.14,241.09,241.34,241.09,246.37,48.8,36,1d+1h+4h,0.466,False,nofill,0.0
2025-04-14 09:30:00-04:00,234.78,240.88,241.14,240.88,246.21,45.8,33,1d+1h+4h,0.592,False,nofill,0.0
2025-04-14 10:30:00-04:00,233.93,240.84,241.08,240.84,245.93,45.8,33,1d+1h+4h,0.672,False,nofill,0.0
2025-04-14 11:30:00-04:00,234.9,240.88,241.11,240.88,245.75,45.8,33,1d+1h+4h,0.581,False,nofill,0.0
2025-04-14 12:30:00-04:00,236.37,239.78,240.0,239.78,244.48,48.6,35,1d+1h+4h,0.331,False,nofill,0.0
2025-04-14 13:30:00-04:00,236.44,239.78,239.99,239.78,244.25,48.6,35,1d+1h+4h,0.324,False,nofill,0.0
2025-04-14 14:30:00-04:00,235.77,239.78,239.98,239.78,244.04,48.6,35,1d+1h+4h,0.389,False,nofill,0.0
2025-04-14 15:30:00-04:00,234.67,239.78,239.97,239.78,243.87,48.6,35,1d+1h+4h,0.496,False,nofill,0.0
2025-04-15 09:30:00-04:00,236.56,239.78,239.97,239.78,243.87,45.8,33,1d+1h+4h,0.323,False,nofill,0.0
2025-04-15 10:30:00-04:00,235.65,239.78,239.97,239.78,243.76,45.8,33,1d+1h+4h,0.414,False,nofill,0.0
2025-04-15 11:30:00-04:00,235.95,239.78,239.96,239.78,243.56,45.8,33,1d+1h+4h,0.384,False,nofill,0.0
2025-04-15 12:30:00-04:00,234.64,239.78,239.95,239.78,243.45,45.8,33,1d+1h+4h,0.516,False,nofill,0.0
2025-04-15 13:30:00-04:00,233.84,239.78,239.95,239.78,243.29,47.6,34,1d+1h+4h,0.596,False,nofill,0.0
2025-04-15 14:30:00-04:00,234.24,239.78,239.94,239.78,243.12,47.6,34,1d+1h+4h,0.556,False,nofill,0.0
2025-04-15 15:30:00-04:00,233.08,239.78,239.93,239.78,243.01,47.6,34,1d+1h+4h,0.672,False,nofill,0.0
2025-04-16 09:30:00-04:00,231.58,240.84,240.99,240.84,244.08,46.8,34,1d+1h+4h,0.96,False,nofill,0.0
2025-04-16 10:30:00-04:00,233.18,240.84,240.99,240.84,244.03,46.8,34,1d+1h+4h,0.793,False,nofill,0.0
2025-04-16 11:30:00-04:00,231.3,240.84,240.99,240.84,243.96,46.8,34,1d+1h+4h,0.988,False,nofill,0.0
2025-04-16 12:30:00-04:00,231.74,240.84,240.98,240.84,243.82,46.8,34,1d+1h+4h,0.943,False,nofill,0.0
2025-04-16 13:30:00-04:00,230.48,240.84,240.98,240.84,243.84,46.8,34,1d+1h+4h,1.074,False,nofill,0.0
2025-04-16 14:30:00-04:00,228.18,240.84,240.98,240.84,243.82,46.8,34,1d+1h+4h,1.312,False,nofill,0.0
2025-04-16 15:30:00-04:00,229.63,240.84,240.98,240.84,243.74,46.8,34,1d+1h+4h,1.162,False,nofill,0.0
2025-04-17 09:30:00-04:00,230.76,240.5,240.64,240.5,243.39,45.8,33,1d+1h+4h,1.048,False,nofill,0.0
2025-04-17 10:30:00-04:00,233.06,240.5,240.64,240.5,243.42,45.8,33,1d+1h+4h,0.801,False,nofill,0.0
2025-04-17 11:30:00-04:00,233.76,240.58,240.71,240.58,243.41,45.8,33,1d+1h+4h,0.734,False,nofill,0.0
2025-04-17 12:30:00-04:00,232.53,240.67,240.8,240.67,243.44,45.8,33,1d+1h+4h,0.876,False,nofill,0.0
2025-04-17 13:30:00-04:00,233.84,240.58,240.71,240.58,243.28,45.8,33,1d+1h+4h,0.725,False,nofill,0.0
2025-04-17 14:30:00-04:00,232.67,240.5,240.63,240.5,243.16,45.8,33,1d+1h+4h,0.843,False,nofill,0.0
2025-04-17 15:30:00-04:00,231.93,240.67,240.79,240.67,243.27,45.8,33,1d+1h+4h,0.941,False,nofill,0.0
2025-04-21 09:30:00-04:00,229.03,240.5,240.63,240.5,243.18,45.8,33,1d+1h+4h,1.272,False,nofill,0.0
2025-04-21 10:30:00-04:00,228.6,240.5,240.62,240.5,243.11,45.8,33,1d+1h+4h,1.32,False,nofill,0.0
2025-04-21 11:30:00-04:00,228.11,240.67,240.79,240.67,243.18,45.8,33,1d+1h+4h,1.393,False,nofill,0.0
2025-04-21 12:30:00-04:00,227.59,240.5,240.62,240.5,242.96,45.8,33,1d+1h+4h,1.431,False,nofill,0.0
2025-04-21 13:30:00-04:00,227.3,240.5,240.61,240.5,242.91,45.8,33,1d+1h+4h,1.464,False,nofill,0.0
2025-04-21 14:30:00-04:00,227.64,240.5,240.61,240.5,242.81,45.8,33,1d+1h+4h,1.426,False,nofill,0.0
2025-04-21 15:30:00-04:00,228.99,240.5,240.61,240.5,242.78,45.8,33,1d+1h+4h,1.276,False,nofill,0.0
2025-04-22 09:30:00-04:00,233.22,240.5,240.62,240.5,242.97,45.8,33,1d+1h+4h,0.821,False,nofill,0.0
2025-04-22 10:30:00-04:00,233.53,240.58,240.69,240.58,242.97,45.8,33,1d+1h+4h,0.795,False,nofill,0.0
2025-04-22 11:30:00-04:00,235.07,240.58,240.69,240.58,242.99,45.8,33,1d+1h+4h,0.622,False,nofill,0.0
2025-04-22 12:30:00-04:00,233.43,240.58,240.69,240.58,242.99,45.8,33,1d+1h+4h,0.807,False,nofill,0.0
2025-04-22 13:30:00-04:00,234.42,240.5,240.61,240.5,242.85,45.8,33,1d+1h+4h,0.686,True,target,0.8712984016857162
2025-04-22 14:30:00-04:00,234.83,240.58,240.69,240.58,242.87,45.8,33,1d+1h+4h,0.649,True,target,0.8474768293339485
2025-04-22 15:30:00-04:00,235.58,240.58,240.69,240.58,242.81,45.8,33,1d+1h+4h,0.564,True,target,0.8212264547764248
2025-04-23 09:30:00-04:00,245.67,246.37,246.51,246.37,249.28,34.8,24,1d+1h+4h,0.078,False,nofill,0.0
2025-04-23 10:30:00-04:00,243.67,244.22,244.36,244.22,247.14,36.8,28,1d+1h+4h,0.061,False,nofill,0.0
2025-04-23 11:30:00-04:00,241.72,245.89,246.03,245.89,248.86,36.8,26,1d+1h+4h,0.462,False,nofill,0.0
2025-04-23 12:30:00-04:00,242.46,245.89,246.03,245.89,248.8,37.8,27,1d+1h+4h,0.38,False,nofill,0.0
2025-04-23 13:30:00-04:00,240.94,241.44,241.58,241.44,244.29,41.0,31,1d+1h+4h,0.055,True,scratch,-0.11619992993373573
2025-04-23 14:30:00-04:00,240.56,241.44,241.57,241.44,244.19,41.0,31,1d+1h+4h,0.098,True,scratch,-0.11409148796683866
2025-04-23 15:30:00-04:00,240.76,241.44,241.57,241.44,244.09,41.0,31,1d+1h+4h,0.075,True,scratch,-0.1121778731064671
2025-04-24 09:30:00-04:00,241.98,245.86,245.99,245.86,248.66,37.8,27,1d+1h+4h,0.435,False,nofill,0.0
2025-04-24 10:30:00-04:00,242.26,245.89,246.02,245.89,248.59,37.8,27,1d+1h+4h,0.407,False,nofill,0.0
2025-04-24 11:30:00-04:00,243.73,245.89,246.02,245.89,248.62,37.8,27,1d+1h+4h,0.242,False,nofill,0.0
2025-04-24 12:30:00-04:00,244.0,245.89,246.01,245.89,248.49,37.8,27,1d+1h+4h,0.212,False,nofill,0.0
2025-04-24 13:30:00-04:00,244.19,245.89,246.01,245.89,248.4,39.6,28,1d+1h+4h,0.19,False,nofill,0.0
2025-04-24 14:30:00-04:00,244.86,245.86,245.97,245.86,248.27,39.6,28,1d+1h+4h,0.112,False,nofill,0.0
2025-04-24 15:30:00-04:00,244.62,245.86,245.97,245.86,248.18,39.6,28,1d+1h+4h,0.139,False,nofill,0.0
2025-04-25 09:30:00-04:00,243.42,245.89,246.0,245.89,248.26,38.6,27,1d+1h+4h,0.289,False,nofill,0.0
2025-04-25 10:30:00-04:00,242.67,245.89,246.0,245.89,248.2,38.6,27,1d+1h+4h,0.376,False,nofill,0.0
2025-04-25 11:30:00-04:00,242.88,245.89,245.99,245.89,248.12,38.6,27,1d+1h+4h,0.352,False,nofill,0.0
2025-04-25 12:30:00-04:00,243.82,245.89,245.99,245.89,248.07,39.6,28,1d+1h+4h,0.242,False,nofill,0.0
2025-04-25 13:30:00-04:00,242.72,245.89,245.99,245.89,248.07,39.6,28,1d+1h+4h,0.37,True,scratch,-0.10229308440590223
2025-04-25 14:30:00-04:00,243.45,245.89,245.99,245.89,248.01,39.6,28,1d+1h+4h,0.285,True,scratch,-0.10111409061104304
2025-04-25 15:30:00-04:00,243.53,245.89,245.99,245.89,247.93,39.6,28,1d+1h+4h,0.276,True,scratch,-0.09949712869309346
2025-04-28 09:30:00-04:00,244.41,245.95,246.05,245.95,248.1,38.6,27,1d+1h+4h,0.184,False,nofill,0.0
2025-04-28 10:30:00-04:00,241.88,245.95,246.05,245.95,248.14,38.6,27,1d+1h+4h,0.487,False,nofill,0.0
2025-04-28 11:30:00-04:00,241.22,245.95,246.05,245.95,248.08,38.6,27,1d+1h+4h,0.566,False,nofill,0.0
2025-04-28 12:30:00-04:00,241.02,245.95,246.05,245.95,248.0,39.6,28,1d+1h+4h,0.59,False,nofill,0.0
2025-04-28 13:30:00-04:00,241.72,245.95,246.04,245.95,247.94,39.6,28,1d+1h+4h,0.506,False,nofill,0.0
2025-04-28 14:30:00-04:00,242.74,245.95,246.04,245.95,247.89,39.6,28,1d+1h+4h,0.384,False,nofill,0.0
2025-04-28 15:30:00-04:00,243.21,245.95,246.04,245.95,247.83,39.6,28,1d+1h+4h,0.328,False,nofill,0.0
2025-04-29 09:30:00-04:00,241.95,246.84,246.94,246.84,248.78,38.6,27,1d+1h+4h,0.611,False,nofill,0.0
2025-04-29 10:30:00-04:00,244.85,246.84,246.94,246.84,248.87,38.6,27,1d+1h+4h,0.249,False,nofill,0.0
2025-04-29 11:30:00-04:00,244.19,246.79,246.88,246.79,248.75,38.6,27,1d+1h+4h,0.325,False,nofill,0.0
2025-04-29 12:30:00-04:00,244.17,246.79,246.88,246.79,248.7,38.6,27,1d+1h+4h,0.327,False,nofill,0.0
2025-04-29 13:30:00-04:00,244.83,246.84,246.93,246.84,248.71,40.4,28,1d+1h+4h,0.251,False,nofill,0.0
2025-04-29 14:30:00-04:00,244.89,246.84,246.93,246.84,248.65,40.4,28,1d+1h+4h,0.244,False,nofill,0.0
2025-04-29 15:30:00-04:00,244.61,246.79,246.87,246.79,248.52,40.4,28,1d+1h+4h,0.272,False,nofill,0.0
2025-04-30 09:30:00-04:00,240.38,246.84,246.94,246.84,248.92,40.4,28,1d+1h+4h,0.816,False,nofill,0.0
2025-04-30 10:30:00-04:00,241.54,246.84,246.94,246.84,248.95,40.4,28,1d+1h+4h,0.671,False,nofill,0.0
2025-04-30 11:30:00-04:00,241.46,246.84,246.94,246.84,248.88,40.4,28,1d+1h+4h,0.681,False,nofill,0.0
2025-04-30 12:30:00-04:00,242.39,246.84,246.94,246.84,248.83,40.4,28,1d+1h+4h,0.563,False,nofill,0.0
2025-04-30 13:30:00-04:00,242.19,246.84,246.94,246.84,248.82,40.4,28,1d+1h+4h,0.588,False,nofill,0.0
2025-04-30 14:30:00-04:00,242.33,246.84,246.94,246.84,248.79,40.4,28,1d+1h+4h,0.571,True,scratch,-0.09745770554762112
2025-04-30 15:30:00-04:00,244.42,246.84,246.94,246.84,248.9,40.4,28,1d+1h+4h,0.306,True,scratch,-0.09960774650059623
2025-05-01 09:30:00-04:00,245.09,247.18,247.28,247.18,249.34,39.4,27,1d+1h+4h,0.268,True,scratch,-0.10159080897499395
2025-05-01 10:30:00-04:00,247.05,247.69,247.8,247.69,249.92,32.6,23,1d+1h+4h,0.082,True,scratch,-0.10287433983408034
2025-05-01 11:30:00-04:00,247.06,247.69,247.79,247.69,249.83,32.6,23,1d+1h+4h,0.08,True,scratch,-0.10115809352571059
2025-05-01 12:30:00-04:00,247.57,247.96,248.06,247.96,250.04,27.8,21,1d+1h+4h,0.05,True,scratch,-0.09989454292472777
2025-05-01 13:30:00-04:00,248.12,248.77,248.87,248.77,250.81,24.0,18,1d+1h+4h,0.084,True,target,0.7192860946559909
2025-05-01 14:30:00-04:00,247.94,248.34,248.43,248.34,250.29,26.8,20,1d+1h+4h,0.051,True,target,0.6890249133283621
2025-05-01 15:30:00-04:00,246.86,247.35,247.44,247.35,249.3,39.4,27,1d+1h+4h,0.063,True,target,0.6882178863360178
2025-05-02 09:30:00-04:00,252.5,253.05,253.16,253.05,255.31,17.2,12,1d+1h+4h,0.071,True,scratch,-0.10242331299509244
2025-05-02 10:30:00-04:00,251.31,253.05,253.16,253.05,255.27,17.2,12,1d+1h+4h,0.226,True,scratch,-0.10176240370362022
2025-05-02 11:30:00-04:00,253.06,253.99,254.1,253.99,256.24,13.4,9,1d+1h+4h,0.121,False,nofill,0.0
2025-05-02 12:30:00-04:00,252.81,253.35,253.45,253.35,255.5,16.2,11,1d+1h+4h,0.07,True,scratch,-0.10033972781764433
2025-05-02 13:30:00-04:00,252.88,253.35,253.45,253.35,255.38,16.2,11,1d+1h+4h,0.061,True,scratch,-0.09818058167166965
2025-05-02 14:30:00-04:00,253.34,253.99,254.09,253.99,255.96,14.4,10,1d+1h+4h,0.084,True,scratch,-0.09676760308547916
2025-05-02 15:30:00-04:00,252.46,253.05,253.14,253.05,254.95,18.2,13,1d+1h+4h,0.077,True,scratch,-0.0957903260892623
2025-05-05 09:30:00-04:00,252.74,253.35,253.44,253.35,255.31,17.2,12,1d+1h+4h,0.082,True,scratch,-0.09680507086711199
2025-05-05 10:30:00-04:00,254.2,254.62,254.71,254.62,256.61,13.4,9,1d+1h+4h,0.056,True,scratch,-0.0971998349127201
2025-05-05 11:30:00-04:00,254.72,269.59,269.68,269.59,271.53,13.4,9,1d+1h+4h,1.991,False,nofill,0.0
2025-05-05 12:30:00-04:00,254.18,254.62,254.7,254.62,256.48,13.4,9,1d+1h+4h,0.059,True,scratch,-0.09475125298114007
2025-05-05 13:30:00-04:00,254.14,254.62,254.7,254.62,256.4,13.4,9,1d+1h+4h,0.064,False,nofill,0.0
2025-05-05 14:30:00-04:00,253.57,253.99,254.07,253.99,255.72,15.4,11,1d+1h+4h,0.056,False,nofill,0.0
2025-05-05 15:30:00-04:00,252.68,253.35,253.43,253.35,255.05,18.2,13,1d+1h+4h,0.09,False,nofill,0.0
2025-05-06 09:30:00-04:00,251.97,253.35,253.44,253.35,255.21,17.2,12,1d+1h+4h,0.192,False,nofill,0.0
2025-05-06 10:30:00-04:00,251.86,253.35,253.44,253.35,255.15,17.2,12,1d+1h+4h,0.207,False,nofill,0.0
2025-05-06 11:30:00-04:00,250.9,253.05,253.14,253.05,254.84,17.2,12,1d+1h+4h,0.3,False,nofill,0.0
2025-05-06 12:30:00-04:00,250.5,253.05,253.13,253.05,254.78,17.2,12,1d+1h+4h,0.355,False,nofill,0.0
2025-05-06 13:30:00-04:00,250.74,253.05,253.13,253.05,254.72,17.2,12,1d+1h+4h,0.321,False,nofill,0.0
2025-05-06 14:30:00-04:00,250.44,253.05,253.13,253.05,254.67,17.2,12,1d+1h+4h,0.364,False,nofill,0.0
2025-05-06 15:30:00-04:00,249.16,253.05,253.13,253.05,254.69,17.2,12,1d+1h+4h,0.54,False,nofill,0.0
2025-05-07 09:30:00-04:00,250.7,253.05,253.13,253.05,254.7,17.2,12,1d+1h+4h,0.339,False,nofill,0.0
2025-05-07 10:30:00-04:00,251.8,253.35,253.43,253.35,255.0,17.2,12,1d+1h+4h,0.224,False,nofill,0.0
2025-05-07 11:30:00-04:00,251.55,253.05,253.13,253.05,254.67,17.2,12,1d+1h+4h,0.217,False,nofill,0.0
2025-05-07 12:30:00-04:00,252.3,253.05,253.13,253.05,254.63,17.2,12,1d+1h+4h,0.108,False,nofill,0.0
2025-05-07 13:30:00-04:00,250.21,253.62,253.7,253.62,255.3,17.2,12,1d+1h+4h,0.492,True,scratch,-0.09145519086919407
2025-05-07 14:30:00-04:00,249.61,253.05,253.13,253.05,254.74,17.2,12,1d+1h+4h,0.497,True,scratch,-0.09183897692611742
2025-05-07 15:30:00-04:00,249.32,253.05,253.13,253.05,254.79,18.2,13,1d+1h+4h,0.538,True,scratch,-0.09263009386886178
2025-05-08 09:30:00-04:00,252.57,253.05,253.14,253.05,255.02,18.2,13,1d+1h+4h,0.07,True,target,0.6819529846921801
2025-05-08 10:30:00-04:00,253.68,254.31,254.41,254.31,256.33,16.2,11,1d+1h+4h,0.092,True,scratch,-0.09777578714222912
2025-05-08 11:30:00-04:00,254.91,263.0,263.1,263.0,265.04,12.6,9,1d+1h+4h,1.175,False,nofill,0.0
2025-05-08 12:30:00-04:00,255.55,269.2,269.29,269.2,271.17,13.4,9,1d+1h+4h,1.982,False,nofill,0.0
2025-05-08 13:30:00-04:00,255.1,263.0,263.09,263.0,264.9,12.6,9,1d+1h+4h,1.147,False,nofill,0.0
2025-05-08 14:30:00-04:00,255.57,269.2,269.28,269.2,271.05,13.4,9,1d+1h+4h,1.979,False,nofill,0.0
2025-05-08 15:30:00-04:00,253.71,254.31,254.4,254.31,256.2,17.2,12,1d+1h+4h,0.087,True,scratch,-0.09527751735607382
2025-05-09 09:30:00-04:00,253.62,253.99,254.08,253.99,255.92,17.2,12,1d+1h+4h,0.055,False,nofill,0.0
2025-05-09 10:30:00-04:00,253.33,253.99,254.08,253.99,255.85,17.2,12,1d+1h+4h,0.1,False,nofill,0.0
2025-05-09 11:30:00-04:00,252.79,253.35,253.44,253.35,255.17,18.2,13,1d+1h+4h,0.085,True,scratch,-0.09424929447909847
2025-05-09 12:30:00-04:00,252.86,253.35,253.43,253.35,255.1,18.2,13,1d+1h+4h,0.073,True,scratch,-0.09282315575099842
2025-05-09 13:30:00-04:00,253.16,254.31,254.39,254.31,256.01,19.0,13,1d+1h+4h,0.174,True,target,0.5748490086459057
2025-05-09 14:30:00-04:00,253.44,254.62,254.69,254.62,256.25,19.0,13,1d+1h+4h,0.178,True,target,0.5523480695447613
2025-05-09 15:30:00-04:00,252.95,253.35,253.42,253.35,254.92,19.2,14,1d+1h+4h,0.06,True,target,0.5290611620214714
2025-05-12 09:30:00-04:00,260.31,270.68,270.79,270.68,272.94,16.4,10,1d+1h+4h,1.508,False,nofill,0.0
2025-05-12 10:30:00-04:00,260.03,270.68,270.79,270.68,272.93,16.4,10,1d+1h+4h,1.549,False,nofill,0.0
2025-05-12 11:30:00-04:00,259.44,270.82,270.92,270.82,273.02,16.4,10,1d+1h+4h,1.654,False,nofill,0.0
2025-05-12 12:30:00-04:00,259.89,270.35,270.45,270.35,272.49,16.4,10,1d+1h+4h,1.521,False,nofill,0.0
2025-05-12 13:30:00-04:00,260.12,270.82,270.92,270.82,272.86,16.4,10,1d+1h+4h,1.556,False,nofill,0.0
2025-05-12 14:30:00-04:00,259.93,270.82,270.91,270.82,272.79,16.4,10,1d+1h+4h,1.584,False,nofill,0.0
2025-05-12 15:30:00-04:00,260.06,270.82,270.91,270.82,272.72,16.4,10,1d+1h+4h,1.565,False,nofill,0.0
2025-05-13 09:30:00-04:00,261.98,270.64,270.73,270.64,272.58,16.4,10,1d+1h+4h,1.305,False,nofill,0.0
2025-05-13 10:30:00-04:00,263.03,270.82,270.91,270.82,272.73,16.4,10,1d+1h+4h,1.173,False,nofill,0.0
2025-05-13 11:30:00-04:00,262.27,270.64,270.73,270.64,272.52,16.4,10,1d+1h+4h,1.261,False,nofill,0.0
2025-05-13 12:30:00-04:00,262.54,270.82,270.91,270.82,272.63,16.4,10,1d+1h+4h,1.248,False,nofill,0.0
2025-05-13 13:30:00-04:00,262.86,270.82,270.9,270.82,272.57,16.4,10,1d+1h+4h,1.199,False,nofill,0.0
2025-05-13 14:30:00-04:00,263.42,270.35,270.43,270.35,272.04,16.4,10,1d+1h+4h,1.044,False,nofill,0.0
2025-05-13 15:30:00-04:00,262.89,270.82,270.9,270.82,272.46,16.4,10,1d+1h+4h,1.195,False,nofill,0.0
2025-05-14 09:30:00-04:00,264.42,270.64,270.72,270.64,272.33,16.4,10,1d+1h+4h,0.962,False,nofill,0.0
2025-05-14 10:30:00-04:00,265.45,270.68,270.76,270.68,272.35,16.4,10,1d+1h+4h,0.809,False,nofill,0.0
2025-05-14 11:30:00-04:00,265.19,270.64,270.72,270.64,272.25,16.4,10,1d+1h+4h,0.843,False,nofill,0.0
2025-05-14 12:30:00-04:00,264.98,270.64,270.71,270.64,272.19,16.4,10,1d+1h+4h,0.875,False,nofill,0.0
2025-05-14 13:30:00-04:00,265.24,270.64,270.71,270.64,272.14,16.4,10,1d+1h+4h,0.835,False,nofill,0.0
2025-05-14 14:30:00-04:00,265.61,270.68,270.75,270.68,272.14,16.4,10,1d+1h+4h,0.784,False,nofill,0.0
2025-05-14 15:30:00-04:00,265.6,270.68,270.75,270.68,272.12,16.4,10,1d+1h+4h,0.786,False,nofill,0.0
2025-05-15 09:30:00-04:00,265.05,270.64,270.72,270.64,272.33,16.4,10,1d+1h+4h,0.882,False,nofill,0.0
2025-05-15 10:30:00-04:00,265.52,270.68,270.76,270.68,272.34,16.4,10,1d+1h+4h,0.814,False,nofill,0.0
2025-05-15 11:30:00-04:00,266.26,270.68,270.76,270.68,272.33,16.4,10,1d+1h+4h,0.698,False,nofill,0.0
2025-05-15 12:30:00-04:00,266.93,270.64,270.72,270.64,272.26,17.4,11,1d+1h+4h,0.586,False,nofill,0.0
2025-05-15 13:30:00-04:00,267.83,270.64,270.72,270.64,272.24,17.4,11,1d+1h+4h,0.444,False,nofill,0.0
2025-05-15 14:30:00-04:00,268.35,270.64,270.71,270.64,272.19,17.4,11,1d+1h+4h,0.361,False,nofill,0.0
2025-05-15 15:30:00-04:00,267.65,270.64,270.71,270.64,272.19,17.4,11,1d+1h+4h,0.472,False,nofill,0.0
2025-05-16 09:30:00-04:00,266.68,270.64,270.72,270.64,272.3,17.4,11,1d+1h+4h,0.644,False,nofill,0.0
2025-05-16 10:30:00-04:00,266.61,270.68,270.76,270.68,272.31,17.4,11,1d+1h+4h,0.662,False,nofill,0.0
2025-05-16 11:30:00-04:00,266.88,270.64,270.71,270.64,272.21,17.4,11,1d+1h+4h,0.613,False,nofill,0.0
2025-05-16 12:30:00-04:00,268.18,270.64,270.72,270.64,272.22,17.4,11,1d+1h+4h,0.399,False,nofill,0.0
2025-05-16 13:30:00-04:00,267.59,270.64,270.71,270.64,272.17,19.2,12,1d+1h+4h,0.496,False,nofill,0.0
2025-05-16 14:30:00-04:00,267.52,270.64,270.71,270.64,272.12,19.2,12,1d+1h+4h,0.509,False,nofill,0.0
2025-05-16 15:30:00-04:00,267.57,270.64,270.71,270.64,272.07,19.2,12,1d+1h+4h,0.5,False,nofill,0.0
2025-05-19 09:30:00-04:00,267.43,270.64,270.72,270.64,272.22,19.2,12,1d+1h+4h,0.522,False,nofill,0.0
2025-05-19 10:30:00-04:00,264.15,270.68,270.77,270.68,272.57,19.2,12,1d+1h+4h,1.061,False,nofill,0.0
2025-05-19 11:30:00-04:00,265.8,270.64,270.73,270.64,272.54,19.2,12,1d+1h+4h,0.787,False,nofill,0.0
2025-05-19 12:30:00-04:00,265.86,270.68,270.77,270.68,272.52,19.2,12,1d+1h+4h,0.784,False,nofill,0.0
2025-05-19 13:30:00-04:00,264.97,270.68,270.77,270.68,272.53,19.2,12,1d+1h+4h,0.928,False,nofill,0.0
2025-05-19 14:30:00-04:00,265.12,270.68,270.76,270.68,272.44,19.2,12,1d+1h+4h,0.904,False,nofill,0.0
2025-05-19 15:30:00-04:00,264.94,270.68,270.76,270.68,272.38,19.2,12,1d+1h+4h,0.933,False,nofill,0.0
2025-05-20 09:30:00-04:00,266.02,270.68,270.77,270.68,272.56,19.2,12,1d+1h+4h,0.775,False,nofill,0.0
2025-05-20 10:30:00-04:00,266.12,270.64,270.73,270.64,272.45,19.2,12,1d+1h+4h,0.751,False,nofill,0.0
2025-05-20 11:30:00-04:00,266.17,270.64,270.72,270.64,272.38,19.2,12,1d+1h+4h,0.743,False,nofill,0.0
2025-05-20 12:30:00-04:00,266.32,270.64,270.72,270.64,272.34,19.2,12,1d+1h+4h,0.718,False,nofill,0.0
2025-05-20 13:30:00-04:00,265.02,270.68,270.76,270.68,272.38,19.2,12,1d+1h+4h,0.94,False,nofill,0.0
2025-05-20 14:30:00-04:00,265.73,270.68,270.76,270.68,272.33,19.2,12,1d+1h+4h,0.823,False,nofill,0.0
2025-05-20 15:30:00-04:00,265.77,270.68,270.76,270.68,272.28,19.2,12,1d+1h+4h,0.816,False,nofill,0.0
2025-05-21 09:30:00-04:00,264.76,270.64,270.72,270.64,272.27,19.2,12,1d+1h+4h,0.991,False,nofill,0.0
2025-05-21 10:30:00-04:00,263.62,270.64,270.72,270.64,272.24,19.2,12,1d+1h+4h,1.183,False,nofill,0.0
2025-05-21 11:30:00-04:00,263.77,270.64,270.71,270.64,272.18,19.2,12,1d+1h+4h,1.157,False,nofill,0.0
2025-05-21 12:30:00-04:00,261.24,262.84,262.92,262.84,264.5,19.4,13,1d+1h+4h,0.27,False,nofill,0.0
2025-05-21 13:30:00-04:00,262.08,262.84,262.92,262.84,264.51,19.4,13,1d+1h+4h,0.129,False,nofill,0.0
2025-05-21 14:30:00-04:00,261.07,262.84,262.92,262.84,264.49,19.4,13,1d+1h+4h,0.299,False,nofill,0.0
2025-05-21 15:30:00-04:00,261.0,262.84,262.92,262.84,264.45,19.4,13,1d+1h+4h,0.311,False,nofill,0.0
2025-05-22 09:30:00-04:00,259.85,262.84,262.92,262.84,264.5,19.4,13,1d+1h+4h,0.522,False,nofill,0.0
2025-05-22 10:30:00-04:00,261.18,262.84,262.92,262.84,264.52,19.4,13,1d+1h+4h,0.288,False,nofill,0.0
2025-05-22 11:30:00-04:00,261.14,262.84,262.92,262.84,264.45,19.4,13,1d+1h+4h,0.296,False,nofill,0.0
2025-05-22 12:30:00-04:00,261.42,262.84,262.92,262.84,264.4,19.4,13,1d+1h+4h,0.247,False,nofill,0.0
2025-05-22 13:30:00-04:00,261.85,262.84,262.91,262.84,264.35,19.4,13,1d+1h+4h,0.174,False,nofill,0.0
2025-05-22 14:30:00-04:00,262.17,262.84,262.91,262.84,264.3,19.4,13,1d+1h+4h,0.118,False,nofill,0.0
2025-05-22 15:30:00-04:00,260.67,262.84,262.91,262.84,264.33,19.4,13,1d+1h+4h,0.378,False,nofill,0.0
2025-05-23 09:30:00-04:00,258.52,262.84,262.93,262.84,264.57,19.4,13,1d+1h+4h,0.751,False,nofill,0.0
2025-05-23 10:30:00-04:00,259.58,262.84,262.92,262.84,264.54,20.4,14,1d+1h+4h,0.568,False,nofill,0.0
2025-05-23 11:30:00-04:00,260.24,262.84,262.92,262.84,264.5,20.4,14,1d+1h+4h,0.451,False,nofill,0.0
2025-05-23 12:30:00-04:00,261.29,262.84,262.92,262.84,264.49,20.4,14,1d+1h+4h,0.27,False,nofill,0.0
2025-05-23 13:30:00-04:00,261.43,262.84,262.92,262.84,264.45,20.4,14,1d+1h+4h,0.246,True,target,0.5222442033370411
2025-05-23 14:30:00-04:00,261.02,262.84,262.92,262.84,264.41,20.4,14,1d+1h+4h,0.317,True,target,0.5077467163095095
2025-05-23 15:30:00-04:00,260.79,262.84,262.92,262.84,264.39,20.4,14,1d+1h+4h,0.357,True,target,0.498641177227821
2025-05-27 09:30:00-04:00,264.34,270.82,270.9,270.82,272.53,18.2,11,1d+1h+4h,1.144,False,nofill,0.0
2025-05-27 10:30:00-04:00,264.1,270.82,270.9,270.82,272.5,18.2,11,1d+1h+4h,1.186,False,nofill,0.0
2025-05-27 11:30:00-04:00,263.96,270.82,270.9,270.82,272.42,18.2,11,1d+1h+4h,1.21,False,nofill,0.0
2025-05-27 12:30:00-04:00,264.14,270.82,270.89,270.82,272.36,18.2,11,1d+1h+4h,1.179,False,nofill,0.0
2025-05-27 13:30:00-04:00,264.91,270.68,270.75,270.68,272.18,18.2,11,1d+1h+4h,1.019,False,nofill,0.0
2025-05-27 14:30:00-04:00,264.75,270.68,270.75,270.68,272.11,18.2,11,1d+1h+4h,1.047,False,nofill,0.0
2025-05-27 15:30:00-04:00,265.27,270.68,270.75,270.68,272.05,18.2,11,1d+1h+4h,0.955,False,nofill,0.0
2025-05-28 09:30:00-04:00,264.39,270.82,270.89,270.82,272.28,18.2,11,1d+1h+4h,1.164,False,nofill,0.0
2025-05-28 10:30:00-04:00,263.57,270.82,270.89,270.82,272.26,18.2,11,1d+1h+4h,1.312,False,nofill,0.0
2025-05-28 11:30:00-04:00,264.02,270.82,270.89,270.82,272.24,18.2,11,1d+1h+4h,1.231,False,nofill,0.0
2025-05-28 12:30:00-04:00,264.26,270.82,270.88,270.82,272.18,18.2,11,1d+1h+4h,1.188,False,nofill,0.0
2025-05-28 13:30:00-04:00,264.47,270.64,270.7,270.64,271.94,18.2,11,1d+1h+4h,1.117,False,nofill,0.0
2025-05-28 14:30:00-04:00,263.96,270.82,270.88,270.82,272.11,18.2,11,1d+1h+4h,1.241,False,nofill,0.0
2025-05-28 15:30:00-04:00,263.48,270.64,270.7,270.64,271.93,18.2,11,1d+1h+4h,1.296,False,nofill,0.0
2025-05-29 09:30:00-04:00,263.3,270.68,270.75,270.68,272.09,18.2,11,1d+1h+4h,1.383,False,nofill,0.0
2025-05-29 10:30:00-04:00,263.79,270.82,270.89,270.82,272.23,18.2,11,1d+1h+4h,1.319,False,nofill,0.0
2025-05-29 11:30:00-04:00,263.29,270.68,270.75,270.68,272.1,18.2,11,1d+1h+4h,1.386,False,nofill,0.0
2025-05-29 12:30:00-04:00,263.65,270.68,270.75,270.68,272.05,18.2,11,1d+1h+4h,1.318,False,nofill,0.0
2025-05-29 13:30:00-04:00,263.77,270.68,270.74,270.68,272.01,18.2,11,1d+1h+4h,1.296,False,nofill,0.0
2025-05-29 14:30:00-04:00,263.6,270.82,270.88,270.82,272.11,18.2,11,1d+1h+4h,1.354,False,nofill,0.0
2025-05-29 15:30:00-04:00,264.36,270.68,270.74,270.68,271.94,18.2,11,1d+1h+4h,1.185,False,nofill,0.0
2025-05-30 09:30:00-04:00,264.35,269.59,269.65,269.59,270.88,17.2,12,1d+1h+4h,1.022,False,nofill,0.0
2025-05-30 10:30:00-04:00,264.08,269.59,269.65,269.59,270.88,17.2,12,1d+1h+4h,1.074,False,nofill,0.0
2025-05-30 11:30:00-04:00,263.45,269.59,269.65,269.59,270.9,17.2,12,1d+1h+4h,1.196,False,nofill,0.0
2025-05-30 12:30:00-04:00,263.93,269.59,269.65,269.59,270.9,17.2,12,1d+1h+4h,1.103,False,nofill,0.0
2025-05-30 13:30:00-04:00,265.08,269.59,269.65,269.59,270.92,17.2,12,1d+1h+4h,0.879,False,nofill,0.0
2025-05-30 14:30:00-04:00,265.11,269.59,269.65,269.59,270.87,17.2,12,1d+1h+4h,0.873,False,nofill,0.0
2025-05-30 15:30:00-04:00,263.83,269.59,269.65,269.59,270.88,17.2,12,1d+1h+4h,1.122,False,nofill,0.0
2025-06-02 09:30:00-04:00,263.25,270.35,270.41,270.35,271.73,16.2,11,1d+1h+4h,1.424,False,nofill,0.0
2025-06-02 10:30:00-04:00,263.76,269.74,269.81,269.74,271.13,16.2,11,1d+1h+4h,1.199,False,nofill,0.0
2025-06-02 11:30:00-04:00,263.79,269.74,269.8,269.74,271.09,16.2,11,1d+1h+4h,1.195,False,nofill,0.0
2025-06-02 12:30:00-04:00,263.98,270.35,270.41,270.35,271.66,16.2,11,1d+1h+4h,1.277,False,nofill,0.0
2025-06-02 13:30:00-04:00,264.82,269.74,269.8,269.74,271.05,16.2,11,1d+1h+4h,0.987,False,nofill,0.0
2025-06-02 14:30:00-04:00,264.95,269.74,269.8,269.74,270.99,16.2,11,1d+1h+4h,0.961,False,nofill,0.0
2025-06-02 15:30:00-04:00,264.74,269.74,269.8,269.74,270.94,16.2,11,1d+1h+4h,1.003,False,nofill,0.0
2025-06-03 09:30:00-04:00,265.29,269.74,269.8,269.74,271.07,16.2,11,1d+1h+4h,0.911,False,nofill,0.0
2025-06-03 10:30:00-04:00,265.76,270.35,270.41,270.35,271.68,16.2,11,1d+1h+4h,0.938,False,nofill,0.0
2025-06-03 11:30:00-04:00,266.19,270.35,270.41,270.35,271.66,16.2,11,1d+1h+4h,0.85,False,nofill,0.0
2025-06-03 12:30:00-04:00,266.04,270.35,270.41,270.35,271.6,16.2,11,1d+1h+4h,0.881,False,nofill,0.0
2025-06-03 13:30:00-04:00,266.04,270.35,270.4,270.35,271.56,16.2,11,1d+1h+4h,0.881,False,nofill,0.0
2025-06-03 14:30:00-04:00,266.14,270.35,270.4,270.35,271.51,16.2,11,1d+1h+4h,0.86,False,nofill,0.0
2025-06-03 15:30:00-04:00,266.28,269.74,269.79,269.74,270.87,16.2,11,1d+1h+4h,0.708,False,nofill,0.0
2025-06-04 09:30:00-04:00,265.7,270.35,270.4,270.35,271.59,16.2,11,1d+1h+4h,0.978,False,nofill,0.0
2025-06-04 10:30:00-04:00,265.36,269.84,269.9,269.84,271.07,16.2,11,1d+1h+4h,0.946,False,nofill,0.0
2025-06-04 11:30:00-04:00,264.38,269.74,269.8,269.74,270.98,16.2,11,1d+1h+4h,1.13,False,nofill,0.0
2025-06-04 12:30:00-04:00,265.24,266.32,266.38,266.32,267.55,16.4,14,1h+4h,0.227,False,nofill,0.0
2025-06-04 13:30:00-04:00,265.17,266.32,266.38,266.32,267.5,16.4,14,1h+4h,0.242,False,nofill,0.0
2025-06-04 14:30:00-04:00,265.18,266.32,266.38,266.32,267.48,16.4,14,1h+4h,0.24,False,nofill,0.0
2025-06-04 15:30:00-04:00,264.22,266.32,266.38,266.32,267.48,16.4,14,1h+4h,0.443,False,nofill,0.0
2025-06-05 09:30:00-04:00,261.38,262.53,262.6,262.53,263.94,26.0,18,1d+1h+4h,0.245,True,scratch,-0.0854999470386586
2025-06-05 10:30:00-04:00,262.94,263.19,263.26,263.19,264.65,20.6,15,1d+1h+4h,0.054,True,scratch,-0.0864102878185613
2025-06-05 11:30:00-04:00,263.38,263.64,263.71,263.64,265.04,16.8,12,1d+1h+4h,0.055,True,scratch,-0.08531765131032376
2025-06-05 12:30:00-04:00,263.5,266.32,266.39,266.32,267.73,16.4,14,1h+4h,0.598,False,nofill,0.0
2025-06-05 13:30:00-04:00,262.68,263.03,263.1,263.03,264.47,24.2,17,1d+1h+4h,0.074,True,target,0.46173981246520057
2025-06-05 14:30:00-04:00,261.05,262.53,262.6,262.53,264.05,26.0,18,1d+1h+4h,0.315,True,target,0.492669367300147
2025-06-05 15:30:00-04:00,261.97,262.53,262.6,262.53,264.03,26.0,18,1d+1h+4h,0.119,True,target,0.48255566704495934
2025-06-06 09:30:00-04:00,265.86,266.32,266.4,266.32,268.05,18.2,15,1h+4h,0.097,True,scratch,-0.09085440152735158
2025-06-06 10:30:00-04:00,265.68,266.32,266.4,266.32,268.0,18.2,15,1h+4h,0.136,False,nofill,0.0
2025-06-06 11:30:00-04:00,266.18,266.66,266.74,266.66,268.29,17.2,14,1h+4h,0.102,False,nofill,0.0
2025-06-06 12:30:00-04:00,265.42,266.32,266.4,266.32,267.92,18.2,15,1h+4h,0.191,True,scratch,-0.08856982753887577
2025-06-06 13:30:00-04:00,266.07,266.32,266.39,266.32,267.87,19.2,16,1h+4h,0.053,True,scratch,-0.087747324401799
2025-06-06 14:30:00-04:00,265.93,266.32,266.39,266.32,267.81,19.2,16,1h+4h,0.083,False,nofill,0.0
2025-06-06 15:30:00-04:00,265.72,266.32,266.39,266.32,267.75,19.2,16,1h+4h,0.128,False,nofill,0.0
2025-06-09 09:30:00-04:00,265.24,266.32,266.39,266.32,267.82,19.2,16,1h+4h,0.23,True,target,0.4762295266914851
2025-06-09 10:30:00-04:00,265.13,266.32,266.39,266.32,267.78,20.2,17,1h+4h,0.254,True,target,0.46312159892889504
2025-06-09 11:30:00-04:00,266.08,266.32,266.39,266.32,267.77,20.2,17,1h+4h,0.051,True,target,0.45885305005737287
2025-06-09 12:30:00-04:00,267.5,269.74,269.81,269.74,271.21,16.2,11,1d+1h+4h,0.478,False,nofill,0.0
2025-06-09 13:30:00-04:00,267.62,269.74,269.81,269.74,271.15,16.2,11,1d+1h+4h,0.452,False,nofill,0.0
2025-06-09 14:30:00-04:00,266.7,267.33,267.4,267.33,268.71,19.2,16,1h+4h,0.134,True,scratch,-0.08457758095701262
2025-06-09 15:30:00-04:00,266.71,267.33,267.39,267.33,268.68,19.2,16,1h+4h,0.132,True,scratch,-0.08396885628918493
2025-06-10 09:30:00-04:00,267.0,267.33,267.4,267.33,268.72,19.2,16,1h+4h,0.072,True,scratch,-0.08465805287360961
2025-06-10 10:30:00-04:00,267.6,269.84,269.91,269.84,271.23,16.2,11,1d+1h+4h,0.491,False,nofill,0.0
2025-06-10 11:30:00-04:00,268.14,269.74,269.81,269.74,271.14,16.2,11,1d+1h+4h,0.351,False,nofill,0.0
2025-06-10 12:30:00-04:00,268.36,269.74,269.8,269.74,271.09,16.2,11,1d+1h+4h,0.301,False,nofill,0.0
2025-06-10 13:30:00-04:00,267.82,269.74,269.8,269.74,271.07,16.2,11,1d+1h+4h,0.421,False,nofill,0.0
2025-06-10 14:30:00-04:00,268.56,269.74,269.8,269.74,271.06,16.2,11,1d+1h+4h,0.259,False,nofill,0.0
2025-06-10 15:30:00-04:00,268.66,269.74,269.8,269.74,271.01,16.2,11,1d+1h+4h,0.237,False,nofill,0.0
2025-06-11 09:30:00-04:00,268.74,269.74,269.81,269.74,271.2,16.2,11,1d+1h+4h,0.222,False,nofill,0.0
2025-06-11 10:30:00-04:00,268.27,269.74,269.81,269.74,271.2,16.2,11,1d+1h+4h,0.325,False,nofill,0.0
2025-06-11 11:30:00-04:00,268.38,269.74,269.81,269.74,271.18,16.2,11,1d+1h+4h,0.301,False,nofill,0.0
2025-06-11 12:30:00-04:00,269.48,269.74,269.81,269.74,271.19,17.2,12,1d+1h+4h,0.059,False,nofill,0.0
2025-06-11 13:30:00-04:00,268.08,269.74,269.81,269.74,271.22,17.2,12,1d+1h+4h,0.369,False,nofill,0.0
2025-06-11 14:30:00-04:00,267.98,269.74,269.81,269.74,271.22,17.2,12,1d+1h+4h,0.39,False,nofill,0.0
2025-06-11 15:30:00-04:00,268.22,269.74,269.81,269.74,271.16,17.2,12,1d+1h+4h,0.337,False,nofill,0.0
2025-06-12 09:30:00-04:00,268.04,269.74,269.81,269.74,271.29,17.2,12,1d+1h+4h,0.386,False,nofill,0.0
2025-06-12 10:30:00-04:00,267.46,269.84,269.91,269.84,271.38,17.2,12,1d+1h+4h,0.541,False,nofill,0.0
2025-06-12 11:30:00-04:00,267.18,269.84,269.91,269.84,271.34,17.2,12,1d+1h+4h,0.603,False,nofill,0.0
2025-06-12 12:30:00-04:00,267.53,269.84,269.91,269.84,271.31,17.2,12,1d+1h+4h,0.525,False,nofill,0.0
2025-06-12 13:30:00-04:00,267.78,269.74,269.81,269.74,271.14,17.2,12,1d+1h+4h,0.445,False,nofill,0.0
2025-06-12 14:30:00-04:00,267.92,269.74,269.8,269.74,271.08,17.2,12,1d+1h+4h,0.412,False,nofill,0.0
2025-06-12 15:30:00-04:00,268.23,269.74,269.8,269.74,271.03,17.2,12,1d+1h+4h,0.343,False,nofill,0.0
2025-06-13 09:30:00-04:00,263.01,266.32,266.4,266.32,267.93,21.2,18,1h+4h,0.74,True,scratch,-0.08874040473065836
2025-06-13 10:30:00-04:00,266.37,266.66,266.74,266.66,268.42,20.2,17,1h+4h,0.065,True,scratch,-0.0914552185277917
2025-06-13 11:30:00-04:00,266.67,267.33,267.41,267.33,269.03,19.2,16,1h+4h,0.148,False,nofill,0.0
2025-06-13 12:30:00-04:00,265.74,266.32,266.4,266.32,268.0,21.2,18,1h+4h,0.131,False,nofill,0.0
2025-06-13 13:30:00-04:00,265.0,266.32,266.4,266.32,267.97,21.2,18,1h+4h,0.295,True,target,0.5309924128142685
2025-06-13 14:30:00-04:00,264.86,266.32,266.4,266.32,267.93,21.2,18,1h+4h,0.325,True,target,0.5150451805010725
2025-06-13 15:30:00-04:00,265.01,266.32,266.39,266.32,267.87,22.2,19,1h+4h,0.293,True,target,0.4936733665248383
2025-06-16 09:30:00-04:00,270.25,270.64,270.73,270.64,272.49,18.0,12,1d+1h+4h,0.084,True,scratch,-0.09249942342524076
2025-06-16 10:30:00-04:00,271.36,279.23,279.32,279.23,281.07,6.6,5,1h+4h,1.7,False,nofill,0.0
2025-06-16 11:30:00-04:00,271.36,279.23,279.32,279.23,280.98,6.6,5,1h+4h,1.7,False,nofill,0.0
2025-06-16 12:30:00-04:00,271.02,279.23,279.31,279.23,280.92,6.6,5,1h+4h,1.774,False,nofill,0.0
2025-06-16 13:30:00-04:00,270.67,279.23,279.31,279.23,280.85,6.6,5,1h+4h,1.85,False,nofill,0.0
2025-06-16 14:30:00-04:00,270.62,271.73,271.8,271.73,273.29,11.6,8,1d+1h+4h,0.24,False,nofill,0.0
2025-06-16 15:30:00-04:00,270.39,270.64,270.71,270.64,272.15,19.0,13,1d+1h+4h,0.054,False,nofill,0.0
2025-06-17 09:30:00-04:00,270.31,270.64,270.72,270.64,272.25,19.0,13,1d+1h+4h,0.073,False,nofill,0.0
2025-06-17 10:30:00-04:00,269.42,269.74,269.82,269.74,271.33,19.0,13,1d+1h+4h,0.071,True,scratch,-0.08796578140097822
2025-06-17 11:30:00-04:00,270.03,270.64,270.71,270.64,272.18,19.0,13,1d+1h+4h,0.135,False,nofill,0.0
2025-06-17 12:30:00-04:00,269.6,269.84,269.91,269.84,271.34,19.0,13,1d+1h+4h,0.053,True,scratch,-0.0864372663277102
2025-06-17 13:30:00-04:00,269.0,270.64,270.71,270.64,272.14,20.8,14,1d+1h+4h,0.365,True,target,0.4660049327829041
2025-06-17 14:30:00-04:00,269.3,270.64,270.71,270.64,272.1,20.8,14,1d+1h+4h,0.299,True,target,0.4532252323987018
2025-06-17 15:30:00-04:00,269.5,270.64,270.71,270.64,272.05,20.8,14,1d+1h+4h,0.254,True,target,0.4342400764531851
2025-06-18 09:30:00-04:00,276.71,279.23,279.32,279.23,281.1,6.6,5,1h+4h,0.532,False,nofill,0.0
2025-06-18 10:30:00-04:00,275.44,279.23,279.33,279.23,281.19,6.6,5,1h+4h,0.8,False,nofill,0.0
2025-06-18 11:30:00-04:00,275.21,279.23,279.32,279.23,281.15,6.6,5,1h+4h,0.847,False,nofill,0.0
2025-06-18 12:30:00-04:00,275.12,279.23,279.32,279.23,281.08,6.6,5,1h+4h,0.867,False,nofill,0.0
2025-06-18 13:30:00-04:00,274.52,277.43,277.51,277.43,279.22,6.8,6,1h+4h,0.612,False,nofill,0.0
2025-06-18 14:30:00-04:00,273.76,277.43,277.51,277.43,279.23,6.8,6,1h+4h,0.773,False,nofill,0.0
2025-06-18 15:30:00-04:00,273.95,277.43,277.51,277.43,279.18,6.8,6,1h+4h,0.734,False,nofill,0.0
2025-06-20 09:30:00-04:00,275.73,277.43,277.52,277.43,279.3,6.8,6,1h+4h,0.366,False,nofill,0.0
2025-06-20 10:30:00-04:00,275.47,277.43,277.52,277.43,279.25,6.8,6,1h+4h,0.421,False,nofill,0.0
2025-06-20 11:30:00-04:00,275.38,277.43,277.51,277.43,279.18,6.8,6,1h+4h,0.441,False,nofill,0.0
2025-06-20 12:30:00-04:00,274.54,277.43,277.51,277.43,279.18,6.8,6,1h+4h,0.622,False,nofill,0.0
2025-06-20 13:30:00-04:00,274.19,277.43,277.51,277.43,279.11,8.6,7,1h+4h,0.697,False,nofill,0.0
2025-06-20 14:30:00-04:00,274.33,277.43,277.51,277.43,279.05,8.6,7,1h+4h,0.666,False,nofill,0.0
2025-06-20 15:30:00-04:00,274.99,277.43,277.5,277.43,279.02,8.6,7,1h+4h,0.525,False,nofill,0.0
2025-06-23 09:30:00-04:00,275.64,277.43,277.51,277.43,279.08,8.6,7,1h+4h,0.376,False,nofill,0.0
2025-06-23 10:30:00-04:00,274.63,277.43,277.51,277.43,279.07,8.6,7,1h+4h,0.587,False,nofill,0.0
2025-06-23 11:30:00-04:00,273.19,277.43,277.51,277.43,279.09,8.6,7,1h+4h,0.89,True,scratch,-0.08845052925164909
2025-06-23 12:30:00-04:00,275.8,277.43,277.52,277.43,279.24,9.6,8,1h+4h,0.343,True,scratch,-0.09110441149318138
2025-06-23 13:30:00-04:00,276.14,277.43,277.51,277.43,279.17,9.6,8,1h+4h,0.27,True,scratch,-0.08978851732092119
2025-06-23 14:30:00-04:00,277.19,277.43,277.51,277.43,279.17,9.6,8,1h+4h,0.05,True,target,0.5375260190134457
2025-06-23 15:30:00-04:00,278.25,278.55,278.63,278.55,280.28,7.6,6,1h+4h,0.063,True,target,0.5323258900736372
2025-07-15 12:30:00-04:00,286.43,291.95,292.04,291.95,293.77,7.8,5,1d+1h+4h,1.081,False,nofill,0.0
2025-07-15 13:30:00-04:00,286.6,291.95,292.03,291.95,293.73,7.8,5,1d+1h+4h,1.047,False,nofill,0.0
2025-07-15 14:30:00-04:00,286.7,291.95,292.03,291.95,293.72,7.8,5,1d+1h+4h,1.026,False,nofill,0.0
2025-07-15 15:30:00-04:00,286.3,291.95,292.03,291.95,293.72,7.8,5,1d+1h+4h,1.106,False,nofill,0.0
2025-07-16 09:30:00-04:00,285.44,291.95,292.05,291.95,293.99,7.8,5,1d+1h+4h,1.232,False,nofill,0.0
2025-07-16 10:30:00-04:00,284.95,291.95,292.05,291.95,294.09,7.8,5,1d+1h+4h,1.324,False,nofill,0.0
2025-07-16 11:30:00-04:00,285.66,291.95,292.06,291.95,294.18,7.8,5,1d+1h+4h,1.19,False,nofill,0.0
2025-07-16 12:30:00-04:00,285.88,291.95,292.05,291.95,294.12,7.8,5,1d+1h+4h,1.147,False,nofill,0.0
2025-07-16 13:30:00-04:00,285.0,291.95,292.05,291.95,294.03,9.6,6,1d+1h+4h,1.314,False,nofill,0.0
2025-07-16 14:30:00-04:00,285.54,291.95,292.05,291.95,293.98,9.6,6,1d+1h+4h,1.213,False,nofill,0.0
2025-07-16 15:30:00-04:00,285.78,291.95,292.04,291.95,293.9,9.6,6,1d+1h+4h,1.167,False,nofill,0.0
2025-07-17 09:30:00-04:00,287.7,291.95,292.06,291.95,294.25,9.6,6,1d+1h+4h,0.789,False,nofill,0.0
2025-07-17 10:30:00-04:00,287.42,291.95,292.06,291.95,294.2,9.6,6,1d+1h+4h,0.84,False,nofill,0.0
2025-07-17 11:30:00-04:00,287.93,291.95,292.05,291.95,294.13,9.6,6,1d+1h+4h,0.746,False,nofill,0.0
2025-07-17 12:30:00-04:00,287.46,291.95,292.05,291.95,294.05,9.6,6,1d+1h+4h,0.833,False,nofill,0.0
2025-07-17 13:30:00-04:00,289.93,291.95,292.05,291.95,294.11,9.6,6,1d+1h+4h,0.375,False,nofill,0.0
2025-07-17 14:30:00-04:00,289.49,291.95,292.05,291.95,294.02,9.6,6,1d+1h+4h,0.457,False,nofill,0.0
2025-07-17 15:30:00-04:00,290.06,291.95,292.04,291.95,293.93,9.6,6,1d+1h+4h,0.351,True,scratch,-0.09228876341386139
2025-07-18 09:30:00-04:00,290.1,291.95,292.05,291.95,293.99,9.6,6,1d+1h+4h,0.349,True,scratch,-0.09325623785727544
2025-07-18 10:30:00-04:00,290.82,291.95,292.05,291.95,293.98,9.6,6,1d+1h+4h,0.213,True,scratch,-0.0930061491492884
2025-07-18 11:30:00-04:00,291.5,291.95,292.04,291.95,293.94,9.6,6,1d+1h+4h,0.085,True,scratch,-0.09237073854775346
2025-07-18 12:30:00-04:00,291.24,291.95,292.04,291.95,293.9,9.6,6,1d+1h+4h,0.134,False,nofill,0.0
2025-07-18 13:30:00-04:00,291.3,291.95,292.04,291.95,293.82,9.6,6,1d+1h+4h,0.123,True,scratch,-0.09039019969987461
2025-07-18 14:30:00-04:00,291.17,291.95,292.03,291.95,293.73,9.6,6,1d+1h+4h,0.147,True,scratch,-0.08906188747105359
2025-07-18 15:30:00-04:00,291.17,291.95,292.03,291.95,293.67,10.6,7,1d+1h+4h,0.148,True,scratch,-0.08797382734135883
2025-07-21 09:30:00-04:00,292.09,292.5,292.58,292.5,294.24,7.6,6,1h+4h,0.079,True,scratch,-0.08834088826992215
2025-07-21 13:30:00-04:00,292.08,292.5,292.58,292.5,294.1,7.6,6,1h+4h,0.081,False,nofill,0.0
2025-07-21 14:30:00-04:00,291.19,291.95,292.03,291.95,293.53,11.6,8,1d+1h+4h,0.147,True,target,0.4545252696720681
2025-07-21 15:30:00-04:00,290.97,291.95,292.02,291.95,293.49,11.6,8,1d+1h+4h,0.189,True,target,0.441697461432633
2025-07-22 09:30:00-04:00,291.06,291.95,292.03,291.95,293.59,11.6,8,1d+1h+4h,0.175,True,target,0.4747898686357832
2025-07-22 10:30:00-04:00,292.02,292.5,292.58,292.5,294.14,7.6,6,1h+4h,0.094,True,scratch,-0.08668543173480092
2025-07-22 13:30:00-04:00,291.71,292.5,292.58,292.5,294.09,7.6,6,1h+4h,0.154,True,target,0.4579056022315342
2025-07-22 14:30:00-04:00,291.42,291.95,292.02,291.95,293.5,11.6,8,1d+1h+4h,0.104,True,target,0.44403871224139024
2025-07-22 15:30:00-04:00,291.3,291.95,292.02,291.95,293.43,11.6,8,1d+1h+4h,0.127,True,target,0.4231982880580576
2025-08-01 09:30:00-04:00,289.51,291.95,292.07,291.95,294.43,11.6,8,1d+1h+4h,0.47,False,nofill,0.0
2025-08-01 10:30:00-04:00,288.42,291.95,292.07,291.95,294.39,11.6,8,1d+1h+4h,0.68,False,nofill,0.0
2025-08-01 11:30:00-04:00,290.93,291.95,292.07,291.95,294.48,11.6,8,1d+1h+4h,0.196,False,nofill,0.0
2025-08-01 12:30:00-04:00,289.49,291.95,292.07,291.95,294.41,11.6,8,1d+1h+4h,0.474,False,nofill,0.0
2025-08-01 13:30:00-04:00,289.81,291.95,292.06,291.95,294.32,11.6,8,1d+1h+4h,0.412,True,target,0.7116242554479291
2025-08-01 14:30:00-04:00,289.53,291.95,292.06,291.95,294.29,11.6,8,1d+1h+4h,0.466,True,target,0.7031943551992104
2025-08-01 15:30:00-04:00,288.99,291.95,292.06,291.95,294.23,11.6,8,1d+1h+4h,0.57,True,target,0.6830302913187758
2025-08-04 09:30:00-04:00,292.91,295.63,295.75,295.63,298.07,8.8,6,1d+1h+4h,0.527,False,nofill,0.0
2025-08-04 10:30:00-04:00,292.58,295.63,295.75,295.63,297.97,8.8,6,1d+1h+4h,0.59,False,nofill,0.0
2025-08-04 11:30:00-04:00,292.08,296.06,296.17,296.06,298.28,8.8,6,1d+1h+4h,0.77,False,nofill,0.0
2025-08-04 12:30:00-04:00,292.55,295.63,295.74,295.63,297.8,8.8,6,1d+1h+4h,0.597,False,nofill,0.0
2025-08-04 13:30:00-04:00,293.16,295.63,295.73,295.63,297.71,8.8,6,1d+1h+4h,0.479,True,scratch,-0.09345683358343848
2025-08-04 14:30:00-04:00,293.89,295.63,295.73,295.63,297.64,8.8,6,1d+1h+4h,0.338,True,scratch,-0.09218174820641023
2025-08-04 15:30:00-04:00,294.23,295.63,295.72,295.63,297.54,8.8,6,1d+1h+4h,0.272,True,scratch,-0.09058228318136186
2025-08-05 09:30:00-04:00,291.12,291.95,292.05,291.95,294.09,11.6,8,1d+1h+4h,0.155,False,nofill,0.0
2025-08-05 10:30:00-04:00,288.44,291.95,292.06,291.95,294.23,11.6,8,1d+1h+4h,0.65,False,nofill,0.0
2025-08-05 11:30:00-04:00,289.58,295.5,295.61,295.5,297.74,11.6,8,1d+1h+4h,1.097,False,nofill,0.0
2025-08-05 12:30:00-04:00,290.56,295.5,295.61,295.5,297.71,12.6,9,1d+1h+4h,0.915,False,nofill,0.0
2025-08-05 13:30:00-04:00,290.59,295.5,295.6,295.5,297.67,12.6,9,1d+1h+4h,0.91,False,nofill,0.0
2025-08-05 14:30:00-04:00,291.49,295.5,295.6,295.5,297.62,12.6,9,1d+1h+4h,0.743,False,nofill,0.0
2025-08-05 15:30:00-04:00,291.35,295.5,295.6,295.5,297.52,12.6,9,1d+1h+4h,0.769,False,nofill,0.0
2025-08-06 09:30:00-04:00,291.61,291.95,292.05,291.95,294.01,11.6,8,1d+1h+4h,0.065,True,scratch,-0.0935703268520438
2025-08-06 10:30:00-04:00,292.01,296.06,296.16,296.06,298.06,9.8,7,1d+1h+4h,0.774,False,nofill,0.0
2025-08-06 11:30:00-04:00,291.22,291.95,292.04,291.95,293.89,11.6,8,1d+1h+4h,0.14,False,nofill,0.0
2025-08-06 12:30:00-04:00,290.31,291.95,292.04,291.95,293.87,11.6,8,1d+1h+4h,0.313,False,nofill,0.0
2025-08-06 13:30:00-04:00,291.11,291.95,292.04,291.95,293.81,11.6,8,1d+1h+4h,0.161,True,scratch,-0.09028337977698975
2025-08-06 14:30:00-04:00,291.24,291.95,292.03,291.95,293.72,11.6,8,1d+1h+4h,0.136,True,scratch,-0.08882560217337021
2025-08-06 15:30:00-04:00,291.38,291.95,292.03,291.95,293.64,11.6,8,1d+1h+4h,0.109,True,scratch,-0.08747130250201796
2025-08-07 09:30:00-04:00,290.57,295.5,295.59,295.5,297.31,14.4,10,1d+1h+4h,0.921,False,nofill,0.0
2025-08-07 10:30:00-04:00,289.02,295.5,295.59,295.5,297.34,14.4,10,1d+1h+4h,1.211,False,nofill,0.0
2025-08-07 11:30:00-04:00,288.69,295.5,295.58,295.5,297.28,14.4,10,1d+1h+4h,1.272,False,nofill,0.0
2025-08-07 12:30:00-04:00,287.71,295.5,295.58,295.5,297.28,14.4,10,1d+1h+4h,1.456,False,nofill,0.0
2025-08-07 13:30:00-04:00,287.88,295.5,295.58,295.5,297.24,14.4,10,1d+1h+4h,1.424,False,nofill,0.0
2025-08-07 14:30:00-04:00,287.85,295.5,295.58,295.5,297.18,14.4,10,1d+1h+4h,1.43,False,nofill,0.0
2025-08-07 15:30:00-04:00,287.13,295.5,295.58,295.5,297.19,14.4,10,1d+1h+4h,1.564,False,nofill,0.0
2025-08-08 09:30:00-04:00,289.85,295.5,295.59,295.5,297.37,14.4,10,1d+1h+4h,1.041,False,nofill,0.0
2025-08-08 10:30:00-04:00,289.36,295.5,295.59,295.5,297.33,14.4,10,1d+1h+4h,1.131,False,nofill,0.0
2025-08-08 11:30:00-04:00,288.78,295.5,295.59,295.5,297.31,14.4,10,1d+1h+4h,1.238,False,nofill,0.0
2025-08-08 12:30:00-04:00,288.96,295.5,295.6,295.5,297.52,14.4,10,1d+1h+4h,1.205,False,nofill,0.0
2025-08-08 13:30:00-04:00,289.24,295.5,295.59,295.5,297.43,14.4,10,1d+1h+4h,1.153,False,nofill,0.0
2025-08-08 14:30:00-04:00,288.72,295.5,295.59,295.5,297.37,14.4,10,1d+1h+4h,1.249,False,nofill,0.0
2025-08-08 15:30:00-04:00,288.81,295.5,295.59,295.5,297.3,14.4,10,1d+1h+4h,1.233,False,nofill,0.0
2025-08-11 09:30:00-04:00,290.21,291.95,292.04,291.95,293.78,12.6,9,1d+1h+4h,0.333,False,nofill,0.0
2025-08-11 10:30:00-04:00,290.44,291.95,292.04,291.95,293.76,12.6,9,1d+1h+4h,0.289,False,nofill,0.0
2025-08-11 11:30:00-04:00,291.01,291.95,292.03,291.95,293.72,12.6,9,1d+1h+4h,0.18,False,nofill,0.0
2025-08-11 12:30:00-04:00,289.75,291.95,292.03,291.95,293.72,12.6,9,1d+1h+4h,0.422,False,nofill,0.0
2025-08-11 13:30:00-04:00,289.48,291.95,292.03,291.95,293.64,12.6,9,1d+1h+4h,0.474,True,target,0.4914136127360802
2025-08-11 14:30:00-04:00,289.82,291.95,292.03,291.95,293.59,13.6,10,1d+1h+4h,0.408,True,target,0.474277386718458
2025-08-11 15:30:00-04:00,289.71,291.95,292.03,291.95,293.55,13.6,10,1d+1h+4h,0.429,True,target,0.46239728665915525
2025-08-12 09:30:00-04:00,294.23,295.63,295.72,295.63,297.47,11.6,8,1d+1h+4h,0.271,False,nofill,0.0
2025-08-12 10:30:00-04:00,292.61,296.06,296.15,296.06,297.93,11.6,8,1d+1h+4h,0.662,False,nofill,0.0
2025-08-12 11:30:00-04:00,293.22,295.63,295.72,295.63,297.43,11.6,8,1d+1h+4h,0.463,False,nofill,0.0
2025-08-12 12:30:00-04:00,292.91,296.06,296.14,296.06,297.81,11.6,8,1d+1h+4h,0.605,False,nofill,0.0
2025-08-12 13:30:00-04:00,293.77,294.75,294.83,294.75,296.51,12.6,9,1d+1h+4h,0.188,False,nofill,0.0
2025-08-12 14:30:00-04:00,293.22,294.75,294.83,294.75,296.45,12.6,9,1d+1h+4h,0.294,False,nofill,0.0
2025-08-12 15:30:00-04:00,292.77,294.75,294.83,294.75,296.41,12.6,9,1d+1h+4h,0.38,False,nofill,0.0
2025-08-13 09:30:00-04:00,293.04,294.75,294.83,294.75,296.43,15.4,11,1d+1h+4h,0.319,False,nofill,0.0
2025-08-13 10:30:00-04:00,291.58,294.75,294.83,294.75,296.49,15.4,11,1d+1h+4h,0.591,False,nofill,0.0
2025-08-13 11:30:00-04:00,289.14,295.5,295.59,295.5,297.35,15.4,11,1d+1h+4h,1.189,False,nofill,0.0
2025-08-13 12:30:00-04:00,287.69,295.5,295.59,295.5,297.38,15.4,11,1d+1h+4h,1.459,False,nofill,0.0
2025-08-13 13:30:00-04:00,289.63,294.75,294.84,294.75,296.69,17.2,12,1d+1h+4h,0.956,False,nofill,0.0
2025-08-13 14:30:00-04:00,289.68,294.75,294.84,294.75,296.64,17.2,12,1d+1h+4h,0.947,False,nofill,0.0
2025-08-13 15:30:00-04:00,290.59,295.5,295.59,295.5,297.37,17.2,12,1d+1h+4h,0.917,False,nofill,0.0
2025-08-14 09:30:00-04:00,291.62,294.75,294.84,294.75,296.7,17.2,12,1d+1h+4h,0.591,False,nofill,0.0
2025-08-14 10:30:00-04:00,292.4,294.75,294.84,294.75,296.69,17.2,12,1d+1h+4h,0.443,False,nofill,0.0
2025-08-14 11:30:00-04:00,291.83,294.75,294.84,294.75,296.66,17.2,12,1d+1h+4h,0.552,False,nofill,0.0
2025-08-14 12:30:00-04:00,292.68,294.75,294.84,294.75,296.65,17.2,12,1d+1h+4h,0.39,False,nofill,0.0
2025-08-14 13:30:00-04:00,292.38,294.75,294.84,294.75,296.57,17.2,12,1d+1h+4h,0.448,True,scratch,-0.08932843608973062
2025-08-14 14:30:00-04:00,293.15,294.75,294.84,294.75,296.54,17.2,12,1d+1h+4h,0.302,True,scratch,-0.08885702152985342
2025-08-14 15:30:00-04:00,294.09,294.75,294.83,294.75,296.5,17.2,12,1d+1h+4h,0.125,True,scratch,-0.08824741756209287
2025-08-15 09:30:00-04:00,290.89,294.75,294.85,294.75,296.78,17.2,12,1d+1h+4h,0.727,False,nofill,0.0
2025-08-15 10:30:00-04:00,291.06,294.75,294.84,294.75,296.71,17.2,12,1d+1h+4h,0.695,False,nofill,0.0
2025-08-15 11:30:00-04:00,290.86,295.5,295.59,295.5,297.39,17.2,12,1d+1h+4h,0.873,False,nofill,0.0
2025-08-15 12:30:00-04:00,290.73,295.5,295.59,295.5,297.34,18.2,13,1d+1h+4h,0.898,False,nofill,0.0
2025-08-15 13:30:00-04:00,290.94,294.75,294.83,294.75,296.5,18.2,13,1d+1h+4h,0.717,False,nofill,0.0
2025-08-15 14:30:00-04:00,291.01,294.75,294.83,294.75,296.43,18.2,13,1d+1h+4h,0.704,False,nofill,0.0
2025-08-15 15:30:00-04:00,290.49,294.75,294.83,294.75,296.39,18.2,13,1d+1h+4h,0.802,False,nofill,0.0
2025-08-18 09:30:00-04:00,289.53,295.95,296.04,295.95,297.64,15.4,11,1d+1h+4h,1.241,False,nofill,0.0
2025-08-18 10:30:00-04:00,290.82,295.79,295.86,295.79,297.46,15.4,11,1d+1h+4h,0.96,False,nofill,0.0
2025-08-18 11:30:00-04:00,291.2,295.79,295.86,295.79,297.4,15.4,11,1d+1h+4h,0.885,False,nofill,0.0
2025-08-18 12:30:00-04:00,291.52,295.79,295.86,295.79,297.37,15.4,11,1d+1h+4h,0.824,False,nofill,0.0
2025-08-18 13:30:00-04:00,291.07,295.79,295.86,295.79,297.33,17.2,12,1d+1h+4h,0.911,False,nofill,0.0
2025-08-18 14:30:00-04:00,291.36,295.79,295.86,295.79,297.27,17.2,12,1d+1h+4h,0.855,False,nofill,0.0
2025-08-18 15:30:00-04:00,291.49,295.63,295.7,295.63,297.05,17.2,12,1d+1h+4h,0.8,False,nofill,0.0
2025-08-19 09:30:00-04:00,291.8,295.79,295.85,295.79,297.25,17.2,12,1d+1h+4h,0.795,False,nofill,0.0
2025-08-19 10:30:00-04:00,291.77,295.79,295.85,295.79,297.22,17.2,12,1d+1h+4h,0.801,False,nofill,0.0
2025-08-19 11:30:00-04:00,290.3,295.95,296.03,295.95,297.44,17.2,12,1d+1h+4h,1.128,False,nofill,0.0
2025-08-19 12:30:00-04:00,289.91,295.95,296.02,295.95,297.4,17.2,12,1d+1h+4h,1.205,False,nofill,0.0
2025-08-19 13:30:00-04:00,290.12,295.95,296.02,295.95,297.36,17.2,12,1d+1h+4h,1.165,False,nofill,0.0
2025-08-19 14:30:00-04:00,290.1,295.95,296.02,295.95,297.32,17.2,12,1d+1h+4h,1.168,False,nofill,0.0
2025-08-19 15:30:00-04:00,290.63,295.95,296.02,295.95,297.3,17.2,12,1d+1h+4h,1.062,False,nofill,0.0
2025-08-20 09:30:00-04:00,290.36,295.95,296.04,295.95,297.66,17.2,12,1d+1h+4h,1.102,False,nofill,0.0
2025-08-20 10:30:00-04:00,292.25,295.95,296.04,295.95,297.73,17.2,12,1d+1h+4h,0.729,False,nofill,0.0
2025-08-20 11:30:00-04:00,291.44,295.63,295.72,295.63,297.41,17.2,12,1d+1h+4h,0.824,False,nofill,0.0
2025-08-20 12:30:00-04:00,291.82,295.63,295.72,295.63,297.36,17.2,12,1d+1h+4h,0.75,False,nofill,0.0
2025-08-20 13:30:00-04:00,291.54,295.95,296.04,295.95,297.68,17.2,12,1d+1h+4h,0.869,False,nofill,0.0
2025-08-20 14:30:00-04:00,292.83,295.95,296.04,295.95,297.68,17.2,12,1d+1h+4h,0.615,False,nofill,0.0
2025-08-20 15:30:00-04:00,292.21,295.63,295.71,295.63,297.32,17.2,12,1d+1h+4h,0.674,False,nofill,0.0
2025-08-21 09:30:00-04:00,292.38,295.79,295.87,295.79,297.58,17.2,12,1d+1h+4h,0.688,False,nofill,0.0
2025-08-21 10:30:00-04:00,292.02,295.63,295.72,295.63,297.39,17.2,12,1d+1h+4h,0.731,False,nofill,0.0
2025-08-21 11:30:00-04:00,291.71,295.63,295.72,295.63,297.37,17.2,12,1d+1h+4h,0.793,False,nofill,0.0
2025-08-21 12:30:00-04:00,291.59,295.95,296.03,295.95,297.62,17.2,12,1d+1h+4h,0.882,False,nofill,0.0
2025-08-21 13:30:00-04:00,291.52,295.95,296.03,295.95,297.56,17.2,12,1d+1h+4h,0.896,False,nofill,0.0
2025-08-21 14:30:00-04:00,291.44,295.95,296.03,295.95,297.5,17.2,12,1d+1h+4h,0.911,False,nofill,0.0
2025-08-21 15:30:00-04:00,291.4,295.95,296.03,295.95,297.45,17.2,12,1d+1h+4h,0.92,True,scratch,-0.084012453507043
2025-08-22 09:30:00-04:00,291.4,292.48,292.57,292.48,294.3,17.2,14,1h+4h,0.212,True,target,0.5308981767777388
2025-08-22 10:30:00-04:00,295.54,295.95,296.05,295.95,297.95,17.2,12,1d+1h+4h,0.082,True,scratch,-0.09212643325401393
2025-08-22 11:30:00-04:00,296.25,296.82,296.91,296.82,298.81,11.6,8,1d+1h+4h,0.112,False,nofill,0.0
2025-08-22 13:30:00-04:00,295.58,295.95,296.04,295.95,297.82,17.2,12,1d+1h+4h,0.073,True,scratch,-0.08993275215076757
2025-08-22 14:30:00-04:00,295.54,295.95,296.04,295.95,297.76,18.2,13,1d+1h+4h,0.082,True,scratch,-0.08892654452322679
2025-08-22 15:30:00-04:00,296.24,296.82,296.9,296.82,298.58,12.6,9,1d+1h+4h,0.114,True,scratch,-0.08827161601984157
2025-08-25 09:30:00-04:00,295.9,296.2,296.29,296.2,298.02,15.4,11,1d+1h+4h,0.061,False,nofill,0.0
2025-08-25 10:30:00-04:00,295.45,295.95,296.04,295.95,297.72,18.2,13,1d+1h+4h,0.102,False,nofill,0.0
2025-08-25 11:30:00-04:00,295.53,295.95,296.04,295.95,297.72,18.2,13,1d+1h+4h,0.086,False,nofill,0.0
2025-08-25 12:30:00-04:00,295.35,295.95,296.04,295.95,297.66,18.2,13,1d+1h+4h,0.123,False,nofill,0.0
2025-08-25 13:30:00-04:00,295.44,295.95,296.03,295.95,297.58,18.2,13,1d+1h+4h,0.105,False,nofill,0.0
2025-08-25 14:30:00-04:00,295.04,295.95,296.03,295.95,297.52,18.2,13,1d+1h+4h,0.185,False,nofill,0.0
2025-08-25 15:30:00-04:00,294.8,295.95,296.03,295.95,297.46,18.2,13,1d+1h+4h,0.233,True,target,0.42440852986196376
2025-08-26 09:30:00-04:00,294.92,295.95,296.03,295.95,297.48,18.2,13,1d+1h+4h,0.209,True,target,0.43080008091145316
2025-08-26 10:30:00-04:00,294.32,295.95,296.03,295.95,297.45,18.2,13,1d+1h+4h,0.329,True,target,0.42030981361087516
2025-08-26 11:30:00-04:00,296.06,296.82,296.89,296.82,298.38,13.6,10,1d+1h+4h,0.153,True,target,0.43855844667375354
2025-08-26 12:30:00-04:00,296.86,297.16,297.23,297.16,298.67,7.8,7,1h+4h,0.06,True,target,0.424034860459388
2025-09-02 09:30:00-04:00,296.87,297.16,297.24,297.16,298.89,6.8,6,1h+4h,0.061,True,scratch,-0.08766728558416981
2025-09-02 10:30:00-04:00,297.46,297.91,297.99,297.91,299.64,6.0,6,1h,0.094,True,scratch,-0.0875538569643508
2025-09-02 11:30:00-04:00,297.23,297.91,297.99,297.91,299.57,6.0,6,1h,0.143,True,scratch,-0.08650700628519692
2025-09-03 12:30:00-04:00,297.32,300.57,300.64,300.57,302.14,9.6,8,1h+4h,0.689,False,nofill,0.0
2025-09-03 13:30:00-04:00,297.36,300.57,300.64,300.57,302.12,9.6,8,1h+4h,0.68,True,target,0.4317991453540282
2025-09-03 14:30:00-04:00,297.58,300.57,300.64,300.57,302.06,9.6,8,1h+4h,0.634,True,target,0.4118729605492977
2025-09-03 15:30:00-04:00,299.43,300.57,300.64,300.57,302.1,9.6,8,1h+4h,0.242,True,target,0.4235182318267139
2025-09-05 09:30:00-04:00,298.01,300.57,300.66,300.57,302.45,9.6,8,1h+4h,0.49,False,nofill,0.0
2025-09-05 10:30:00-04:00,296.51,296.82,296.92,296.82,298.85,14.6,11,1d+1h+4h,0.059,False,nofill,0.0
2025-09-05 11:30:00-04:00,295.71,296.06,296.15,296.06,298.04,17.4,13,1d+1h+4h,0.067,True,scratch,-0.09180933711057104
2025-09-05 12:30:00-04:00,295.34,295.63,295.73,295.63,297.57,20.0,14,1d+1h+4h,0.056,True,scratch,-0.0911718818244589
2025-09-05 13:30:00-04:00,295.23,295.63,295.72,295.63,297.52,20.0,14,1d+1h+4h,0.077,True,scratch,-0.09030815462662822
2025-09-05 14:30:00-04:00,295.68,295.95,296.04,295.95,297.78,19.2,14,1d+1h+4h,0.053,True,scratch,-0.08924511592539597
2025-09-05 15:30:00-04:00,294.45,294.75,294.84,294.75,296.57,22.8,16,1d+1h+4h,0.057,True,scratch,-0.08938448987381165
2025-09-08 09:30:00-04:00,293.92,294.5,294.59,294.5,296.49,24.6,17,1d+1h+4h,0.111,True,scratch,-0.09216521061755634
2025-09-08 10:30:00-04:00,293.38,294.5,294.59,294.5,296.46,24.6,17,1d+1h+4h,0.215,False,nofill,0.0
2025-09-08 11:30:00-04:00,292.88,294.5,294.59,294.5,296.44,24.6,17,1d+1h+4h,0.312,False,nofill,0.0
2025-09-08 12:30:00-04:00,292.53,294.5,294.59,294.5,296.35,24.6,17,1d+1h+4h,0.378,False,nofill,0.0
2025-09-08 13:30:00-04:00,292.48,294.5,294.59,294.5,296.32,24.6,17,1d+1h+4h,0.388,True,target,0.5268709875116295
2025-09-08 14:30:00-04:00,293.08,294.5,294.58,294.5,296.28,24.6,17,1d+1h+4h,0.274,True,target,0.5162135158160552
2025-09-08 15:30:00-04:00,292.99,294.5,294.58,294.5,296.23,24.6,17,1d+1h+4h,0.29,True,target,0.4977436066174068
2025-09-09 09:30:00-04:00,295.3,296.06,296.15,296.06,297.93,21.2,16,1d+1h+4h,0.143,True,target,0.5395328127851151
2025-09-09 10:30:00-04:00,298.02,300.57,300.67,300.57,302.62,9.6,8,1h+4h,0.48,False,nofill,0.0
2025-09-09 11:30:00-04:00,296.86,297.16,297.26,297.16,299.22,9.8,9,1h+4h,0.057,True,scratch,-0.09298313957499804
2025-09-09 12:30:00-04:00,297.09,300.57,300.67,300.57,302.6,9.6,8,1h+4h,0.656,False,nofill,0.0
2025-09-09 13:30:00-04:00,298.63,299.73,299.83,299.73,301.77,9.6,8,1h+4h,0.207,True,scratch,-0.09231689736286519
2025-09-09 14:30:00-04:00,298.06,299.73,299.82,299.73,301.72,9.6,8,1h+4h,0.315,True,scratch,-0.09156103653633618
2025-09-09 15:30:00-04:00,297.78,299.73,299.82,299.73,301.66,9.6,8,1h+4h,0.368,True,scratch,-0.09059138272632383
2025-09-10 10:30:00-04:00,299.13,299.73,299.84,299.73,301.97,12.6,9,1d+1h+4h,0.112,True,target,0.6503255472108505
2025-09-10 12:30:00-04:00,300.64,300.98,301.08,300.98,303.2,6.8,6,1h+4h,0.062,False,nofill,0.0
2025-09-10 13:30:00-04:00,300.46,300.98,301.08,300.98,303.1,6.8,6,1h+4h,0.096,True,target,0.6103622785779139
2025-09-10 14:30:00-04:00,300.07,300.57,300.67,300.57,302.6,13.6,10,1d+1h+4h,0.094,True,target,0.5818473127264578
2025-09-10 15:30:00-04:00,300.62,300.98,301.07,300.98,302.93,7.8,7,1h+4h,0.066,True,target,0.5570857530460271
2025-10-02 09:30:00-04:00,308.19,312.91,313.01,312.91,315.04,7.0,5,1d+1h,0.918,False,nofill,0.0
2025-10-02 10:30:00-04:00,307.31,313.25,313.35,313.25,315.4,7.0,5,1d+1h,1.155,False,nofill,0.0
2025-10-02 11:30:00-04:00,306.87,313.25,313.35,313.25,315.35,7.0,5,1d+1h,1.241,False,nofill,0.0
2025-10-02 12:30:00-04:00,306.94,313.25,313.35,313.25,315.28,7.0,5,1d+1h,1.227,False,nofill,0.0
2025-10-02 13:30:00-04:00,307.84,312.91,313.0,312.91,314.9,7.0,5,1d+1h,0.986,False,nofill,0.0
2025-10-02 14:30:00-04:00,307.76,312.91,313.0,312.91,314.83,7.0,5,1d+1h,1.002,False,nofill,0.0
2025-10-02 15:30:00-04:00,307.55,313.25,313.34,313.25,315.07,7.0,5,1d+1h,1.109,False,nofill,0.0
2025-10-03 09:30:00-04:00,310.19,312.91,313.01,312.91,314.91,7.0,5,1d+1h,0.537,False,nofill,0.0
2025-10-03 10:30:00-04:00,309.23,313.25,313.35,313.25,315.27,7.0,5,1d+1h,0.794,False,nofill,0.0
2025-10-03 11:30:00-04:00,310.7,312.91,313.01,312.91,314.92,7.0,5,1d+1h,0.438,False,nofill,0.0
2025-10-03 12:30:00-04:00,310.73,312.91,313.0,312.91,314.85,8.0,6,1d+1h,0.432,False,nofill,0.0
2025-10-03 13:30:00-04:00,310.5,312.91,313.0,312.91,314.81,8.0,6,1d+1h,0.477,False,nofill,0.0
2025-10-03 14:30:00-04:00,310.16,312.91,313.0,312.91,314.73,8.0,6,1d+1h,0.543,False,nofill,0.0
2025-10-03 15:30:00-04:00,310.01,312.91,312.99,312.91,314.67,8.0,6,1d+1h,0.573,False,nofill,0.0
2025-10-06 09:30:00-04:00,308.16,312.91,313.01,312.91,315.04,8.0,6,1d+1h,0.919,False,nofill,0.0
2025-10-06 10:30:00-04:00,310.28,312.91,313.01,312.91,315.08,8.0,6,1d+1h,0.509,False,nofill,0.0
2025-10-06 11:30:00-04:00,309.27,312.91,313.01,312.91,315.08,8.0,6,1d+1h,0.705,False,nofill,0.0
2025-10-06 12:30:00-04:00,308.84,312.91,313.01,312.91,315.01,9.0,7,1d+1h,0.788,False,nofill,0.0
2025-10-06 13:30:00-04:00,308.6,312.91,313.01,312.91,314.92,9.0,7,1d+1h,0.834,False,nofill,0.0
2025-10-06 14:30:00-04:00,308.29,312.91,313.0,312.91,314.84,9.0,7,1d+1h,0.894,False,nofill,0.0
2025-10-06 15:30:00-04:00,309.18,312.91,313.0,312.91,314.79,9.0,7,1d+1h,0.722,False,nofill,0.0
2025-10-07 09:30:00-04:00,307.83,312.91,313.0,312.91,314.88,9.0,7,1d+1h,0.982,False,nofill,0.0
2025-10-07 10:30:00-04:00,306.66,312.91,313.0,312.91,314.88,9.0,7,1d+1h,1.209,False,nofill,0.0
2025-10-07 11:30:00-04:00,306.22,312.91,313.01,312.91,314.96,9.0,7,1d+1h,1.294,False,nofill,0.0
2025-10-07 12:30:00-04:00,307.2,312.91,313.01,312.91,314.93,9.0,7,1d+1h,1.104,False,nofill,0.0
2025-10-07 13:30:00-04:00,307.14,312.91,313.0,312.91,314.85,10.8,8,1d+1h+4h,1.116,False,nofill,0.0
2025-10-07 14:30:00-04:00,307.5,312.91,313.0,312.91,314.76,10.8,8,1d+1h+4h,1.046,False,nofill,0.0
2025-10-07 15:30:00-04:00,307.7,312.91,312.99,312.91,314.68,10.8,8,1d+1h+4h,1.008,False,nofill,0.0
2025-10-08 09:30:00-04:00,307.14,312.91,313.01,312.91,314.94,10.8,8,1d+1h+4h,1.115,False,nofill,0.0
2025-10-08 10:30:00-04:00,307.28,312.91,313.0,312.91,314.86,10.8,8,1d+1h+4h,1.089,False,nofill,0.0
2025-10-08 11:30:00-04:00,307.58,312.91,313.0,312.91,314.81,10.8,8,1d+1h+4h,1.031,False,nofill,0.0
2025-10-08 12:30:00-04:00,307.24,312.91,313.0,312.91,314.72,10.8,8,1d+1h+4h,1.097,False,nofill,0.0
2025-10-08 13:30:00-04:00,306.06,312.91,313.0,312.91,314.71,10.8,8,1d+1h+4h,1.324,False,nofill,0.0
2025-10-08 14:30:00-04:00,304.58,312.91,313.0,312.91,314.7,10.8,8,1d+1h+4h,1.612,False,nofill,0.0
2025-10-08 15:30:00-04:00,304.05,312.91,312.99,312.91,314.63,10.8,8,1d+1h+4h,1.714,False,nofill,0.0
2025-10-09 09:30:00-04:00,304.13,312.91,313.0,312.91,314.83,10.8,8,1d+1h+4h,1.712,False,nofill,0.0
2025-10-09 10:30:00-04:00,304.13,312.91,313.0,312.91,314.81,10.8,8,1d+1h+4h,1.712,False,nofill,0.0
2025-10-09 11:30:00-04:00,304.67,312.91,313.0,312.91,314.77,10.8,8,1d+1h+4h,1.608,False,nofill,0.0
2025-10-09 12:30:00-04:00,305.01,312.91,313.0,312.91,314.72,10.8,8,1d+1h+4h,1.54,False,nofill,0.0
2025-10-09 13:30:00-04:00,304.99,312.91,312.99,312.91,314.64,10.8,8,1d+1h+4h,1.544,False,nofill,0.0
2025-10-09 14:30:00-04:00,305.3,312.91,312.99,312.91,314.57,10.8,8,1d+1h+4h,1.484,False,nofill,0.0
2025-10-09 15:30:00-04:00,305.55,312.91,312.99,312.91,314.55,10.8,8,1d+1h+4h,1.435,False,nofill,0.0
2025-10-10 09:30:00-04:00,309.52,312.91,313.0,312.91,314.8,10.8,8,1d+1h+4h,0.622,False,nofill,0.0
2025-10-10 10:30:00-04:00,305.79,312.91,313.01,312.91,315.01,10.8,8,1d+1h+4h,1.308,False,nofill,0.0
2025-10-10 11:30:00-04:00,303.75,312.91,313.01,312.91,315.09,10.8,8,1d+1h+4h,1.683,False,nofill,0.0
2025-10-10 12:30:00-04:00,303.77,312.91,313.01,312.91,315.08,10.8,8,1d+1h+4h,1.679,False,nofill,0.0
2025-10-10 13:30:00-04:00,303.61,312.91,313.01,312.91,315.04,10.8,8,1d+1h+4h,1.709,False,nofill,0.0
2025-10-10 14:30:00-04:00,302.21,312.91,313.01,312.91,315.02,10.8,8,1d+1h+4h,1.965,False,nofill,0.0
2025-10-10 15:30:00-04:00,301.01,311.75,311.85,311.75,313.85,10.8,8,1d+1h+4h,1.973,False,nofill,0.0
2025-10-13 09:30:00-04:00,307.49,311.88,312.0,311.88,314.47,10.8,8,1d+1h+4h,0.776,False,nofill,0.0
2025-10-13 10:30:00-04:00,308.08,311.88,312.0,311.88,314.43,10.8,8,1d+1h+4h,0.672,False,nofill,0.0
2025-10-13 11:30:00-04:00,307.74,311.88,312.0,311.88,314.37,10.8,8,1d+1h+4h,0.732,False,nofill,0.0
2025-10-13 12:30:00-04:00,307.99,311.88,311.99,311.88,314.27,10.8,8,1d+1h+4h,0.688,False,nofill,0.0
2025-10-13 13:30:00-04:00,308.89,311.75,311.86,311.75,314.09,12.6,9,1d+1h+4h,0.505,False,nofill,0.0
2025-10-13 14:30:00-04:00,308.58,311.67,311.77,311.67,313.96,12.6,9,1d+1h+4h,0.546,False,nofill,0.0
2025-10-13 15:30:00-04:00,307.94,311.88,311.99,311.88,314.13,12.6,9,1d+1h+4h,0.696,False,nofill,0.0
2025-10-14 09:30:00-04:00,301.6,310.58,310.73,310.58,313.7,15.6,12,1d+1h+4h,1.443,False,nofill,0.0
2025-10-14 10:30:00-04:00,301.9,310.58,310.73,310.58,313.73,15.6,12,1d+1h+4h,1.395,False,nofill,0.0
2025-10-14 11:30:00-04:00,303.46,310.58,310.73,310.58,313.74,15.6,12,1d+1h+4h,1.143,False,nofill,0.0
2025-10-14 12:30:00-04:00,305.8,310.58,310.73,310.58,313.7,15.6,12,1d+1h+4h,0.767,False,nofill,0.0
2025-10-14 13:30:00-04:00,303.76,310.58,310.73,310.58,313.73,15.6,12,1d+1h+4h,1.096,True,scratch,-0.10829907362930324
2025-10-14 14:30:00-04:00,303.41,310.58,310.73,310.58,313.64,15.6,12,1d+1h+4h,1.152,True,scratch,-0.10691095598825973
2025-10-14 15:30:00-04:00,301.99,310.58,310.72,310.58,313.6,15.6,12,1d+1h+4h,1.381,True,scratch,-0.10621269177971682
2025-10-15 09:30:00-04:00,311.88,312.91,313.08,312.91,316.47,10.8,8,1d+1h+4h,0.159,False,nofill,0.0
2025-10-15 10:30:00-04:00,310.9,311.66,311.83,311.66,315.14,13.6,10,1d+1h+4h,0.116,False,nofill,0.0
2025-10-15 11:30:00-04:00,309.53,310.47,310.64,310.47,313.95,15.6,12,1d+1h+4h,0.144,False,nofill,0.0
2025-10-15 12:30:00-04:00,307.34,310.58,310.75,310.58,314.08,16.6,13,1d+1h+4h,0.5,False,nofill,0.0
2025-10-15 13:30:00-04:00,306.46,310.58,310.75,310.58,314.06,16.6,13,1d+1h+4h,0.635,False,nofill,0.0
2025-10-15 14:30:00-04:00,306.72,310.58,310.74,310.58,313.94,16.6,13,1d+1h+4h,0.595,False,nofill,0.0
2025-10-15 15:30:00-04:00,305.84,310.58,310.73,310.58,313.81,16.6,13,1d+1h+4h,0.731,False,nofill,0.0
2025-10-16 09:30:00-04:00,304.6,310.47,310.63,310.47,313.76,17.6,14,1d+1h+4h,0.858,False,nofill,0.0
2025-10-16 10:30:00-04:00,307.53,310.47,310.63,310.47,313.84,17.6,14,1d+1h+4h,0.43,False,nofill,0.0
2025-10-16 11:30:00-04:00,304.73,310.47,310.63,310.47,313.88,17.6,14,1d+1h+4h,0.84,False,nofill,0.0
2025-10-16 12:30:00-04:00,303.88,310.47,310.63,310.47,313.79,17.6,14,1d+1h+4h,0.964,False,nofill,0.0
2025-10-16 13:30:00-04:00,299.68,310.47,310.64,310.47,313.97,19.4,15,1d+1h+4h,1.577,False,nofill,0.0
2025-10-16 14:30:00-04:00,297.26,310.47,310.64,310.47,314.03,19.4,15,1d+1h+4h,1.931,False,nofill,0.0
2025-10-16 15:30:00-04:00,298.57,310.47,310.64,310.47,313.96,19.4,15,1d+1h+4h,1.74,False,nofill,0.0
2025-10-17 09:30:00-04:00,297.35,300.57,300.74,300.57,304.19,18.6,13,1d+1h+4h,0.479,False,nofill,0.0
2025-10-17 10:30:00-04:00,296.02,296.38,296.55,296.38,300.01,22.2,17,1d+1h+4h,0.054,True,scratch,-0.11826713888363205
2025-10-17 11:30:00-04:00,296.84,299.59,299.76,299.59,303.12,18.6,13,1d+1h+4h,0.409,False,nofill,0.0
2025-10-17 12:30:00-04:00,296.86,299.59,299.75,299.59,302.97,18.6,13,1d+1h+4h,0.406,False,nofill,0.0
2025-10-17 13:30:00-04:00,297.66,300.81,300.97,300.81,304.07,18.6,13,1d+1h+4h,0.468,False,nofill,0.0
2025-10-17 14:30:00-04:00,297.79,300.81,300.96,300.81,303.89,18.6,13,1d+1h+4h,0.449,True,target,0.9150262380427598
2025-10-17 15:30:00-04:00,297.62,300.81,300.95,300.81,303.73,18.6,13,1d+1h+4h,0.474,True,target,0.8646189898699363
2025-10-20 09:30:00-04:00,300.03,300.39,300.53,300.39,303.32,18.6,13,1d+1h+4h,0.054,True,target,0.865800093988911
2025-10-20 10:30:00-04:00,301.52,310.58,310.72,310.58,313.44,18.4,14,1d+1h+4h,1.357,False,nofill,0.0
2025-10-20 11:30:00-04:00,301.75,310.58,310.71,310.58,313.31,18.4,14,1d+1h+4h,1.322,False,nofill,0.0
2025-10-20 12:30:00-04:00,302.54,310.58,310.7,310.58,313.2,18.4,14,1d+1h+4h,1.204,False,nofill,0.0
2025-10-20 13:30:00-04:00,303.58,310.47,310.59,310.47,313.01,18.4,14,1d+1h+4h,1.032,False,nofill,0.0
2025-10-20 14:30:00-04:00,302.32,310.58,310.7,310.58,313.05,18.4,14,1d+1h+4h,1.237,False,nofill,0.0
2025-10-20 15:30:00-04:00,302.38,310.58,310.69,310.58,312.96,18.4,14,1d+1h+4h,1.228,False,nofill,0.0
2025-10-21 09:30:00-04:00,301.58,310.58,310.69,310.58,312.98,18.4,14,1d+1h+4h,1.344,False,nofill,0.0
2025-10-21 10:30:00-04:00,301.22,310.58,310.69,310.58,312.93,18.4,14,1d+1h+4h,1.397,False,nofill,0.0
2025-10-21 11:30:00-04:00,299.65,300.39,300.5,300.39,302.73,18.6,13,1d+1h+4h,0.11,True,scratch,-0.09706656607645359
2025-10-21 12:30:00-04:00,298.45,301.07,301.18,301.07,303.41,18.6,13,1d+1h+4h,0.392,False,nofill,0.0
2025-10-21 13:30:00-04:00,298.84,299.59,299.7,299.59,301.85,18.6,13,1d+1h+4h,0.112,False,nofill,0.0
2025-10-21 14:30:00-04:00,298.29,301.07,301.17,301.07,303.23,18.6,13,1d+1h+4h,0.416,False,nofill,0.0
2025-10-21 15:30:00-04:00,297.06,301.07,301.17,301.07,303.19,18.6,13,1d+1h+4h,0.599,False,nofill,0.0
2025-10-22 09:30:00-04:00,294.52,295.63,295.74,295.63,297.87,32.4,24,1d+1h+4h,0.165,False,nofill,0.0
2025-10-22 10:30:00-04:00,293.58,294.14,294.25,294.14,296.4,36.0,26,1d+1h+4h,0.083,False,nofill,0.0
2025-10-22 11:30:00-04:00,292.57,294.5,294.61,294.5,296.72,36.0,26,1d+1h+4h,0.285,False,nofill,0.0
2025-10-22 12:30:00-04:00,291.48,294.18,294.29,294.18,296.47,36.0,26,1d+1h+4h,0.401,False,nofill,0.0
2025-10-22 13:30:00-04:00,291.79,294.5,294.61,294.5,296.73,36.0,26,1d+1h+4h,0.402,True,scratch,-0.09597163450743018
2025-10-22 14:30:00-04:00,293.45,294.14,294.25,294.14,296.35,36.0,26,1d+1h+4h,0.102,True,scratch,-0.09572849345805823
2025-10-22 15:30:00-04:00,294.1,294.5,294.6,294.5,296.62,36.0,26,1d+1h+4h,0.059,True,scratch,-0.0942497288321742
2025-10-23 09:30:00-04:00,294.86,295.63,295.74,295.63,297.89,32.4,24,1d+1h+4h,0.118,False,nofill,0.0
2025-10-23 10:30:00-04:00,294.75,295.63,295.74,295.63,297.85,32.4,24,1d+1h+4h,0.135,False,nofill,0.0
2025-10-23 11:30:00-04:00,293.93,294.5,294.6,294.5,296.64,35.0,25,1d+1h+4h,0.087,True,scratch,-0.0945127255942757
2025-10-23 12:30:00-04:00,294.88,295.63,295.73,295.63,297.74,33.4,25,1d+1h+4h,0.115,False,nofill,0.0
2025-10-23 13:30:00-04:00,295.32,295.79,295.88,295.79,297.8,33.4,25,1d+1h+4h,0.072,True,target,0.58849937711003
2025-10-23 14:30:00-04:00,294.31,294.75,294.84,294.75,296.71,36.0,26,1d+1h+4h,0.067,True,target,0.5740781129880412
2025-10-23 15:30:00-04:00,294.45,295.63,295.72,295.63,297.51,33.4,25,1d+1h+4h,0.181,True,target,0.5432094077927996
2025-10-24 09:30:00-04:00,299.3,299.73,299.83,299.73,301.86,18.6,13,1d+1h+4h,0.065,True,target,0.6160172818222343
2025-10-24 10:30:00-04:00,301.39,310.47,310.57,310.47,312.61,18.4,14,1d+1h+4h,1.368,False,nofill,0.0
2025-10-24 11:30:00-04:00,301.36,310.47,310.57,310.47,312.55,18.4,14,1d+1h+4h,1.372,False,nofill,0.0
2025-10-24 12:30:00-04:00,302.0,310.47,310.57,310.47,312.47,18.4,14,1d+1h+4h,1.276,False,nofill,0.0
2025-10-24 13:30:00-04:00,301.8,310.47,310.56,310.47,312.43,18.4,14,1d+1h+4h,1.306,False,nofill,0.0
2025-10-24 14:30:00-04:00,301.08,310.47,310.56,310.47,312.37,18.4,14,1d+1h+4h,1.414,False,nofill,0.0
2025-10-24 15:30:00-04:00,300.52,300.98,301.06,300.98,302.84,19.6,14,1d+1h+4h,0.069,True,target,0.5305889889325011
2025-10-27 09:30:00-04:00,301.88,310.58,310.67,310.58,312.51,18.4,14,1d+1h+4h,1.348,False,nofill,0.0
2025-10-27 10:30:00-04:00,302.78,310.58,310.67,310.58,312.48,18.4,14,1d+1h+4h,1.209,False,nofill,0.0
2025-10-27 11:30:00-04:00,303.19,310.58,310.67,310.58,312.43,18.4,14,1d+1h+4h,1.145,False,nofill,0.0
2025-10-27 12:30:00-04:00,303.38,310.58,310.66,310.58,312.35,18.4,14,1d+1h+4h,1.116,False,nofill,0.0
2025-10-27 13:30:00-04:00,302.71,310.58,310.66,310.58,312.29,18.4,14,1d+1h+4h,1.219,False,nofill,0.0
2025-10-27 14:30:00-04:00,303.45,310.58,310.66,310.58,312.24,18.4,14,1d+1h+4h,1.105,False,nofill,0.0
2025-10-27 15:30:00-04:00,304.15,310.58,310.66,310.58,312.21,18.4,14,1d+1h+4h,0.996,False,nofill,0.0
2025-10-28 09:30:00-04:00,306.87,310.58,310.67,310.58,312.38,18.4,14,1d+1h+4h,0.586,False,nofill,0.0
2025-10-28 10:30:00-04:00,305.29,310.58,310.67,310.58,312.43,18.4,14,1d+1h+4h,0.836,False,nofill,0.0
2025-10-28 11:30:00-04:00,303.59,310.58,310.67,310.58,312.43,18.4,14,1d+1h+4h,1.104,False,nofill,0.0
2025-10-28 12:30:00-04:00,304.57,310.58,310.67,310.58,312.42,18.4,14,1d+1h+4h,0.949,False,nofill,0.0
2025-10-28 13:30:00-04:00,305.61,310.58,310.67,310.58,312.42,18.4,14,1d+1h+4h,0.785,False,nofill,0.0
2025-10-28 14:30:00-04:00,305.85,310.58,310.66,310.58,312.34,18.4,14,1d+1h+4h,0.747,False,nofill,0.0
2025-10-28 15:30:00-04:00,305.36,310.58,310.66,310.58,312.29,18.4,14,1d+1h+4h,0.824,False,nofill,0.0
2025-10-29 09:30:00-04:00,305.36,310.58,310.67,310.58,312.41,18.4,14,1d+1h+4h,0.835,False,nofill,0.0
2025-10-29 10:30:00-04:00,306.54,310.58,310.67,310.58,312.57,18.4,14,1d+1h+4h,0.647,False,nofill,0.0
2025-10-29 11:30:00-04:00,307.4,310.58,310.67,310.58,312.56,18.4,14,1d+1h+4h,0.51,False,nofill,0.0
2025-10-29 12:30:00-04:00,306.22,310.58,310.67,310.58,312.55,18.4,14,1d+1h+4h,0.698,False,nofill,0.0
2025-10-29 13:30:00-04:00,305.9,310.58,310.67,310.58,312.51,18.4,14,1d+1h+4h,0.749,True,scratch,-0.08950985734530459
2025-10-29 14:30:00-04:00,304.37,310.58,310.68,310.58,312.62,18.4,14,1d+1h+4h,0.994,True,scratch,-0.09119154654271266
2025-10-29 15:30:00-04:00,305.61,310.58,310.68,310.58,312.63,18.4,14,1d+1h+4h,0.795,True,scratch,-0.09144952376671789
2025-10-30 09:30:00-04:00,309.99,310.58,310.69,310.58,312.91,18.4,14,1d+1h+4h,0.094,True,scratch,-0.09570293104554928
2025-10-30 10:30:00-04:00,311.26,311.66,311.77,311.66,314.02,16.4,12,1d+1h+4h,0.063,True,scratch,-0.09603928966601671
2025-10-30 11:30:00-04:00,310.85,311.66,311.77,311.66,313.98,16.4,12,1d+1h+4h,0.128,True,scratch,-0.09533010438607104
2025-10-30 12:30:00-04:00,311.34,311.66,311.77,311.66,313.89,16.4,12,1d+1h+4h,0.051,True,scratch,-0.09399633307211053
2025-10-30 13:30:00-04:00,311.55,311.88,311.98,311.88,314.04,16.4,12,1d+1h+4h,0.052,True,scratch,-0.09299887899902881
2025-10-30 14:30:00-04:00,310.24,310.58,310.68,310.58,312.73,18.4,14,1d+1h+4h,0.054,True,scratch,-0.09286739669266408
2025-10-30 15:30:00-04:00,309.44,310.58,310.68,310.58,312.69,18.4,14,1d+1h+4h,0.18,True,scratch,-0.09237974237374935
2025-10-31 09:30:00-04:00,311.76,312.12,312.23,312.12,314.51,14.6,11,1d+1h+4h,0.057,True,scratch,-0.09634049216087348
2025-10-31 10:30:00-04:00,310.21,310.58,310.7,310.58,313.0,18.4,14,1d+1h+4h,0.058,True,scratch,-0.0971157555733182
2025-10-31 11:30:00-04:00,310.31,311.66,311.77,311.66,314.05,17.4,13,1d+1h+4h,0.215,True,scratch,-0.09645057611527008
2025-10-31 12:30:00-04:00,309.75,310.58,310.69,310.58,312.9,18.4,14,1d+1h+4h,0.132,True,scratch,-0.09551466519125418
2025-10-31 13:30:00-04:00,311.11,311.66,311.77,311.66,313.99,17.4,13,1d+1h+4h,0.088,True,scratch,-0.09548386800962705
2025-10-31 14:30:00-04:00,311.77,312.12,312.23,312.12,314.34,14.6,11,1d+1h+4h,0.056,True,scratch,-0.09387807555144567
2025-10-31 15:30:00-04:00,311.09,311.66,311.76,311.66,313.82,17.4,13,1d+1h+4h,0.091,True,scratch,-0.09295765162269376
2025-11-03 09:30:00-05:00,307.25,310.58,310.7,310.58,313.0,18.4,14,1d+1h+4h,0.532,True,scratch,-0.09700868514513905
2025-11-03 10:30:00-05:00,309.89,310.58,310.7,310.58,313.1,18.4,14,1d+1h+4h,0.11,True,scratch,-0.09860240307187906
2025-11-03 11:30:00-05:00,309.68,310.58,310.7,310.58,313.06,18.4,14,1d+1h+4h,0.145,False,nofill,0.0
2025-11-03 12:30:00-05:00,309.43,311.66,311.77,311.66,314.03,20.2,15,1d+1h+4h,0.356,False,nofill,0.0
2025-11-03 13:30:00-05:00,310.22,311.67,311.77,311.67,313.95,20.2,15,1d+1h+4h,0.231,True,scratch,-0.09483568458086289
2025-11-03 14:30:00-05:00,310.48,311.66,311.76,311.66,313.84,20.2,15,1d+1h+4h,0.189,True,scratch,-0.0932287250615671
2025-11-03 15:30:00-05:00,309.44,311.66,311.76,311.66,313.79,20.2,15,1d+1h+4h,0.355,True,scratch,-0.09242269173528328
2025-11-04 09:30:00-05:00,311.55,311.88,312.0,311.88,314.39,19.2,14,1d+1h+4h,0.052,False,nofill,0.0
2025-11-04 10:30:00-05:00,310.64,311.66,311.78,311.66,314.19,20.2,15,1d+1h+4h,0.162,False,nofill,0.0
2025-11-04 11:30:00-05:00,309.79,311.66,311.78,311.66,314.13,20.2,15,1d+1h+4h,0.296,False,nofill,0.0
2025-11-04 12:30:00-05:00,308.92,311.66,311.77,311.66,314.07,20.2,15,1d+1h+4h,0.434,False,nofill,0.0
2025-11-04 13:30:00-05:00,308.6,311.66,311.77,311.66,313.96,20.2,15,1d+1h+4h,0.486,False,nofill,0.0
2025-11-04 14:30:00-05:00,309.64,311.66,311.77,311.66,313.92,20.2,15,1d+1h+4h,0.32,False,nofill,0.0
2025-11-04 15:30:00-05:00,309.26,311.66,311.76,311.66,313.86,20.2,15,1d+1h+4h,0.379,True,scratch,-0.09362739433066425
2025-11-05 09:30:00-05:00,309.29,311.66,311.77,311.66,314.03,20.2,15,1d+1h+4h,0.372,True,scratch,-0.09620337893272435
2025-11-05 10:30:00-05:00,310.29,311.66,311.77,311.66,314.0,20.2,15,1d+1h+4h,0.215,True,scratch,-0.09573413614298865
2025-11-05 11:30:00-05:00,311.9,312.22,312.33,312.22,314.53,17.4,13,1d+1h+4h,0.05,True,scratch,-0.09520092788526391
2025-11-05 12:30:00-05:00,312.42,312.87,312.98,312.87,315.12,17.4,13,1d+1h+4h,0.07,False,nofill,0.0
2025-11-05 13:30:00-05:00,312.02,312.61,312.71,312.61,314.77,17.4,13,1d+1h+4h,0.092,True,scratch,-0.09278005057049565
2025-11-05 14:30:00-05:00,312.45,312.87,312.97,312.87,314.94,17.4,13,1d+1h+4h,0.066,True,scratch,-0.09150155395449833
2025-11-05 15:30:00-05:00,311.71,312.04,312.14,312.04,314.09,20.2,15,1d+1h+4h,0.052,True,scratch,-0.09124911834502702
2025-11-06 09:30:00-05:00,312.56,312.91,313.02,312.91,315.13,18.4,14,1d+1h+4h,0.055,True,scratch,-0.09366531775929499
2025-11-06 10:30:00-05:00,312.22,312.61,312.72,312.61,314.84,18.4,14,1d+1h+4h,0.062,True,target,0.618211153793724
2025-11-06 11:30:00-05:00,311.71,312.12,312.22,312.12,314.32,18.4,14,1d+1h+4h,0.066,True,target,0.6098570093845623
2025-11-06 12:30:00-05:00,312.54,312.87,312.97,312.87,315.03,18.4,14,1d+1h+4h,0.054,True,scratch,-0.09277502229404488
2025-11-06 13:30:00-05:00,314.06,314.41,314.51,314.41,316.54,7.8,7,1h+4h,0.056,True,scratch,-0.0922187442781941
2025-11-06 14:30:00-05:00,314.24,316.58,316.68,316.58,318.65,6.6,5,1h+4h,0.374,False,nofill,0.0
2025-11-06 15:30:00-05:00,313.65,314.41,314.51,314.41,316.45,7.8,7,1h+4h,0.121,False,nofill,0.0
2025-11-07 09:30:00-05:00,313.1,313.66,313.76,313.66,315.81,10.6,9,1h+4h,0.089,False,nofill,0.0
2025-11-07 10:30:00-05:00,308.69,311.66,311.77,311.66,314.03,21.2,16,1d+1h+4h,0.473,True,scratch,-0.09616624103744309
2025-11-07 11:30:00-05:00,309.54,311.66,311.77,311.66,314.04,21.2,16,1d+1h+4h,0.338,True,scratch,-0.09633835382908407
2025-11-07 12:30:00-05:00,311.44,311.88,312.0,311.88,314.35,20.2,15,1d+1h+4h,0.071,True,target,0.6927416783317764
2025-11-07 13:30:00-05:00,312.45,312.87,312.98,312.87,315.28,18.4,14,1d+1h+4h,0.066,True,target,0.6730356937443505
2025-11-07 14:30:00-05:00,313.44,314.41,314.52,314.41,316.77,7.8,7,1h+4h,0.154,True,target,0.6554025968383836
2025-11-07 15:30:00-05:00,314.22,316.58,316.69,316.58,318.87,6.6,5,1h+4h,0.375,True,scratch,-0.09438935061181208
2025-11-10 09:30:00-05:00,315.86,316.58,316.7,316.58,319.1,6.6,5,1h+4h,0.115,True,scratch,-0.0979545335874521
2025-11-10 10:30:00-05:00,314.86,316.58,316.69,316.58,319.03,6.6,5,1h+4h,0.277,True,scratch,-0.09685427321804996
2025-11-10 12:30:00-05:00,317.57,318.01,318.12,318.01,320.35,6.6,5,1h+4h,0.071,False,nofill,0.0
2025-11-10 14:30:00-05:00,317.21,318.01,318.11,318.01,320.15,6.6,5,1h+4h,0.129,True,scratch,-0.0920386375621085
2025-11-10 15:30:00-05:00,316.96,318.01,318.11,318.01,320.08,6.6,5,1h+4h,0.169,True,scratch,-0.0909273452018633
2025-11-11 09:30:00-05:00,315.64,316.58,316.68,316.58,318.78,6.6,5,1h+4h,0.155,True,scratch,-0.09309550064211525
2025-11-11 10:30:00-05:00,316.27,316.58,316.68,316.58,318.73,6.6,5,1h+4h,0.05,True,scratch,-0.09232972362509528
2025-11-11 12:30:00-05:00,316.98,318.01,318.11,318.01,320.03,6.6,5,1h+4h,0.172,False,nofill,0.0
2025-11-11 13:30:00-05:00,316.8,318.01,318.1,318.01,319.95,6.6,5,1h+4h,0.2,True,target,0.519542655954286
2025-11-11 14:30:00-05:00,316.08,316.58,316.67,316.58,318.45,7.6,6,1h+4h,0.083,True,target,0.5025199668641678
2025-11-11 15:30:00-05:00,315.75,316.58,316.66,316.58,318.39,7.6,6,1h+4h,0.137,True,target,0.4855087065596786
2025-11-13 09:30:00-05:00,316.64,318.01,318.11,318.01,320.13,8.4,6,1h+4h,0.212,False,nofill,0.0
2025-11-13 10:30:00-05:00,314.2,318.01,318.11,318.01,320.2,8.4,6,1h+4h,0.591,False,nofill,0.0
2025-11-13 11:30:00-05:00,313.36,313.7,313.8,313.7,315.89,11.6,10,1h+4h,0.053,True,scratch,-0.09318924615150381
2025-11-13 12:30:00-05:00,312.43,312.87,312.97,312.87,315.01,18.4,14,1d+1h+4h,0.068,False,nofill,0.0
2025-11-13 13:30:00-05:00,311.87,312.22,312.32,312.22,314.35,18.4,14,1d+1h+4h,0.054,False,nofill,0.0
2025-11-13 14:30:00-05:00,309.76,311.66,311.76,311.66,313.85,21.2,16,1d+1h+4h,0.294,False,nofill,0.0
2025-11-13 15:30:00-05:00,309.49,311.66,311.76,311.66,313.79,21.2,16,1d+1h+4h,0.337,False,nofill,0.0
2025-11-14 09:30:00-05:00,306.23,311.66,311.78,311.66,314.26,21.2,16,1d+1h+4h,0.827,False,nofill,0.0
2025-11-14 10:30:00-05:00,306.4,311.66,311.78,311.66,314.26,21.2,16,1d+1h+4h,0.8,False,nofill,0.0
2025-11-14 11:30:00-05:00,305.95,311.66,311.78,311.66,314.25,21.2,16,1d+1h+4h,0.869,False,nofill,0.0
2025-11-14 12:30:00-05:00,304.76,312.04,312.16,312.04,314.64,21.2,16,1d+1h+4h,1.109,False,nofill,0.0
2025-11-14 13:30:00-05:00,305.23,311.66,311.78,311.66,314.2,21.2,16,1d+1h+4h,0.979,False,nofill,0.0
2025-11-14 14:30:00-05:00,304.17,311.66,311.78,311.66,314.17,21.2,16,1d+1h+4h,1.141,False,nofill,0.0
2025-11-14 15:30:00-05:00,303.73,311.66,311.78,311.66,314.08,21.2,16,1d+1h+4h,1.207,False,nofill,0.0
2025-11-17 09:30:00-05:00,305.12,311.67,311.78,311.67,314.17,21.2,16,1d+1h+4h,0.983,False,nofill,0.0
2025-11-17 10:30:00-05:00,303.22,312.04,312.16,312.04,314.63,21.2,16,1d+1h+4h,1.325,False,nofill,0.0
2025-11-17 11:30:00-05:00,303.69,311.67,311.78,311.67,314.15,21.2,16,1d+1h+4h,1.198,False,nofill,0.0
2025-11-17 12:30:00-05:00,301.84,312.12,312.24,312.12,314.6,21.2,16,1d+1h+4h,1.544,False,nofill,0.0
2025-11-17 13:30:00-05:00,300.0,300.98,301.09,300.98,303.48,24.6,17,1d+1h+4h,0.146,False,nofill,0.0
2025-11-17 14:30:00-05:00,298.85,301.07,301.19,301.07,303.57,24.6,17,1d+1h+4h,0.333,False,nofill,0.0
2025-11-17 15:30:00-05:00,300.41,301.07,301.19,301.07,303.51,24.6,17,1d+1h+4h,0.099,False,nofill,0.0
2025-11-18 09:30:00-05:00,298.25,300.98,301.1,300.98,303.53,24.6,17,1d+1h+4h,0.413,True,scratch,-0.10034744609734858
2025-11-18 10:30:00-05:00,299.73,300.98,301.1,300.98,303.51,24.6,17,1d+1h+4h,0.189,True,scratch,-0.10001300655474443
2025-11-18 11:30:00-05:00,299.02,300.98,301.09,300.98,303.43,24.6,17,1d+1h+4h,0.297,True,scratch,-0.09881490654288783
2025-11-18 12:30:00-05:00,301.52,312.12,312.24,312.12,314.7,21.2,16,1d+1h+4h,1.605,False,nofill,0.0
2025-11-18 13:30:00-05:00,300.35,300.98,301.1,300.98,303.53,24.6,17,1d+1h+4h,0.095,True,scratch,-0.10042805487708861
2025-11-18 14:30:00-05:00,300.27,300.98,301.09,300.98,303.46,24.6,17,1d+1h+4h,0.107,True,target,0.7245880610220912
2025-11-18 15:30:00-05:00,299.54,300.98,301.09,300.98,303.41,24.6,17,1d+1h+4h,0.217,True,target,0.709095436314966
2025-11-19 09:30:00-05:00,303.07,311.66,311.79,311.66,314.31,21.2,16,1d+1h+4h,1.323,False,nofill,0.0
2025-11-19 10:30:00-05:00,302.16,311.67,311.79,311.67,314.23,21.2,16,1d+1h+4h,1.464,False,nofill,0.0
2025-11-19 11:30:00-05:00,302.04,311.67,311.78,311.67,314.15,21.2,16,1d+1h+4h,1.482,False,nofill,0.0
2025-11-19 12:30:00-05:00,302.52,311.67,311.78,311.67,314.12,21.2,16,1d+1h+4h,1.408,False,nofill,0.0
2025-11-19 13:30:00-05:00,301.28,312.04,312.16,312.04,314.5,21.2,16,1d+1h+4h,1.657,False,nofill,0.0
2025-11-19 14:30:00-05:00,302.98,312.04,312.16,312.04,314.48,21.2,16,1d+1h+4h,1.395,False,nofill,0.0
2025-11-19 15:30:00-05:00,303.26,311.66,311.77,311.66,314.02,21.2,16,1d+1h+4h,1.294,False,nofill,0.0
2025-11-20 09:30:00-05:00,308.97,311.66,311.79,311.66,314.33,22.2,17,1d+1h+4h,0.392,False,nofill,0.0
2025-11-20 10:30:00-05:00,307.03,311.66,311.79,311.66,314.4,22.2,17,1d+1h+4h,0.675,False,nofill,0.0
2025-11-20 11:30:00-05:00,301.01,301.54,301.69,301.54,304.6,24.4,18,1d+1h+4h,0.077,True,scratch,-0.10818633348332884
2025-11-20 12:30:00-05:00,302.1,311.66,311.81,311.66,314.76,22.2,17,1d+1h+4h,1.394,False,nofill,0.0
2025-11-20 13:30:00-05:00,301.85,311.66,311.81,311.66,314.75,22.2,17,1d+1h+4h,1.431,False,nofill,0.0
2025-11-20 14:30:00-05:00,300.96,301.54,301.68,301.54,304.56,24.4,18,1d+1h+4h,0.085,False,nofill,0.0
2025-11-20 15:30:00-05:00,298.42,300.92,301.06,300.92,303.94,25.6,18,1d+1h+4h,0.365,True,scratch,-0.10772996521244416
2025-11-21 09:30:00-05:00,294.28,294.75,294.91,294.75,298.21,37.0,27,1d+1h+4h,0.067,True,target,1.0553597071484733
2025-11-21 10:30:00-05:00,296.7,301.29,301.46,301.29,304.8,27.2,20,1d+1h+4h,0.658,False,nofill,0.0
2025-11-21 11:30:00-05:00,297.4,301.29,301.46,301.29,304.73,27.2,20,1d+1h+4h,0.557,False,nofill,0.0
2025-11-21 12:30:00-05:00,297.1,301.29,301.45,301.29,304.65,27.2,20,1d+1h+4h,0.6,False,nofill,0.0
2025-11-21 13:30:00-05:00,298.44,301.29,301.45,301.29,304.61,27.2,20,1d+1h+4h,0.408,False,nofill,0.0
2025-11-21 14:30:00-05:00,296.8,301.29,301.45,301.29,304.56,27.2,20,1d+1h+4h,0.643,False,nofill,0.0
2025-11-21 15:30:00-05:00,298.02,301.29,301.45,301.29,304.49,27.2,20,1d+1h+4h,0.468,False,nofill,0.0
2025-11-24 09:30:00-05:00,297.71,301.07,301.23,301.07,304.39,26.6,19,1d+1h+4h,0.489,False,nofill,0.0
2025-11-24 10:30:00-05:00,298.79,301.07,301.23,301.07,304.33,26.6,19,1d+1h+4h,0.332,False,nofill,0.0
2025-11-24 11:30:00-05:00,297.58,301.07,301.22,301.07,304.25,26.6,19,1d+1h+4h,0.508,False,nofill,0.0
2025-11-24 12:30:00-05:00,299.17,301.07,301.22,301.07,304.17,26.6,19,1d+1h+4h,0.277,False,nofill,0.0
2025-11-24 13:30:00-05:00,299.18,301.07,301.21,301.07,303.99,26.6,19,1d+1h+4h,0.275,True,scratch,-0.1061457220564388
2025-11-24 14:30:00-05:00,299.39,300.92,301.05,300.92,303.72,26.6,19,1d+1h+4h,0.223,True,scratch,-0.10422209078613243
2025-11-24 15:30:00-05:00,298.07,300.92,301.05,300.92,303.7,26.6,19,1d+1h+4h,0.415,True,scratch,-0.10390766201553436
2025-11-25 09:30:00-05:00,299.18,301.29,301.44,301.29,304.32,28.2,21,1d+1h+4h,0.302,True,target,0.8973021383988034
2025-11-25 10:30:00-05:00,300.8,301.29,301.43,301.29,304.25,28.2,21,1d+1h+4h,0.071,True,target,0.8734575674289813
2025-11-25 11:30:00-05:00,302.14,311.66,311.8,311.66,314.55,25.0,19,1d+1h+4h,1.36,False,nofill,0.0
2025-11-25 12:30:00-05:00,303.06,311.66,311.79,311.66,314.42,25.0,19,1d+1h+4h,1.228,False,nofill,0.0
2025-11-25 13:30:00-05:00,303.46,311.66,311.79,311.66,314.3,25.0,19,1d+1h+4h,1.17,False,nofill,0.0
2025-11-25 14:30:00-05:00,303.27,311.66,311.78,311.66,314.16,25.0,19,1d+1h+4h,1.198,False,nofill,0.0
2025-11-25 15:30:00-05:00,302.99,311.66,311.78,311.66,314.1,25.0,19,1d+1h+4h,1.238,False,nofill,0.0
2025-11-26 09:30:00-05:00,305.82,310.58,310.7,310.58,313.12,23.2,18,1d+1h+4h,0.69,False,nofill,0.0
2025-11-26 10:30:00-05:00,306.47,310.47,310.59,310.47,312.94,23.2,18,1d+1h+4h,0.58,False,nofill,0.0
2025-11-26 11:30:00-05:00,307.0,310.58,310.69,310.58,312.97,23.2,18,1d+1h+4h,0.519,False,nofill,0.0
2025-11-26 12:30:00-05:00,307.28,310.58,310.69,310.58,312.9,23.2,18,1d+1h+4h,0.479,False,nofill,0.0
2025-11-26 13:30:00-05:00,307.64,310.58,310.69,310.58,312.82,23.2,18,1d+1h+4h,0.426,True,target,0.6251393941745009
2025-11-26 14:30:00-05:00,307.98,310.58,310.68,310.58,312.72,23.2,18,1d+1h+4h,0.377,True,target,0.594363879496207
2025-11-26 15:30:00-05:00,307.69,310.58,310.68,310.58,312.63,23.2,18,1d+1h+4h,0.419,True,target,0.5681976414720902
2025-11-28 09:30:00-05:00,312.59,313.1,313.21,313.1,315.38,18.4,14,1d+1h+4h,0.075,True,scratch,-0.09468950002526899
2025-11-28 10:30:00-05:00,313.38,316.31,316.42,316.31,318.51,11.6,8,1d+1h+4h,0.43,False,nofill,0.0
2025-11-28 11:30:00-05:00,312.54,312.91,313.01,312.91,315.05,18.4,14,1d+1h+4h,0.054,True,scratch,-0.09252056342522463
2025-12-01 09:30:00-05:00,310.44,311.66,311.77,311.66,313.92,21.2,16,1d+1h+4h,0.181,False,nofill,0.0
2025-12-01 10:30:00-05:00,310.51,311.66,311.77,311.66,313.89,21.2,16,1d+1h+4h,0.171,False,nofill,0.0
2025-12-01 11:30:00-05:00,310.98,311.66,311.76,311.66,313.81,21.2,16,1d+1h+4h,0.1,False,nofill,0.0
2025-12-01 12:30:00-05:00,310.83,311.66,311.76,311.66,313.75,21.2,16,1d+1h+4h,0.123,False,nofill,0.0
2025-12-01 13:30:00-05:00,309.01,310.58,310.68,310.58,312.69,23.2,18,1d+1h+4h,0.233,False,nofill,0.0
2025-12-01 14:30:00-05:00,309.02,310.58,310.68,310.58,312.59,23.2,18,1d+1h+4h,0.232,False,nofill,0.0
2025-12-01 15:30:00-05:00,308.99,310.58,310.67,310.58,312.5,23.2,18,1d+1h+4h,0.236,False,nofill,0.0
2025-12-02 09:30:00-05:00,309.52,310.58,310.68,310.58,312.58,22.2,17,1d+1h+4h,0.163,False,nofill,0.0
2025-12-02 10:30:00-05:00,308.73,310.58,310.68,310.58,312.59,22.2,17,1d+1h+4h,0.286,False,nofill,0.0
2025-12-02 11:30:00-05:00,309.17,310.58,310.67,310.58,312.54,22.2,17,1d+1h+4h,0.217,False,nofill,0.0
2025-12-02 12:30:00-05:00,307.77,310.58,310.67,310.58,312.54,22.2,17,1d+1h+4h,0.433,False,nofill,0.0
2025-12-02 13:30:00-05:00,308.8,310.58,310.67,310.58,312.52,23.2,18,1d+1h+4h,0.275,False,nofill,0.0
2025-12-02 14:30:00-05:00,308.18,310.58,310.67,310.58,312.46,23.2,18,1d+1h+4h,0.371,False,nofill,0.0
2025-12-02 15:30:00-05:00,307.89,310.58,310.67,310.58,312.39,23.2,18,1d+1h+4h,0.415,False,nofill,0.0
2025-12-03 09:30:00-05:00,308.88,310.58,310.67,310.58,312.43,23.2,18,1d+1h+4h,0.264,True,target,0.5071479344979091
2025-12-03 10:30:00-05:00,309.45,310.58,310.67,310.58,312.38,23.2,18,1d+1h+4h,0.176,True,target,0.49209338782634227
2025-12-03 11:30:00-05:00,309.47,310.58,310.66,310.58,312.33,23.2,18,1d+1h+4h,0.173,True,target,0.4749391891214483
2025-12-03 12:30:00-05:00,311.26,311.66,311.75,311.66,313.46,22.2,17,1d+1h+4h,0.062,True,scratch,-0.0874563344644197
2025-12-03 13:30:00-05:00,311.55,311.88,311.96,311.88,313.63,21.2,16,1d+1h+4h,0.051,True,scratch,-0.08672318162076254
2025-12-03 14:30:00-05:00,311.93,312.87,312.95,312.87,314.56,21.2,16,1d+1h+4h,0.146,True,target,0.45514655382812297
2025-12-03 15:30:00-05:00,312.15,312.61,312.69,312.61,314.24,21.2,16,1d+1h+4h,0.072,True,target,0.4365611258805302
2025-12-04 09:30:00-05:00,318.0,319.05,319.14,319.05,321.04,8.6,5,1d+1h+4h,0.163,False,nofill,0.0
2025-12-04 10:30:00-05:00,316.32,318.01,318.11,318.01,320.01,11.4,7,1d+1h+4h,0.264,False,nofill,0.0
2025-12-04 11:30:00-05:00,316.56,318.01,318.1,318.01,319.95,11.4,7,1d+1h+4h,0.226,False,nofill,0.0
2025-12-04 12:30:00-05:00,317.38,318.01,318.1,318.01,319.9,12.4,8,1d+1h+4h,0.098,False,nofill,0.0
2025-12-04 13:30:00-05:00,316.2,318.01,318.1,318.01,319.88,12.4,8,1d+1h+4h,0.283,True,scratch,-0.0879629476977617
2025-12-04 14:30:00-05:00,314.81,318.01,318.1,318.01,319.92,12.4,8,1d+1h+4h,0.499,True,scratch,-0.08860098495903079
2025-12-04 15:30:00-05:00,316.13,318.01,318.1,318.01,319.89,12.4,8,1d+1h+4h,0.293,True,scratch,-0.0880829199748634
2025-12-05 09:30:00-05:00,317.4,318.01,318.1,318.01,320.0,12.4,8,1d+1h+4h,0.099,False,nofill,0.0
2025-12-05 10:30:00-05:00,315.27,318.01,318.11,318.01,320.06,12.4,8,1d+1h+4h,0.441,False,nofill,0.0
2025-12-05 11:30:00-05:00,316.68,318.01,318.11,318.01,320.06,12.4,8,1d+1h+4h,0.215,False,nofill,0.0
2025-12-05 12:30:00-05:00,316.82,318.01,318.1,318.01,320.0,14.2,9,1d+1h+4h,0.192,False,nofill,0.0
2025-12-05 13:30:00-05:00,315.44,318.01,318.11,318.01,320.01,14.2,9,1d+1h+4h,0.413,False,nofill,0.0
2025-12-05 14:30:00-05:00,315.94,318.01,318.1,318.01,319.92,14.2,9,1d+1h+4h,0.334,False,nofill,0.0
2025-12-05 15:30:00-05:00,315.01,318.01,318.1,318.01,319.88,14.2,9,1d+1h+4h,0.483,False,nofill,0.0
2025-12-08 09:30:00-05:00,315.0,317.74,317.83,317.74,319.69,12.4,8,1d+1h+4h,0.457,False,nofill,0.0
2025-12-08 10:30:00-05:00,315.02,317.74,317.83,317.74,319.66,12.4,8,1d+1h+4h,0.454,False,nofill,0.0
2025-12-08 11:30:00-05:00,314.44,317.74,317.83,317.74,319.6,12.4,8,1d+1h+4h,0.551,False,nofill,0.0
2025-12-08 12:30:00-05:00,313.62,318.01,318.1,318.01,319.83,12.4,8,1d+1h+4h,0.733,False,nofill,0.0
2025-12-08 13:30:00-05:00,313.99,318.01,318.09,318.01,319.79,12.4,8,1d+1h+4h,0.671,False,nofill,0.0
2025-12-08 14:30:00-05:00,314.71,317.74,317.82,317.74,319.45,12.4,8,1d+1h+4h,0.505,True,scratch,-0.08564589337066719
2025-12-08 15:30:00-05:00,315.29,317.74,317.82,317.74,319.4,12.4,8,1d+1h+4h,0.409,True,scratch,-0.08493598961014648
2025-12-09 09:30:00-05:00,316.95,318.01,318.09,318.01,319.76,14.2,9,1d+1h+4h,0.154,True,scratch,-0.08623041060318304
2025-12-09 10:30:00-05:00,318.0,318.48,318.56,318.48,320.26,11.4,7,1d+1h+4h,0.069,False,nofill,0.0
2025-12-09 11:30:00-05:00,317.06,318.01,318.09,318.01,319.78,14.2,9,1d+1h+4h,0.138,False,nofill,0.0
2025-12-09 12:30:00-05:00,300.63,301.29,301.44,301.29,304.27,31.2,22,1d+1h+4h,0.096,True,scratch,-0.10704319222348824
2025-12-09 13:30:00-05:00,302.2,306.8,306.94,306.8,309.8,27.0,19,1d+1h+4h,0.669,False,nofill,0.0
2025-12-09 14:30:00-05:00,302.84,306.8,306.94,306.8,309.73,27.0,19,1d+1h+4h,0.575,True,scratch,-0.10542842128282714
2025-12-09 15:30:00-05:00,300.54,301.29,301.43,301.29,304.22,31.2,22,1d+1h+4h,0.109,True,target,0.8628830257896958
2025-12-10 09:30:00-05:00,304.88,311.66,311.81,311.66,314.88,27.0,21,1d+1h+4h,0.93,False,nofill,0.0
2025-12-10 10:30:00-05:00,306.81,311.67,311.82,311.67,314.93,27.0,21,1d+1h+4h,0.666,False,nofill,0.0
2025-12-10 11:30:00-05:00,305.95,306.8,306.95,306.8,309.95,27.0,19,1d+1h+4h,0.117,True,scratch,-0.10883147602955834
2025-12-10 12:30:00-05:00,306.81,311.67,311.81,311.67,314.76,27.0,21,1d+1h+4h,0.666,False,nofill,0.0
2025-12-10 13:30:00-05:00,306.53,311.66,311.8,311.66,314.68,27.0,21,1d+1h+4h,0.704,True,target,0.8623579479478893
2025-12-10 14:30:00-05:00,310.21,311.67,311.81,311.67,314.75,27.0,21,1d+1h+4h,0.2,True,target,0.880704302049673
2025-12-10 15:30:00-05:00,310.12,311.67,311.81,311.67,314.68,27.0,21,1d+1h+4h,0.212,True,target,0.8615983302991514
2025-12-11 09:30:00-05:00,312.47,312.87,313.02,312.87,316.1,23.2,18,1d+1h+4h,0.054,True,target,0.9224367034404324
2025-12-11 10:30:00-05:00,314.62,317.74,317.89,317.74,320.93,17.0,11,1d+1h+4h,0.423,False,nofill,0.0
2025-12-11 11:30:00-05:00,315.36,317.74,317.88,317.74,320.81,17.0,11,1d+1h+4h,0.322,True,scratch,-0.10601343328769941
2025-12-11 12:30:00-05:00,316.45,317.74,317.88,317.74,320.75,17.0,11,1d+1h+4h,0.174,True,scratch,-0.10506137949339855
2025-12-11 13:30:00-05:00,316.75,317.74,317.88,317.74,320.63,17.0,11,1d+1h+4h,0.134,True,scratch,-0.10322330756907805
2025-12-11 14:30:00-05:00,317.4,318.01,318.14,318.01,320.81,17.0,11,1d+1h+4h,0.083,True,scratch,-0.10187347443734174
2025-12-11 15:30:00-05:00,317.46,318.01,318.14,318.01,320.71,17.0,11,1d+1h+4h,0.074,True,scratch,-0.10031790124076512
2025-12-12 09:30:00-05:00,317.4,318.01,318.14,318.01,320.75,17.0,11,1d+1h+4h,0.086,True,scratch,-0.10098178837629757
2025-12-12 10:30:00-05:00,317.88,318.48,318.61,318.48,321.22,14.2,9,1d+1h+4h,0.084,True,scratch,-0.10089711485800068
2025-12-12 11:30:00-05:00,318.81,319.56,319.68,319.56,322.27,11.2,8,1h+4h,0.105,False,nofill,0.0
2025-12-12 12:30:00-05:00,319.01,319.56,319.68,319.56,322.15,12.2,9,1h+4h,0.077,False,nofill,0.0
2025-12-12 13:30:00-05:00,317.26,318.01,318.13,318.01,320.6,17.0,11,1d+1h+4h,0.105,True,target,0.7155924095832766
2025-12-12 14:30:00-05:00,317.92,318.8,318.92,318.8,321.28,15.2,10,1d+1h+4h,0.124,True,scratch,-0.09694308305912003
2025-12-12 15:30:00-05:00,318.61,319.05,319.16,319.05,321.46,15.2,10,1d+1h+4h,0.062,True,target,0.6587858016891213
2025-12-15 12:30:00-05:00,319.91,320.27,320.38,320.27,322.65,6.6,5,1h+4h,0.052,True,scratch,-0.09537304373781197
2025-12-16 09:30:00-05:00,315.87,318.01,318.12,318.01,320.35,17.0,11,1d+1h+4h,0.313,False,nofill,0.0
2025-12-16 10:30:00-05:00,315.51,318.01,318.12,318.01,320.34,17.0,11,1d+1h+4h,0.366,False,nofill,0.0
2025-12-16 11:30:00-05:00,315.43,318.01,318.12,318.01,320.3,17.0,11,1d+1h+4h,0.377,False,nofill,0.0
2025-12-16 12:30:00-05:00,315.38,318.01,318.12,318.01,320.24,17.0,11,1d+1h+4h,0.385,False,nofill,0.0
2025-12-16 13:30:00-05:00,315.82,318.01,318.11,318.01,320.2,17.0,11,1d+1h+4h,0.321,True,scratch,-0.09270544641878375
2025-12-16 14:30:00-05:00,316.68,318.01,318.11,318.01,320.12,17.0,11,1d+1h+4h,0.194,True,scratch,-0.09152107694203604
2025-12-16 15:30:00-05:00,315.53,318.01,318.11,318.01,320.11,17.0,11,1d+1h+4h,0.363,True,scratch,-0.0913328759527321
2025-12-17 09:30:00-05:00,317.74,318.8,318.91,318.8,321.03,15.2,10,1d+1h+4h,0.158,False,nofill,0.0
2025-12-17 10:30:00-05:00,316.73,318.01,318.12,318.01,320.25,17.0,11,1d+1h+4h,0.192,False,nofill,0.0
2025-12-17 11:30:00-05:00,316.88,318.01,318.11,318.01,320.2,17.0,11,1d+1h+4h,0.169,False,nofill,0.0
2025-12-17 12:30:00-05:00,315.24,318.01,318.12,318.01,320.22,18.0,12,1d+1h+4h,0.416,False,nofill,0.0
2025-12-17 13:30:00-05:00,315.4,318.01,318.11,318.01,320.13,18.0,12,1d+1h+4h,0.392,False,nofill,0.0
2025-12-17 14:30:00-05:00,315.8,318.01,318.11,318.01,320.07,18.0,12,1d+1h+4h,0.331,False,nofill,0.0
2025-12-17 15:30:00-05:00,315.0,318.01,318.11,318.01,320.01,18.0,12,1d+1h+4h,0.452,False,nofill,0.0
2025-12-18 09:30:00-05:00,316.45,318.01,318.11,318.01,320.13,21.0,13,1d+1h+4h,0.237,False,nofill,0.0
2025-12-18 10:30:00-05:00,316.35,318.01,318.11,318.01,320.13,21.0,13,1d+1h+4h,0.252,False,nofill,0.0
2025-12-18 11:30:00-05:00,313.23,318.01,318.12,318.01,320.3,21.0,13,1d+1h+4h,0.726,False,nofill,0.0
2025-12-18 12:30:00-05:00,314.95,318.01,318.12,318.01,320.35,21.0,13,1d+1h+4h,0.465,False,nofill,0.0
2025-12-18 13:30:00-05:00,313.85,318.01,318.12,318.01,320.36,21.0,13,1d+1h+4h,0.633,False,nofill,0.0
2025-12-18 14:30:00-05:00,313.54,318.01,318.12,318.01,320.28,21.0,13,1d+1h+4h,0.679,False,nofill,0.0
2025-12-18 15:30:00-05:00,313.01,313.35,313.45,313.35,315.53,24.2,19,1d+1h+4h,0.052,True,target,0.6023615214046707
2025-12-19 09:30:00-05:00,316.75,318.01,318.12,318.01,320.33,21.0,13,1d+1h+4h,0.194,True,scratch,-0.09466396074339078
2025-12-19 10:30:00-05:00,316.9,318.01,318.12,318.01,320.23,21.0,13,1d+1h+4h,0.171,True,scratch,-0.09325864894310643
2025-12-19 11:30:00-05:00,317.24,318.01,318.11,318.01,320.17,21.0,13,1d+1h+4h,0.119,True,scratch,-0.09232943711403596
2025-12-19 12:30:00-05:00,318.14,318.8,318.9,318.8,320.93,19.2,12,1d+1h+4h,0.102,False,nofill,0.0
2025-12-19 13:30:00-05:00,317.44,318.01,318.11,318.01,320.08,21.0,13,1d+1h+4h,0.088,True,target,0.5587623803150032
2025-12-19 14:30:00-05:00,316.94,318.01,318.11,318.01,320.01,21.0,13,1d+1h+4h,0.165,True,target,0.5392120897091068
2025-12-19 15:30:00-05:00,317.11,318.01,318.11,318.01,320.02,22.0,14,1d+1h+4h,0.138,True,target,0.5426397455373433
2025-12-31 15:30:00-05:00,322.32,322.8,322.86,322.8,324.02,6.6,5,1h+4h,0.088,True,scratch,-0.07800678239989756
2026-01-02 09:30:00-05:00,321.97,322.25,322.31,322.25,323.56,6.6,5,1h+4h,0.052,True,scratch,-0.0793720609287285
2026-01-02 10:30:00-05:00,323.51,324.88,324.94,324.88,326.28,6.0,4,1d+1h,0.251,False,nofill,0.0
2026-01-02 11:30:00-05:00,323.19,324.88,324.94,324.88,326.32,6.0,4,1d+1h,0.31,True,scratch,-0.08109663943115519
2026-01-02 12:30:00-05:00,322.36,322.8,322.87,322.8,324.23,6.6,5,1h+4h,0.08,True,target,0.36290616154543986
2026-01-02 13:30:00-05:00,324.63,324.94,325.01,324.94,326.45,6.0,4,1d+1h,0.057,True,scratch,-0.08205091367277095
2026-01-09 10:30:00-05:00,330.89,331.4,331.49,331.4,333.38,7.8,5,1d+1h+4h,0.086,True,scratch,-0.08845834289979981
2026-01-09 11:30:00-05:00,330.72,331.4,331.49,331.4,333.34,7.8,5,1d+1h+4h,0.114,False,nofill,0.0
2026-01-09 12:30:00-05:00,329.87,331.4,331.49,331.4,333.31,7.8,5,1d+1h+4h,0.258,False,nofill,0.0
2026-01-09 13:30:00-05:00,329.98,331.4,331.49,331.4,333.22,7.8,5,1d+1h+4h,0.24,False,nofill,0.0
2026-01-09 14:30:00-05:00,329.43,331.4,331.48,331.4,333.15,7.8,5,1d+1h+4h,0.332,False,nofill,0.0
2026-01-09 15:30:00-05:00,329.22,331.4,331.48,331.4,333.07,7.8,5,1d+1h+4h,0.368,False,nofill,0.0
2026-01-12 09:30:00-05:00,322.29,324.88,324.98,324.88,327.02,8.8,6,1d+1h+4h,0.426,False,nofill,0.0
2026-01-12 10:30:00-05:00,322.58,324.88,324.97,324.88,326.94,8.8,6,1d+1h+4h,0.378,False,nofill,0.0
2026-01-12 11:30:00-05:00,322.19,324.88,324.97,324.88,326.94,8.8,6,1d+1h+4h,0.442,False,nofill,0.0
2026-01-12 12:30:00-05:00,322.39,331.9,332.0,331.9,333.9,9.6,6,1d+1h+4h,1.566,False,nofill,0.0
2026-01-12 13:30:00-05:00,322.8,331.4,331.49,331.4,333.32,9.6,6,1d+1h+4h,1.417,False,nofill,0.0
2026-01-12 14:30:00-05:00,323.52,331.4,331.49,331.4,333.26,9.6,6,1d+1h+4h,1.299,False,nofill,0.0
2026-01-12 15:30:00-05:00,324.42,331.4,331.49,331.4,333.22,9.6,6,1d+1h+4h,1.15,False,nofill,0.0
2026-01-13 09:30:00-05:00,314.45,317.36,317.49,317.36,320.02,23.2,14,1d+1h+4h,0.428,False,nofill,0.0
2026-01-13 10:30:00-05:00,314.7,317.36,317.49,317.36,320.04,23.2,14,1d+1h+4h,0.392,False,nofill,0.0
2026-01-13 11:30:00-05:00,313.59,317.74,317.86,317.74,320.35,23.2,14,1d+1h+4h,0.611,False,nofill,0.0
2026-01-13 12:30:00-05:00,312.12,313.1,313.22,313.1,315.67,27.0,21,1d+1h+4h,0.144,False,nofill,0.0
2026-01-13 13:30:00-05:00,311.61,313.1,313.22,313.1,315.6,27.0,21,1d+1h+4h,0.219,False,nofill,0.0
2026-01-13 14:30:00-05:00,311.2,313.35,313.46,313.35,315.74,27.0,21,1d+1h+4h,0.316,False,nofill,0.0
2026-01-13 15:30:00-05:00,310.78,313.1,313.21,313.1,315.4,27.0,21,1d+1h+4h,0.342,False,nofill,0.0
2026-01-14 09:30:00-05:00,308.07,313.25,313.37,313.25,315.73,27.0,21,1d+1h+4h,0.773,False,nofill,0.0
2026-01-14 10:30:00-05:00,307.67,313.25,313.37,313.25,315.76,27.0,21,1d+1h+4h,0.833,False,nofill,0.0
2026-01-14 11:30:00-05:00,307.36,313.1,313.22,313.1,315.59,27.0,21,1d+1h+4h,0.857,False,nofill,0.0
2026-01-14 12:30:00-05:00,309.55,313.1,313.22,313.1,315.6,27.0,21,1d+1h+4h,0.53,False,nofill,0.0
2026-01-14 13:30:00-05:00,308.68,313.25,313.37,313.25,315.72,27.0,21,1d+1h+4h,0.682,False,nofill,0.0
2026-01-14 14:30:00-05:00,308.2,313.25,313.36,313.25,315.63,27.0,21,1d+1h+4h,0.753,False,nofill,0.0
2026-01-14 15:30:00-05:00,307.98,313.25,313.36,313.25,315.57,27.0,21,1d+1h+4h,0.786,False,nofill,0.0
2026-01-15 09:30:00-05:00,312.04,313.1,313.22,313.1,315.65,27.0,21,1d+1h+4h,0.162,False,nofill,0.0
2026-01-15 10:30:00-05:00,310.76,313.25,313.37,313.25,315.81,27.0,21,1d+1h+4h,0.378,False,nofill,0.0
2026-01-15 11:30:00-05:00,310.7,313.25,313.37,313.25,315.69,27.0,21,1d+1h+4h,0.388,False,nofill,0.0
2026-01-15 12:30:00-05:00,310.09,313.25,313.36,313.25,315.58,28.0,22,1d+1h+4h,0.479,False,nofill,0.0
2026-01-15 13:30:00-05:00,310.83,313.25,313.36,313.25,315.51,28.0,22,1d+1h+4h,0.367,False,nofill,0.0
2026-01-15 14:30:00-05:00,309.68,313.25,313.36,313.25,315.47,28.0,22,1d+1h+4h,0.542,False,nofill,0.0
2026-01-15 15:30:00-05:00,309.36,313.25,313.35,313.25,315.39,28.0,22,1d+1h+4h,0.59,True,target,0.5913553396823756
2026-01-16 09:30:00-05:00,311.81,313.1,313.21,313.1,315.35,28.0,22,1d+1h+4h,0.193,True,target,0.6223760561291147
2026-01-16 10:30:00-05:00,312.1,313.1,313.21,313.1,315.32,28.0,22,1d+1h+4h,0.15,True,target,0.6148920141281655
2026-01-16 11:30:00-05:00,315.8,317.7,317.81,317.7,320.05,23.2,14,1d+1h+4h,0.284,False,nofill,0.0
2026-01-16 12:30:00-05:00,315.3,317.7,317.81,317.7,320.04,23.2,14,1d+1h+4h,0.36,False,nofill,0.0
2026-01-16 13:30:00-05:00,314.9,317.7,317.81,317.7,319.94,23.2,14,1d+1h+4h,0.42,False,nofill,0.0
2026-01-16 14:30:00-05:00,312.98,313.35,313.46,313.35,315.62,27.0,21,1d+1h+4h,0.055,False,nofill,0.0
2026-01-16 15:30:00-05:00,312.44,313.1,313.21,313.1,315.34,28.0,22,1d+1h+4h,0.099,False,nofill,0.0
2026-01-20 09:30:00-05:00,310.26,311.66,311.78,311.66,314.27,28.0,22,1d+1h+4h,0.202,False,nofill,0.0
2026-01-20 10:30:00-05:00,309.33,313.25,313.37,313.25,315.85,28.0,22,1d+1h+4h,0.563,False,nofill,0.0
2026-01-20 11:30:00-05:00,308.68,310.58,310.7,310.58,313.09,28.0,22,1d+1h+4h,0.273,False,nofill,0.0
2026-01-20 12:30:00-05:00,306.73,307.09,307.21,307.09,309.58,29.2,20,1d+1h+4h,0.052,False,nofill,0.0
2026-01-20 13:30:00-05:00,303.01,306.8,306.92,306.8,309.41,33.8,23,1d+1h+4h,0.545,False,nofill,0.0
2026-01-20 14:30:00-05:00,302.74,306.8,306.92,306.8,309.35,33.8,23,1d+1h+4h,0.583,False,nofill,0.0
2026-01-20 15:30:00-05:00,302.83,306.8,306.92,306.8,309.26,33.8,23,1d+1h+4h,0.571,False,nofill,0.0
2026-01-21 09:30:00-05:00,304.1,306.8,306.92,306.8,309.31,32.0,22,1d+1h+4h,0.399,False,nofill,0.0
2026-01-21 10:30:00-05:00,302.6,306.8,306.92,306.8,309.32,32.0,22,1d+1h+4h,0.62,False,nofill,0.0
2026-01-21 11:30:00-05:00,302.47,306.8,306.92,306.8,309.28,32.0,22,1d+1h+4h,0.64,False,nofill,0.0
2026-01-21 12:30:00-05:00,303.27,306.8,306.92,306.8,309.23,32.0,22,1d+1h+4h,0.522,False,nofill,0.0
2026-01-21 13:30:00-05:00,304.2,306.8,306.91,306.8,309.19,32.0,22,1d+1h+4h,0.385,True,scratch,-0.09696543600341556
2026-01-21 14:30:00-05:00,302.82,306.8,306.91,306.8,309.18,32.0,22,1d+1h+4h,0.589,True,scratch,-0.09694031849427631
2026-01-21 15:30:00-05:00,302.05,306.8,306.91,306.8,309.13,32.0,22,1d+1h+4h,0.703,True,scratch,-0.09612646696541827
2026-01-22 09:30:00-05:00,305.32,306.8,306.92,306.8,309.37,32.0,22,1d+1h+4h,0.22,True,scratch,-0.09985816350185361
2026-01-22 10:30:00-05:00,305.96,306.8,306.92,306.8,309.29,32.0,22,1d+1h+4h,0.125,True,scratch,-0.0986151874068808
2026-01-22 11:30:00-05:00,306.32,306.8,306.92,306.8,309.34,32.0,22,1d+1h+4h,0.071,False,nofill,0.0
2026-01-22 12:30:00-05:00,305.03,306.8,306.92,306.8,309.35,32.0,22,1d+1h+4h,0.264,False,nofill,0.0
2026-01-22 13:30:00-05:00,304.9,306.8,306.92,306.8,309.23,32.0,22,1d+1h+4h,0.282,False,nofill,0.0
2026-01-22 14:30:00-05:00,303.36,306.8,306.91,306.8,309.19,33.0,23,1d+1h+4h,0.512,False,nofill,0.0
2026-01-22 15:30:00-05:00,303.63,306.8,306.91,306.8,309.07,33.0,23,1d+1h+4h,0.472,False,nofill,0.0
2026-01-23 09:30:00-05:00,298.42,306.8,306.92,306.8,309.31,33.0,23,1d+1h+4h,1.243,False,nofill,0.0
2026-01-23 10:30:00-05:00,298.15,306.8,306.92,306.8,309.22,33.0,23,1d+1h+4h,1.284,False,nofill,0.0
2026-01-23 11:30:00-05:00,297.76,306.8,306.91,306.8,309.21,33.0,23,1d+1h+4h,1.342,False,nofill,0.0
2026-01-23 12:30:00-05:00,297.62,306.8,306.91,306.8,309.15,33.0,23,1d+1h+4h,1.363,False,nofill,0.0
2026-01-23 13:30:00-05:00,298.12,306.8,306.91,306.8,309.1,33.0,23,1d+1h+4h,1.288,False,nofill,0.0
2026-01-23 14:30:00-05:00,297.52,306.8,306.91,306.8,309.01,33.0,23,1d+1h+4h,1.377,False,nofill,0.0
2026-01-23 15:30:00-05:00,297.71,306.8,306.9,306.8,308.91,33.0,23,1d+1h+4h,1.349,False,nofill,0.0
2026-01-26 09:30:00-05:00,300.06,300.98,301.08,300.98,303.2,32.4,22,1d+1h+4h,0.139,False,nofill,0.0
2026-01-26 10:30:00-05:00,299.98,300.98,301.08,300.98,303.13,32.4,22,1d+1h+4h,0.152,False,nofill,0.0
2026-01-26 11:30:00-05:00,300.44,300.98,301.07,300.98,303.06,32.4,22,1d+1h+4h,0.081,True,scratch,-0.09292361536088478
2026-01-26 12:30:00-05:00,300.77,306.21,306.31,306.21,308.21,31.8,21,1d+1h+4h,0.829,False,nofill,0.0
2026-01-26 13:30:00-05:00,300.3,300.98,301.07,300.98,302.89,33.4,23,1d+1h+4h,0.103,True,scratch,-0.09028590820588933
2026-01-26 14:30:00-05:00,300.56,300.98,301.07,300.98,302.89,33.4,23,1d+1h+4h,0.063,True,scratch,-0.09022571022113679
2026-01-26 15:30:00-05:00,301.03,306.21,306.3,306.21,308.06,31.8,21,1d+1h+4h,0.789,False,nofill,0.0
2026-01-27 09:30:00-05:00,298.67,301.01,301.11,301.01,303.02,33.4,23,1d+1h+4h,0.368,False,nofill,0.0
2026-01-27 10:30:00-05:00,299.12,301.01,301.11,301.01,302.99,33.4,23,1d+1h+4h,0.298,False,nofill,0.0
2026-01-27 11:30:00-05:00,299.12,301.01,301.1,301.01,302.93,33.4,23,1d+1h+4h,0.297,False,nofill,0.0
2026-01-27 12:30:00-05:00,299.04,301.01,301.1,301.01,302.93,33.4,23,1d+1h+4h,0.309,False,nofill,0.0
2026-01-27 13:30:00-05:00,298.9,301.01,301.1,301.01,302.86,33.4,23,1d+1h+4h,0.333,False,nofill,0.0
2026-01-27 14:30:00-05:00,300.0,301.01,301.1,301.01,302.82,33.4,23,1d+1h+4h,0.159,True,scratch,-0.08857222827822753
2026-01-27 15:30:00-05:00,300.3,301.01,301.09,301.01,302.73,33.4,23,1d+1h+4h,0.112,True,scratch,-0.08716489221826107
2026-01-28 09:30:00-05:00,298.5,299.73,299.81,299.73,301.51,32.2,23,1d+1h+4h,0.198,True,target,0.5053299480731743
2026-01-28 10:30:00-05:00,301.04,301.54,301.63,301.54,303.41,31.2,22,1d+1h+4h,0.081,True,scratch,-0.08941370921129455
2026-01-28 11:30:00-05:00,301.27,301.86,301.95,301.86,303.65,31.2,22,1d+1h+4h,0.095,False,nofill,0.0
2026-01-28 12:30:00-05:00,300.16,301.54,301.62,301.54,303.31,33.0,23,1d+1h+4h,0.223,True,scratch,-0.08789802379944867
2026-01-28 13:30:00-05:00,300.17,301.54,301.62,301.54,303.29,33.0,23,1d+1h+4h,0.222,True,scratch,-0.08758435522994157
2026-01-28 14:30:00-05:00,300.71,301.54,301.62,301.54,303.31,33.0,23,1d+1h+4h,0.133,True,target,0.4997286022699665
2026-01-28 15:30:00-05:00,300.7,301.54,301.62,301.54,303.25,33.0,23,1d+1h+4h,0.137,True,target,0.47975335796539564
2026-01-29 09:30:00-05:00,304.65,306.8,306.89,306.8,308.76,29.2,20,1d+1h+4h,0.348,False,nofill,0.0
2026-01-29 10:30:00-05:00,303.75,306.8,306.9,306.8,308.82,29.2,20,1d+1h+4h,0.494,False,nofill,0.0
2026-01-29 11:30:00-05:00,305.8,306.8,306.9,306.8,308.89,29.2,20,1d+1h+4h,0.161,False,nofill,0.0
2026-01-29 12:30:00-05:00,304.72,306.8,306.9,306.8,308.94,29.2,20,1d+1h+4h,0.337,False,nofill,0.0
2026-01-29 13:30:00-05:00,305.37,306.8,306.9,306.8,308.88,29.2,20,1d+1h+4h,0.232,True,scratch,-0.0921749802823002
2026-01-29 14:30:00-05:00,305.4,306.8,306.9,306.8,308.9,29.2,20,1d+1h+4h,0.228,True,scratch,-0.0925269302224696
2026-01-29 15:30:00-05:00,306.08,306.8,306.9,306.8,308.85,29.2,20,1d+1h+4h,0.117,True,scratch,-0.09172028101720464
2026-01-30 09:30:00-05:00,306.84,313.25,313.35,313.25,315.35,27.0,21,1d+1h+4h,1.049,False,nofill,0.0
2026-01-30 10:30:00-05:00,303.73,306.8,306.91,306.8,309.03,29.2,20,1d+1h+4h,0.503,False,nofill,0.0
2026-01-30 11:30:00-05:00,303.71,306.8,306.9,306.8,308.99,29.2,20,1d+1h+4h,0.505,False,nofill,0.0
2026-01-30 12:30:00-05:00,303.46,306.8,306.9,306.8,308.94,30.2,21,1d+1h+4h,0.546,False,nofill,0.0
2026-01-30 13:30:00-05:00,305.63,306.8,306.91,306.8,309.02,30.2,21,1d+1h+4h,0.191,False,nofill,0.0
2026-01-30 14:30:00-05:00,306.09,306.8,306.9,306.8,308.95,30.2,21,1d+1h+4h,0.116,True,scratch,-0.09328588212120792
2026-01-30 15:30:00-05:00,306.11,306.8,306.9,306.8,308.91,30.2,21,1d+1h+4h,0.113,True,scratch,-0.09268081324615984
2026-02-02 09:30:00-05:00,306.07,306.8,306.91,306.8,309.13,30.2,21,1d+1h+4h,0.117,True,scratch,-0.09607760235023077
2026-02-02 10:30:00-05:00,307.02,313.25,313.36,313.25,315.57,27.0,21,1d+1h+4h,0.999,False,nofill,0.0
2026-02-02 11:30:00-05:00,308.21,313.25,313.36,313.25,315.56,27.0,21,1d+1h+4h,0.808,False,nofill,0.0
2026-02-02 12:30:00-05:00,308.27,313.25,313.36,313.25,315.51,27.0,21,1d+1h+4h,0.799,False,nofill,0.0
2026-02-02 13:30:00-05:00,308.6,312.94,313.04,312.94,315.1,27.0,21,1d+1h+4h,0.697,True,target,0.5970219983332026
2026-02-02 14:30:00-05:00,307.96,313.25,313.35,313.25,315.34,27.0,21,1d+1h+4h,0.849,True,target,0.575580745441373
2026-02-02 15:30:00-05:00,308.17,309.04,309.14,309.04,311.04,27.4,21,1d+1h+4h,0.14,True,target,0.5543662319903886
2026-02-03 09:30:00-05:00,314.21,317.74,317.86,317.74,320.2,25.0,15,1d+1h+4h,0.554,False,nofill,0.0
2026-02-03 10:30:00-05:00,314.1,317.74,317.85,317.74,320.16,25.0,15,1d+1h+4h,0.572,False,nofill,0.0
2026-02-03 11:30:00-05:00,313.11,317.21,317.32,317.21,319.58,25.0,15,1d+1h+4h,0.644,False,nofill,0.0
2026-02-03 12:30:00-05:00,309.95,313.1,313.22,313.1,315.58,28.0,22,1d+1h+4h,0.495,True,target,0.6940296737317775
2026-02-03 13:30:00-05:00,310.22,313.25,313.37,313.25,315.71,28.0,22,1d+1h+4h,0.476,True,target,0.6868800954243026
2026-02-03 14:30:00-05:00,313.69,317.74,317.86,317.74,320.3,26.0,16,1d+1h+4h,0.636,True,scratch,-0.09833696840756412
2026-02-03 15:30:00-05:00,314.77,317.21,317.33,317.21,319.71,26.0,16,1d+1h+4h,0.383,True,scratch,-0.09749033181397637
2026-02-04 09:30:00-05:00,317.94,318.36,318.48,318.36,320.99,22.0,14,1d+1h+4h,0.067,True,scratch,-0.09922930504203675
2026-02-04 10:30:00-05:00,317.75,318.36,318.49,318.36,321.02,22.0,14,1d+1h+4h,0.097,True,scratch,-0.09972061860464843
2026-02-04 11:30:00-05:00,318.01,318.36,318.49,318.36,321.02,22.0,14,1d+1h+4h,0.056,True,scratch,-0.0997567389904086
2026-02-04 12:30:00-05:00,317.26,317.7,317.83,317.7,320.34,26.0,16,1d+1h+4h,0.07,True,scratch,-0.09955292119682158
2026-02-04 13:30:00-05:00,315.89,317.36,317.48,317.36,319.96,26.0,16,1d+1h+4h,0.235,True,scratch,-0.09889085547800658
2026-02-04 14:30:00-05:00,318.44,318.8,318.92,318.8,321.42,21.2,14,1d+1h+4h,0.058,False,nofill,0.0
2026-02-04 15:30:00-05:00,317.23,317.7,317.82,317.7,320.28,26.0,16,1d+1h+4h,0.075,False,nofill,0.0
2026-02-05 09:30:00-05:00,306.07,306.8,306.96,306.8,310.07,33.0,23,1d+1h+4h,0.11,True,target,0.9540192424497995
2026-02-05 10:30:00-05:00,307.83,310.58,310.74,310.58,313.84,29.0,23,1d+1h+4h,0.414,False,nofill,0.0
2026-02-05 11:30:00-05:00,308.83,310.58,310.73,310.58,313.77,29.0,23,1d+1h+4h,0.263,False,nofill,0.0
2026-02-05 12:30:00-05:00,309.16,310.58,310.73,310.58,313.65,29.0,23,1d+1h+4h,0.214,False,nofill,0.0
2026-02-05 13:30:00-05:00,309.64,310.58,310.72,310.58,313.56,29.0,23,1d+1h+4h,0.142,True,target,0.8526113223710663
2026-02-05 14:30:00-05:00,309.65,310.58,310.72,310.58,313.51,29.0,23,1d+1h+4h,0.14,True,target,0.8364831450526911
2026-02-05 15:30:00-05:00,310.13,310.58,310.71,310.58,313.4,29.0,23,1d+1h+4h,0.068,True,target,0.8027906006019325
2026-02-06 09:30:00-05:00,321.42,324.6,324.77,324.6,328.17,11.6,8,1d+1h+4h,0.444,False,nofill,0.0
2026-02-06 10:30:00-05:00,321.94,324.6,324.76,324.6,328.03,11.6,8,1d+1h+4h,0.371,False,nofill,0.0
2026-02-06 11:30:00-05:00,322.71,324.6,324.76,324.6,327.87,11.6,8,1d+1h+4h,0.263,False,nofill,0.0
2026-02-06 12:30:00-05:00,323.02,324.6,324.75,324.6,327.73,11.6,8,1d+1h+4h,0.221,False,nofill,0.0
2026-02-06 13:30:00-05:00,323.11,324.6,324.74,324.6,327.57,11.6,8,1d+1h+4h,0.208,True,scratch,-0.10357759066119687
2026-02-06 14:30:00-05:00,322.84,324.6,324.74,324.6,327.49,11.6,8,1d+1h+4h,0.246,True,scratch,-0.10229408155197905
2026-02-06 15:30:00-05:00,322.39,324.6,324.73,324.6,327.36,11.6,8,1d+1h+4h,0.309,True,scratch,-0.10040465857676928
2026-02-09 09:30:00-05:00,325.7,326.23,326.37,326.23,329.21,9.8,7,1d+1h+4h,0.074,True,scratch,-0.10349152417264973
2026-02-09 10:30:00-05:00,324.44,325.19,325.33,325.19,328.12,9.8,7,1d+1h+4h,0.106,False,nofill,0.0
2026-02-09 11:30:00-05:00,323.06,324.6,324.74,324.6,327.46,11.6,8,1d+1h+4h,0.218,False,nofill,0.0
2026-02-09 12:30:00-05:00,322.82,324.6,324.73,324.6,327.37,11.6,8,1d+1h+4h,0.25,False,nofill,0.0
2026-02-09 13:30:00-05:00,323.7,324.63,324.76,324.63,327.32,12.6,9,1d+1h+4h,0.131,True,scratch,-0.09935215593739333
2026-02-09 14:30:00-05:00,322.19,324.63,324.76,324.63,327.28,12.6,9,1d+1h+4h,0.344,True,scratch,-0.09884273235205576
2026-02-09 15:30:00-05:00,322.02,324.63,324.75,324.63,327.16,12.6,9,1d+1h+4h,0.368,True,scratch,-0.09711172233655141
2026-02-10 09:30:00-05:00,325.36,326.23,326.35,326.23,328.89,10.8,8,1d+1h+4h,0.117,False,nofill,0.0
2026-02-10 10:30:00-05:00,322.14,324.6,324.74,324.6,327.47,12.6,9,1d+1h+4h,0.334,False,nofill,0.0
2026-02-10 11:30:00-05:00,322.12,324.6,324.73,324.6,327.41,12.6,9,1d+1h+4h,0.337,False,nofill,0.0
2026-02-10 12:30:00-05:00,317.7,319.05,319.19,319.05,321.99,29.6,20,1d+1h+4h,0.183,False,nofill,0.0
2026-02-10 13:30:00-05:00,317.61,318.01,318.15,318.01,320.94,30.6,19,1d+1h+4h,0.054,True,scratch,-0.10379799546932356
2026-02-10 14:30:00-05:00,318.1,319.05,319.19,319.05,321.95,29.6,20,1d+1h+4h,0.128,True,scratch,-0.1032794664922343
2026-02-10 15:30:00-05:00,318.09,319.05,319.18,319.05,321.81,29.6,20,1d+1h+4h,0.13,True,scratch,-0.10116612065474984
2026-02-11 09:30:00-05:00,317.06,317.7,317.85,317.7,320.9,31.6,20,1d+1h+4h,0.08,False,nofill,0.0
2026-02-11 10:30:00-05:00,315.83,317.7,317.85,317.7,320.85,31.6,20,1d+1h+4h,0.233,False,nofill,0.0
2026-02-11 11:30:00-05:00,313.24,317.74,317.89,317.74,320.92,31.6,20,1d+1h+4h,0.562,False,nofill,0.0
2026-02-11 12:30:00-05:00,312.45,317.7,317.85,317.7,320.81,31.6,20,1d+1h+4h,0.655,False,nofill,0.0
2026-02-11 13:30:00-05:00,310.82,317.7,317.85,317.7,320.87,31.6,20,1d+1h+4h,0.859,False,nofill,0.0
2026-02-11 14:30:00-05:00,311.38,317.74,317.88,317.74,320.8,31.6,20,1d+1h+4h,0.794,False,nofill,0.0
2026-02-11 15:30:00-05:00,310.79,317.7,317.84,317.7,320.65,31.6,20,1d+1h+4h,0.863,False,nofill,0.0
2026-02-12 09:30:00-05:00,308.88,310.26,310.41,310.26,313.36,33.0,27,1d+1h+4h,0.165,False,nofill,0.0
2026-02-12 10:30:00-05:00,302.24,306.12,306.28,306.12,309.56,42.4,30,1d+1h+4h,0.462,False,nofill,0.0
2026-02-12 11:30:00-05:00,301.3,306.14,306.31,306.14,309.61,42.4,30,1d+1h+4h,0.576,False,nofill,0.0
2026-02-12 12:30:00-05:00,301.23,306.14,306.3,306.14,309.51,42.4,30,1d+1h+4h,0.584,False,nofill,0.0
2026-02-12 13:30:00-05:00,303.73,306.12,306.28,306.12,309.54,42.4,30,1d+1h+4h,0.284,False,nofill,0.0
2026-02-12 14:30:00-05:00,302.91,306.14,306.3,306.14,309.42,42.4,30,1d+1h+4h,0.384,False,nofill,0.0
2026-02-12 15:30:00-05:00,302.58,306.12,306.27,306.12,309.25,42.4,30,1d+1h+4h,0.421,False,nofill,0.0
2026-02-13 09:30:00-05:00,301.53,306.12,306.28,306.12,309.49,42.4,30,1d+1h+4h,0.55,False,nofill,0.0
2026-02-13 10:30:00-05:00,303.21,306.12,306.28,306.12,309.45,42.4,30,1d+1h+4h,0.348,False,nofill,0.0
2026-02-13 11:30:00-05:00,303.49,306.12,306.27,306.12,309.34,42.4,30,1d+1h+4h,0.315,False,nofill,0.0
2026-02-13 12:30:00-05:00,303.25,306.12,306.27,306.12,309.23,42.4,30,1d+1h+4h,0.344,False,nofill,0.0
2026-02-13 13:30:00-05:00,302.99,306.12,306.26,306.12,309.1,42.4,30,1d+1h+4h,0.375,True,scratch,-0.1062366815021476
2026-02-13 14:30:00-05:00,301.2,306.12,306.26,306.12,309.09,43.4,31,1d+1h+4h,0.589,True,scratch,-0.10609105982217759
2026-02-13 15:30:00-05:00,302.5,306.12,306.26,306.12,309.0,43.4,31,1d+1h+4h,0.433,True,scratch,-0.1047094932707826
2026-02-17 09:30:00-05:00,306.4,307.13,307.28,307.13,310.24,41.6,30,1d+1h+4h,0.09,True,scratch,-0.10804346150099509
2026-02-17 10:30:00-05:00,306.83,307.41,307.55,307.41,310.43,38.0,28,1d+1h+4h,0.071,True,scratch,-0.10669492479915554
2026-02-17 11:30:00-05:00,305.81,307.09,307.23,307.09,310.11,41.6,30,1d+1h+4h,0.157,True,scratch,-0.10674918589849147
2026-02-17 12:30:00-05:00,306.34,307.09,307.23,307.09,310.06,42.6,31,1d+1h+4h,0.092,True,scratch,-0.10600552544051123
2026-02-17 13:30:00-05:00,306.5,307.09,307.23,307.09,309.94,42.6,31,1d+1h+4h,0.072,True,scratch,-0.10405501340314816
2026-02-17 14:30:00-05:00,307.18,308.04,308.17,308.04,310.78,35.0,27,1d+1h+4h,0.105,True,target,0.7869238779773635
2026-02-17 15:30:00-05:00,307.2,308.04,308.16,308.04,310.65,35.0,27,1d+1h+4h,0.102,True,target,0.7466001954602008
2026-02-18 09:30:00-05:00,310.94,311.66,311.79,311.66,314.47,31.8,25,1d+1h+4h,0.09,True,scratch,-0.10280934338385839
2026-02-18 10:30:00-05:00,310.98,311.66,311.79,311.66,314.37,31.8,25,1d+1h+4h,0.086,True,scratch,-0.10128485555992439
2026-02-18 11:30:00-05:00,311.2,311.66,311.79,311.66,314.29,31.8,25,1d+1h+4h,0.057,True,scratch,-0.1001724662020198
2026-02-18 12:30:00-05:00,310.53,311.66,311.78,311.66,314.23,32.8,26,1d+1h+4h,0.142,False,nofill,0.0
2026-02-18 13:30:00-05:00,309.78,311.66,311.78,311.66,314.16,32.8,26,1d+1h+4h,0.237,False,nofill,0.0
2026-02-18 14:30:00-05:00,308.88,311.88,312.0,311.88,314.33,32.8,26,1d+1h+4h,0.378,False,nofill,0.0
2026-02-18 15:30:00-05:00,308.77,311.88,311.99,311.88,314.23,32.8,26,1d+1h+4h,0.392,False,nofill,0.0
2026-02-19 09:30:00-05:00,307.2,308.04,308.15,308.04,310.47,34.0,26,1d+1h+4h,0.109,True,scratch,-0.09763399433921904
2026-02-19 10:30:00-05:00,307.27,308.04,308.15,308.04,310.46,34.0,26,1d+1h+4h,0.1,True,scratch,-0.09747549185131765
2026-02-19 11:30:00-05:00,307.56,308.04,308.15,308.04,310.41,34.0,26,1d+1h+4h,0.062,False,nofill,0.0
2026-02-19 12:30:00-05:00,305.76,306.8,306.91,306.8,309.19,41.6,30,1d+1h+4h,0.136,True,scratch,-0.09705447559920088
2026-02-19 13:30:00-05:00,306.87,307.41,307.52,307.41,309.78,37.0,27,1d+1h+4h,0.07,True,scratch,-0.0966827878104981
2026-02-19 14:30:00-05:00,307.28,311.75,311.86,311.75,314.03,34.6,27,1d+1h+4h,0.583,False,nofill,0.0
2026-02-19 15:30:00-05:00,308.08,311.75,311.85,311.75,313.95,34.6,27,1d+1h+4h,0.479,False,nofill,0.0
2026-02-20 09:30:00-05:00,308.8,311.75,311.86,311.75,314.14,34.6,27,1d+1h+4h,0.393,False,nofill,0.0
2026-02-20 10:30:00-05:00,307.51,311.75,311.86,311.75,314.12,34.6,27,1d+1h+4h,0.566,False,nofill,0.0
2026-02-20 11:30:00-05:00,307.92,311.75,311.86,311.75,314.08,34.6,27,1d+1h+4h,0.511,False,nofill,0.0
2026-02-20 12:30:00-05:00,309.25,311.75,311.86,311.75,314.04,35.6,28,1d+1h+4h,0.333,False,nofill,0.0
2026-02-20 13:30:00-05:00,310.28,311.75,311.86,311.75,314.03,35.6,28,1d+1h+4h,0.196,False,nofill,0.0
2026-02-20 14:30:00-05:00,310.25,311.75,311.85,311.75,313.97,35.6,28,1d+1h+4h,0.2,False,nofill,0.0
2026-02-20 15:30:00-05:00,310.87,311.75,311.85,311.75,313.89,35.6,28,1d+1h+4h,0.117,False,nofill,0.0
2026-02-23 09:30:00-05:00,300.1,301.24,301.38,301.24,304.13,45.6,32,1d+1h+4h,0.142,False,nofill,0.0
2026-02-23 10:30:00-05:00,298.77,301.24,301.38,301.24,304.23,45.6,32,1d+1h+4h,0.305,False,nofill,0.0
2026-02-23 11:30:00-05:00,295.68,296.2,296.35,296.2,299.25,48.6,35,1d+1h+4h,0.064,True,scratch,-0.10896697379465525
2026-02-23 12:30:00-05:00,297.6,301.37,301.51,301.37,304.39,45.6,32,1d+1h+4h,0.467,False,nofill,0.0
2026-02-23 13:30:00-05:00,296.9,301.24,301.38,301.24,304.16,45.6,32,1d+1h+4h,0.538,False,nofill,0.0
2026-02-23 14:30:00-05:00,298.39,301.23,301.36,301.23,304.06,45.6,32,1d+1h+4h,0.351,False,nofill,0.0
2026-02-23 15:30:00-05:00,297.72,301.37,301.5,301.37,304.12,45.6,32,1d+1h+4h,0.452,False,nofill,0.0
2026-02-24 09:30:00-05:00,293.67,294.5,294.65,294.5,297.55,61.2,42,1d+1h+4h,0.103,True,target,0.9244073394571783
2026-02-24 10:30:00-05:00,296.24,301.15,301.3,301.15,304.24,45.6,32,1d+1h+4h,0.607,False,nofill,0.0
2026-02-24 11:30:00-05:00,297.46,301.15,301.3,301.15,304.25,45.6,32,1d+1h+4h,0.455,False,nofill,0.0
2026-02-24 12:30:00-05:00,298.46,301.37,301.51,301.37,304.37,45.6,32,1d+1h+4h,0.359,False,nofill,0.0
2026-02-24 13:30:00-05:00,298.08,301.37,301.51,301.37,304.32,45.6,32,1d+1h+4h,0.406,False,nofill,0.0
2026-02-24 14:30:00-05:00,296.67,301.23,301.37,301.23,304.1,45.6,32,1d+1h+4h,0.564,True,scratch,-0.10527585823580932
2026-02-24 15:30:00-05:00,297.32,301.15,301.28,301.15,303.88,45.6,32,1d+1h+4h,0.473,True,scratch,-0.10318403142349775
2026-02-25 09:30:00-05:00,300.65,301.07,301.21,301.07,303.94,45.6,32,1d+1h+4h,0.053,True,target,0.8475276637137652
2026-02-25 10:30:00-05:00,301.5,307.09,307.22,307.09,309.9,42.6,31,1d+1h+4h,0.699,False,nofill,0.0
2026-02-25 11:30:00-05:00,302.75,307.05,307.18,307.05,309.76,42.6,31,1d+1h+4h,0.539,False,nofill,0.0
2026-02-25 12:30:00-05:00,303.17,307.09,307.21,307.09,309.69,42.6,31,1d+1h+4h,0.491,False,nofill,0.0
2026-02-25 13:30:00-05:00,302.79,306.8,306.92,306.8,309.28,42.6,31,1d+1h+4h,0.502,True,scratch,-0.09842688919908804
2026-02-25 14:30:00-05:00,302.79,306.8,306.91,306.8,309.17,42.6,31,1d+1h+4h,0.502,True,scratch,-0.09670473385572365
2026-02-25 15:30:00-05:00,303.36,306.8,306.91,306.8,309.08,42.6,31,1d+1h+4h,0.431,True,scratch,-0.09526841283764576
2026-02-26 09:30:00-05:00,305.36,306.8,306.92,306.8,309.34,42.6,31,1d+1h+4h,0.185,True,scratch,-0.09931720440355951
2026-02-26 10:30:00-05:00,307.08,311.75,311.87,311.75,314.26,38.4,30,1d+1h+4h,0.597,False,nofill,0.0
2026-02-26 11:30:00-05:00,304.76,306.8,306.92,306.8,309.41,42.6,31,1d+1h+4h,0.261,True,scratch,-0.10046536922925231
2026-02-26 12:30:00-05:00,305.88,306.8,306.92,306.8,309.4,42.6,31,1d+1h+4h,0.118,True,scratch,-0.10028919116156221
2026-02-26 13:30:00-05:00,306.44,307.05,307.17,307.05,309.57,42.6,31,1d+1h+4h,0.079,True,scratch,-0.09900109191617323
2026-02-26 14:30:00-05:00,306.57,307.05,307.16,307.05,309.46,42.6,31,1d+1h+4h,0.061,False,nofill,0.0
2026-02-26 15:30:00-05:00,306.12,306.8,306.91,306.8,309.12,42.6,31,1d+1h+4h,0.087,False,nofill,0.0
2026-02-27 09:30:00-05:00,297.07,301.15,301.29,301.15,304.12,45.6,32,1d+1h+4h,0.504,False,nofill,0.0
2026-02-27 10:30:00-05:00,298.82,301.29,301.43,301.29,304.25,45.6,32,1d+1h+4h,0.305,False,nofill,0.0
2026-02-27 11:30:00-05:00,294.48,295.1,295.25,295.1,298.19,57.4,39,1d+1h+4h,0.077,True,target,0.9370538412609264
2026-02-27 12:30:00-05:00,296.49,301.01,301.16,301.01,304.09,45.6,32,1d+1h+4h,0.559,False,nofill,0.0
2026-02-27 13:30:00-05:00,296.0,301.23,301.37,301.23,304.2,45.6,32,1d+1h+4h,0.646,False,nofill,0.0
2026-02-27 14:30:00-05:00,297.89,301.37,301.51,301.37,304.35,45.6,32,1d+1h+4h,0.43,False,nofill,0.0
2026-02-27 15:30:00-05:00,299.92,301.37,301.51,301.37,304.33,45.6,32,1d+1h+4h,0.179,False,nofill,0.0
2026-03-02 09:30:00-05:00,297.08,301.37,301.52,301.37,304.62,45.6,32,1d+1h+4h,0.535,False,nofill,0.0
2026-03-02 10:30:00-05:00,297.3,301.07,301.23,301.07,304.34,45.6,32,1d+1h+4h,0.471,False,nofill,0.0
2026-03-02 11:30:00-05:00,298.62,301.24,301.39,301.24,304.48,46.6,33,1d+1h+4h,0.326,False,nofill,0.0
2026-03-02 12:30:00-05:00,299.02,301.37,301.52,301.37,304.49,46.6,33,1d+1h+4h,0.293,False,nofill,0.0
2026-03-02 13:30:00-05:00,299.14,301.37,301.51,301.37,304.39,46.6,33,1d+1h+4h,0.278,False,nofill,0.0
2026-03-02 14:30:00-05:00,297.37,301.37,301.51,301.37,304.34,46.6,33,1d+1h+4h,0.499,False,nofill,0.0
2026-03-02 15:30:00-05:00,297.54,301.24,301.37,301.24,304.07,46.6,33,1d+1h+4h,0.462,False,nofill,0.0
2026-03-03 09:30:00-05:00,293.81,294.45,294.6,294.45,297.68,63.2,44,1d+1h+4h,0.077,True,target,0.9847032082527019
2026-03-03 10:30:00-05:00,295.95,301.37,301.52,301.37,304.6,47.6,34,1d+1h+4h,0.649,True,scratch,-0.11101685685305229
2026-03-03 11:30:00-05:00,298.47,301.37,301.53,301.37,304.63,47.6,34,1d+1h+4h,0.347,True,scratch,-0.11146704904231308
2026-03-03 12:30:00-05:00,300.9,301.37,301.53,301.37,304.65,47.6,34,1d+1h+4h,0.056,True,scratch,-0.11179043102577113
2026-03-03 13:30:00-05:00,300.15,301.37,301.52,301.37,304.61,47.6,34,1d+1h+4h,0.146,True,scratch,-0.11116444008463233
2026-03-03 14:30:00-05:00,300.21,301.37,301.52,301.37,304.56,47.6,34,1d+1h+4h,0.139,False,nofill,0.0
2026-03-03 15:30:00-05:00,300.38,301.37,301.52,301.37,304.45,47.6,34,1d+1h+4h,0.118,False,nofill,0.0
2026-03-04 09:30:00-05:00,298.27,301.37,301.52,301.37,304.62,47.6,34,1d+1h+4h,0.382,False,nofill,0.0
2026-03-04 10:30:00-05:00,298.7,301.37,301.52,301.37,304.51,47.6,34,1d+1h+4h,0.329,False,nofill,0.0
2026-03-04 11:30:00-05:00,298.42,301.37,301.51,301.37,304.34,47.6,34,1d+1h+4h,0.363,False,nofill,0.0
2026-03-04 12:30:00-05:00,298.13,301.37,301.5,301.37,304.2,47.6,34,1d+1h+4h,0.398,False,nofill,0.0
2026-03-04 13:30:00-05:00,298.21,301.37,301.5,301.37,304.06,47.6,34,1d+1h+4h,0.389,False,nofill,0.0
2026-03-04 14:30:00-05:00,298.83,301.37,301.49,301.37,303.94,47.6,34,1d+1h+4h,0.312,False,nofill,0.0
2026-03-04 15:30:00-05:00,299.21,301.37,301.49,301.37,303.84,47.6,34,1d+1h+4h,0.266,False,nofill,0.0
2026-03-05 09:30:00-05:00,295.32,296.06,296.19,296.06,298.82,51.6,38,1d+1h+4h,0.091,False,nofill,0.0
2026-03-05 10:30:00-05:00,294.07,294.5,294.63,294.5,297.24,64.2,45,1d+1h+4h,0.053,True,scratch,-0.10428557932188331
2026-03-05 11:30:00-05:00,294.54,295.1,295.23,295.1,297.79,60.4,42,1d+1h+4h,0.069,True,scratch,-0.10340725850913612
2026-03-05 12:30:00-05:00,294.68,295.1,295.22,295.1,297.72,60.4,42,1d+1h+4h,0.051,True,scratch,-0.10225979234114169
2026-03-05 13:30:00-05:00,293.24,294.51,294.63,294.51,297.13,64.2,45,1d+1h+4h,0.155,False,nofill,0.0
2026-03-05 14:30:00-05:00,293.18,294.5,294.62,294.5,297.04,64.2,45,1d+1h+4h,0.162,False,nofill,0.0
2026-03-05 15:30:00-05:00,293.45,294.5,294.62,294.5,296.95,64.2,45,1d+1h+4h,0.129,False,nofill,0.0
2026-03-06 09:30:00-05:00,287.13,294.5,294.64,294.5,297.51,64.2,45,1d+1h+4h,0.89,False,nofill,0.0
2026-03-06 10:30:00-05:00,286.26,294.51,294.65,294.51,297.47,64.2,45,1d+1h+4h,0.997,False,nofill,0.0
2026-03-06 11:30:00-05:00,287.06,294.5,294.64,294.5,297.39,64.2,45,1d+1h+4h,0.899,False,nofill,0.0
2026-03-06 12:30:00-05:00,287.39,294.51,294.65,294.51,297.35,64.2,45,1d+1h+4h,0.86,False,nofill,0.0
2026-03-06 13:30:00-05:00,288.11,294.51,294.64,294.51,297.27,64.2,45,1d+1h+4h,0.773,False,nofill,0.0
2026-03-06 14:30:00-05:00,288.09,294.51,294.64,294.51,297.19,64.2,45,1d+1h+4h,0.776,False,nofill,0.0
2026-03-06 15:30:00-05:00,289.36,294.5,294.63,294.5,297.13,64.2,45,1d+1h+4h,0.621,False,nofill,0.0
2026-03-09 09:30:00-04:00,282.17,294.45,294.6,294.45,297.56,64.2,45,1d+1h+4h,1.455,False,nofill,0.0
2026-03-09 10:30:00-04:00,284.13,294.45,294.6,294.45,297.57,64.2,45,1d+1h+4h,1.223,False,nofill,0.0
2026-03-09 11:30:00-04:00,284.92,294.45,294.6,294.45,297.51,64.2,45,1d+1h+4h,1.13,False,nofill,0.0
2026-03-09 12:30:00-04:00,284.94,294.45,294.59,294.45,297.4,64.2,45,1d+1h+4h,1.127,False,nofill,0.0
2026-03-09 13:30:00-04:00,284.91,294.45,294.59,294.45,297.29,64.2,45,1d+1h+4h,1.13,False,nofill,0.0
2026-03-09 14:30:00-04:00,289.74,294.75,294.9,294.75,297.85,64.2,45,1d+1h+4h,0.594,False,nofill,0.0
2026-03-09 15:30:00-04:00,289.91,294.75,294.9,294.75,297.81,64.2,45,1d+1h+4h,0.573,False,nofill,0.0
2026-03-10 09:30:00-04:00,289.8,294.5,294.65,294.5,297.7,64.2,45,1d+1h+4h,0.571,False,nofill,0.0
2026-03-10 10:30:00-04:00,290.96,294.51,294.66,294.51,297.67,64.2,45,1d+1h+4h,0.431,False,nofill,0.0
2026-03-10 11:30:00-04:00,290.12,294.5,294.65,294.5,297.57,64.2,45,1d+1h+4h,0.533,False,nofill,0.0
2026-03-10 12:30:00-04:00,292.68,294.51,294.66,294.51,297.56,64.2,45,1d+1h+4h,0.222,False,nofill,0.0
2026-03-10 13:30:00-04:00,290.37,294.51,294.66,294.51,297.65,64.2,45,1d+1h+4h,0.503,False,nofill,0.0
2026-03-10 14:30:00-04:00,289.05,294.51,294.66,294.51,297.58,64.2,45,1d+1h+4h,0.663,False,nofill,0.0
2026-03-10 15:30:00-04:00,288.7,294.5,294.64,294.5,297.44,65.2,46,1d+1h+4h,0.705,False,nofill,0.0
2026-03-11 09:30:00-04:00,285.82,294.51,294.66,294.51,297.64,65.2,46,1d+1h+4h,1.081,False,nofill,0.0
2026-03-11 10:30:00-04:00,286.18,294.51,294.66,294.51,297.64,65.2,46,1d+1h+4h,1.036,False,nofill,0.0
2026-03-11 11:30:00-04:00,285.94,294.51,294.65,294.51,297.55,65.2,46,1d+1h+4h,1.066,False,nofill,0.0
2026-03-11 12:30:00-04:00,288.02,294.51,294.65,294.51,297.51,65.2,46,1d+1h+4h,0.806,False,nofill,0.0
2026-03-11 13:30:00-04:00,286.79,294.51,294.65,294.51,297.49,67.0,47,1d+1h+4h,0.961,False,nofill,0.0
2026-03-11 14:30:00-04:00,286.56,294.51,294.65,294.51,297.35,67.0,47,1d+1h+4h,0.988,False,nofill,0.0
2026-03-11 15:30:00-04:00,287.42,294.51,294.64,294.51,297.22,67.0,47,1d+1h+4h,0.882,False,nofill,0.0
2026-03-12 09:30:00-04:00,279.45,294.51,294.66,294.51,297.63,67.0,47,1d+1h+4h,1.868,False,nofill,0.0
2026-03-12 10:30:00-04:00,280.77,294.51,294.66,294.51,297.57,67.0,47,1d+1h+4h,1.704,False,nofill,0.0
2026-03-12 11:30:00-04:00,281.77,294.51,294.65,294.51,297.55,67.0,47,1d+1h+4h,1.58,False,nofill,0.0
2026-03-12 12:30:00-04:00,281.59,294.51,294.65,294.51,297.43,67.0,47,1d+1h+4h,1.602,False,nofill,0.0
2026-03-12 13:30:00-04:00,282.08,294.51,294.65,294.51,297.37,67.0,47,1d+1h+4h,1.541,False,nofill,0.0
2026-03-12 14:30:00-04:00,282.99,294.51,294.64,294.51,297.27,67.0,47,1d+1h+4h,1.429,False,nofill,0.0
2026-03-12 15:30:00-04:00,282.88,294.51,294.64,294.51,297.15,67.0,47,1d+1h+4h,1.442,False,nofill,0.0
2026-03-13 09:30:00-04:00,286.12,295.1,295.23,295.1,297.87,60.4,42,1d+1h+4h,1.152,False,nofill,0.0
2026-03-13 10:30:00-04:00,284.93,294.75,294.88,294.75,297.51,60.4,42,1d+1h+4h,1.26,False,nofill,0.0
2026-03-13 11:30:00-04:00,284.52,294.75,294.88,294.75,297.47,60.4,42,1d+1h+4h,1.313,False,nofill,0.0
2026-03-13 12:30:00-04:00,283.96,295.1,295.23,295.1,297.74,60.4,42,1d+1h+4h,1.43,False,nofill,0.0
2026-03-13 13:30:00-04:00,283.85,295.1,295.22,295.1,297.64,60.4,42,1d+1h+4h,1.444,False,nofill,0.0
2026-03-13 14:30:00-04:00,283.4,295.1,295.22,295.1,297.57,60.4,42,1d+1h+4h,1.502,False,nofill,0.0
2026-03-13 15:30:00-04:00,283.44,295.1,295.21,295.1,297.47,60.4,42,1d+1h+4h,1.497,False,nofill,0.0
2026-03-16 09:30:00-04:00,286.95,294.51,294.64,294.51,297.14,59.4,41,1d+1h+4h,0.989,False,nofill,0.0
2026-03-16 10:30:00-04:00,287.0,294.51,294.63,294.51,297.1,59.4,41,1d+1h+4h,0.982,False,nofill,0.0
2026-03-16 11:30:00-04:00,284.88,294.2,294.33,294.2,296.84,59.4,41,1d+1h+4h,1.219,False,nofill,0.0
2026-03-16 12:30:00-04:00,285.44,294.21,294.33,294.21,296.76,59.4,41,1d+1h+4h,1.147,False,nofill,0.0
2026-03-16 13:30:00-04:00,285.67,294.28,294.4,294.28,296.74,59.4,41,1d+1h+4h,1.126,False,nofill,0.0
2026-03-16 14:30:00-04:00,286.51,294.5,294.61,294.5,296.88,59.4,41,1d+1h+4h,1.045,False,nofill,0.0
2026-03-16 15:30:00-04:00,286.12,294.5,294.61,294.5,296.79,59.4,41,1d+1h+4h,1.096,False,nofill,0.0
2026-03-17 09:30:00-04:00,288.08,294.51,294.63,294.51,297.06,59.4,41,1d+1h+4h,0.856,False,nofill,0.0
2026-03-17 10:30:00-04:00,287.23,294.51,294.63,294.51,297.01,59.4,41,1d+1h+4h,0.97,False,nofill,0.0
2026-03-17 11:30:00-04:00,286.71,294.5,294.62,294.5,296.92,59.4,41,1d+1h+4h,1.037,False,nofill,0.0
2026-03-17 12:30:00-04:00,287.32,294.51,294.62,294.51,296.83,59.4,41,1d+1h+4h,0.958,False,nofill,0.0
2026-03-17 13:30:00-04:00,286.59,294.2,294.31,294.2,296.43,59.4,41,1d+1h+4h,1.013,False,nofill,0.0
2026-03-17 14:30:00-04:00,286.83,294.51,294.61,294.51,296.66,59.4,41,1d+1h+4h,1.022,False,nofill,0.0
2026-03-17 15:30:00-04:00,286.89,294.2,294.3,294.2,296.31,59.4,41,1d+1h+4h,0.973,False,nofill,0.0
2026-03-18 09:30:00-04:00,286.75,294.28,294.39,294.28,296.54,59.4,41,1d+1h+4h,1.035,False,nofill,0.0
2026-03-18 10:30:00-04:00,287.76,294.28,294.39,294.28,296.53,59.4,41,1d+1h+4h,0.897,False,nofill,0.0
2026-03-18 11:30:00-04:00,287.87,294.28,294.38,294.28,296.44,59.4,41,1d+1h+4h,0.881,False,nofill,0.0
2026-03-18 12:30:00-04:00,287.73,294.28,294.38,294.28,296.36,59.4,41,1d+1h+4h,0.901,False,nofill,0.0
2026-03-18 13:30:00-04:00,288.77,294.28,294.38,294.28,296.33,59.4,41,1d+1h+4h,0.756,False,nofill,0.0
2026-03-18 14:30:00-04:00,287.77,294.28,294.38,294.28,296.32,59.4,41,1d+1h+4h,0.895,False,nofill,0.0
2026-03-18 15:30:00-04:00,287.75,294.28,294.37,294.28,296.24,59.4,41,1d+1h+4h,0.897,False,nofill,0.0
2026-03-19 09:30:00-04:00,284.89,294.18,294.28,294.18,296.36,56.6,39,1d+1h+4h,1.308,False,nofill,0.0
2026-03-19 10:30:00-04:00,286.21,294.21,294.31,294.21,296.38,56.6,39,1d+1h+4h,1.126,False,nofill,0.0
2026-03-19 11:30:00-04:00,285.88,294.21,294.31,294.21,296.35,56.6,39,1d+1h+4h,1.172,False,nofill,0.0
2026-03-19 12:30:00-04:00,286.26,294.21,294.31,294.21,296.28,56.6,39,1d+1h+4h,1.118,False,nofill,0.0
2026-03-19 13:30:00-04:00,286.88,294.21,294.31,294.21,296.23,56.6,39,1d+1h+4h,1.031,False,nofill,0.0
2026-03-19 14:30:00-04:00,287.71,294.18,294.28,294.18,296.27,56.6,39,1d+1h+4h,0.91,False,nofill,0.0
2026-03-19 15:30:00-04:00,288.0,295.1,295.2,295.1,297.14,56.6,39,1d+1h+4h,0.999,False,nofill,0.0
2026-03-20 09:30:00-04:00,286.68,294.21,294.31,294.21,296.32,56.6,39,1d+1h+4h,1.079,False,nofill,0.0
2026-03-20 10:30:00-04:00,286.45,294.21,294.31,294.21,296.34,56.6,39,1d+1h+4h,1.111,False,nofill,0.0
2026-03-20 11:30:00-04:00,288.15,294.21,294.31,294.21,296.34,56.6,39,1d+1h+4h,0.868,False,nofill,0.0
2026-03-20 12:30:00-04:00,289.41,294.21,294.32,294.21,296.42,56.6,39,1d+1h+4h,0.688,False,nofill,0.0
2026-03-20 13:30:00-04:00,287.66,294.21,294.32,294.21,296.42,56.6,39,1d+1h+4h,0.938,True,scratch,-0.0957351315369559
2026-03-20 14:30:00-04:00,286.88,294.21,294.31,294.21,296.35,56.6,39,1d+1h+4h,1.05,True,scratch,-0.09454002171479514
2026-03-20 15:30:00-04:00,286.74,294.21,294.31,294.21,296.37,56.6,39,1d+1h+4h,1.07,True,scratch,-0.09495780719107616
2026-03-23 09:30:00-04:00,292.47,294.28,294.41,294.28,296.97,59.4,41,1d+1h+4h,0.254,False,nofill,0.0
2026-03-23 10:30:00-04:00,292.95,294.28,294.41,294.28,296.94,59.4,41,1d+1h+4h,0.187,False,nofill,0.0
2026-03-23 11:30:00-04:00,290.0,294.28,294.41,294.28,296.98,59.4,41,1d+1h+4h,0.6,False,nofill,0.0
2026-03-23 12:30:00-04:00,290.92,294.28,294.41,294.28,296.9,60.4,42,1d+1h+4h,0.471,False,nofill,0.0
2026-03-23 13:30:00-04:00,291.75,294.28,294.4,294.28,296.82,60.4,42,1d+1h+4h,0.355,False,nofill,0.0
2026-03-23 14:30:00-04:00,291.42,294.28,294.4,294.28,296.79,60.4,42,1d+1h+4h,0.401,True,scratch,-0.10052741529836817
2026-03-23 15:30:00-04:00,289.91,294.28,294.4,294.28,296.75,60.4,42,1d+1h+4h,0.613,True,scratch,-0.09992297493576219
2026-03-24 09:30:00-04:00,289.24,294.28,294.41,294.28,296.92,60.4,42,1d+1h+4h,0.687,True,scratch,-0.10257308513860197
2026-03-24 10:30:00-04:00,294.3,294.75,294.89,294.75,297.61,57.6,40,1d+1h+4h,0.062,True,scratch,-0.1061055826534485
2026-03-24 11:30:00-04:00,293.9,294.28,294.42,294.28,297.11,60.4,42,1d+1h+4h,0.051,False,nofill,0.0
2026-03-24 12:30:00-04:00,292.64,294.28,294.41,294.28,297.05,60.4,42,1d+1h+4h,0.224,False,nofill,0.0
2026-03-24 13:30:00-04:00,292.99,294.28,294.41,294.28,296.94,62.2,43,1d+1h+4h,0.176,True,scratch,-0.10298704658908697
2026-03-24 14:30:00-04:00,292.7,294.28,294.4,294.28,296.86,62.2,43,1d+1h+4h,0.215,True,scratch,-0.10161313587159215
2026-03-24 15:30:00-04:00,292.45,294.28,294.4,294.28,296.78,62.2,43,1d+1h+4h,0.25,True,scratch,-0.10031308971703012
2026-03-25 09:30:00-04:00,295.57,295.95,296.08,295.95,298.66,51.6,38,1d+1h+4h,0.054,False,nofill,0.0
2026-03-25 10:30:00-04:00,294.97,295.4,295.53,295.4,298.17,57.6,40,1d+1h+4h,0.06,True,scratch,-0.10465959370762334
2026-03-25 11:30:00-04:00,295.02,295.4,295.53,295.4,298.07,57.6,40,1d+1h+4h,0.053,True,scratch,-0.10300289217098912
2026-03-25 12:30:00-04:00,295.1,295.48,295.6,295.48,298.04,54.6,39,1d+1h+4h,0.054,True,scratch,-0.1011877188494048
2026-03-25 13:30:00-04:00,295.03,295.4,295.52,295.4,297.87,57.6,40,1d+1h+4h,0.051,True,scratch,-0.09971549994256534
2026-03-25 14:30:00-04:00,295.15,295.95,296.07,295.95,298.3,52.6,39,1d+1h+4h,0.112,False,nofill,0.0
2026-03-25 15:30:00-04:00,295.47,295.95,296.06,295.95,298.2,52.6,39,1d+1h+4h,0.067,False,nofill,0.0
2026-03-26 09:30:00-04:00,293.93,294.28,294.39,294.28,296.58,58.4,40,1d+1h+4h,0.05,True,scratch,-0.09716493853083596
2026-03-26 10:30:00-04:00,292.74,294.21,294.32,294.21,296.53,59.4,41,1d+1h+4h,0.21,False,nofill,0.0
2026-03-26 11:30:00-04:00,291.22,294.21,294.32,294.21,296.52,59.4,41,1d+1h+4h,0.427,False,nofill,0.0
2026-03-26 12:30:00-04:00,291.08,294.5,294.61,294.5,296.8,59.4,41,1d+1h+4h,0.489,False,nofill,0.0
2026-03-26 13:30:00-04:00,291.44,294.5,294.61,294.5,296.72,59.4,41,1d+1h+4h,0.437,False,nofill,0.0
2026-03-26 14:30:00-04:00,291.85,294.5,294.6,294.5,296.66,59.4,41,1d+1h+4h,0.378,False,nofill,0.0
2026-03-26 15:30:00-04:00,291.71,294.5,294.6,294.5,296.57,59.4,41,1d+1h+4h,0.398,False,nofill,0.0
2026-03-27 09:30:00-04:00,285.62,294.28,294.4,294.28,296.74,63.2,44,1d+1h+4h,1.203,False,nofill,0.0
2026-03-27 10:30:00-04:00,285.98,294.28,294.4,294.28,296.7,63.2,44,1d+1h+4h,1.152,False,nofill,0.0
2026-03-27 11:30:00-04:00,284.68,294.28,294.4,294.28,296.76,63.2,44,1d+1h+4h,1.333,False,nofill,0.0
2026-03-27 12:30:00-04:00,283.86,294.28,294.4,294.28,296.73,63.2,44,1d+1h+4h,1.447,False,nofill,0.0
2026-03-27 13:30:00-04:00,282.88,294.28,294.4,294.28,296.7,63.2,44,1d+1h+4h,1.582,False,nofill,0.0
2026-03-27 14:30:00-04:00,283.41,294.28,294.39,294.28,296.61,63.2,44,1d+1h+4h,1.509,False,nofill,0.0
2026-03-27 15:30:00-04:00,282.74,294.28,294.39,294.28,296.57,63.2,44,1d+1h+4h,1.602,False,nofill,0.0
2026-03-30 09:30:00-04:00,285.0,294.8,294.91,294.8,297.26,63.4,43,1d+1h+4h,1.392,False,nofill,0.0
2026-03-30 10:30:00-04:00,286.48,294.8,294.92,294.8,297.32,63.4,43,1d+1h+4h,1.182,False,nofill,0.0
2026-03-30 11:30:00-04:00,285.94,294.8,294.91,294.8,297.27,63.4,43,1d+1h+4h,1.259,False,nofill,0.0
2026-03-30 12:30:00-04:00,285.13,294.8,294.91,294.8,297.2,63.4,43,1d+1h+4h,1.373,False,nofill,0.0
2026-03-30 13:30:00-04:00,284.31,294.8,294.91,294.8,297.1,63.4,43,1d+1h+4h,1.49,False,nofill,0.0
2026-03-30 14:30:00-04:00,282.49,294.8,294.91,294.8,297.1,63.4,43,1d+1h+4h,1.748,False,nofill,0.0
2026-03-30 15:30:00-04:00,283.85,294.8,294.91,294.8,297.09,63.4,43,1d+1h+4h,1.555,False,nofill,0.0
2026-03-31 09:30:00-04:00,289.68,294.28,294.41,294.28,296.97,66.2,45,1d+1h+4h,0.627,True,scratch,-0.10347204151025524
2026-03-31 10:30:00-04:00,289.14,294.28,294.41,294.28,296.92,66.2,45,1d+1h+4h,0.701,True,scratch,-0.10262095411596173
2026-03-31 11:30:00-04:00,290.41,294.28,294.41,294.28,296.9,66.2,45,1d+1h+4h,0.528,True,scratch,-0.10226691603556493
2026-03-31 12:30:00-04:00,294.21,294.75,294.88,294.75,297.5,63.4,43,1d+1h+4h,0.074,True,scratch,-0.10429115900119079
2026-03-31 13:30:00-04:00,294.06,294.45,294.58,294.45,297.11,65.2,44,1d+1h+4h,0.052,True,scratch,-0.10303183632897062
2026-03-31 14:30:00-04:00,293.88,294.28,294.4,294.28,296.86,66.2,45,1d+1h+4h,0.055,True,scratch,-0.1016618935241076
2026-03-31 15:30:00-04:00,294.17,294.75,294.87,294.75,297.28,63.4,43,1d+1h+4h,0.079,True,scratch,-0.10075396232623879
2026-04-01 09:30:00-04:00,294.54,295.1,295.23,295.1,297.85,63.4,43,1d+1h+4h,0.078,True,target,0.8268563331750745
2026-04-01 10:30:00-04:00,297.41,301.15,301.29,301.15,304.08,46.6,33,1d+1h+4h,0.518,False,nofill,0.0
2026-04-01 11:30:00-04:00,296.25,301.15,301.29,301.15,304.01,46.6,33,1d+1h+4h,0.678,False,nofill,0.0
2026-04-01 12:30:00-04:00,296.02,301.15,301.28,301.15,303.89,46.6,33,1d+1h+4h,0.711,False,nofill,0.0
2026-04-01 13:30:00-04:00,294.07,294.45,294.58,294.45,297.17,66.2,45,1d+1h+4h,0.053,True,scratch,-0.10392216084206263
2026-04-01 14:30:00-04:00,295.27,295.63,295.76,295.63,298.26,55.6,40,1d+1h+4h,0.05,True,scratch,-0.10231033279175517
2026-04-01 15:30:00-04:00,295.37,295.75,295.87,295.75,298.28,55.6,40,1d+1h+4h,0.053,False,nofill,0.0
2026-04-02 09:30:00-04:00,291.37,294.28,294.42,294.28,297.13,67.2,46,1d+1h+4h,0.405,True,scratch,-0.10603615180929671
2026-04-02 10:30:00-04:00,293.93,294.45,294.59,294.45,297.42,63.4,43,1d+1h+4h,0.072,True,scratch,-0.10789481847981452
2026-04-02 11:30:00-04:00,293.3,294.28,294.42,294.28,297.15,67.2,46,1d+1h+4h,0.136,True,scratch,-0.10628567265611455
2026-04-02 12:30:00-04:00,294.86,295.4,295.53,295.4,298.2,61.6,42,1d+1h+4h,0.074,False,nofill,0.0
2026-04-02 13:30:00-04:00,294.26,294.75,294.88,294.75,297.44,63.4,43,1d+1h+4h,0.068,True,scratch,-0.1033913138611009
2026-04-02 14:30:00-04:00,294.24,294.75,294.87,294.75,297.31,63.4,43,1d+1h+4h,0.071,True,scratch,-0.10123567285930113
2026-04-02 15:30:00-04:00,294.73,295.1,295.22,295.1,297.54,63.4,43,1d+1h+4h,0.051,True,scratch,-0.09933241492894318
2026-04-06 09:30:00-04:00,296.43,301.29,301.41,301.29,303.82,46.4,34,1d+1h+4h,0.7,False,nofill,0.0
2026-04-06 10:30:00-04:00,295.72,301.29,301.41,301.29,303.76,46.4,34,1d+1h+4h,0.802,False,nofill,0.0
2026-04-06 11:30:00-04:00,296.39,301.29,301.41,301.29,303.66,46.4,34,1d+1h+4h,0.706,False,nofill,0.0
2026-04-06 12:30:00-04:00,295.72,301.29,301.4,301.29,303.62,46.4,34,1d+1h+4h,0.802,False,nofill,0.0
2026-04-06 13:30:00-04:00,296.53,301.29,301.4,301.29,303.57,46.4,34,1d+1h+4h,0.685,False,nofill,0.0
2026-04-06 14:30:00-04:00,295.44,295.82,295.92,295.82,298.02,55.6,40,1d+1h+4h,0.055,True,scratch,-0.09543510098837249
2026-04-06 15:30:00-04:00,295.6,295.95,296.06,295.95,298.07,48.2,35,1d+1h+4h,0.051,True,scratch,-0.09394914946558863
2026-04-07 09:30:00-04:00,295.89,299.73,299.83,299.73,301.93,45.6,34,1d+1h+4h,0.561,False,nofill,0.0
2026-04-07 10:30:00-04:00,295.5,295.95,296.06,295.95,298.13,48.2,35,1d+1h+4h,0.067,True,scratch,-0.09500347830865286
2026-04-07 11:30:00-04:00,295.96,299.73,299.83,299.73,301.9,45.6,34,1d+1h+4h,0.551,False,nofill,0.0
2026-04-07 12:30:00-04:00,295.96,299.73,299.83,299.73,301.83,45.6,34,1d+1h+4h,0.551,False,nofill,0.0
2026-04-07 13:30:00-04:00,296.66,299.73,299.83,299.73,301.77,45.6,34,1d+1h+4h,0.449,True,target,0.5871548350657063
2026-04-07 14:30:00-04:00,297.13,299.73,299.83,299.73,301.79,45.6,34,1d+1h+4h,0.38,True,target,0.5944985441340034
2026-04-07 15:30:00-04:00,297.42,299.73,299.83,299.73,301.76,45.6,34,1d+1h+4h,0.338,True,target,0.5841808444304375
2026-04-08 09:30:00-04:00,307.48,310.47,310.61,310.47,313.39,40.4,32,1d+1h+4h,0.408,False,nofill,0.0
2026-04-08 10:30:00-04:00,305.52,306.8,306.94,306.8,309.7,40.6,29,1d+1h+4h,0.174,True,scratch,-0.10493831530995479
2026-04-08 11:30:00-04:00,307.09,310.48,310.62,310.48,313.33,40.4,32,1d+1h+4h,0.462,False,nofill,0.0
2026-04-08 12:30:00-04:00,306.72,310.47,310.6,310.47,313.19,41.4,33,1d+1h+4h,0.511,False,nofill,0.0
2026-04-08 13:30:00-04:00,307.21,310.48,310.61,310.48,313.18,41.4,33,1d+1h+4h,0.446,False,nofill,0.0
2026-04-08 14:30:00-04:00,306.96,310.48,310.6,310.48,313.07,41.4,33,1d+1h+4h,0.48,False,nofill,0.0
2026-04-08 15:30:00-04:00,308.01,310.48,310.6,310.48,313.0,41.4,33,1d+1h+4h,0.337,True,scratch,-0.09854911188966753
2026-04-09 09:30:00-04:00,308.23,310.58,310.7,310.58,313.09,39.4,31,1d+1h+4h,0.327,True,scratch,-0.09836763282488059
2026-04-09 10:30:00-04:00,308.64,310.58,310.7,310.58,313.03,39.4,31,1d+1h+4h,0.27,True,scratch,-0.09753310922231417
2026-04-09 11:30:00-04:00,310.66,311.67,311.78,311.67,314.12,38.4,30,1d+1h+4h,0.14,False,nofill,0.0
2026-04-09 12:30:00-04:00,310.35,311.66,311.77,311.66,314.0,38.4,30,1d+1h+4h,0.182,False,nofill,0.0
2026-04-09 13:30:00-04:00,310.54,311.66,311.77,311.66,313.92,40.2,31,1d+1h+4h,0.157,False,nofill,0.0
2026-04-09 14:30:00-04:00,310.62,311.67,311.77,311.67,313.81,40.2,31,1d+1h+4h,0.146,False,nofill,0.0
2026-04-09 15:30:00-04:00,310.33,311.66,311.76,311.66,313.73,40.2,31,1d+1h+4h,0.185,False,nofill,0.0
2026-04-10 09:30:00-04:00,309.42,310.58,310.68,310.58,312.77,41.2,32,1d+1h+4h,0.167,False,nofill,0.0
2026-04-10 10:30:00-04:00,309.21,310.58,310.68,310.58,312.67,41.2,32,1d+1h+4h,0.198,False,nofill,0.0
2026-04-10 11:30:00-04:00,308.88,310.58,310.68,310.58,312.59,41.2,32,1d+1h+4h,0.245,False,nofill,0.0
2026-04-10 12:30:00-04:00,308.89,310.58,310.67,310.58,312.5,41.2,32,1d+1h+4h,0.244,False,nofill,0.0
2026-04-10 13:30:00-04:00,310.07,310.58,310.67,310.58,312.46,41.2,32,1d+1h+4h,0.074,False,nofill,0.0
2026-04-10 14:30:00-04:00,310.11,310.58,310.66,310.58,312.36,41.2,32,1d+1h+4h,0.068,False,nofill,0.0
2026-04-10 15:30:00-04:00,309.89,310.58,310.66,310.58,312.28,41.2,32,1d+1h+4h,0.1,False,nofill,0.0
2026-04-13 09:30:00-04:00,308.94,310.58,310.67,310.58,312.49,41.2,32,1d+1h+4h,0.234,True,target,0.5254068855967242
2026-04-13 10:30:00-04:00,308.99,310.58,310.67,310.58,312.43,42.2,33,1d+1h+4h,0.227,True,target,0.5056577858602473
2026-04-13 11:30:00-04:00,310.32,311.67,311.75,311.67,313.51,41.2,32,1d+1h+4h,0.192,True,target,0.5031554342511457
2026-04-13 12:30:00-04:00,311.15,311.66,311.75,311.66,313.47,41.2,32,1d+1h+4h,0.073,True,target,0.4924016754503713
2026-04-13 13:30:00-04:00,310.9,311.66,311.74,311.66,313.39,41.2,32,1d+1h+4h,0.108,True,target,0.468065252288441
2026-04-13 14:30:00-04:00,312.12,312.61,312.69,312.61,314.32,35.4,27,1d+1h+4h,0.07,True,scratch,-0.0860777062717144
2026-04-13 15:30:00-04:00,313.3,313.66,313.74,313.66,315.38,29.0,23,1d+1h+4h,0.051,True,scratch,-0.0860666188005288
2026-04-14 09:30:00-04:00,311.0,311.66,311.76,311.66,313.67,38.4,30,1d+1h+4h,0.096,True,scratch,-0.09059746245696498
2026-04-14 10:30:00-04:00,312.25,312.61,312.71,312.61,314.72,35.4,27,1d+1h+4h,0.052,True,scratch,-0.09204960839147569
2026-04-14 11:30:00-04:00,310.41,311.26,311.36,311.26,313.4,40.2,31,1d+1h+4h,0.123,True,scratch,-0.09273094896635747
2026-04-14 12:30:00-04:00,311.64,312.0,312.1,312.0,314.09,38.4,30,1d+1h+4h,0.052,True,scratch,-0.09187521917579655
2026-04-14 13:30:00-04:00,311.75,312.12,312.22,312.12,314.15,36.4,28,1d+1h+4h,0.054,True,scratch,-0.09091216330967544
2026-04-14 14:30:00-04:00,312.27,312.87,312.96,312.87,314.82,34.6,27,1d+1h+4h,0.087,True,scratch,-0.08969500564992572
2026-04-14 15:30:00-04:00,311.2,311.66,311.75,311.66,313.65,38.4,30,1d+1h+4h,0.067,True,scratch,-0.09038154509579677
2026-04-15 09:30:00-04:00,308.88,310.58,310.7,310.58,313.01,42.2,33,1d+1h+4h,0.239,False,nofill,0.0
2026-04-15 10:30:00-04:00,306.41,306.8,306.92,306.8,309.35,44.4,32,1d+1h+4h,0.055,False,nofill,0.0
2026-04-15 11:30:00-04:00,305.02,306.72,306.84,306.72,309.25,44.4,32,1d+1h+4h,0.239,False,nofill,0.0
2026-04-15 12:30:00-04:00,305.2,306.72,306.84,306.72,309.18,44.4,32,1d+1h+4h,0.213,False,nofill,0.0
2026-04-15 13:30:00-04:00,305.8,306.72,306.83,306.72,309.09,44.4,32,1d+1h+4h,0.128,True,target,0.6747435530138013
2026-04-15 14:30:00-04:00,305.98,306.72,306.83,306.72,308.99,44.4,32,1d+1h+4h,0.104,True,target,0.6450736701464566
2026-04-15 15:30:00-04:00,305.86,306.72,306.82,306.72,308.89,44.4,32,1d+1h+4h,0.121,True,target,0.6131032207882026
2026-04-16 09:30:00-04:00,308.79,310.58,310.69,310.58,312.95,42.2,33,1d+1h+4h,0.258,False,nofill,0.0
2026-04-16 10:30:00-04:00,307.42,310.58,310.69,310.58,312.91,42.2,33,1d+1h+4h,0.455,False,nofill,0.0
2026-04-16 11:30:00-04:00,308.73,310.58,310.69,310.58,312.89,42.2,33,1d+1h+4h,0.266,False,nofill,0.0
2026-04-16 12:30:00-04:00,307.55,310.58,310.69,310.58,312.86,43.2,34,1d+1h+4h,0.436,False,nofill,0.0
2026-04-16 13:30:00-04:00,308.83,310.58,310.69,310.58,312.81,43.2,34,1d+1h+4h,0.252,True,target,0.6237584006792973
2026-04-16 14:30:00-04:00,308.64,310.58,310.68,310.58,312.72,43.2,34,1d+1h+4h,0.279,True,target,0.5962972324528248
2026-04-16 15:30:00-04:00,309.85,310.58,310.68,310.58,312.67,43.2,34,1d+1h+4h,0.105,True,target,0.5802146157183774
2026-04-17 09:30:00-04:00,313.08,313.62,313.72,313.62,315.9,31.8,25,1d+1h+4h,0.079,True,scratch,-0.09458952253720287
2026-04-17 10:30:00-04:00,312.72,313.1,313.21,313.1,315.35,34.6,27,1d+1h+4h,0.056,True,scratch,-0.09414103007617802
2026-04-17 11:30:00-04:00,313.41,317.74,317.85,317.74,320.04,28.8,18,1d+1h+4h,0.636,False,nofill,0.0
2026-04-17 12:30:00-04:00,311.88,312.61,312.72,312.61,314.94,36.4,28,1d+1h+4h,0.107,False,nofill,0.0
2026-04-17 13:30:00-04:00,311.37,312.0,312.11,312.0,314.25,38.4,30,1d+1h+4h,0.093,True,target,0.6266449594080958
2026-04-17 14:30:00-04:00,311.19,312.0,312.1,312.0,314.16,38.4,30,1d+1h+4h,0.119,True,target,0.5995664080926666
2026-04-17 15:30:00-04:00,310.24,311.26,311.36,311.26,313.37,41.2,32,1d+1h+4h,0.15,True,target,0.585555442823793
2026-04-20 09:30:00-04:00,314.85,317.74,317.85,317.74,320.06,28.8,18,1d+1h+4h,0.424,False,nofill,0.0
2026-04-20 10:30:00-04:00,315.15,317.74,317.85,317.74,320.04,28.8,18,1d+1h+4h,0.38,False,nofill,0.0
2026-04-20 11:30:00-04:00,314.75,317.74,317.84,317.74,319.97,28.8,18,1d+1h+4h,0.439,False,nofill,0.0
2026-04-20 12:30:00-04:00,315.64,317.74,317.84,317.74,319.92,28.8,18,1d+1h+4h,0.308,False,nofill,0.0
2026-04-20 13:30:00-04:00,316.0,317.7,317.8,317.7,319.83,28.8,18,1d+1h+4h,0.25,True,scratch,-0.09190455613783399
2026-04-20 14:30:00-04:00,316.37,317.7,317.8,317.7,319.76,28.8,18,1d+1h+4h,0.195,True,scratch,-0.0908938101413459
2026-04-20 15:30:00-04:00,317.09,317.7,317.79,317.7,319.69,28.8,18,1d+1h+4h,0.09,True,scratch,-0.08973068083274471
2026-04-21 09:30:00-04:00,318.02,318.56,318.66,318.56,320.67,26.8,18,1d+1h+4h,0.078,False,nofill,0.0
2026-04-21 10:30:00-04:00,315.67,317.74,317.84,317.74,319.92,28.8,18,1d+1h+4h,0.302,False,nofill,0.0
2026-04-21 11:30:00-04:00,314.99,317.74,317.84,317.74,319.87,28.8,18,1d+1h+4h,0.401,False,nofill,0.0
2026-04-21 12:30:00-04:00,314.05,317.74,317.84,317.74,319.85,28.8,18,1d+1h+4h,0.538,False,nofill,0.0
2026-04-21 13:30:00-04:00,313.52,317.74,317.84,317.74,319.84,28.8,18,1d+1h+4h,0.616,False,nofill,0.0
2026-04-21 14:30:00-04:00,315.0,317.74,317.84,317.74,319.8,28.8,18,1d+1h+4h,0.4,False,nofill,0.0
2026-04-21 15:30:00-04:00,313.01,313.62,313.71,313.62,315.71,32.8,26,1d+1h+4h,0.088,True,scratch,-0.09181759441408976
2026-04-22 09:30:00-04:00,313.77,317.74,317.84,317.74,319.89,28.8,18,1d+1h+4h,0.602,False,nofill,0.0
2026-04-22 10:30:00-04:00,312.85,313.25,313.35,313.25,315.34,34.6,27,1d+1h+4h,0.061,False,nofill,0.0
2026-04-22 11:30:00-04:00,312.2,312.61,312.71,312.61,314.62,36.4,28,1d+1h+4h,0.062,True,scratch,-0.09059388079689645
2026-04-22 12:30:00-04:00,312.82,313.25,313.34,313.25,315.19,34.6,27,1d+1h+4h,0.066,True,scratch,-0.08943114936063035
2026-04-22 13:30:00-04:00,312.66,313.1,313.19,313.1,314.97,34.6,27,1d+1h+4h,0.067,True,scratch,-0.08845787123452631
2026-04-22 14:30:00-04:00,312.95,313.35,313.44,313.35,315.14,34.6,27,1d+1h+4h,0.061,True,scratch,-0.0872116273000545
2026-04-22 15:30:00-04:00,312.97,313.35,313.43,313.35,315.09,35.6,28,1d+1h+4h,0.058,True,scratch,-0.08635439889510543
2026-04-23 09:30:00-04:00,314.37,318.8,318.89,318.8,320.63,29.6,20,1d+1h+4h,0.676,False,nofill,0.0
2026-04-23 10:30:00-04:00,313.9,318.8,318.88,318.8,320.58,29.6,20,1d+1h+4h,0.747,False,nofill,0.0
2026-04-23 11:30:00-04:00,313.73,319.37,319.45,319.37,321.09,29.6,20,1d+1h+4h,0.861,False,nofill,0.0
2026-04-23 12:30:00-04:00,310.44,311.0,311.09,311.0,312.85,41.4,33,1d+1h+4h,0.085,True,scratch,-0.08828364656214838
2026-04-23 13:30:00-04:00,311.34,311.75,311.84,311.75,313.66,38.4,30,1d+1h+4h,0.062,True,scratch,-0.08916336483856258
2026-04-23 14:30:00-04:00,311.94,312.61,312.7,312.61,314.47,37.4,29,1d+1h+4h,0.101,False,nofill,0.0
2026-04-23 15:30:00-04:00,311.7,312.04,312.13,312.04,313.84,37.4,29,1d+1h+4h,0.052,False,nofill,0.0
2026-04-24 09:30:00-04:00,309.61,311.0,311.09,311.0,312.9,40.4,32,1d+1h+4h,0.219,False,nofill,0.0
2026-04-24 10:30:00-04:00,309.47,311.0,311.09,311.0,312.83,40.4,32,1d+1h+4h,0.241,False,nofill,0.0
2026-04-24 11:30:00-04:00,308.6,311.0,311.09,311.0,312.83,40.4,32,1d+1h+4h,0.378,False,nofill,0.0
2026-04-24 12:30:00-04:00,308.52,311.0,311.08,311.0,312.76,40.4,32,1d+1h+4h,0.39,False,nofill,0.0
2026-04-24 13:30:00-04:00,308.57,311.0,311.08,311.0,312.68,40.4,32,1d+1h+4h,0.382,True,scratch,-0.08575319966322992
2026-04-24 14:30:00-04:00,308.25,311.0,311.08,311.0,312.62,40.4,32,1d+1h+4h,0.433,True,scratch,-0.08478465276163805
2026-04-24 15:30:00-04:00,308.29,311.0,311.07,311.0,312.56,40.4,32,1d+1h+4h,0.426,True,scratch,-0.08383938568375937
2026-04-27 09:30:00-04:00,310.77,311.26,311.34,311.26,313.03,39.4,31,1d+1h+4h,0.078,True,scratch,-0.08705710141914125
2026-04-27 10:30:00-04:00,310.24,311.0,311.08,311.0,312.78,40.4,32,1d+1h+4h,0.121,True,scratch,-0.08722925211049892
2026-04-27 11:30:00-04:00,310.54,311.0,311.08,311.0,312.73,40.4,32,1d+1h+4h,0.072,True,scratch,-0.08637898090194662
2026-04-27 12:30:00-04:00,310.66,311.0,311.08,311.0,312.65,40.4,32,1d+1h+4h,0.054,True,scratch,-0.08515697467106342
2026-04-27 13:30:00-04:00,310.79,311.26,311.33,311.26,312.83,40.4,32,1d+1h+4h,0.075,True,target,0.4206959978217961
2026-04-27 14:30:00-04:00,312.32,312.87,312.95,312.87,314.47,35.6,28,1d+1h+4h,0.087,True,scratch,-0.08432850754940269
2026-04-27 15:30:00-04:00,311.73,312.91,312.98,312.91,314.47,35.6,28,1d+1h+4h,0.187,True,scratch,-0.08371560647855159
2026-04-28 09:30:00-04:00,312.57,312.91,312.99,312.91,314.64,35.6,28,1d+1h+4h,0.055,True,scratch,-0.08626198305352606
2026-04-28 10:30:00-04:00,312.98,313.35,313.43,313.35,315.07,32.8,26,1d+1h+4h,0.06,False,nofill,0.0
2026-04-28 11:30:00-04:00,312.84,313.25,313.33,313.25,314.89,35.6,28,1d+1h+4h,0.067,False,nofill,0.0
2026-04-28 12:30:00-04:00,312.45,312.87,312.95,312.87,314.46,35.6,28,1d+1h+4h,0.068,False,nofill,0.0
2026-04-28 13:30:00-04:00,311.53,311.88,311.96,311.88,313.46,38.4,30,1d+1h+4h,0.057,True,scratch,-0.08401429217298473
2026-04-28 14:30:00-04:00,311.6,311.94,312.01,311.94,313.45,36.4,28,1d+1h+4h,0.055,True,scratch,-0.08293377943068281
2026-04-28 15:30:00-04:00,311.52,311.88,311.95,311.88,313.32,38.4,30,1d+1h+4h,0.058,True,scratch,-0.0818936958062566
2026-04-29 09:30:00-04:00,310.27,311.26,311.34,311.26,312.95,40.4,32,1d+1h+4h,0.163,False,nofill,0.0
2026-04-29 10:30:00-04:00,308.84,311.26,311.34,311.26,312.95,40.4,32,1d+1h+4h,0.399,False,nofill,0.0
2026-04-29 11:30:00-04:00,307.9,311.26,311.34,311.26,312.94,40.4,32,1d+1h+4h,0.555,False,nofill,0.0
2026-04-29 12:30:00-04:00,308.47,311.26,311.34,311.26,312.87,40.4,32,1d+1h+4h,0.46,False,nofill,0.0
2026-04-29 13:30:00-04:00,308.22,311.26,311.34,311.26,312.84,40.4,32,1d+1h+4h,0.502,True,target,0.4216066170609212
2026-04-29 14:30:00-04:00,309.54,311.26,311.34,311.26,312.84,40.4,32,1d+1h+4h,0.284,True,target,0.42458083303145155
2026-04-29 15:30:00-04:00,309.28,311.0,311.07,311.0,312.53,40.4,32,1d+1h+4h,0.284,True,target,0.40733095424625443
2026-04-30 09:30:00-04:00,313.02,313.35,313.44,313.35,315.26,32.8,26,1d+1h+4h,0.054,True,scratch,-0.0889393541609329
2026-04-30 10:30:00-04:00,312.76,313.1,313.19,313.1,314.98,35.6,28,1d+1h+4h,0.056,True,scratch,-0.0885107656950157
2026-04-30 11:30:00-04:00,313.79,319.05,319.14,319.05,320.9,29.8,19,1d+1h+4h,0.854,False,nofill,0.0
2026-04-30 12:30:00-04:00,313.1,319.05,319.14,319.05,320.84,29.8,19,1d+1h+4h,0.966,False,nofill,0.0
2026-04-30 13:30:00-04:00,313.71,319.05,319.13,319.05,320.78,29.8,19,1d+1h+4h,0.867,False,nofill,0.0
2026-04-30 14:30:00-04:00,313.86,319.05,319.13,319.05,320.71,29.8,19,1d+1h+4h,0.842,False,nofill,0.0
2026-04-30 15:30:00-04:00,313.27,313.62,313.69,313.62,315.22,29.8,25,1h+4h,0.056,True,target,0.42698844497965904
2026-05-01 09:30:00-04:00,315.3,319.05,319.14,319.05,320.86,29.8,19,1d+1h+4h,0.622,False,nofill,0.0
2026-05-01 10:30:00-04:00,314.23,318.8,318.89,318.8,320.61,29.8,19,1d+1h+4h,0.759,False,nofill,0.0
2026-05-01 11:30:00-04:00,312.54,312.91,313.0,312.91,314.73,36.6,29,1d+1h+4h,0.062,True,scratch,-0.08766740754443392
2026-05-01 12:30:00-04:00,313.72,319.05,319.14,319.05,320.86,29.8,19,1d+1h+4h,0.885,False,nofill,0.0
2026-05-01 13:30:00-04:00,313.32,319.05,319.14,319.05,320.85,29.8,19,1d+1h+4h,0.952,False,nofill,0.0
2026-05-01 14:30:00-04:00,314.28,318.8,318.89,318.8,320.59,29.8,19,1d+1h+4h,0.75,False,nofill,0.0
2026-05-01 15:30:00-04:00,312.46,312.91,313.0,312.91,314.72,36.6,29,1d+1h+4h,0.075,False,nofill,0.0
2026-05-04 09:30:00-04:00,309.71,311.0,311.1,311.0,313.0,41.4,33,1d+1h+4h,0.214,False,nofill,0.0
2026-05-04 10:30:00-04:00,307.56,311.26,311.36,311.26,313.34,41.4,33,1d+1h+4h,0.615,False,nofill,0.0
2026-05-04 11:30:00-04:00,307.12,311.26,311.36,311.26,313.31,41.4,33,1d+1h+4h,0.689,False,nofill,0.0
2026-05-04 12:30:00-04:00,308.28,311.0,311.1,311.0,313.04,41.4,33,1d+1h+4h,0.452,False,nofill,0.0
2026-05-04 13:30:00-04:00,307.9,311.26,311.35,311.26,313.22,41.4,33,1d+1h+4h,0.558,False,nofill,0.0
2026-05-04 14:30:00-04:00,307.96,311.26,311.35,311.26,313.19,41.4,33,1d+1h+4h,0.548,False,nofill,0.0
2026-05-04 15:30:00-04:00,307.7,311.0,311.09,311.0,312.86,41.4,33,1d+1h+4h,0.548,False,nofill,0.0
2026-05-05 09:30:00-04:00,309.55,311.26,311.35,311.26,313.2,41.4,33,1d+1h+4h,0.291,False,nofill,0.0
2026-05-05 10:30:00-04:00,310.17,311.0,311.09,311.0,312.96,41.4,33,1d+1h+4h,0.141,False,nofill,0.0
2026-05-05 11:30:00-04:00,309.36,311.26,311.35,311.26,313.18,41.4,33,1d+1h+4h,0.322,False,nofill,0.0
2026-05-05 12:30:00-04:00,309.86,311.0,311.09,311.0,312.85,41.4,33,1d+1h+4h,0.193,False,nofill,0.0
2026-05-05 13:30:00-04:00,309.55,311.0,311.09,311.0,312.79,42.4,34,1d+1h+4h,0.246,True,target,0.48854357281344907
2026-05-05 14:30:00-04:00,310.32,310.97,311.05,310.97,312.74,42.4,34,1d+1h+4h,0.11,True,target,0.4806235133944181
2026-05-05 15:30:00-04:00,309.47,311.0,311.08,311.0,312.74,42.4,34,1d+1h+4h,0.26,True,target,0.47087901974256496
2026-05-06 09:30:00-04:00,314.32,317.36,317.46,317.36,319.44,30.8,18,1d+1h+4h,0.512,False,nofill,0.0
2026-05-06 10:30:00-04:00,315.41,317.36,317.46,317.36,319.49,30.8,18,1d+1h+4h,0.328,False,nofill,0.0
2026-05-06 11:30:00-04:00,315.45,317.36,317.46,317.36,319.41,30.8,18,1d+1h+4h,0.321,False,nofill,0.0
2026-05-06 12:30:00-04:00,314.7,317.36,317.46,317.36,319.39,30.8,18,1d+1h+4h,0.446,False,nofill,0.0
2026-05-06 13:30:00-04:00,315.08,317.36,317.46,317.36,319.37,31.8,19,1d+1h+4h,0.383,False,nofill,0.0
2026-05-06 14:30:00-04:00,315.53,317.36,317.45,317.36,319.29,31.8,19,1d+1h+4h,0.307,False,nofill,0.0
2026-05-06 15:30:00-04:00,314.88,317.36,317.45,317.36,319.25,31.8,19,1d+1h+4h,0.417,False,nofill,0.0
2026-05-07 09:30:00-04:00,308.67,310.97,311.08,310.97,313.32,43.4,35,1d+1h+4h,0.368,True,scratch,-0.0958864466552356
2026-05-07 10:30:00-04:00,310.8,311.26,311.37,311.26,313.65,42.4,34,1d+1h+4h,0.074,False,nofill,0.0
2026-05-07 11:30:00-04:00,309.7,311.0,311.11,311.0,313.35,43.4,35,1d+1h+4h,0.209,False,nofill,0.0
2026-05-07 12:30:00-04:00,307.88,310.97,311.08,310.97,313.33,43.4,35,1d+1h+4h,0.494,False,nofill,0.0
2026-05-07 13:30:00-04:00,307.43,310.97,311.08,310.97,313.22,43.4,35,1d+1h+4h,0.566,False,nofill,0.0
2026-05-07 14:30:00-04:00,307.16,310.97,311.07,310.97,313.16,43.4,35,1d+1h+4h,0.61,False,nofill,0.0
2026-05-07 15:30:00-04:00,306.38,306.72,306.82,306.72,308.84,47.2,34,1d+1h+4h,0.054,True,scratch,-0.0928879413539363
2026-05-08 09:30:00-04:00,305.24,306.72,306.83,306.72,308.99,51.0,37,1d+1h+4h,0.231,False,nofill,0.0
2026-05-08 10:30:00-04:00,301.75,306.72,306.83,306.72,309.13,51.0,37,1d+1h+4h,0.776,False,nofill,0.0
2026-05-08 11:30:00-04:00,302.08,306.72,306.84,306.72,309.14,51.0,37,1d+1h+4h,0.724,False,nofill,0.0
2026-05-08 12:30:00-04:00,301.78,306.72,306.83,306.72,309.09,51.0,37,1d+1h+4h,0.771,False,nofill,0.0
2026-05-08 13:30:00-04:00,301.9,306.72,306.83,306.72,309.06,51.0,37,1d+1h+4h,0.753,False,nofill,0.0
2026-05-08 14:30:00-04:00,302.0,306.72,306.83,306.72,309.0,51.0,37,1d+1h+4h,0.737,False,nofill,0.0
2026-05-08 15:30:00-04:00,302.17,306.72,306.82,306.72,308.91,51.0,37,1d+1h+4h,0.71,False,nofill,0.0
2026-05-11 09:30:00-04:00,302.76,306.57,306.68,306.57,308.85,50.8,36,1d+1h+4h,0.61,False,nofill,0.0
2026-05-11 10:30:00-04:00,299.74,306.57,306.68,306.57,308.94,50.8,36,1d+1h+4h,1.092,False,nofill,0.0
2026-05-11 11:30:00-04:00,299.55,306.51,306.62,306.51,308.79,50.8,36,1d+1h+4h,1.113,False,nofill,0.0
2026-05-11 12:30:00-04:00,300.68,306.51,306.62,306.51,308.73,50.8,36,1d+1h+4h,0.932,False,nofill,0.0
2026-05-11 13:30:00-04:00,300.97,306.51,306.61,306.51,308.65,50.8,36,1d+1h+4h,0.886,False,nofill,0.0
2026-05-11 14:30:00-04:00,300.33,306.57,306.67,306.57,308.67,50.8,36,1d+1h+4h,0.998,False,nofill,0.0
2026-05-11 15:30:00-04:00,299.94,306.51,306.61,306.51,308.57,50.8,36,1d+1h+4h,1.05,False,nofill,0.0
2026-05-12 09:30:00-04:00,298.15,306.72,306.83,306.72,309.0,52.8,38,1d+1h+4h,1.306,False,nofill,0.0
2026-05-12 10:30:00-04:00,299.95,306.72,306.83,306.72,309.03,52.8,38,1d+1h+4h,1.033,False,nofill,0.0
2026-05-12 11:30:00-04:00,302.57,306.72,306.83,306.72,309.09,52.8,38,1d+1h+4h,0.633,False,nofill,0.0
2026-05-12 12:30:00-04:00,304.88,306.72,306.83,306.72,309.11,52.8,38,1d+1h+4h,0.281,False,nofill,0.0
2026-05-12 13:30:00-04:00,305.8,306.72,306.83,306.72,309.06,52.8,38,1d+1h+4h,0.14,False,nofill,0.0
2026-05-12 14:30:00-04:00,305.49,306.72,306.83,306.72,308.94,52.8,38,1d+1h+4h,0.188,False,nofill,0.0
2026-05-12 15:30:00-04:00,304.99,306.72,306.82,306.72,308.87,52.8,38,1d+1h+4h,0.264,False,nofill,0.0
2026-05-13 09:30:00-04:00,301.8,306.72,306.83,306.72,309.03,52.0,38,1d+1h+4h,0.765,False,nofill,0.0
2026-05-13 10:30:00-04:00,301.56,306.72,306.83,306.72,308.98,52.0,38,1d+1h+4h,0.803,False,nofill,0.0
2026-05-13 11:30:00-04:00,301.81,306.72,306.82,306.72,308.89,52.0,38,1d+1h+4h,0.764,False,nofill,0.0
2026-05-13 12:30:00-04:00,301.7,306.72,306.82,306.72,308.8,52.0,38,1d+1h+4h,0.782,False,nofill,0.0
2026-05-13 13:30:00-04:00,300.63,306.72,306.82,306.72,308.76,52.0,38,1d+1h+4h,0.947,False,nofill,0.0
2026-05-13 14:30:00-04:00,301.41,306.72,306.82,306.72,308.74,52.0,38,1d+1h+4h,0.826,False,nofill,0.0
2026-05-13 15:30:00-04:00,300.32,306.72,306.81,306.72,308.7,52.0,38,1d+1h+4h,0.995,False,nofill,0.0
2026-05-14 09:30:00-04:00,302.74,306.51,306.61,306.51,308.6,53.6,38,1d+1h+4h,0.596,False,nofill,0.0
2026-05-14 10:30:00-04:00,301.85,306.51,306.61,306.51,308.58,53.6,38,1d+1h+4h,0.737,False,nofill,0.0
2026-05-14 11:30:00-04:00,301.68,306.51,306.61,306.51,308.54,53.6,38,1d+1h+4h,0.765,False,nofill,0.0
2026-05-14 12:30:00-04:00,300.14,306.51,306.61,306.51,308.63,53.6,38,1d+1h+4h,1.008,False,nofill,0.0
2026-05-14 13:30:00-04:00,301.08,306.51,306.61,306.51,308.61,53.6,38,1d+1h+4h,0.86,False,nofill,0.0
2026-05-14 14:30:00-04:00,300.67,306.57,306.67,306.57,308.57,53.6,38,1d+1h+4h,0.933,False,nofill,0.0
2026-05-14 15:30:00-04:00,300.02,306.57,306.66,306.57,308.51,53.6,38,1d+1h+4h,1.037,False,nofill,0.0
2026-05-15 09:30:00-04:00,298.51,306.51,306.6,306.51,308.49,53.6,38,1d+1h+4h,1.295,False,nofill,0.0
2026-05-15 10:30:00-04:00,297.78,306.51,306.6,306.51,308.44,53.6,38,1d+1h+4h,1.413,False,nofill,0.0
2026-05-15 11:30:00-04:00,297.46,306.51,306.6,306.51,308.43,53.6,38,1d+1h+4h,1.465,False,nofill,0.0
2026-05-15 12:30:00-04:00,298.25,306.51,306.6,306.51,308.4,53.6,38,1d+1h+4h,1.337,False,nofill,0.0
2026-05-15 13:30:00-04:00,297.67,306.57,306.66,306.57,308.41,53.6,38,1d+1h+4h,1.44,False,nofill,0.0
2026-05-15 14:30:00-04:00,297.86,306.57,306.65,306.57,308.34,53.6,38,1d+1h+4h,1.41,False,nofill,0.0
2026-05-15 15:30:00-04:00,297.86,306.57,306.65,306.57,308.26,53.6,38,1d+1h+4h,1.409,False,nofill,0.0
2026-05-18 09:30:00-04:00,300.9,306.57,306.66,306.57,308.44,53.6,38,1d+1h+4h,0.941,False,nofill,0.0
2026-05-18 10:30:00-04:00,299.5,306.57,306.66,306.57,308.47,53.6,38,1d+1h+4h,1.173,False,nofill,0.0
2026-05-18 11:30:00-04:00,299.58,306.57,306.66,306.57,308.42,53.6,38,1d+1h+4h,1.16,False,nofill,0.0
2026-05-18 12:30:00-04:00,300.85,306.57,306.66,306.57,308.43,53.6,38,1d+1h+4h,0.949,False,nofill,0.0
2026-05-18 13:30:00-04:00,298.9,306.57,306.66,306.57,308.47,53.6,38,1d+1h+4h,1.273,False,nofill,0.0
2026-05-18 14:30:00-04:00,300.03,306.57,306.66,306.57,308.5,53.6,38,1d+1h+4h,1.086,False,nofill,0.0
2026-05-18 15:30:00-04:00,300.77,306.57,306.66,306.57,308.44,53.6,38,1d+1h+4h,0.962,False,nofill,0.0
2026-05-19 09:30:00-04:00,300.04,306.57,306.66,306.57,308.55,53.6,38,1d+1h+4h,1.078,False,nofill,0.0
2026-05-19 10:30:00-04:00,297.92,306.57,306.67,306.57,308.61,53.6,38,1d+1h+4h,1.428,False,nofill,0.0
2026-05-19 11:30:00-04:00,298.73,306.57,306.67,306.57,308.57,53.6,38,1d+1h+4h,1.294,False,nofill,0.0
2026-05-19 12:30:00-04:00,298.33,306.57,306.66,306.57,308.52,53.6,38,1d+1h+4h,1.36,False,nofill,0.0
2026-05-19 13:30:00-04:00,297.85,306.57,306.66,306.57,308.44,53.6,38,1d+1h+4h,1.439,False,nofill,0.0
2026-05-19 14:30:00-04:00,296.54,306.57,306.66,306.57,308.41,53.6,38,1d+1h+4h,1.655,False,nofill,0.0
2026-05-19 15:30:00-04:00,295.87,306.57,306.66,306.57,308.38,53.6,38,1d+1h+4h,1.766,False,nofill,0.0
2026-05-20 09:30:00-04:00,299.2,306.57,306.67,306.57,308.68,53.6,38,1d+1h+4h,1.174,False,nofill,0.0
2026-05-20 10:30:00-04:00,300.35,306.51,306.61,306.51,308.7,53.6,38,1d+1h+4h,0.981,False,nofill,0.0
2026-05-20 11:30:00-04:00,301.86,306.57,306.67,306.57,308.76,53.6,38,1d+1h+4h,0.749,False,nofill,0.0
2026-05-20 12:30:00-04:00,301.95,306.57,306.67,306.57,308.69,53.6,38,1d+1h+4h,0.735,False,nofill,0.0
2026-05-20 13:30:00-04:00,301.5,306.57,306.67,306.57,308.61,53.6,38,1d+1h+4h,0.808,False,nofill,0.0
2026-05-20 14:30:00-04:00,302.5,306.57,306.66,306.57,308.54,53.6,38,1d+1h+4h,0.648,False,nofill,0.0
2026-05-20 15:30:00-04:00,301.97,306.57,306.66,306.57,308.47,53.6,38,1d+1h+4h,0.732,False,nofill,0.0
2026-05-21 09:30:00-04:00,302.62,306.57,306.67,306.57,308.6,53.6,38,1d+1h+4h,0.647,False,nofill,0.0
2026-05-21 10:30:00-04:00,301.43,306.51,306.61,306.51,308.54,53.6,38,1d+1h+4h,0.832,False,nofill,0.0
2026-05-21 11:30:00-04:00,301.07,306.57,306.66,306.57,308.5,53.6,38,1d+1h+4h,0.901,False,nofill,0.0
2026-05-21 12:30:00-04:00,302.25,306.57,306.66,306.57,308.48,53.6,38,1d+1h+4h,0.708,False,nofill,0.0
2026-05-21 13:30:00-04:00,303.9,306.57,306.66,306.57,308.48,53.6,38,1d+1h+4h,0.437,True,scratch,-0.08968931856881968
2026-05-21 14:30:00-04:00,302.8,306.57,306.66,306.57,308.49,53.6,38,1d+1h+4h,0.618,True,scratch,-0.08974969709282243
2026-05-21 15:30:00-04:00,302.96,306.57,306.66,306.57,308.43,53.6,38,1d+1h+4h,0.591,True,scratch,-0.08885744428657194
2026-05-22 09:30:00-04:00,304.78,306.57,306.67,306.57,308.6,53.6,38,1d+1h+4h,0.299,True,scratch,-0.09149635100798026
2026-05-22 10:30:00-04:00,305.93,306.57,306.67,306.57,308.6,53.6,38,1d+1h+4h,0.107,True,scratch,-0.09150328546022601
2026-05-22 11:30:00-04:00,306.04,306.57,306.66,306.57,308.51,53.6,38,1d+1h+4h,0.088,True,scratch,-0.09011335240688423
2026-05-22 12:30:00-04:00,307.35,310.97,311.06,310.97,312.88,42.4,34,1d+1h+4h,0.605,False,nofill,0.0
2026-05-22 13:30:00-04:00,306.96,310.97,311.06,310.97,312.82,42.4,34,1d+1h+4h,0.669,False,nofill,0.0
2026-05-22 14:30:00-04:00,306.58,306.88,306.96,306.88,308.66,50.0,36,1d+1h+4h,0.05,True,scratch,-0.08752640269481526
2026-05-22 15:30:00-04:00,306.37,306.88,306.96,306.88,308.59,50.0,36,1d+1h+4h,0.085,True,scratch,-0.08644293641545397
2026-05-26 09:30:00-04:00,308.04,311.26,311.35,311.26,313.11,42.4,34,1d+1h+4h,0.548,False,nofill,0.0
2026-05-26 10:30:00-04:00,306.46,306.8,306.89,306.8,308.7,50.0,36,1d+1h+4h,0.059,True,scratch,-0.0895088607474448
2026-05-26 11:30:00-04:00,307.4,311.0,311.09,311.0,312.9,42.4,34,1d+1h+4h,0.613,False,nofill,0.0
2026-05-26 12:30:00-04:00,306.14,306.51,306.6,306.51,308.37,52.6,37,1d+1h+4h,0.063,True,scratch,-0.08890820137400501
2026-05-26 13:30:00-04:00,306.01,306.51,306.6,306.51,308.31,52.6,37,1d+1h+4h,0.085,True,scratch,-0.0879831762362504
2026-05-26 14:30:00-04:00,305.6,306.51,306.59,306.51,308.24,52.6,37,1d+1h+4h,0.155,True,scratch,-0.08689143640353558
2026-05-26 15:30:00-04:00,306.82,311.0,311.08,311.0,312.7,43.4,35,1d+1h+4h,0.711,False,nofill,0.0
2026-05-27 09:30:00-04:00,300.52,306.51,306.62,306.51,308.92,53.6,38,1d+1h+4h,0.959,False,nofill,0.0
2026-05-27 10:30:00-04:00,297.37,306.57,306.7,306.57,309.22,53.6,38,1d+1h+4h,1.475,False,nofill,0.0
2026-05-27 11:30:00-04:00,297.96,306.57,306.7,306.57,309.21,53.6,38,1d+1h+4h,1.381,False,nofill,0.0
2026-05-27 12:30:00-04:00,297.81,306.57,306.69,306.57,309.14,53.6,38,1d+1h+4h,1.404,False,nofill,0.0
2026-05-27 13:30:00-04:00,297.79,306.57,306.69,306.57,309.04,53.6,38,1d+1h+4h,1.408,False,nofill,0.0
2026-05-27 14:30:00-04:00,299.08,306.51,306.63,306.51,308.94,53.6,38,1d+1h+4h,1.192,False,nofill,0.0
2026-05-27 15:30:00-04:00,299.27,306.51,306.62,306.51,308.85,53.6,38,1d+1h+4h,1.161,False,nofill,0.0
2026-05-28 09:30:00-04:00,298.47,306.51,306.63,306.51,308.99,53.6,38,1d+1h+4h,1.303,False,nofill,0.0
2026-05-28 10:30:00-04:00,297.94,306.51,306.63,306.51,308.95,53.6,38,1d+1h+4h,1.389,False,nofill,0.0
2026-05-28 11:30:00-04:00,296.62,306.51,306.63,306.51,308.93,53.6,38,1d+1h+4h,1.603,False,nofill,0.0
2026-05-28 12:30:00-04:00,297.09,306.51,306.62,306.51,308.84,53.6,38,1d+1h+4h,1.526,False,nofill,0.0
2026-05-28 13:30:00-04:00,296.22,306.57,306.68,306.57,308.84,53.6,38,1d+1h+4h,1.677,False,nofill,0.0
2026-05-28 14:30:00-04:00,296.22,306.57,306.67,306.57,308.73,53.6,38,1d+1h+4h,1.677,False,nofill,0.0
2026-05-28 15:30:00-04:00,296.64,306.51,306.61,306.51,308.6,53.6,38,1d+1h+4h,1.6,False,nofill,0.0
2026-05-29 09:30:00-04:00,295.96,306.57,306.67,306.57,308.66,53.6,38,1d+1h+4h,1.751,False,nofill,0.0
2026-05-29 10:30:00-04:00,297.5,306.57,306.67,306.57,308.7,53.6,38,1d+1h+4h,1.495,False,nofill,0.0
2026-05-29 11:30:00-04:00,297.81,306.57,306.67,306.57,308.61,53.6,38,1d+1h+4h,1.445,False,nofill,0.0
2026-05-29 12:30:00-04:00,298.58,306.57,306.67,306.57,308.58,53.6,38,1d+1h+4h,1.317,False,nofill,0.0
2026-05-29 13:30:00-04:00,297.95,306.57,306.66,306.57,308.5,53.6,38,1d+1h+4h,1.422,False,nofill,0.0
2026-05-29 14:30:00-04:00,298.26,306.57,306.66,306.57,308.44,53.6,38,1d+1h+4h,1.371,False,nofill,0.0
2026-05-29 15:30:00-04:00,299.4,306.57,306.66,306.57,308.43,53.6,38,1d+1h+4h,1.183,False,nofill,0.0
2026-06-01 09:30:00-04:00,296.96,306.57,306.67,306.57,308.58,53.6,38,1d+1h+4h,1.619,False,nofill,0.0
2026-06-01 10:30:00-04:00,296.43,306.57,306.67,306.57,308.58,53.6,38,1d+1h+4h,1.709,False,nofill,0.0
2026-06-01 11:30:00-04:00,295.84,306.57,306.66,306.57,308.53,53.6,38,1d+1h+4h,1.808,False,nofill,0.0
2026-06-01 12:30:00-04:00,296.56,306.57,306.66,306.57,308.47,53.6,38,1d+1h+4h,1.688,False,nofill,0.0
2026-06-01 13:30:00-04:00,296.2,306.57,306.66,306.57,308.43,53.6,38,1d+1h+4h,1.747,False,nofill,0.0
2026-06-01 14:30:00-04:00,296.23,306.57,306.66,306.57,308.38,53.6,38,1d+1h+4h,1.743,False,nofill,0.0
2026-06-01 15:30:00-04:00,296.68,306.57,306.65,306.57,308.33,53.6,38,1d+1h+4h,1.666,False,nofill,0.0
2026-06-02 09:30:00-04:00,296.47,306.57,306.67,306.57,308.59,53.6,38,1d+1h+4h,1.685,False,nofill,0.0
2026-06-02 10:30:00-04:00,299.63,306.57,306.68,306.57,308.81,53.6,38,1d+1h+4h,1.158,False,nofill,0.0
2026-06-02 11:30:00-04:00,300.18,306.57,306.67,306.57,308.74,53.6,38,1d+1h+4h,1.066,False,nofill,0.0
2026-06-02 12:30:00-04:00,300.47,306.57,306.67,306.57,308.68,53.6,38,1d+1h+4h,1.018,False,nofill,0.0
2026-06-02 13:30:00-04:00,301.42,306.57,306.67,306.57,308.62,53.6,38,1d+1h+4h,0.859,False,nofill,0.0
2026-06-02 14:30:00-04:00,301.18,306.57,306.67,306.57,308.58,53.6,38,1d+1h+4h,0.899,False,nofill,0.0
2026-06-02 15:30:00-04:00,300.99,306.57,306.66,306.57,308.51,53.6,38,1d+1h+4h,0.931,False,nofill,0.0
2026-06-03 09:30:00-04:00,297.87,306.57,306.67,306.57,308.7,53.6,38,1d+1h+4h,1.462,False,nofill,0.0
2026-06-03 10:30:00-04:00,297.85,306.57,306.67,306.57,308.64,53.6,38,1d+1h+4h,1.466,False,nofill,0.0
2026-06-03 11:30:00-04:00,299.97,306.57,306.67,306.57,308.73,53.6,38,1d+1h+4h,1.109,False,nofill,0.0
2026-06-03 12:30:00-04:00,300.1,306.57,306.67,306.57,308.64,53.6,38,1d+1h+4h,1.088,False,nofill,0.0
2026-06-03 13:30:00-04:00,301.83,306.57,306.67,306.57,308.65,53.6,38,1d+1h+4h,0.797,True,target,0.5867950713309256
2026-06-03 14:30:00-04:00,301.32,306.57,306.66,306.57,308.56,53.6,38,1d+1h+4h,0.883,True,target,0.5571330788578299
2026-06-03 15:30:00-04:00,300.88,306.57,306.66,306.57,308.51,53.6,38,1d+1h+4h,0.956,True,target,0.5416901494381676
2026-06-04 09:30:00-04:00,307.98,310.97,311.09,310.97,313.4,46.2,37,1d+1h+4h,0.469,True,scratch,-0.09712302405383566
2026-06-04 10:30:00-04:00,310.55,310.97,311.09,310.97,313.48,46.2,37,1d+1h+4h,0.066,True,scratch,-0.09831330906958646
2026-06-04 11:30:00-04:00,311.09,311.66,311.78,311.66,314.15,41.4,33,1d+1h+4h,0.089,True,scratch,-0.09796947896137942
2026-06-04 12:30:00-04:00,310.9,311.26,311.38,311.26,313.74,45.2,36,1d+1h+4h,0.056,True,scratch,-0.09781184462169801
2026-06-04 13:30:00-04:00,310.19,311.0,311.11,311.0,313.37,46.2,37,1d+1h+4h,0.127,True,scratch,-0.09617219589432846
2026-06-04 14:30:00-04:00,311.68,312.04,312.15,312.04,314.39,39.4,31,1d+1h+4h,0.057,True,scratch,-0.0958650357776758
2026-06-04 15:30:00-04:00,310.89,311.26,311.37,311.26,313.54,45.2,36,1d+1h+4h,0.058,True,target,0.635721663683464
2026-06-05 09:30:00-04:00,311.67,312.04,312.16,312.04,314.5,40.4,32,1d+1h+4h,0.058,True,scratch,-0.09751767229188024
2026-06-05 10:30:00-04:00,312.79,313.35,313.47,313.35,315.8,38.8,30,1d+1h+4h,0.089,True,scratch,-0.09711349055787633
2026-06-05 11:30:00-04:00,310.1,310.97,311.09,310.97,313.48,46.2,37,1d+1h+4h,0.137,True,target,0.7072699198196197
2026-06-05 12:30:00-04:00,312.32,313.35,313.47,313.35,315.89,38.8,30,1d+1h+4h,0.163,True,scratch,-0.09854471615640126
2026-06-05 13:30:00-04:00,312.84,313.35,313.47,313.35,315.83,38.8,30,1d+1h+4h,0.081,True,scratch,-0.09762366987604576
2026-06-05 14:30:00-04:00,311.79,313.35,313.47,313.35,315.8,38.8,30,1d+1h+4h,0.247,True,scratch,-0.09724656747323035
2026-06-05 15:30:00-04:00,312.49,313.35,313.46,313.35,315.76,38.8,30,1d+1h+4h,0.136,True,scratch,-0.09652078054113167
2026-06-08 09:30:00-04:00,311.62,311.94,312.06,311.94,314.54,40.4,32,1d+1h+4h,0.05,True,scratch,-0.0996732947076473
2026-06-08 10:30:00-04:00,312.79,313.35,313.47,313.35,315.94,38.8,30,1d+1h+4h,0.09,False,nofill,0.0
2026-06-08 11:30:00-04:00,312.48,313.35,313.47,313.35,315.83,38.8,30,1d+1h+4h,0.139,False,nofill,0.0
2026-06-08 12:30:00-04:00,312.41,313.35,313.46,313.35,315.74,38.8,30,1d+1h+4h,0.15,False,nofill,0.0
2026-06-08 13:30:00-04:00,312.81,313.35,313.46,313.35,315.68,38.8,30,1d+1h+4h,0.086,True,scratch,-0.0953198327644178
2026-06-08 14:30:00-04:00,311.21,311.66,311.77,311.66,313.98,41.4,33,1d+1h+4h,0.072,True,scratch,-0.09532630195491221
2026-06-08 15:30:00-04:00,311.13,311.66,311.77,311.66,313.88,41.4,33,1d+1h+4h,0.085,True,scratch,-0.09390124440789016
2026-06-09 09:30:00-04:00,315.27,316.31,316.43,316.31,318.77,36.0,26,1d+1h+4h,0.165,False,nofill,0.0
2026-06-09 10:30:00-04:00,309.43,311.0,311.13,311.0,313.75,47.2,38,1d+1h+4h,0.248,True,scratch,-0.10206527722436132
2026-06-09 11:30:00-04:00,311.5,311.83,311.96,311.83,314.59,41.4,33,1d+1h+4h,0.053,True,scratch,-0.10215316147855757
2026-06-09 12:30:00-04:00,311.62,312.04,312.17,312.04,314.8,40.4,32,1d+1h+4h,0.066,True,scratch,-0.10208618241398515
2026-06-09 13:30:00-04:00,312.77,313.35,313.48,313.35,316.02,38.8,30,1d+1h+4h,0.092,True,scratch,-0.10048143197631809
2026-06-09 14:30:00-04:00,312.58,313.35,313.47,313.35,315.91,38.8,30,1d+1h+4h,0.121,True,scratch,-0.09884741708006128
2026-06-09 15:30:00-04:00,312.59,313.35,313.47,313.35,315.84,38.8,30,1d+1h+4h,0.12,True,scratch,-0.09779104737018818
2026-06-10 09:30:00-04:00,312.79,313.35,313.48,313.35,315.99,38.8,30,1d+1h+4h,0.089,False,nofill,0.0
2026-06-10 10:30:00-04:00,311.76,313.35,313.48,313.35,316.01,38.8,30,1d+1h+4h,0.253,False,nofill,0.0
2026-06-10 11:30:00-04:00,311.67,312.0,312.12,312.0,314.6,39.4,31,1d+1h+4h,0.052,True,scratch,-0.09967824299919048
2026-06-10 12:30:00-04:00,311.71,313.35,313.47,313.35,315.89,39.8,31,1d+1h+4h,0.26,False,nofill,0.0
2026-06-10 13:30:00-04:00,311.63,313.35,313.47,313.35,315.94,39.8,31,1d+1h+4h,0.274,False,nofill,0.0
2026-06-10 14:30:00-04:00,311.12,311.66,311.78,311.66,314.14,42.4,34,1d+1h+4h,0.087,True,scratch,-0.09787092959799848
2026-06-10 15:30:00-04:00,309.21,310.58,310.7,310.58,313.05,48.2,39,1d+1h+4h,0.218,True,scratch,-0.0978487458427657
2026-06-11 09:30:00-04:00,311.29,311.66,311.78,311.66,314.22,41.4,33,1d+1h+4h,0.06,True,scratch,-0.09912007506698295
2026-06-11 10:30:00-04:00,310.47,310.97,311.09,310.97,313.57,47.2,38,1d+1h+4h,0.08,True,target,0.7363978426475404
2026-06-11 11:30:00-04:00,309.77,311.0,311.12,311.0,313.49,47.2,38,1d+1h+4h,0.197,True,target,0.7023102201500597
2026-06-11 12:30:00-04:00,312.91,313.35,313.47,313.35,315.93,39.8,31,1d+1h+4h,0.07,True,scratch,-0.09913338736542432
2026-06-11 13:30:00-04:00,313.36,316.26,316.38,316.26,318.79,38.8,28,1d+1h+4h,0.464,True,target,0.7014653408058402
2026-06-11 14:30:00-04:00,313.64,316.25,316.37,316.25,318.69,38.8,28,1d+1h+4h,0.418,True,target,0.6744098237127405
2026-06-11 15:30:00-04:00,313.43,316.25,316.36,316.25,318.64,38.8,28,1d+1h+4h,0.451,True,target,0.6580619688254297
2026-06-12 09:30:00-04:00,318.49,319.31,319.43,319.31,321.94,32.6,21,1d+1h+4h,0.128,True,scratch,-0.09929057768180982
2026-06-12 10:30:00-04:00,321.13,322.25,322.38,322.25,324.94,13.4,9,1d+1h+4h,0.176,False,nofill,0.0
2026-06-12 11:30:00-04:00,319.45,320.11,320.24,320.11,322.79,22.0,16,1d+1h+4h,0.105,True,target,0.735732248922849
2026-06-12 12:30:00-04:00,319.36,320.11,320.24,320.11,322.68,22.0,16,1d+1h+4h,0.119,True,target,0.7009769966311419
2026-06-12 13:30:00-04:00,319.94,320.27,320.39,320.27,322.72,22.0,16,1d+1h+4h,0.052,True,scratch,-0.09642078836128443
2026-06-12 14:30:00-04:00,320.85,321.3,321.41,321.3,323.66,16.2,13,1h+4h,0.071,True,scratch,-0.0948649956824088
2026-06-12 15:30:00-04:00,320.71,321.3,321.41,321.3,323.55,16.2,13,1h+4h,0.093,True,scratch,-0.0933399987957162
2026-06-15 09:30:00-04:00,321.61,324.88,324.99,324.88,327.36,14.6,9,1d+1h+4h,0.509,False,nofill,0.0
2026-06-15 10:30:00-04:00,320.96,321.3,321.41,321.3,323.7,16.2,13,1h+4h,0.053,True,scratch,-0.09544916652496349
2026-06-15 11:30:00-04:00,321.74,324.88,324.99,324.88,327.2,14.6,9,1d+1h+4h,0.489,False,nofill,0.0
2026-06-15 12:30:00-04:00,321.26,324.88,324.98,324.88,327.11,15.6,10,1d+1h+4h,0.564,False,nofill,0.0
2026-06-15 13:30:00-04:00,320.1,320.74,320.84,320.74,322.91,17.2,14,1h+4h,0.1,True,scratch,-0.09223450976594272
2026-06-15 14:30:00-04:00,320.79,321.3,321.4,321.3,323.42,16.2,13,1h+4h,0.08,True,target,0.5683828929943902
2026-06-15 15:30:00-04:00,319.65,320.11,320.22,320.11,322.25,23.0,17,1d+1h+4h,0.073,True,target,0.5752595864058074
2026-06-16 09:30:00-04:00,327.38,327.78,327.9,327.78,330.39,9.8,7,1d+1h+4h,0.059,True,target,0.6965320793921759
2026-06-16 10:30:00-04:00,329.42,331.4,331.53,331.4,334.05,9.6,6,1d+1h+4h,0.289,True,scratch,-0.09802735839989918
2026-06-16 11:30:00-04:00,330.96,331.4,331.53,331.4,334.03,9.6,6,1d+1h+4h,0.065,True,scratch,-0.09769467802899223
2026-06-16 12:30:00-04:00,330.87,331.4,331.52,331.4,333.92,9.6,6,1d+1h+4h,0.078,False,nofill,0.0
2026-06-16 13:30:00-04:00,330.22,331.4,331.52,331.4,333.86,9.6,6,1d+1h+4h,0.173,True,target,0.647429428941737
2026-06-16 14:30:00-04:00,329.97,331.4,331.51,331.4,333.81,9.6,6,1d+1h+4h,0.209,True,target,0.6316813360684126
2026-06-16 15:30:00-04:00,331.18,331.75,331.86,331.75,334.11,10.6,7,1d+1h+4h,0.083,True,target,0.6176340429481009
2026-06-17 14:30:00-04:00,332.01,332.66,332.79,332.66,335.28,6.8,4,1d+1h+4h,0.096,True,scratch,-0.09743355822663391
2026-06-18 10:30:00-04:00,330.79,331.4,331.54,331.4,334.26,10.6,7,1d+1h+4h,0.083,False,nofill,0.0
2026-06-18 11:30:00-04:00,329.6,330.86,330.99,330.86,333.69,10.6,7,1d+1h+4h,0.172,False,nofill,0.0
2026-06-18 12:30:00-04:00,329.47,330.86,330.99,330.86,333.61,10.6,7,1d+1h+4h,0.19,False,nofill,0.0
2026-06-18 13:30:00-04:00,328.32,330.86,330.99,330.86,333.56,10.6,7,1d+1h+4h,0.348,False,nofill,0.0
2026-06-18 14:30:00-04:00,326.74,327.78,327.91,327.78,330.45,10.8,8,1d+1h+4h,0.141,True,target,0.7164612452735808
2026-06-18 15:30:00-04:00,325.24,325.65,325.78,325.65,328.38,13.6,10,1d+1h+4h,0.056,True,target,0.7386742873284113
2026-06-22 09:30:00-04:00,328.32,330.86,331.0,330.86,333.75,10.6,7,1d+1h+4h,0.346,True,scratch,-0.10156774451370865
2026-06-22 10:30:00-04:00,330.82,331.4,331.54,331.4,334.31,10.6,7,1d+1h+4h,0.078,True,scratch,-0.10179636824614313
2026-06-22 11:30:00-04:00,331.66,332.66,332.8,332.66,335.51,9.6,6,1d+1h+4h,0.137,False,nofill,0.0
2026-06-22 12:30:00-04:00,332.02,332.66,332.79,332.66,335.42,9.6,6,1d+1h+4h,0.087,False,nofill,0.0
2026-06-22 13:30:00-04:00,331.86,332.66,332.79,332.66,335.3,9.6,6,1d+1h+4h,0.109,False,nofill,0.0
2026-06-22 15:30:00-04:00,331.85,332.66,332.78,332.66,335.12,9.6,6,1d+1h+4h,0.111,True,target,0.6424973475957829
2026-06-24 09:30:00-04:00,331.81,336.57,336.69,336.57,339.01,9.6,6,1d+1h+4h,0.662,False,nofill,0.0
2026-06-24 10:30:00-04:00,334.26,336.57,336.69,336.57,339.06,9.6,6,1d+1h+4h,0.321,False,nofill,0.0
2026-06-24 11:30:00-04:00,333.22,336.57,336.69,336.57,339.01,9.6,6,1d+1h+4h,0.465,False,nofill,0.0
2026-06-24 12:30:00-04:00,332.12,336.57,336.69,336.57,338.97,9.6,6,1d+1h+4h,0.619,False,nofill,0.0
2026-06-24 13:30:00-04:00,333.22,336.57,336.69,336.57,338.91,9.6,6,1d+1h+4h,0.465,True,target,0.601293595713015
2026-06-24 14:30:00-04:00,334.48,336.57,336.68,336.57,338.86,9.6,6,1d+1h+4h,0.291,True,target,0.5862922988340902
2026-06-24 15:30:00-04:00,333.49,336.57,336.68,336.57,338.8,9.6,6,1d+1h+4h,0.428,True,target,0.5689709374507856
2026-06-25 12:30:00-04:00,335.95,336.57,336.71,336.57,339.46,9.6,6,1d+1h+4h,0.084,True,scratch,-0.10081306527455203
2026-06-25 13:30:00-04:00,336.62,337.25,337.38,337.25,340.02,8.6,5,1d+1h+4h,0.085,False,nofill,0.0
2026-06-25 14:30:00-04:00,335.78,336.57,336.7,336.57,339.26,9.6,6,1d+1h+4h,0.107,False,nofill,0.0
2026-06-25 15:30:00-04:00,335.21,336.57,336.7,336.57,339.15,9.6,6,1d+1h+4h,0.184,False,nofill,0.0
2026-06-26 09:30:00-04:00,332.57,336.57,336.71,336.57,339.43,9.6,6,1d+1h+4h,0.534,False,nofill,0.0
2026-06-26 10:30:00-04:00,332.29,336.57,336.71,336.57,339.43,9.6,6,1d+1h+4h,0.571,False,nofill,0.0
2026-06-26 11:30:00-04:00,330.7,331.4,331.54,331.4,334.28,11.6,8,1d+1h+4h,0.093,False,nofill,0.0
2026-06-26 12:30:00-04:00,330.35,330.86,330.99,330.86,333.63,11.6,8,1d+1h+4h,0.068,False,nofill,0.0
2026-06-26 13:30:00-04:00,329.52,330.86,330.99,330.86,333.55,11.6,8,1d+1h+4h,0.179,True,scratch,-0.09872395531321798
2026-06-26 14:30:00-04:00,328.26,330.86,330.99,330.86,333.51,11.6,8,1d+1h+4h,0.347,True,scratch,-0.0981298203086789
2026-06-26 15:30:00-04:00,327.92,330.86,330.98,330.86,333.46,11.6,8,1d+1h+4h,0.392,True,scratch,-0.09736791083738705
2026-06-29 09:30:00-04:00,330.68,331.4,331.53,331.4,334.14,11.6,8,1d+1h+4h,0.099,True,scratch,-0.09926968206859232
2026-06-29 10:30:00-04:00,331.49,331.9,332.03,331.9,334.58,10.6,7,1d+1h+4h,0.056,True,scratch,-0.09840826893110499
2026-06-29 11:30:00-04:00,331.97,332.66,332.79,332.66,335.28,9.6,6,1d+1h+4h,0.094,False,nofill,0.0
2026-06-29 12:30:00-04:00,330.67,331.4,331.52,331.4,333.96,11.6,8,1d+1h+4h,0.1,True,scratch,-0.09668371357570704
2026-06-29 13:30:00-04:00,331.67,332.66,332.78,332.66,335.13,9.6,6,1d+1h+4h,0.135,False,nofill,0.0
2026-06-29 14:30:00-04:00,330.62,331.4,331.51,331.4,333.81,12.6,9,1d+1h+4h,0.106,False,nofill,0.0
2026-06-29 15:30:00-04:00,329.44,330.86,330.97,330.86,333.24,12.6,9,1d+1h+4h,0.194,False,nofill,0.0
2026-06-30 09:30:00-04:00,329.52,331.4,331.52,331.4,333.84,12.6,9,1d+1h+4h,0.265,False,nofill,0.0
2026-06-30 10:30:00-04:00,328.74,331.4,331.51,331.4,333.8,12.6,9,1d+1h+4h,0.376,False,nofill,0.0
2026-06-30 11:30:00-04:00,329.11,331.4,331.52,331.4,333.83,12.6,9,1d+1h+4h,0.324,False,nofill,0.0
2026-06-30 12:30:00-04:00,328.8,331.4,331.51,331.4,333.73,12.6,9,1d+1h+4h,0.368,False,nofill,0.0
2026-06-30 13:30:00-04:00,327.82,331.4,331.51,331.4,333.69,12.6,9,1d+1h+4h,0.506,True,scratch,-0.09290486629394135
2026-06-30 14:30:00-04:00,327.58,327.99,328.1,327.99,330.2,12.8,10,1d+1h+4h,0.058,True,target,0.5802153347109096
2026-06-30 15:30:00-04:00,327.23,327.78,327.88,327.78,329.9,12.8,10,1d+1h+4h,0.078,True,target,0.5553385761388752
2026-07-01 09:30:00-04:00,330.72,331.4,331.52,331.4,333.86,12.6,9,1d+1h+4h,0.093,True,target,0.6463768438719208
2026-07-01 10:30:00-04:00,333.55,336.57,336.69,336.57,339.08,9.6,6,1d+1h+4h,0.413,False,nofill,0.0
2026-07-01 11:30:00-04:00,335.3,336.57,336.69,336.57,339.1,9.6,6,1d+1h+4h,0.175,False,nofill,0.0
2026-07-01 12:30:00-04:00,333.96,336.57,336.69,336.57,339.07,9.6,6,1d+1h+4h,0.356,False,nofill,0.0
2026-07-01 13:30:00-04:00,334.04,336.57,336.69,336.57,338.96,9.6,6,1d+1h+4h,0.346,True,scratch,-0.09367307543965975
2026-07-01 14:30:00-04:00,333.2,336.57,336.68,336.57,338.85,9.6,6,1d+1h+4h,0.46,True,scratch,-0.092199950284233
2026-07-01 15:30:00-04:00,334.08,336.57,336.68,336.57,338.8,10.6,7,1d+1h+4h,0.34,True,scratch,-0.09142550624025025
2026-07-02 09:30:00-04:00,332.8,336.57,336.7,336.57,339.26,10.6,7,1d+1h+4h,0.511,False,nofill,0.0
2026-07-02 10:30:00-04:00,334.01,336.57,336.7,336.57,339.28,10.6,7,1d+1h+4h,0.347,False,nofill,0.0
2026-07-02 11:30:00-04:00,333.96,336.57,336.7,336.57,339.2,10.6,7,1d+1h+4h,0.354,False,nofill,0.0
2026-07-02 12:30:00-04:00,333.2,336.57,336.7,336.57,339.18,10.6,7,1d+1h+4h,0.457,False,nofill,0.0
2026-07-02 13:30:00-04:00,333.15,336.57,336.69,336.57,339.09,10.6,7,1d+1h+4h,0.463,True,scratch,-0.09554176202487552
2026-07-02 14:30:00-04:00,333.2,336.57,336.69,336.57,339.03,10.6,7,1d+1h+4h,0.457,True,scratch,-0.09467703654176818
2026-07-02 15:30:00-04:00,334.2,336.57,336.69,336.57,338.96,10.6,7,1d+1h+4h,0.321,True,scratch,-0.09374689270545966
2026-07-06 09:30:00-04:00,336.8,337.25,337.38,337.25,339.89,9.6,6,1d+1h+4h,0.061,False,nofill,0.0
2026-07-06 10:30:00-04:00,336.04,336.57,336.7,336.57,339.19,10.6,7,1d+1h+4h,0.073,True,scratch,-0.09700780320165414
2026-07-06 11:30:00-04:00,336.35,337.25,337.37,337.25,339.75,9.6,6,1d+1h+4h,0.123,True,scratch,-0.09529983193280467
2026-07-06 12:30:00-04:00,336.56,337.25,337.36,337.25,339.64,9.6,6,1d+1h+4h,0.093,True,scratch,-0.09374570355773493
2026-07-06 13:30:00-04:00,337.3,338.09,338.2,338.09,340.39,9.6,6,1d+1h+4h,0.107,True,scratch,-0.09238579601091867
2026-07-06 14:30:00-04:00,337.54,338.09,338.2,338.09,340.3,9.6,6,1d+1h+4h,0.076,True,scratch,-0.09104788063983849
2026-07-06 15:30:00-04:00,337.87,339.71,339.82,339.71,341.83,6.6,5,1h+4h,0.251,True,scratch,-0.08964713189368867
2026-07-07 10:30:00-04:00,338.72,339.71,339.82,339.71,342.01,6.6,5,1h+4h,0.14,False,nofill,0.0
2026-07-07 11:30:00-04:00,337.77,339.71,339.82,339.71,341.98,6.6,5,1h+4h,0.273,False,nofill,0.0
2026-07-07 12:30:00-04:00,338.13,341.4,341.5,341.4,343.6,6.8,4,1d+1h+4h,0.459,False,nofill,0.0
2026-07-07 13:30:00-04:00,338.96,341.4,341.5,341.4,343.52,6.8,4,1d+1h+4h,0.343,False,nofill,0.0
2026-07-07 14:30:00-04:00,338.77,341.4,341.5,341.4,343.45,6.8,4,1d+1h+4h,0.369,False,nofill,0.0
2026-07-07 15:30:00-04:00,339.26,341.4,341.49,341.4,343.37,6.8,4,1d+1h+4h,0.3,False,nofill,0.0
2026-07-08 09:30:00-04:00,334.06,336.57,336.68,336.57,338.88,11.6,8,1d+1h+4h,0.345,False,nofill,0.0
2026-07-08 10:30:00-04:00,332.8,336.57,336.68,336.57,338.9,11.6,8,1d+1h+4h,0.519,False,nofill,0.0
2026-07-08 11:30:00-04:00,333.56,336.57,336.68,336.57,338.83,11.6,8,1d+1h+4h,0.415,False,nofill,0.0
2026-07-08 12:30:00-04:00,333.5,336.57,336.68,336.57,338.75,11.6,8,1d+1h+4h,0.423,False,nofill,0.0
2026-07-08 13:30:00-04:00,332.4,336.57,336.68,336.57,338.7,11.6,8,1d+1h+4h,0.575,False,nofill,0.0
2026-07-08 14:30:00-04:00,331.42,331.9,332.0,331.9,333.99,13.6,10,1d+1h+4h,0.066,True,target,0.5403474387345453
2026-07-08 15:30:00-04:00,330.52,331.4,331.5,331.4,333.47,14.6,11,1d+1h+4h,0.121,True,target,0.5334105958121116
2026-07-09 09:30:00-04:00,334.67,336.57,336.68,336.57,338.84,11.6,8,1d+1h+4h,0.264,True,scratch,-0.0919530756671949
2026-07-09 10:30:00-04:00,335.1,336.57,336.68,336.57,338.85,11.6,8,1d+1h+4h,0.205,True,scratch,-0.09221367333618335
2026-07-09 11:30:00-04:00,336.32,337.09,337.2,337.09,339.35,11.6,8,1d+1h+4h,0.108,False,nofill,0.0
2026-07-09 12:30:00-04:00,336.08,336.57,336.68,336.57,338.74,11.6,8,1d+1h+4h,0.069,False,nofill,0.0
2026-07-09 13:30:00-04:00,335.63,336.57,336.67,336.57,338.66,11.6,8,1d+1h+4h,0.131,True,scratch,-0.08943194695800738
2026-07-09 14:30:00-04:00,334.55,336.57,336.67,336.57,338.6,11.6,8,1d+1h+4h,0.281,True,scratch,-0.08859551533930698
2026-07-09 15:30:00-04:00,335.39,336.57,336.67,336.57,338.56,11.6,8,1d+1h+4h,0.164,True,scratch,-0.08812088286774822
2026-07-10 09:30:00-04:00,338.16,341.91,342.01,341.91,344.0,11.6,6,1d+1h+4h,0.543,False,nofill,0.0
2026-07-10 10:30:00-04:00,337.0,341.91,342.01,341.91,344.03,11.6,6,1d+1h+4h,0.71,False,nofill,0.0
2026-07-10 11:30:00-04:00,336.38,337.0,337.1,337.0,339.06,11.6,8,1d+1h+4h,0.09,True,scratch,-0.0890972369708476
2026-07-10 12:30:00-04:00,336.57,337.0,337.09,337.0,338.99,12.6,9,1d+1h+4h,0.062,True,scratch,-0.08809680366370642
2026-07-10 13:30:00-04:00,336.94,341.91,342.0,341.91,343.82,11.6,6,1d+1h+4h,0.719,False,nofill,0.0
2026-07-10 14:30:00-04:00,336.42,337.0,337.09,337.0,338.85,12.6,9,1d+1h+4h,0.084,True,scratch,-0.08616229848910084
2026-07-10 15:30:00-04:00,336.47,337.0,337.09,337.0,338.8,12.6,9,1d+1h+4h,0.077,True,scratch,-0.08539368532346492
2026-07-13 09:30:00-04:00,335.19,337.0,337.1,337.0,339.03,12.6,9,1d+1h+4h,0.265,False,nofill,0.0
2026-07-13 10:30:00-04:00,333.14,337.0,337.1,337.0,339.09,12.6,9,1d+1h+4h,0.564,False,nofill,0.0
2026-07-13 11:30:00-04:00,333.38,337.0,337.1,337.0,339.04,12.6,9,1d+1h+4h,0.53,False,nofill,0.0
2026-07-13 12:30:00-04:00,334.52,337.0,337.1,337.0,339.03,13.6,10,1d+1h+4h,0.362,False,nofill,0.0
2026-07-13 13:30:00-04:00,334.53,337.0,337.09,337.0,338.97,15.4,11,1d+1h+4h,0.361,True,target,0.49745932567837325
2026-07-13 14:30:00-04:00,334.93,337.0,337.09,337.0,338.92,15.4,11,1d+1h+4h,0.302,True,target,0.4809410400190117
2026-07-13 15:30:00-04:00,334.59,337.0,337.09,337.0,338.88,15.4,11,1d+1h+4h,0.353,True,target,0.47089314866726184
2026-07-14 11:30:00-04:00,339.78,341.91,342.06,341.91,345.09,12.6,7,1d+1h+4h,0.277,False,nofill,0.0
2026-07-14 12:30:00-04:00,339.88,341.91,342.06,341.91,345.0,12.6,7,1d+1h+4h,0.263,True,target,0.801294888610049
2026-07-14 13:30:00-04:00,340.08,341.91,342.06,341.91,344.97,12.6,7,1d+1h+4h,0.238,True,target,0.7916379362278514
2026-07-14 14:30:00-04:00,341.67,343.45,343.59,343.45,346.46,6.8,4,1d+1h+4h,0.231,True,target,0.7731877989853642
2026-07-14 15:30:00-04:00,343.04,343.45,343.59,343.45,346.39,6.8,4,1d+1h+4h,0.053,True,target,0.7541972393839025
2026-07-17 13:30:00-04:00,341.98,343.45,343.6,343.45,346.54,6.8,4,1d+1h+4h,0.183,True,scratch,-0.10283568043152336
2026-07-17 14:30:00-04:00,341.33,341.91,342.05,341.91,344.91,13.6,8,1d+1h+4h,0.072,True,scratch,-0.1017281718896701
2026-07-17 15:30:00-04:00,341.19,341.91,342.05,341.91,344.85,13.6,8,1d+1h+4h,0.09,True,scratch,-0.10084408049072513
2026-07-20 09:30:00-04:00,340.11,341.91,342.05,341.91,344.95,13.6,8,1d+1h+4h,0.227,False,nofill,0.0
2026-07-20 10:30:00-04:00,340.22,341.91,342.05,341.91,344.89,13.6,8,1d+1h+4h,0.213,False,nofill,0.0
2026-07-20 11:30:00-04:00,340.34,341.91,342.05,341.91,344.79,13.6,8,1d+1h+4h,0.198,False,nofill,0.0
2026-07-20 12:30:00-04:00,339.32,340.0,340.13,340.0,342.8,17.4,11,1d+1h+4h,0.086,False,nofill,0.0
2026-07-20 13:30:00-04:00,339.43,340.0,340.13,340.0,342.66,17.4,11,1d+1h+4h,0.072,True,target,0.684414739215744
2026-07-20 14:30:00-04:00,338.12,340.0,340.13,340.0,342.63,17.4,11,1d+1h+4h,0.237,True,target,0.6757412604515123
2026-07-20 15:30:00-04:00,338.89,340.0,340.12,340.0,342.52,17.4,11,1d+1h+4h,0.14,True,target,0.6448182224052967
2026-07-21 09:30:00-04:00,342.83,343.45,343.58,343.45,346.25,6.8,4,1d+1h+4h,0.078,True,scratch,-0.09876406401301274
2026-07-22 15:30:00-04:00,348.37,349.34,349.44,349.34,351.45,6.8,4,1d+1h+4h,0.125,False,nofill,0.0
2026-07-29 09:30:00-04:00,350.45,351.72,351.84,351.72,354.22,7.8,5,1d+1h+4h,0.167,False,nofill,0.0
2026-07-29 10:30:00-04:00,350.06,351.72,351.84,351.72,354.18,7.8,5,1d+1h+4h,0.217,False,nofill,0.0
2026-07-29 11:30:00-04:00,348.22,351.72,351.84,351.72,354.19,7.8,5,1d+1h+4h,0.459,False,nofill,0.0
2026-07-29 12:30:00-04:00,349.82,351.72,351.84,351.72,354.2,7.8,5,1d+1h+4h,0.249,False,nofill,0.0
2026-07-29 13:30:00-04:00,347.43,351.72,351.84,351.72,354.29,7.8,5,1d+1h+4h,0.562,False,nofill,0.0
2026-07-29 14:30:00-04:00,345.74,351.72,351.85,351.72,354.43,7.8,5,1d+1h+4h,0.783,False,nofill,0.0
2026-07-29 15:30:00-04:00,344.74,351.72,351.85,351.72,354.4,7.8,5,1d+1h+4h,0.914,False,nofill,0.0
2026-07-30 09:30:00-04:00,348.58,351.72,351.85,351.72,354.55,7.8,5,1d+1h+4h,0.412,True,scratch,-0.09830753798653058
2026-07-30 10:30:00-04:00,347.74,351.72,351.85,351.72,354.55,7.8,5,1d+1h+4h,0.521,True,scratch,-0.09828814543815234
2026-07-30 11:30:00-04:00,350.5,351.72,351.86,351.72,354.58,7.8,5,1d+1h+4h,0.161,True,scratch,-0.09869653654136501
2026-07-30 12:30:00-04:00,351.73,352.58,352.71,352.58,355.38,7.8,5,1d+1h+4h,0.111,False,nofill,0.0
2026-07-30 13:30:00-04:00,351.19,351.72,351.85,351.72,354.4,7.8,5,1d+1h+4h,0.069,True,scratch,-0.09629632362376794
2026-07-30 14:30:00-04:00,351.6,352.58,352.7,352.58,355.14,7.8,5,1d+1h+4h,0.128,True,scratch,-0.09455180640071115
2026-07-30 15:30:00-04:00,350.95,351.72,351.84,351.72,354.24,7.8,5,1d+1h+4h,0.101,True,target,0.6221509487158272
2026-07-31 09:30:00-04:00,352.16,352.58,352.71,352.58,355.27,7.8,5,1d+1h+4h,0.057,True,scratch,-0.09627004783051563
2026-07-31 15:30:00-04:00,351.87,352.58,352.69,352.58,354.83,7.8,5,1d+1h+4h,0.096,True,scratch,-0.09034614899947613
2026-08-03 12:30:00-04:00,351.28,351.69,351.8,351.69,353.96,8.8,6,1d+1h+4h,0.057,True,scratch,-0.09068221145445143
2026-08-03 13:30:00-04:00,351.84,352.58,352.69,352.58,354.8,8.8,6,1d+1h+4h,0.102,True,target,0.5384815859575065
2026-08-03 14:30:00-04:00,351.54,352.58,352.68,352.58,354.75,8.8,6,1d+1h+4h,0.144,True,target,0.5268069559181354
2026-08-06 10:30:00-04:00,355.92,357.74,357.86,357.74,360.16,6.8,4,1d+1h+4h,0.249,False,nofill,0.0
2026-08-06 11:30:00-04:00,356.97,357.74,357.85,357.74,360.1,6.8,4,1d+1h+4h,0.105,False,nofill,0.0
2026-08-06 12:30:00-04:00,355.09,357.74,357.85,357.74,360.12,6.8,4,1d+1h+4h,0.363,False,nofill,0.0
2026-08-06 13:30:00-04:00,356.18,357.74,357.85,357.74,360.07,6.8,4,1d+1h+4h,0.213,False,nofill,0.0
2026-08-06 14:30:00-04:00,356.39,357.74,357.85,357.74,359.98,6.8,4,1d+1h+4h,0.185,False,nofill,0.0
2026-08-06 15:30:00-04:00,356.3,357.74,357.84,357.74,359.91,6.8,4,1d+1h+4h,0.197,False,nofill,0.0
2026-08-07 09:30:00-04:00,356.11,357.74,357.85,357.74,360.0,6.8,4,1d+1h+4h,0.227,True,scratch,-0.08997683874178986
2026-08-07 10:30:00-04:00,356.57,357.74,357.84,357.74,359.94,6.8,4,1d+1h+4h,0.163,True,scratch,-0.08929578911396341
2026-08-07 11:30:00-04:00,356.92,357.74,357.84,357.74,359.86,6.8,4,1d+1h+4h,0.114,True,scratch,-0.0882395830383298
2026-08-07 12:30:00-04:00,357.77,359.05,359.15,359.05,361.11,6.8,4,1d+1h+4h,0.178,False,nofill,0.0
2026-08-07 13:30:00-04:00,357.7,359.05,359.14,359.05,361.02,6.8,4,1d+1h+4h,0.188,True,scratch,-0.08608297740412274
2026-08-07 14:30:00-04:00,358.44,359.05,359.14,359.05,360.97,6.8,4,1d+1h+4h,0.085,True,scratch,-0.0854504396260225
2026-08-07 15:30:00-04:00,357.47,359.05,359.14,359.05,360.96,6.8,4,1d+1h+4h,0.22,True,scratch,-0.085340695651559
2026-08-10 12:30:00-04:00,357.34,357.74,357.83,357.74,359.72,7.8,5,1d+1h+4h,0.058,True,scratch,-0.08635370654029861
2026-08-10 13:30:00-04:00,358.06,359.05,359.14,359.05,360.97,6.8,4,1d+1h+4h,0.143,True,scratch,-0.08539451927046526
2026-08-10 14:30:00-04:00,358.38,359.05,359.14,359.05,360.93,6.8,4,1d+1h+4h,0.096,True,scratch,-0.08486152467895858
2026-08-11 09:30:00-04:00,359.6,359.99,360.09,359.99,362.05,6.8,4,1d+1h+4h,0.057,True,target,0.4835379303709919
2026-08-13 10:30:00-04:00,362.09,362.81,362.91,362.81,364.97,6.8,4,1d+1h+4h,0.111,True,scratch,-0.08827483369145961
2026-08-17 14:30:00-04:00,362.46,362.81,362.9,362.81,364.63,8.8,6,1d+1h+4h,0.057,False,nofill,0.0
2026-08-17 15:30:00-04:00,361.2,361.52,361.61,361.52,363.32,8.8,6,1d+1h+4h,0.051,True,scratch,-0.08372144863603159
2026-08-18 09:30:00-04:00,360.36,361.52,361.61,361.52,363.4,8.8,6,1d+1h+4h,0.19,False,nofill,0.0
2026-08-18 10:30:00-04:00,360.32,361.52,361.61,361.52,363.4,8.8,6,1d+1h+4h,0.197,True,target,0.4341581941775807
2026-08-18 11:30:00-04:00,359.61,361.52,361.61,361.52,363.38,8.8,6,1d+1h+4h,0.314,True,target,0.430843886145027
2026-08-18 12:30:00-04:00,360.78,361.52,361.61,361.52,363.37,8.8,6,1d+1h+4h,0.122,True,target,0.42579266650888403
2026-08-18 13:30:00-04:00,361.54,362.17,362.26,362.17,363.99,8.8,6,1d+1h+4h,0.103,True,scratch,-0.08389455078445796
2026-08-18 14:30:00-04:00,362.27,362.81,362.89,362.81,364.58,8.8,6,1d+1h+4h,0.088,True,scratch,-0.08325871034260413
2026-08-18 15:30:00-04:00,363.25,365.75,365.83,365.75,367.51,7.8,5,1d+1h+4h,0.41,False,nofill,0.0
2026-08-19 09:30:00-04:00,360.7,361.52,361.62,361.52,363.53,8.8,6,1d+1h+4h,0.132,False,nofill,0.0
2026-08-19 10:30:00-04:00,358.09,359.99,360.09,359.99,362.1,8.8,6,1d+1h+4h,0.306,False,nofill,0.0
2026-08-19 11:30:00-04:00,357.6,359.99,360.09,359.99,362.14,8.8,6,1d+1h+4h,0.386,False,nofill,0.0
2026-08-19 12:30:00-04:00,357.26,361.68,361.78,361.68,363.75,8.8,6,1d+1h+4h,0.713,False,nofill,0.0
2026-08-19 13:30:00-04:00,356.28,361.68,361.78,361.68,363.73,8.8,6,1d+1h+4h,0.87,False,nofill,0.0
2026-08-19 14:30:00-04:00,356.9,361.68,361.78,361.68,363.68,8.8,6,1d+1h+4h,0.77,False,nofill,0.0
2026-08-19 15:30:00-04:00,357.32,361.68,361.77,361.68,363.65,8.8,6,1d+1h+4h,0.703,False,nofill,0.0
2026-08-20 09:30:00-04:00,355.74,361.52,361.62,361.52,363.65,8.8,6,1d+1h+4h,0.929,False,nofill,0.0
2026-08-20 10:30:00-04:00,355.61,361.52,361.62,361.52,363.68,8.8,6,1d+1h+4h,0.951,False,nofill,0.0
2026-08-20 11:30:00-04:00,353.79,354.15,354.25,354.15,356.31,9.8,7,1d+1h+4h,0.058,True,scratch,-0.08894925749119986
2026-08-20 12:30:00-04:00,353.78,354.15,354.25,354.15,356.24,10.8,8,1d+1h+4h,0.059,False,nofill,0.0
2026-08-20 13:30:00-04:00,353.73,354.15,354.25,354.15,356.17,10.8,8,1d+1h+4h,0.068,True,scratch,-0.08710334554458132
2026-08-20 14:30:00-04:00,352.44,354.15,354.24,354.15,356.13,10.8,8,1d+1h+4h,0.275,True,scratch,-0.08658692159300152
2026-08-20 15:30:00-04:00,352.04,352.58,352.67,352.58,354.51,15.6,10,1d+1h+4h,0.087,True,scratch,-0.08600098500337605
2026-08-21 09:30:00-04:00,354.18,361.45,361.55,361.45,363.6,8.8,6,1d+1h+4h,1.166,False,nofill,0.0
2026-08-21 10:30:00-04:00,353.13,354.47,354.57,354.47,356.65,10.8,8,1d+1h+4h,0.215,False,nofill,0.0
2026-08-21 11:30:00-04:00,352.14,352.58,352.68,352.58,354.77,15.6,10,1d+1h+4h,0.071,False,nofill,0.0
2026-08-21 12:30:00-04:00,350.51,352.58,352.68,352.58,354.75,15.6,10,1d+1h+4h,0.332,False,nofill,0.0
2026-08-21 13:30:00-04:00,352.05,352.58,352.68,352.58,354.73,15.6,10,1d+1h+4h,0.085,True,target,0.5213287243033715
2026-08-21 14:30:00-04:00,352.13,352.58,352.68,352.58,354.64,15.6,10,1d+1h+4h,0.072,True,target,0.4970179745861669
2026-08-21 15:30:00-04:00,351.64,352.58,352.68,352.58,354.58,15.6,10,1d+1h+4h,0.152,True,target,0.48096921754470223
2026-08-24 09:30:00-04:00,357.08,357.74,357.85,357.74,360.1,9.8,7,1d+1h+4h,0.105,True,scratch,-0.09136210736303552
2026-08-24 10:30:00-04:00,356.62,357.95,358.06,357.95,360.28,9.8,7,1d+1h+4h,0.213,False,nofill,0.0
2026-08-24 11:30:00-04:00,356.74,357.95,358.06,357.95,360.19,9.8,7,1d+1h+4h,0.193,False,nofill,0.0
2026-08-24 12:30:00-04:00,355.03,357.74,357.85,357.74,359.98,10.8,8,1d+1h+4h,0.432,False,nofill,0.0
2026-08-24 13:30:00-04:00,356.25,357.74,357.84,357.74,359.94,10.8,8,1d+1h+4h,0.238,False,nofill,0.0
2026-08-24 14:30:00-04:00,355.88,357.74,357.84,357.74,359.83,10.8,8,1d+1h+4h,0.297,False,nofill,0.0
2026-08-24 15:30:00-04:00,356.43,357.74,357.84,357.74,359.74,10.8,8,1d+1h+4h,0.209,False,nofill,0.0
2026-08-25 09:30:00-04:00,354.81,357.95,358.05,357.95,360.13,10.8,8,1d+1h+4h,0.513,False,nofill,0.0
2026-08-25 10:30:00-04:00,354.69,357.95,358.05,357.95,360.12,10.8,8,1d+1h+4h,0.532,False,nofill,0.0
2026-08-25 11:30:00-04:00,355.25,357.95,358.05,357.95,360.1,10.8,8,1d+1h+4h,0.441,False,nofill,0.0
2026-08-25 12:30:00-04:00,355.65,357.95,358.05,357.95,360.03,10.8,8,1d+1h+4h,0.375,False,nofill,0.0
2026-08-25 13:30:00-04:00,356.27,357.95,358.05,357.95,359.95,12.6,9,1d+1h+4h,0.274,False,nofill,0.0
2026-08-25 14:30:00-04:00,356.65,357.95,358.04,357.95,359.89,12.6,9,1d+1h+4h,0.212,False,nofill,0.0
2026-08-25 15:30:00-04:00,356.69,357.95,358.04,357.95,359.79,12.6,9,1d+1h+4h,0.206,False,nofill,0.0
2026-08-26 09:30:00-04:00,356.16,357.95,358.04,357.95,359.87,12.6,9,1d+1h+4h,0.3,False,nofill,0.0
2026-08-26 10:30:00-04:00,356.13,357.95,358.04,357.95,359.87,12.6,9,1d+1h+4h,0.306,False,nofill,0.0
2026-08-26 11:30:00-04:00,356.42,357.95,358.04,357.95,359.89,12.6,9,1d+1h+4h,0.256,False,nofill,0.0
2026-08-26 12:30:00-04:00,357.8,358.28,358.37,358.28,360.23,11.6,8,1d+1h+4h,0.081,False,nofill,0.0
2026-08-26 13:30:00-04:00,357.05,357.95,358.04,357.95,359.84,12.6,9,1d+1h+4h,0.151,True,scratch,-0.08514909385551883
2026-08-26 14:30:00-04:00,357.74,358.28,358.37,358.28,360.14,11.6,8,1d+1h+4h,0.09,False,nofill,0.0
2026-08-26 15:30:00-04:00,356.59,357.95,358.04,357.95,359.83,12.6,9,1d+1h+4h,0.228,False,nofill,0.0
2026-08-27 09:30:00-04:00,353.09,357.95,358.05,357.95,360.09,12.6,9,1d+1h+4h,0.822,False,nofill,0.0
2026-08-27 10:30:00-04:00,354.8,357.95,358.05,357.95,360.11,12.6,9,1d+1h+4h,0.533,False,nofill,0.0
2026-08-27 11:30:00-04:00,354.8,357.95,358.05,357.95,360.04,13.6,10,1d+1h+4h,0.532,False,nofill,0.0
2026-08-27 12:30:00-04:00,354.96,357.95,358.05,357.95,359.95,13.6,10,1d+1h+4h,0.506,False,nofill,0.0
2026-08-27 13:30:00-04:00,354.23,357.95,358.04,357.95,359.89,13.6,10,1d+1h+4h,0.629,False,nofill,0.0
2026-08-27 14:30:00-04:00,353.47,357.95,358.04,357.95,359.84,13.6,10,1d+1h+4h,0.758,True,scratch,-0.08505105067672103
2026-08-27 15:30:00-04:00,354.05,357.95,358.04,357.95,359.8,13.6,10,1d+1h+4h,0.66,True,scratch,-0.08451662540980287
2026-08-28 09:30:00-04:00,354.64,357.95,358.04,357.95,359.85,13.6,10,1d+1h+4h,0.569,True,scratch,-0.08529608573261127
2026-08-28 10:30:00-04:00,358.29,359.05,359.15,359.05,361.16,11.6,8,1d+1h+4h,0.131,False,nofill,0.0
2026-08-28 11:30:00-04:00,357.06,357.95,358.05,357.95,360.02,13.6,10,1d+1h+4h,0.153,False,nofill,0.0
2026-08-28 12:30:00-04:00,356.8,357.95,358.05,357.95,359.97,13.6,10,1d+1h+4h,0.199,False,nofill,0.0
2026-08-28 13:30:00-04:00,355.89,357.95,358.04,357.95,359.93,13.6,10,1d+1h+4h,0.354,False,nofill,0.0
2026-08-28 14:30:00-04:00,357.35,357.95,358.04,357.95,359.9,13.6,10,1d+1h+4h,0.103,False,nofill,0.0
2026-08-28 15:30:00-04:00,357.51,357.95,358.04,357.95,359.85,13.6,10,1d+1h+4h,0.076,False,nofill,0.0
2026-08-31 09:30:00-04:00,355.91,357.95,358.04,357.95,359.93,12.6,9,1d+1h+4h,0.364,False,nofill,0.0
2026-08-31 10:30:00-04:00,355.38,357.95,358.04,357.95,359.91,12.6,9,1d+1h+4h,0.458,False,nofill,0.0
2026-08-31 11:30:00-04:00,355.61,357.95,358.04,357.95,359.83,13.6,10,1d+1h+4h,0.417,False,nofill,0.0
2026-08-31 12:30:00-04:00,355.97,357.95,358.04,357.95,359.77,13.6,10,1d+1h+4h,0.353,False,nofill,0.0
2026-08-31 13:30:00-04:00,355.83,357.95,358.03,357.95,359.71,15.4,11,1d+1h+4h,0.378,True,scratch,-0.0834056962950247
2026-08-31 14:30:00-04:00,355.62,357.95,358.03,357.95,359.67,15.4,11,1d+1h+4h,0.415,True,scratch,-0.08286907947177014
2026-08-31 15:30:00-04:00,356.16,357.95,358.03,357.95,359.64,15.4,11,1d+1h+4h,0.318,True,scratch,-0.08246557333225768
2026-09-01 09:30:00-04:00,358.72,359.05,359.15,359.05,361.05,14.4,10,1d+1h+4h,0.059,True,scratch,-0.08644969675063452
2026-09-01 10:30:00-04:00,358.1,358.73,358.83,358.73,360.79,14.4,10,1d+1h+4h,0.112,False,nofill,0.0
2026-09-01 11:30:00-04:00,356.94,357.95,358.05,357.95,359.98,15.4,11,1d+1h+4h,0.179,False,nofill,0.0
2026-09-01 12:30:00-04:00,355.46,357.95,358.05,357.95,360.03,15.4,11,1d+1h+4h,0.443,False,nofill,0.0
2026-09-01 13:30:00-04:00,355.42,357.95,358.05,357.95,359.98,15.4,11,1d+1h+4h,0.45,True,scratch,-0.08697012887445288
2026-09-01 14:30:00-04:00,355.28,357.95,358.04,357.95,359.91,15.4,11,1d+1h+4h,0.475,True,scratch,-0.08600962701522663
2026-09-01 15:30:00-04:00,355.06,357.95,358.04,357.95,359.86,15.4,11,1d+1h+4h,0.514,True,scratch,-0.08530707810792126
2026-09-02 09:30:00-04:00,359.93,361.68,361.78,361.68,363.85,8.8,6,1d+1h+4h,0.303,False,nofill,0.0
2026-09-02 10:30:00-04:00,357.93,358.28,358.39,358.28,360.59,15.4,11,1d+1h+4h,0.061,True,scratch,-0.09069213826689015
2026-09-02 11:30:00-04:00,355.09,358.28,358.4,358.28,360.71,15.4,11,1d+1h+4h,0.553,False,nofill,0.0
2026-09-02 12:30:00-04:00,354.37,358.28,358.39,358.28,360.69,15.4,11,1d+1h+4h,0.677,False,nofill,0.0
2026-09-02 13:30:00-04:00,354.74,358.28,358.39,358.28,360.6,15.4,11,1d+1h+4h,0.612,True,scratch,-0.09073166131635668
2026-09-02 14:30:00-04:00,356.13,357.95,358.06,357.95,360.23,15.4,11,1d+1h+4h,0.315,True,scratch,-0.09026133547783699
2026-09-02 15:30:00-04:00,356.46,357.95,358.05,357.95,360.15,15.4,11,1d+1h+4h,0.258,True,scratch,-0.08924519500290717
2026-09-03 09:30:00-04:00,358.13,358.73,358.84,358.73,361.11,14.4,10,1d+1h+4h,0.103,True,target,0.5712060916941875
2026-09-03 10:30:00-04:00,361.49,362.17,362.29,362.17,364.69,9.8,7,1d+1h+4h,0.117,True,scratch,-0.09302791160749058
2026-09-03 11:30:00-04:00,361.36,361.68,361.8,361.68,364.11,9.8,7,1d+1h+4h,0.055,True,scratch,-0.09195086457747248
2026-09-03 12:30:00-04:00,361.54,362.17,362.28,362.17,364.5,9.8,7,1d+1h+4h,0.108,True,scratch,-0.09059303752978476
2026-09-03 13:30:00-04:00,361.7,362.17,362.28,362.17,364.4,9.8,7,1d+1h+4h,0.081,True,scratch,-0.08930346937845446
2026-09-03 14:30:00-04:00,362.34,362.81,362.91,362.81,364.97,8.8,6,1d+1h+4h,0.081,False,nofill,0.0
2026-09-03 15:30:00-04:00,362.05,362.81,362.91,362.81,364.89,8.8,6,1d+1h+4h,0.13,False,nofill,0.0
2026-09-04 09:30:00-04:00,357.35,357.95,358.06,357.95,360.31,16.4,12,1d+1h+4h,0.101,True,scratch,-0.09139964453843685
2026-09-04 10:30:00-04:00,355.48,357.95,358.07,357.95,360.38,16.4,12,1d+1h+4h,0.414,True,scratch,-0.0922255070588851
2026-09-04 11:30:00-04:00,357.9,358.28,358.4,358.28,360.78,15.4,11,1d+1h+4h,0.065,True,scratch,-0.09316108620355257
2026-09-04 12:30:00-04:00,358.26,358.73,358.85,358.73,361.15,15.4,11,1d+1h+4h,0.078,True,scratch,-0.09203586177448653
2026-09-04 13:30:00-04:00,359.32,359.99,360.1,359.99,362.33,12.6,9,1d+1h+4h,0.112,False,nofill,0.0
2026-09-04 14:30:00-04:00,358.17,358.73,358.84,358.73,361.03,15.4,11,1d+1h+4h,0.094,False,nofill,0.0
2026-09-04 15:30:00-04:00,358.61,359.05,359.16,359.05,361.27,14.4,10,1d+1h+4h,0.074,False,nofill,0.0
2026-09-08 09:30:00-04:00,354.06,354.47,354.58,354.47,356.87,16.6,13,1d+1h+4h,0.069,True,scratch,-0.09220879628503154
2026-09-08 10:30:00-04:00,356.46,358.73,358.85,358.73,361.17,16.4,12,1d+1h+4h,0.384,False,nofill,0.0
2026-09-08 11:30:00-04:00,355.77,358.73,358.84,358.73,361.1,16.4,12,1d+1h+4h,0.5,False,nofill,0.0
2026-09-08 12:30:00-04:00,355.11,358.73,358.84,358.73,361.02,16.4,12,1d+1h+4h,0.611,False,nofill,0.0
2026-09-08 13:30:00-04:00,355.62,358.73,358.83,358.73,360.93,16.4,12,1d+1h+4h,0.525,False,nofill,0.0
2026-09-08 14:30:00-04:00,353.88,354.23,354.33,354.23,356.42,17.6,14,1d+1h+4h,0.059,True,scratch,-0.08941812709885033
2026-09-08 15:30:00-04:00,353.55,354.15,354.25,354.15,356.3,17.6,14,1d+1h+4h,0.101,True,scratch,-0.08880299602469499
2026-09-09 09:30:00-04:00,355.05,357.95,358.07,357.95,360.43,17.4,13,1d+1h+4h,0.48,False,nofill,0.0
2026-09-09 10:30:00-04:00,354.86,357.95,358.07,357.95,360.44,17.4,13,1d+1h+4h,0.51,False,nofill,0.0
2026-09-09 11:30:00-04:00,354.94,357.95,358.06,357.95,360.35,17.4,13,1d+1h+4h,0.498,False,nofill,0.0
2026-09-09 12:30:00-04:00,355.4,357.95,358.06,357.95,360.24,17.4,13,1d+1h+4h,0.423,False,nofill,0.0
2026-09-09 13:30:00-04:00,354.75,357.95,358.06,357.95,360.17,17.4,13,1d+1h+4h,0.529,False,nofill,0.0
2026-09-09 14:30:00-04:00,355.26,357.95,358.05,357.95,360.13,17.4,13,1d+1h+4h,0.445,False,nofill,0.0
2026-09-09 15:30:00-04:00,354.71,357.95,358.05,357.95,360.06,17.4,13,1d+1h+4h,0.536,False,nofill,0.0
2026-09-10 09:30:00-04:00,352.13,352.58,352.69,352.58,354.81,26.2,17,1d+1h+4h,0.077,True,scratch,-0.09009635626714418
2026-09-10 10:30:00-04:00,353.53,354.23,354.34,354.23,356.45,17.6,14,1d+1h+4h,0.119,False,nofill,0.0
2026-09-10 11:30:00-04:00,352.59,353.07,353.18,353.07,355.27,21.4,15,1d+1h+4h,0.082,True,scratch,-0.0896275915808098
2026-09-10 12:30:00-04:00,352.54,353.07,353.17,353.07,355.19,21.4,15,1d+1h+4h,0.091,True,scratch,-0.08844015680976591
2026-09-10 13:30:00-04:00,352.69,353.07,353.17,353.07,355.1,21.4,15,1d+1h+4h,0.065,True,target,0.4866229747602091
2026-09-10 14:30:00-04:00,352.63,353.07,353.17,353.07,355.03,21.4,15,1d+1h+4h,0.076,True,target,0.4663830301381733
2026-09-10 15:30:00-04:00,353.54,354.23,354.32,354.23,356.13,17.6,14,1d+1h+4h,0.118,True,target,0.44915474589839466
2026-09-11 09:30:00-04:00,356.32,357.95,358.06,357.95,360.2,16.4,12,1d+1h+4h,0.276,False,nofill,0.0
2026-09-11 10:30:00-04:00,356.43,357.95,358.06,357.95,360.19,16.4,12,1d+1h+4h,0.256,False,nofill,0.0
2026-09-11 11:30:00-04:00,356.26,357.95,358.05,357.95,360.11,16.4,12,1d+1h+4h,0.285,False,nofill,0.0
2026-09-11 12:30:00-04:00,356.86,358.73,358.83,358.73,360.84,17.4,13,1d+1h+4h,0.316,False,nofill,0.0
2026-09-11 13:30:00-04:00,356.95,358.73,358.83,358.73,360.76,17.4,13,1d+1h+4h,0.301,False,nofill,0.0
2026-09-11 14:30:00-04:00,356.53,358.73,358.82,358.73,360.67,17.4,13,1d+1h+4h,0.372,False,nofill,0.0
