ts,close,level,buy_price,stop,target,score,n_events,tfs,dist_atr,filled,outcome,ret_pct
2023-11-22 13:30:00-05:00,49.21,49.76,49.79,49.76,50.35,10.8,6,1d+1h+4h,0.374,False,nofill,0.0
2023-11-22 14:30:00-05:00,48.79,49.76,49.79,49.76,50.35,10.8,6,1d+1h+4h,0.654,False,nofill,0.0
2023-11-22 15:30:00-05:00,48.71,49.76,49.79,49.76,50.33,10.8,6,1d+1h+4h,0.709,False,nofill,0.0
2023-11-24 09:30:00-05:00,48.03,50.11,50.14,50.11,50.71,13.8,7,1d+1h+4h,1.42,False,nofill,0.0
2023-11-24 10:30:00-05:00,48.16,50.11,50.14,50.11,50.69,13.8,7,1d+1h+4h,1.33,False,nofill,0.0
2023-11-24 11:30:00-05:00,48.0,50.11,50.14,50.11,50.67,13.8,7,1d+1h+4h,1.44,False,nofill,0.0
2023-11-27 09:30:00-05:00,48.18,50.11,50.14,50.11,50.68,13.8,7,1d+1h+4h,1.353,False,nofill,0.0
2023-11-27 10:30:00-05:00,47.98,50.11,50.14,50.11,50.67,13.8,7,1d+1h+4h,1.497,False,nofill,0.0
2023-11-27 11:30:00-05:00,48.12,50.11,50.14,50.11,50.65,13.8,7,1d+1h+4h,1.395,False,nofill,0.0
2023-11-27 12:30:00-05:00,48.4,50.11,50.14,50.11,50.65,13.8,7,1d+1h+4h,1.198,False,nofill,0.0
2023-11-27 13:30:00-05:00,48.37,50.11,50.14,50.11,50.62,13.8,7,1d+1h+4h,1.223,False,nofill,0.0
2023-11-27 14:30:00-05:00,48.36,50.11,50.14,50.11,50.61,13.8,7,1d+1h+4h,1.231,False,nofill,0.0
2023-11-27 15:30:00-05:00,48.23,50.11,50.14,50.11,50.59,13.8,7,1d+1h+4h,1.318,False,nofill,0.0
2023-11-28 09:30:00-05:00,47.71,50.11,50.14,50.11,50.62,13.8,7,1d+1h+4h,1.738,False,nofill,0.0
2023-11-28 10:30:00-05:00,48.02,50.11,50.14,50.11,50.62,13.8,7,1d+1h+4h,1.513,False,nofill,0.0
2023-11-28 11:30:00-05:00,48.05,50.11,50.14,50.11,50.6,13.8,7,1d+1h+4h,1.487,False,nofill,0.0
2023-11-28 12:30:00-05:00,47.69,50.11,50.14,50.11,50.6,13.8,7,1d+1h+4h,1.753,False,nofill,0.0
2023-11-28 13:30:00-05:00,47.61,50.11,50.13,50.11,50.58,13.8,7,1d+1h+4h,1.806,False,nofill,0.0
2023-11-28 14:30:00-05:00,47.61,50.11,50.13,50.11,50.57,13.8,7,1d+1h+4h,1.806,False,nofill,0.0
2023-11-28 15:30:00-05:00,47.83,50.11,50.13,50.11,50.55,13.8,7,1d+1h+4h,1.652,False,nofill,0.0
2023-11-29 09:30:00-05:00,48.32,49.96,49.98,49.96,50.44,10.8,6,1d+1h+4h,1.21,False,nofill,0.0
2023-11-29 10:30:00-05:00,47.97,50.11,50.14,50.11,50.6,10.8,6,1d+1h+4h,1.583,False,nofill,0.0
2023-11-29 11:30:00-05:00,48.22,49.96,49.98,49.96,50.44,10.8,6,1d+1h+4h,1.287,False,nofill,0.0
2023-11-29 12:30:00-05:00,48.19,49.96,49.98,49.96,50.42,10.8,6,1d+1h+4h,1.306,False,nofill,0.0
2023-11-29 13:30:00-05:00,48.15,50.11,50.13,50.11,50.56,10.8,6,1d+1h+4h,1.451,False,nofill,0.0
2023-11-29 14:30:00-05:00,48.1,50.11,50.13,50.11,50.55,10.8,6,1d+1h+4h,1.489,False,nofill,0.0
2023-11-29 15:30:00-05:00,48.14,50.11,50.13,50.11,50.52,10.8,6,1d+1h+4h,1.463,False,nofill,0.0
2023-11-30 09:30:00-05:00,47.38,50.11,50.13,50.11,50.55,13.8,7,1d+1h+4h,1.982,False,nofill,0.0
2023-11-30 10:30:00-05:00,46.72,48.23,48.25,48.23,48.7,9.8,7,1d+1h+4h,1.096,False,nofill,0.0
2023-11-30 11:30:00-05:00,46.67,48.2,48.22,48.2,48.66,9.8,7,1d+1h+4h,1.109,False,nofill,0.0
2023-11-30 12:30:00-05:00,46.49,48.2,48.22,48.2,48.66,9.8,7,1d+1h+4h,1.242,False,nofill,0.0
2023-11-30 13:30:00-05:00,46.58,48.2,48.22,48.2,48.65,9.8,7,1d+1h+4h,1.173,False,nofill,0.0
2023-11-30 14:30:00-05:00,46.58,48.2,48.22,48.2,48.64,9.8,7,1d+1h+4h,1.18,False,nofill,0.0
2023-11-30 15:30:00-05:00,46.78,48.23,48.25,48.23,48.67,9.8,7,1d+1h+4h,1.052,False,nofill,0.0
2023-12-01 09:30:00-05:00,46.37,47.47,47.49,47.47,47.93,9.8,5,1d+1h+4h,0.813,False,nofill,0.0
2023-12-01 10:30:00-05:00,46.85,48.23,48.25,48.23,48.71,9.8,7,1d+1h+4h,1.021,False,nofill,0.0
2023-12-01 11:30:00-05:00,46.94,48.23,48.25,48.23,48.7,9.8,7,1d+1h+4h,0.952,False,nofill,0.0
2023-12-01 12:30:00-05:00,46.89,48.23,48.25,48.23,48.69,9.8,7,1d+1h+4h,0.991,False,nofill,0.0
2023-12-01 13:30:00-05:00,46.8,48.23,48.25,48.23,48.68,9.8,7,1d+1h+4h,1.059,False,nofill,0.0
2023-12-01 14:30:00-05:00,46.83,48.23,48.25,48.23,48.66,9.8,7,1d+1h+4h,1.039,False,nofill,0.0
2023-12-01 15:30:00-05:00,46.76,47.47,47.49,47.47,47.88,10.8,6,1d+1h+4h,0.523,False,nofill,0.0
2023-12-04 09:30:00-05:00,45.29,47.47,47.49,47.47,47.97,10.8,6,1d+1h+4h,1.578,False,nofill,0.0
2023-12-04 10:30:00-05:00,45.31,47.47,47.49,47.47,47.96,10.8,6,1d+1h+4h,1.566,False,nofill,0.0
2023-12-04 11:30:00-05:00,45.61,47.47,47.5,47.47,47.97,10.8,6,1d+1h+4h,1.352,False,nofill,0.0
2023-12-04 12:30:00-05:00,45.35,47.47,47.49,47.47,47.95,10.8,6,1d+1h+4h,1.532,False,nofill,0.0
2023-12-04 13:30:00-05:00,45.26,47.47,47.49,47.47,47.94,10.8,6,1d+1h+4h,1.597,False,nofill,0.0
2023-12-04 14:30:00-05:00,45.26,47.47,47.49,47.47,47.93,10.8,6,1d+1h+4h,1.597,False,nofill,0.0
2023-12-04 15:30:00-05:00,45.51,47.47,47.49,47.47,47.92,10.8,6,1d+1h+4h,1.417,False,nofill,0.0
2023-12-05 09:30:00-05:00,46.23,47.47,47.49,47.47,47.98,10.8,6,1d+1h+4h,0.896,False,nofill,0.0
2023-12-05 10:30:00-05:00,46.05,47.47,47.49,47.47,47.99,10.8,6,1d+1h+4h,1.03,False,nofill,0.0
2023-12-05 11:30:00-05:00,46.16,47.47,47.49,47.47,47.99,10.8,6,1d+1h+4h,0.951,False,nofill,0.0
2023-12-05 12:30:00-05:00,46.14,47.47,47.49,47.47,47.97,10.8,6,1d+1h+4h,0.964,False,nofill,0.0
2023-12-05 13:30:00-05:00,46.4,47.47,47.49,47.47,47.96,10.8,6,1d+1h+4h,0.776,False,nofill,0.0
2023-12-05 14:30:00-05:00,46.33,47.47,47.49,47.47,47.94,10.8,6,1d+1h+4h,0.828,False,nofill,0.0
2023-12-05 15:30:00-05:00,46.57,47.47,47.49,47.47,47.93,10.8,6,1d+1h+4h,0.654,False,nofill,0.0
2023-12-06 09:30:00-05:00,46.44,47.47,47.49,47.47,47.98,10.8,6,1d+1h+4h,0.721,False,nofill,0.0
2023-12-06 10:30:00-05:00,46.41,47.47,47.49,47.47,47.96,10.8,6,1d+1h+4h,0.747,False,nofill,0.0
2023-12-06 11:30:00-05:00,46.37,47.47,47.49,47.47,47.94,10.8,6,1d+1h+4h,0.774,False,nofill,0.0
2023-12-06 12:30:00-05:00,45.94,47.52,47.54,47.52,48.0,11.8,7,1d+1h+4h,1.119,False,nofill,0.0
2023-12-06 13:30:00-05:00,45.8,47.47,47.5,47.47,47.94,11.8,7,1d+1h+4h,1.176,False,nofill,0.0
2023-12-06 14:30:00-05:00,45.67,47.47,47.49,47.47,47.93,11.8,7,1d+1h+4h,1.266,False,nofill,0.0
2023-12-06 15:30:00-05:00,45.5,47.47,47.49,47.47,47.92,11.8,7,1d+1h+4h,1.387,False,nofill,0.0
2023-12-07 09:30:00-05:00,46.15,47.47,47.49,47.47,47.95,11.8,7,1d+1h+4h,0.946,False,nofill,0.0
2023-12-07 10:30:00-05:00,46.17,47.39,47.41,47.39,47.86,11.8,7,1d+1h+4h,0.869,False,nofill,0.0
2023-12-07 11:30:00-05:00,46.41,47.39,47.41,47.39,47.85,11.8,7,1d+1h+4h,0.697,False,nofill,0.0
2023-12-07 12:30:00-05:00,46.35,47.39,47.41,47.39,47.84,13.6,8,1d+1h+4h,0.742,False,nofill,0.0
2023-12-07 13:30:00-05:00,46.48,47.39,47.41,47.39,47.82,13.6,8,1d+1h+4h,0.646,True,scratch,-0.1035061077969246
2023-12-07 14:30:00-05:00,46.42,47.39,47.41,47.39,47.8,13.6,8,1d+1h+4h,0.692,True,scratch,-0.10145214555533633
2023-12-07 15:30:00-05:00,46.6,47.39,47.41,47.39,47.79,13.6,8,1d+1h+4h,0.565,True,scratch,-0.10023722887413378
2023-12-08 09:30:00-05:00,47.56,50.11,50.13,50.11,50.57,13.8,7,1d+1h+4h,1.844,False,nofill,0.0
2023-12-08 10:30:00-05:00,47.58,50.11,50.13,50.11,50.56,13.8,7,1d+1h+4h,1.83,False,nofill,0.0
2023-12-08 11:30:00-05:00,47.45,50.11,50.13,50.11,50.57,13.8,7,1d+1h+4h,1.925,False,nofill,0.0
2023-12-08 12:30:00-05:00,47.57,50.11,50.13,50.11,50.55,13.8,7,1d+1h+4h,1.838,False,nofill,0.0
2023-12-08 13:30:00-05:00,47.68,50.11,50.13,50.11,50.54,13.8,7,1d+1h+4h,1.763,False,nofill,0.0
2023-12-08 14:30:00-05:00,47.51,50.11,50.13,50.11,50.53,13.8,7,1d+1h+4h,1.88,False,nofill,0.0
2023-12-08 15:30:00-05:00,47.51,50.11,50.13,50.11,50.5,13.8,7,1d+1h+4h,1.884,False,nofill,0.0
2023-12-11 09:30:00-05:00,46.26,47.52,47.54,47.52,47.98,14.6,9,1d+1h+4h,0.899,False,nofill,0.0
2023-12-11 10:30:00-05:00,46.03,47.52,47.54,47.52,48.0,14.6,9,1d+1h+4h,1.064,False,nofill,0.0
2023-12-11 11:30:00-05:00,46.22,47.52,47.54,47.52,48.0,14.6,9,1d+1h+4h,0.924,False,nofill,0.0
2023-12-11 12:30:00-05:00,46.55,47.47,47.49,47.47,47.99,16.4,10,1d+1h+4h,0.655,False,nofill,0.0
2023-12-11 13:30:00-05:00,46.83,47.47,47.49,47.47,47.98,16.4,10,1d+1h+4h,0.456,False,nofill,0.0
2023-12-11 14:30:00-05:00,46.54,47.47,47.49,47.47,47.98,16.4,10,1d+1h+4h,0.658,False,nofill,0.0
2023-12-11 15:30:00-05:00,46.64,47.47,47.49,47.47,47.95,16.4,10,1d+1h+4h,0.59,False,nofill,0.0
2023-12-12 09:30:00-05:00,47.01,47.39,47.41,47.39,47.94,16.4,10,1d+1h+4h,0.268,False,nofill,0.0
2023-12-12 10:30:00-05:00,47.07,47.39,47.41,47.39,47.94,16.4,10,1d+1h+4h,0.223,False,nofill,0.0
2023-12-12 11:30:00-05:00,46.89,47.39,47.41,47.39,47.93,16.4,10,1d+1h+4h,0.352,True,target,1.0249939126894203
2023-12-12 12:30:00-05:00,46.94,47.39,47.41,47.39,47.9,17.4,11,1d+1h+4h,0.312,True,target,0.976880261464852
2023-12-12 13:30:00-05:00,47.25,47.39,47.41,47.39,47.89,17.4,11,1d+1h+4h,0.099,True,target,0.9553771234150243
2023-12-12 14:30:00-05:00,47.48,47.65,47.68,47.65,48.14,16.4,10,1d+1h+4h,0.123,True,target,0.9208972057907605
2023-12-12 15:30:00-05:00,47.66,47.74,47.76,47.74,48.21,16.4,10,1d+1h+4h,0.058,True,target,0.8836648617747134
2023-12-13 09:30:00-05:00,48.34,50.11,50.14,50.11,50.63,13.8,7,1d+1h+4h,1.276,False,nofill,0.0
2023-12-13 10:30:00-05:00,48.28,50.11,50.14,50.11,50.61,13.8,7,1d+1h+4h,1.323,False,nofill,0.0
2023-12-13 11:30:00-05:00,48.14,50.11,50.14,50.11,50.6,13.8,7,1d+1h+4h,1.424,False,nofill,0.0
2023-12-13 12:30:00-05:00,47.87,50.11,50.13,50.11,50.59,13.8,7,1d+1h+4h,1.618,False,nofill,0.0
2023-12-13 13:30:00-05:00,48.32,50.11,50.14,50.11,50.61,13.8,7,1d+1h+4h,1.291,False,nofill,0.0
2023-12-13 14:30:00-05:00,47.98,50.11,50.14,50.11,50.63,13.8,7,1d+1h+4h,1.534,False,nofill,0.0
2023-12-13 15:30:00-05:00,48.09,50.11,50.14,50.11,50.6,13.8,7,1d+1h+4h,1.456,False,nofill,0.0
2023-12-14 09:30:00-05:00,48.13,50.11,50.14,50.11,50.62,13.8,7,1d+1h+4h,1.435,False,nofill,0.0
2023-12-14 10:30:00-05:00,48.21,50.11,50.14,50.11,50.62,13.8,7,1d+1h+4h,1.382,False,nofill,0.0
2023-12-14 11:30:00-05:00,48.23,50.11,50.14,50.11,50.61,13.8,7,1d+1h+4h,1.366,False,nofill,0.0
2023-12-14 12:30:00-05:00,47.56,47.65,47.68,47.65,48.17,16.4,10,1d+1h+4h,0.065,True,target,0.9767980626784745
2023-12-14 13:30:00-05:00,48.03,50.11,50.14,50.11,50.64,13.8,7,1d+1h+4h,1.508,False,nofill,0.0
2023-12-14 14:30:00-05:00,48.12,50.11,50.14,50.11,50.62,13.8,7,1d+1h+4h,1.446,False,nofill,0.0
2023-12-14 15:30:00-05:00,48.35,50.11,50.14,50.11,50.6,13.8,7,1d+1h+4h,1.279,False,nofill,0.0
2023-12-15 09:30:00-05:00,49.27,50.11,50.14,50.11,50.64,13.8,7,1d+1h+4h,0.612,False,nofill,0.0
2023-12-15 10:30:00-05:00,49.13,50.11,50.14,50.11,50.63,13.8,7,1d+1h+4h,0.716,False,nofill,0.0
2023-12-15 11:30:00-05:00,49.09,50.11,50.14,50.11,50.62,13.8,7,1d+1h+4h,0.747,False,nofill,0.0
2023-12-15 12:30:00-05:00,49.21,50.11,50.14,50.11,50.61,13.8,7,1d+1h+4h,0.655,False,nofill,0.0
2023-12-15 13:30:00-05:00,48.97,50.11,50.14,50.11,50.6,13.8,7,1d+1h+4h,0.832,False,nofill,0.0
2023-12-15 14:30:00-05:00,48.96,50.11,50.13,50.11,50.58,13.8,7,1d+1h+4h,0.837,False,nofill,0.0
2023-12-15 15:30:00-05:00,48.94,50.11,50.13,50.11,50.56,13.8,7,1d+1h+4h,0.852,False,nofill,0.0
2023-12-18 09:30:00-05:00,49.97,50.11,50.14,50.11,50.61,13.8,7,1d+1h+4h,0.101,False,nofill,0.0
2023-12-18 10:30:00-05:00,49.8,50.11,50.14,50.11,50.6,13.8,7,1d+1h+4h,0.229,True,scratch,-0.10634171688818084
2023-12-18 11:30:00-05:00,49.82,50.11,50.13,50.11,50.59,13.8,7,1d+1h+4h,0.212,True,scratch,-0.10502430291812193
2023-12-18 12:30:00-05:00,49.92,50.11,50.13,50.11,50.56,13.8,7,1d+1h+4h,0.139,True,scratch,-0.10291852423699455
2023-12-18 13:30:00-05:00,50.28,50.4,50.42,50.4,50.85,8.8,4,1d+1h+4h,0.089,True,scratch,-0.10262764427265703
2023-12-18 15:30:00-05:00,50.08,50.33,50.36,50.33,50.77,8.8,4,1d+1h+4h,0.184,False,nofill,0.0
2023-12-19 09:30:00-05:00,49.55,50.11,50.14,50.11,50.6,13.8,7,1d+1h+4h,0.411,False,nofill,0.0
2023-12-19 10:30:00-05:00,49.14,50.11,50.14,50.11,50.62,13.8,7,1d+1h+4h,0.712,False,nofill,0.0
2023-12-19 11:30:00-05:00,49.3,50.11,50.14,50.11,50.61,14.8,8,1d+1h+4h,0.592,False,nofill,0.0
2023-12-19 12:30:00-05:00,49.16,50.11,50.14,50.11,50.6,14.8,8,1d+1h+4h,0.694,False,nofill,0.0
2023-12-19 13:30:00-05:00,49.46,50.11,50.13,50.11,50.59,14.8,8,1d+1h+4h,0.474,False,nofill,0.0
2023-12-19 14:30:00-05:00,49.5,50.11,50.13,50.11,50.56,14.8,8,1d+1h+4h,0.447,False,nofill,0.0
2023-12-19 15:30:00-05:00,49.61,50.11,50.13,50.11,50.55,14.8,8,1d+1h+4h,0.365,False,nofill,0.0
2023-12-20 09:30:00-05:00,49.74,50.11,50.13,50.11,50.55,16.6,9,1d+1h+4h,0.262,False,nofill,0.0
2023-12-20 10:30:00-05:00,49.81,50.11,50.13,50.11,50.54,16.6,9,1d+1h+4h,0.213,False,nofill,0.0
2023-12-20 11:30:00-05:00,49.78,50.11,50.13,50.11,50.52,16.6,9,1d+1h+4h,0.237,False,nofill,0.0
2023-12-20 12:30:00-05:00,49.84,50.11,50.13,50.11,50.51,16.6,9,1d+1h+4h,0.193,False,nofill,0.0
2023-12-20 13:30:00-05:00,49.48,50.11,50.13,50.11,50.51,16.6,9,1d+1h+4h,0.451,False,nofill,0.0
2023-12-20 14:30:00-05:00,48.36,50.11,50.13,50.11,50.58,16.6,9,1d+1h+4h,1.244,False,nofill,0.0
2023-12-20 15:30:00-05:00,48.11,50.11,50.13,50.11,50.57,16.6,9,1d+1h+4h,1.424,False,nofill,0.0
2023-12-21 09:30:00-05:00,48.64,50.11,50.14,50.11,50.61,19.6,10,1d+1h+4h,1.069,False,nofill,0.0
2023-12-21 10:30:00-05:00,48.71,50.11,50.14,50.11,50.59,19.6,10,1d+1h+4h,1.017,False,nofill,0.0
2023-12-21 11:30:00-05:00,48.66,50.11,50.13,50.11,50.59,19.6,10,1d+1h+4h,1.059,False,nofill,0.0
2023-12-21 12:30:00-05:00,48.56,50.11,50.13,50.11,50.58,19.6,10,1d+1h+4h,1.132,False,nofill,0.0
2023-12-21 13:30:00-05:00,48.61,50.11,50.13,50.11,50.56,19.6,10,1d+1h+4h,1.09,False,nofill,0.0
2023-12-21 14:30:00-05:00,48.92,50.11,50.13,50.11,50.55,19.6,10,1d+1h+4h,0.869,False,nofill,0.0
2023-12-21 15:30:00-05:00,49.0,50.11,50.13,50.11,50.53,19.6,10,1d+1h+4h,0.811,False,nofill,0.0
2023-12-22 09:30:00-05:00,49.21,50.29,50.31,50.29,50.71,18.4,10,1d+1h+4h,0.799,False,nofill,0.0
2023-12-22 10:30:00-05:00,49.04,50.29,50.31,50.29,50.7,18.4,10,1d+1h+4h,0.925,False,nofill,0.0
2023-12-22 11:30:00-05:00,48.96,50.29,50.31,50.29,50.7,18.4,10,1d+1h+4h,0.991,False,nofill,0.0
2023-12-22 12:30:00-05:00,49.03,50.29,50.31,50.29,50.68,18.4,10,1d+1h+4h,0.938,False,nofill,0.0
2023-12-22 13:30:00-05:00,48.58,50.29,50.31,50.29,50.7,18.4,10,1d+1h+4h,1.272,False,nofill,0.0
2023-12-22 14:30:00-05:00,48.81,50.29,50.31,50.29,50.69,18.4,10,1d+1h+4h,1.099,False,nofill,0.0
2023-12-22 15:30:00-05:00,48.83,50.29,50.31,50.29,50.68,18.4,10,1d+1h+4h,1.087,False,nofill,0.0
2023-12-26 09:30:00-05:00,49.39,50.11,50.13,50.11,50.53,16.6,9,1d+1h+4h,0.558,False,nofill,0.0
2023-12-26 10:30:00-05:00,49.32,50.11,50.13,50.11,50.52,16.6,9,1d+1h+4h,0.605,False,nofill,0.0
2023-12-26 11:30:00-05:00,49.35,50.11,50.13,50.11,50.51,16.6,9,1d+1h+4h,0.585,False,nofill,0.0
2023-12-26 12:30:00-05:00,49.35,50.11,50.13,50.11,50.49,16.6,9,1d+1h+4h,0.586,False,nofill,0.0
2023-12-26 13:30:00-05:00,49.33,50.11,50.13,50.11,50.47,16.6,9,1d+1h+4h,0.598,False,nofill,0.0
2023-12-26 14:30:00-05:00,49.45,50.11,50.13,50.11,50.46,16.6,9,1d+1h+4h,0.507,False,nofill,0.0
2023-12-26 15:30:00-05:00,49.28,50.11,50.13,50.11,50.45,16.6,9,1d+1h+4h,0.639,False,nofill,0.0
2023-12-27 09:30:00-05:00,49.2,50.0,50.02,50.0,50.36,14.8,8,1d+1h+4h,0.64,False,nofill,0.0
2023-12-27 10:30:00-05:00,49.36,50.0,50.02,50.0,50.35,14.8,8,1d+1h+4h,0.509,False,nofill,0.0
2023-12-27 11:30:00-05:00,49.4,50.0,50.01,50.0,50.33,14.8,8,1d+1h+4h,0.476,False,nofill,0.0
2023-12-27 12:30:00-05:00,49.43,50.0,50.01,50.0,50.32,14.8,8,1d+1h+4h,0.458,False,nofill,0.0
2023-12-27 13:30:00-05:00,49.41,50.0,50.01,50.0,50.31,14.8,8,1d+1h+4h,0.468,False,nofill,0.0
2023-12-27 14:30:00-05:00,49.37,50.0,50.01,50.0,50.3,14.8,8,1d+1h+4h,0.5,False,nofill,0.0
2023-12-27 15:30:00-05:00,49.42,50.0,50.01,50.0,50.29,14.8,8,1d+1h+4h,0.462,False,nofill,0.0
2023-12-28 09:30:00-05:00,49.6,50.0,50.01,50.0,50.29,14.8,8,1d+1h+4h,0.331,False,nofill,0.0
2023-12-28 10:30:00-05:00,49.66,50.0,50.01,50.0,50.29,14.8,8,1d+1h+4h,0.284,False,nofill,0.0
2023-12-28 11:30:00-05:00,49.72,50.0,50.01,50.0,50.28,14.8,8,1d+1h+4h,0.231,False,nofill,0.0
2023-12-28 12:30:00-05:00,49.76,50.0,50.01,50.0,50.28,14.8,8,1d+1h+4h,0.198,False,nofill,0.0
2023-12-28 13:30:00-05:00,49.63,50.0,50.01,50.0,50.27,14.8,8,1d+1h+4h,0.312,False,nofill,0.0
2023-12-28 14:30:00-05:00,49.52,50.0,50.01,50.0,50.27,14.8,8,1d+1h+4h,0.397,False,nofill,0.0
2023-12-28 15:30:00-05:00,49.52,50.0,50.01,50.0,50.27,15.8,9,1d+1h+4h,0.401,False,nofill,0.0
2023-12-29 09:30:00-05:00,49.84,50.0,50.01,50.0,50.28,15.8,9,1d+1h+4h,0.134,False,nofill,0.0
2023-12-29 10:30:00-05:00,48.81,50.11,50.13,50.11,50.46,15.8,9,1d+1h+4h,1.085,False,nofill,0.0
2023-12-29 11:30:00-05:00,48.99,50.11,50.13,50.11,50.46,15.8,9,1d+1h+4h,0.936,False,nofill,0.0
2023-12-29 12:30:00-05:00,49.42,50.0,50.01,50.0,50.36,15.8,9,1d+1h+4h,0.479,False,nofill,0.0
2023-12-29 13:30:00-05:00,49.79,50.0,50.01,50.0,50.37,15.8,9,1d+1h+4h,0.173,False,nofill,0.0
2023-12-29 14:30:00-05:00,49.73,50.0,50.01,50.0,50.36,15.8,9,1d+1h+4h,0.219,False,nofill,0.0
2023-12-29 15:30:00-05:00,49.53,50.0,50.01,50.0,50.36,15.8,9,1d+1h+4h,0.393,False,nofill,0.0
2024-01-02 09:30:00-05:00,47.67,47.94,47.96,47.94,48.42,19.4,13,1d+1h+4h,0.219,True,scratch,-0.10781459140730698
2024-01-02 10:30:00-05:00,48.12,50.0,50.02,50.0,50.49,16.8,10,1d+1h+4h,1.506,False,nofill,0.0
2024-01-02 11:30:00-05:00,48.11,50.0,50.02,50.0,50.47,16.8,10,1d+1h+4h,1.512,False,nofill,0.0
2024-01-02 12:30:00-05:00,48.19,50.0,50.02,50.0,50.47,18.6,11,1d+1h+4h,1.45,False,nofill,0.0
2024-01-02 13:30:00-05:00,48.19,50.0,50.02,50.0,50.45,18.6,11,1d+1h+4h,1.448,False,nofill,0.0
2024-01-02 14:30:00-05:00,47.88,47.96,47.98,47.96,48.41,19.4,13,1d+1h+4h,0.06,True,scratch,-0.1049120509205248
2024-01-02 15:30:00-05:00,48.18,50.0,50.02,50.0,50.45,18.6,11,1d+1h+4h,1.451,False,nofill,0.0
2024-01-03 09:30:00-05:00,47.49,47.69,47.71,47.69,48.18,23.2,14,1d+1h+4h,0.16,True,scratch,-0.10840458454045576
2024-01-03 10:30:00-05:00,47.75,47.94,47.96,47.94,48.44,19.4,13,1d+1h+4h,0.155,False,nofill,0.0
2024-01-03 11:30:00-05:00,47.77,47.94,47.96,47.94,48.41,19.4,13,1d+1h+4h,0.137,False,nofill,0.0
2024-01-03 12:30:00-05:00,47.62,47.69,47.71,47.69,48.15,23.2,14,1d+1h+4h,0.054,True,scratch,-0.10598909479440088
2024-01-03 13:30:00-05:00,47.69,47.94,47.96,47.94,48.39,19.4,13,1d+1h+4h,0.203,True,target,0.8323941449768446
2024-01-03 14:30:00-05:00,47.65,47.94,47.96,47.94,48.38,19.4,13,1d+1h+4h,0.236,True,target,0.8089980277640407
2024-01-03 15:30:00-05:00,47.57,47.69,47.71,47.69,48.12,23.2,14,1d+1h+4h,0.098,True,target,0.7956166680292531
2024-01-04 09:30:00-05:00,47.96,50.11,50.13,50.11,50.55,21.6,12,1d+1h+4h,1.789,False,nofill,0.0
2024-01-04 10:30:00-05:00,48.31,50.0,50.02,50.0,50.44,21.6,12,1d+1h+4h,1.403,False,nofill,0.0
2024-01-04 11:30:00-05:00,48.27,50.0,50.02,50.0,50.43,21.6,12,1d+1h+4h,1.435,False,nofill,0.0
2024-01-04 12:30:00-05:00,48.28,50.0,50.02,50.0,50.42,21.6,12,1d+1h+4h,1.424,False,nofill,0.0
2024-01-04 13:30:00-05:00,48.14,50.0,50.02,50.0,50.41,21.6,12,1d+1h+4h,1.537,False,nofill,0.0
2024-01-04 14:30:00-05:00,48.2,50.0,50.02,50.0,50.4,21.6,12,1d+1h+4h,1.495,False,nofill,0.0
2024-01-04 15:30:00-05:00,47.99,50.0,50.02,50.0,50.39,21.6,12,1d+1h+4h,1.661,False,nofill,0.0
2024-01-05 09:30:00-05:00,48.95,50.0,50.02,50.0,50.44,21.6,12,1d+1h+4h,0.851,False,nofill,0.0
2024-01-05 10:30:00-05:00,49.39,50.0,50.02,50.0,50.45,21.6,12,1d+1h+4h,0.496,False,nofill,0.0
2024-01-05 11:30:00-05:00,49.04,50.11,50.13,50.11,50.57,21.6,12,1d+1h+4h,0.871,False,nofill,0.0
2024-01-05 12:30:00-05:00,49.16,50.0,50.02,50.0,50.44,21.6,12,1d+1h+4h,0.684,False,nofill,0.0
2024-01-05 13:30:00-05:00,49.21,50.11,50.13,50.11,50.54,21.6,12,1d+1h+4h,0.734,True,target,0.7510678197039322
2024-01-05 14:30:00-05:00,48.87,50.0,50.02,50.0,50.43,21.6,12,1d+1h+4h,0.919,True,target,0.7631969289659146
2024-01-05 15:30:00-05:00,49.09,50.11,50.13,50.11,50.54,21.6,12,1d+1h+4h,0.831,True,target,0.7451121897112278
2024-02-15 12:30:00-05:00,73.3,74.24,74.28,74.24,75.19,6.8,4,1d+1h+4h,0.425,False,nofill,0.0
2024-02-15 13:30:00-05:00,73.21,74.24,74.28,74.24,75.16,6.8,4,1d+1h+4h,0.469,True,scratch,-0.11902714991162133
2024-02-15 14:30:00-05:00,72.85,74.24,74.28,74.24,75.14,6.8,4,1d+1h+4h,0.631,True,scratch,-0.11780397833075495
2024-02-15 15:30:00-05:00,72.66,74.24,74.28,74.24,75.1,6.8,4,1d+1h+4h,0.721,True,scratch,-0.11542426728521349
2024-02-16 09:30:00-05:00,73.24,74.24,74.28,74.24,75.18,6.8,4,1d+1h+4h,0.461,False,nofill,0.0
2024-02-16 10:30:00-05:00,73.84,74.24,74.28,74.24,75.21,6.8,4,1d+1h+4h,0.183,False,nofill,0.0
2024-02-16 11:30:00-05:00,73.9,74.24,74.28,74.24,75.17,6.8,4,1d+1h+4h,0.153,False,nofill,0.0
2024-02-16 12:30:00-05:00,73.27,73.97,74.02,73.97,74.91,6.8,4,1d+1h+4h,0.325,True,scratch,-0.12005650870752227
2024-02-16 13:30:00-05:00,73.79,73.97,74.02,73.97,74.91,6.8,4,1d+1h+4h,0.086,False,nofill,0.0
2024-02-16 14:30:00-05:00,73.36,73.97,74.02,73.97,74.91,6.8,4,1d+1h+4h,0.285,False,nofill,0.0
2024-02-16 15:30:00-05:00,72.6,73.97,74.02,73.97,74.91,6.8,4,1d+1h+4h,0.633,False,nofill,0.0
2024-02-20 15:30:00-05:00,69.46,73.97,74.03,73.97,75.07,8.6,5,1d+1h+4h,1.913,False,nofill,0.0
2024-03-21 15:30:00-04:00,91.38,91.96,92.02,91.96,93.25,6.6,5,1h+4h,0.15,True,target,1.2731894579167014
2024-03-25 12:30:00-04:00,95.7,96.77,96.83,96.77,98.1,6.8,4,1d+1h+4h,0.28,False,nofill,0.0
2024-03-25 13:30:00-04:00,95.95,96.77,96.83,96.77,98.06,6.8,4,1d+1h+4h,0.215,False,nofill,0.0
2024-03-25 14:30:00-04:00,95.44,96.77,96.83,96.77,98.04,6.8,4,1d+1h+4h,0.347,False,nofill,0.0
2024-03-25 15:30:00-04:00,95.0,96.77,96.83,96.77,98.02,6.8,4,1d+1h+4h,0.463,False,nofill,0.0
2024-03-26 09:30:00-04:00,94.28,96.77,96.83,96.77,98.09,6.8,4,1d+1h+4h,0.652,False,nofill,0.0
2024-03-26 10:30:00-04:00,94.84,96.77,96.83,96.77,98.06,6.8,4,1d+1h+4h,0.504,False,nofill,0.0
2024-03-26 11:30:00-04:00,94.37,96.77,96.83,96.77,98.06,6.8,4,1d+1h+4h,0.626,False,nofill,0.0
2024-03-26 12:30:00-04:00,94.47,96.77,96.83,96.77,98.01,6.8,4,1d+1h+4h,0.6,False,nofill,0.0
2024-03-26 13:30:00-04:00,94.92,96.77,96.82,96.77,97.98,8.6,5,1d+1h+4h,0.483,False,nofill,0.0
2024-03-26 14:30:00-04:00,94.04,96.77,96.82,96.77,97.97,8.6,5,1d+1h+4h,0.714,False,nofill,0.0
2024-03-26 15:30:00-04:00,92.57,96.77,96.83,96.77,98.01,8.6,5,1d+1h+4h,1.098,False,nofill,0.0
2024-03-27 09:30:00-04:00,89.99,96.77,96.84,96.77,98.23,8.6,5,1d+1h+4h,1.764,False,nofill,0.0
2024-03-27 10:30:00-04:00,89.57,96.77,96.83,96.77,98.19,8.6,5,1d+1h+4h,1.874,False,nofill,0.0
2024-03-27 11:30:00-04:00,90.19,96.77,96.83,96.77,98.16,8.6,5,1d+1h+4h,1.712,False,nofill,0.0
2024-03-27 12:30:00-04:00,90.17,96.77,96.83,96.77,98.1,8.6,5,1d+1h+4h,1.718,False,nofill,0.0
2024-03-27 13:30:00-04:00,90.27,96.77,96.83,96.77,98.06,8.6,5,1d+1h+4h,1.691,False,nofill,0.0
2024-03-27 14:30:00-04:00,89.59,96.77,96.83,96.77,98.06,8.6,5,1d+1h+4h,1.868,False,nofill,0.0
2024-03-27 15:30:00-04:00,90.26,96.77,96.83,96.77,98.05,8.6,5,1d+1h+4h,1.695,False,nofill,0.0
2024-03-28 09:30:00-04:00,90.57,96.49,96.56,96.49,97.84,11.6,6,1d+1h+4h,1.595,False,nofill,0.0
2024-03-28 10:30:00-04:00,90.67,96.49,96.55,96.49,97.79,11.6,6,1d+1h+4h,1.566,False,nofill,0.0
2024-03-28 11:30:00-04:00,90.63,96.49,96.55,96.49,97.73,11.6,6,1d+1h+4h,1.576,False,nofill,0.0
2024-03-28 12:30:00-04:00,90.59,96.49,96.55,96.49,97.67,11.6,6,1d+1h+4h,1.588,False,nofill,0.0
2024-03-28 13:30:00-04:00,90.38,96.49,96.55,96.49,97.63,11.6,6,1d+1h+4h,1.644,False,nofill,0.0
2024-03-28 14:30:00-04:00,90.43,96.49,96.54,96.49,97.59,11.6,6,1d+1h+4h,1.63,False,nofill,0.0
2024-03-28 15:30:00-04:00,90.32,96.49,96.54,96.49,97.54,11.6,6,1d+1h+4h,1.661,False,nofill,0.0
2024-04-01 09:30:00-04:00,91.34,96.49,96.54,96.49,97.62,11.6,6,1d+1h+4h,1.404,False,nofill,0.0
2024-04-01 10:30:00-04:00,89.98,96.49,96.55,96.49,97.71,11.6,6,1d+1h+4h,1.776,False,nofill,0.0
2024-04-01 11:30:00-04:00,89.88,96.49,96.55,96.49,97.68,11.6,6,1d+1h+4h,1.804,False,nofill,0.0
2024-04-01 12:30:00-04:00,89.9,96.49,96.55,96.49,97.65,11.6,6,1d+1h+4h,1.797,False,nofill,0.0
2024-04-01 13:30:00-04:00,90.14,96.49,96.54,96.49,97.6,11.6,6,1d+1h+4h,1.732,False,nofill,0.0
2024-04-01 14:30:00-04:00,89.99,96.49,96.54,96.49,97.57,11.6,6,1d+1h+4h,1.774,False,nofill,0.0
2024-04-01 15:30:00-04:00,90.37,96.49,96.54,96.49,97.54,11.6,6,1d+1h+4h,1.669,False,nofill,0.0
2024-04-02 09:30:00-04:00,88.03,88.44,88.49,88.44,89.62,8.8,8,1h+4h,0.114,True,target,1.214265933889025
2024-04-02 10:30:00-04:00,89.38,96.38,96.43,96.38,97.59,8.8,4,1d+1h+4h,1.945,False,nofill,0.0
2024-04-02 11:30:00-04:00,89.12,91.96,92.02,91.96,93.14,8.6,7,1h+4h,0.789,False,nofill,0.0
2024-04-02 12:30:00-04:00,89.65,96.77,96.82,96.77,97.94,11.6,6,1d+1h+4h,1.978,False,nofill,0.0
2024-04-02 13:30:00-04:00,89.55,91.96,92.01,91.96,93.08,10.4,8,1h+4h,0.67,False,nofill,0.0
2024-04-02 14:30:00-04:00,89.32,91.96,92.01,91.96,93.04,10.4,8,1h+4h,0.733,False,nofill,0.0
2024-04-02 15:30:00-04:00,89.45,91.96,92.01,91.96,92.99,10.4,8,1h+4h,0.698,False,nofill,0.0
2024-04-03 09:30:00-04:00,90.16,96.77,96.82,96.77,97.87,11.6,6,1d+1h+4h,1.896,False,nofill,0.0
2024-04-03 10:30:00-04:00,90.19,96.77,96.82,96.77,97.83,11.6,6,1d+1h+4h,1.889,False,nofill,0.0
2024-04-03 11:30:00-04:00,89.62,91.96,92.01,91.96,93.03,10.4,8,1h+4h,0.671,False,nofill,0.0
2024-04-03 12:30:00-04:00,90.04,96.77,96.82,96.77,97.82,11.6,6,1d+1h+4h,1.932,False,nofill,0.0
2024-04-03 13:30:00-04:00,89.85,96.77,96.81,96.77,97.77,11.6,6,1d+1h+4h,1.986,False,nofill,0.0
2024-04-03 14:30:00-04:00,89.14,91.96,92.01,91.96,92.97,10.4,8,1h+4h,0.811,False,nofill,0.0
2024-04-03 15:30:00-04:00,88.96,91.96,92.01,91.96,92.93,10.4,8,1h+4h,0.861,False,nofill,0.0
2024-04-04 09:30:00-04:00,89.81,96.77,96.82,96.77,97.8,11.6,6,1d+1h+4h,1.948,False,nofill,0.0
2024-04-04 10:30:00-04:00,89.47,91.96,92.01,91.96,92.96,10.4,8,1h+4h,0.698,False,nofill,0.0
2024-04-04 11:30:00-04:00,89.66,96.77,96.81,96.77,97.74,11.6,6,1d+1h+4h,1.989,False,nofill,0.0
2024-04-04 12:30:00-04:00,89.47,91.96,92.0,91.96,92.88,10.4,8,1h+4h,0.698,False,nofill,0.0
2024-04-04 13:30:00-04:00,88.17,88.4,88.45,88.4,89.37,11.6,10,1h+4h,0.064,False,nofill,0.0
2024-04-04 14:30:00-04:00,86.47,88.4,88.45,88.4,89.43,11.6,10,1h+4h,0.541,False,nofill,0.0
2024-04-04 15:30:00-04:00,85.9,88.4,88.45,88.4,89.42,11.6,10,1h+4h,0.699,True,scratch,-0.11513004076284528
2024-04-05 09:30:00-04:00,86.78,88.4,88.45,88.4,89.48,11.6,10,1h+4h,0.464,True,scratch,-0.11832769646984431
2024-04-05 10:30:00-04:00,87.51,88.4,88.45,88.4,89.5,11.6,10,1h+4h,0.254,True,scratch,-0.11900210504327546
2024-04-05 11:30:00-04:00,88.05,88.4,88.45,88.4,89.5,11.6,10,1h+4h,0.1,False,nofill,0.0
2024-04-05 12:30:00-04:00,88.16,88.4,88.45,88.4,89.45,11.6,10,1h+4h,0.069,False,nofill,0.0
2024-04-05 13:30:00-04:00,87.69,88.44,88.49,88.44,89.49,11.6,10,1h+4h,0.213,True,scratch,-0.11668296728939431
2024-04-05 14:30:00-04:00,87.73,88.44,88.48,88.44,89.45,11.6,10,1h+4h,0.201,True,scratch,-0.11461460918356092
2024-04-05 15:30:00-04:00,87.98,88.44,88.48,88.44,89.42,11.6,10,1h+4h,0.13,True,scratch,-0.11302048896005834
2024-04-08 09:30:00-04:00,87.8,88.4,88.45,88.4,89.47,11.6,10,1h+4h,0.176,False,nofill,0.0
2024-04-08 10:30:00-04:00,87.61,88.4,88.45,88.4,89.45,11.6,10,1h+4h,0.233,False,nofill,0.0
2024-04-08 11:30:00-04:00,87.0,88.4,88.45,88.4,89.45,11.6,10,1h+4h,0.413,False,nofill,0.0
2024-04-08 12:30:00-04:00,87.26,88.4,88.45,88.4,89.41,12.6,11,1h+4h,0.336,False,nofill,0.0
2024-04-08 13:30:00-04:00,87.22,88.4,88.45,88.4,89.37,12.6,11,1h+4h,0.346,False,nofill,0.0
2024-04-08 14:30:00-04:00,87.26,88.4,88.44,88.4,89.32,12.6,11,1h+4h,0.336,False,nofill,0.0
2024-04-08 15:30:00-04:00,87.19,88.4,88.44,88.4,89.29,12.6,11,1h+4h,0.356,False,nofill,0.0
2024-04-09 09:30:00-04:00,84.42,88.48,88.53,88.48,89.56,12.6,11,1h+4h,1.166,False,nofill,0.0
2024-04-09 10:30:00-04:00,83.98,84.17,84.22,84.17,85.28,12.6,7,1d+1h+4h,0.054,True,scratch,-0.12289635268414312
2024-04-09 11:30:00-04:00,84.66,88.4,88.45,88.4,89.55,12.6,11,1h+4h,1.073,False,nofill,0.0
2024-04-09 12:30:00-04:00,84.63,88.4,88.45,88.4,89.51,12.6,11,1h+4h,1.082,False,nofill,0.0
2024-04-09 13:30:00-04:00,84.61,88.4,88.45,88.4,89.47,12.6,11,1h+4h,1.086,False,nofill,0.0
2024-04-09 14:30:00-04:00,84.95,88.4,88.45,88.4,89.45,12.6,11,1h+4h,0.989,False,nofill,0.0
2024-04-09 15:30:00-04:00,85.36,88.48,88.53,88.48,89.51,12.6,11,1h+4h,0.894,False,nofill,0.0
2024-04-10 09:30:00-04:00,86.56,88.44,88.49,88.44,89.65,12.6,11,1h+4h,0.535,False,nofill,0.0
2024-04-10 10:30:00-04:00,86.97,88.4,88.46,88.4,89.62,12.6,11,1h+4h,0.409,False,nofill,0.0
2024-04-10 11:30:00-04:00,86.53,88.48,88.54,88.48,89.66,12.6,11,1h+4h,0.557,False,nofill,0.0
2024-04-10 12:30:00-04:00,86.82,88.44,88.49,88.44,89.58,12.6,11,1h+4h,0.46,False,nofill,0.0
2024-04-10 13:30:00-04:00,86.65,88.4,88.45,88.4,89.51,12.6,11,1h+4h,0.5,True,scratch,-0.11994559727909193
2024-04-10 14:30:00-04:00,86.91,88.4,88.46,88.4,89.57,12.6,11,1h+4h,0.427,True,scratch,-0.122899828172085
2024-04-10 15:30:00-04:00,86.98,88.44,88.49,88.44,89.56,12.6,11,1h+4h,0.415,True,scratch,-0.12034481152157772
2024-04-11 09:30:00-04:00,88.04,88.44,88.49,88.44,89.59,12.6,11,1h+4h,0.111,True,target,1.1876719264520608
2024-04-11 10:30:00-04:00,88.74,91.96,92.02,91.96,93.12,10.4,8,1h+4h,0.915,False,nofill,0.0
2024-04-11 11:30:00-04:00,89.2,91.96,92.01,91.96,93.1,10.4,8,1h+4h,0.784,False,nofill,0.0
2024-04-11 12:30:00-04:00,89.79,96.77,96.82,96.77,97.88,11.6,6,1d+1h+4h,1.982,False,nofill,0.0
2024-04-11 13:30:00-04:00,90.19,97.12,97.17,97.12,98.21,11.6,6,1d+1h+4h,1.969,False,nofill,0.0
2024-04-11 14:30:00-04:00,90.18,97.12,97.17,97.12,98.17,11.6,6,1d+1h+4h,1.971,False,nofill,0.0
2024-04-11 15:30:00-04:00,90.62,96.77,96.81,96.77,97.78,11.6,6,1d+1h+4h,1.746,False,nofill,0.0
2024-04-12 09:30:00-04:00,89.22,91.96,92.01,91.96,93.04,10.4,8,1h+4h,0.786,False,nofill,0.0
2024-04-12 10:30:00-04:00,89.26,91.96,92.01,91.96,93.04,10.4,8,1h+4h,0.775,False,nofill,0.0
2024-04-12 11:30:00-04:00,88.72,91.5,91.56,91.5,92.58,11.4,9,1h+4h,0.796,False,nofill,0.0
2024-04-12 12:30:00-04:00,88.56,91.5,91.55,91.5,92.54,11.4,9,1h+4h,0.842,False,nofill,0.0
2024-04-12 13:30:00-04:00,88.31,88.48,88.53,88.48,89.49,12.6,11,1h+4h,0.05,True,scratch,-0.11418568039598398
2024-04-12 14:30:00-04:00,87.96,88.4,88.45,88.4,89.39,12.6,11,1h+4h,0.125,True,scratch,-0.11349199996631976
2024-04-12 15:30:00-04:00,88.23,88.44,88.48,88.44,89.4,12.6,11,1h+4h,0.059,True,scratch,-0.1117700904202934
2024-04-15 09:30:00-04:00,89.93,91.5,91.56,91.5,92.58,13.2,10,1h+4h,0.439,False,nofill,0.0
2024-04-15 10:30:00-04:00,88.68,91.5,91.56,91.5,92.64,13.2,10,1h+4h,0.79,False,nofill,0.0
2024-04-15 11:30:00-04:00,88.31,91.5,91.56,91.5,92.62,13.2,10,1h+4h,0.895,False,nofill,0.0
2024-04-15 12:30:00-04:00,86.86,91.5,91.56,91.5,92.66,14.2,11,1h+4h,1.3,False,nofill,0.0
2024-04-15 13:30:00-04:00,86.81,91.5,91.56,91.5,92.63,14.2,11,1h+4h,1.312,False,nofill,0.0
2024-04-15 14:30:00-04:00,86.03,91.5,91.56,91.5,92.65,14.2,11,1h+4h,1.533,False,nofill,0.0
2024-04-15 15:30:00-04:00,86.0,91.5,91.56,91.5,92.62,14.2,11,1h+4h,1.54,False,nofill,0.0
2024-04-16 09:30:00-04:00,87.08,91.2,91.26,91.2,92.38,16.4,12,1d+1h+4h,1.187,False,nofill,0.0
2024-04-16 10:30:00-04:00,87.43,91.3,91.35,91.3,92.47,16.4,12,1d+1h+4h,1.114,False,nofill,0.0
2024-04-16 11:30:00-04:00,87.0,91.2,91.25,91.2,92.34,16.4,12,1d+1h+4h,1.211,False,nofill,0.0
2024-04-16 12:30:00-04:00,87.46,91.3,91.35,91.3,92.42,16.4,12,1d+1h+4h,1.105,False,nofill,0.0
2024-04-16 13:30:00-04:00,87.33,91.3,91.35,91.3,92.44,16.4,12,1d+1h+4h,1.143,False,nofill,0.0
2024-04-16 14:30:00-04:00,87.84,91.3,91.35,91.3,92.42,16.4,12,1d+1h+4h,0.997,False,nofill,0.0
2024-04-16 15:30:00-04:00,87.41,91.3,91.35,91.3,92.37,16.4,12,1d+1h+4h,1.119,False,nofill,0.0
2024-04-17 09:30:00-04:00,86.69,91.2,91.26,91.2,92.41,16.4,12,1d+1h+4h,1.264,False,nofill,0.0
2024-04-17 10:30:00-04:00,86.18,91.2,91.26,91.2,92.42,16.4,12,1d+1h+4h,1.409,False,nofill,0.0
2024-04-17 11:30:00-04:00,85.14,91.3,91.36,91.3,92.54,16.4,12,1d+1h+4h,1.728,False,nofill,0.0
2024-04-17 12:30:00-04:00,85.03,91.3,91.36,91.3,92.53,16.4,12,1d+1h+4h,1.757,False,nofill,0.0
2024-04-17 13:30:00-04:00,85.21,91.3,91.35,91.3,92.48,16.4,12,1d+1h+4h,1.708,False,nofill,0.0
2024-04-17 14:30:00-04:00,84.1,91.2,91.26,91.2,92.43,16.4,12,1d+1h+4h,1.991,False,nofill,0.0
2024-04-17 15:30:00-04:00,84.04,90.61,90.67,90.61,91.8,15.6,12,1d+1h+4h,1.842,False,nofill,0.0
2024-04-18 09:30:00-04:00,84.59,91.3,91.36,91.3,92.6,16.4,12,1d+1h+4h,1.874,False,nofill,0.0
2024-04-18 10:30:00-04:00,85.47,91.3,91.36,91.3,92.6,16.4,12,1d+1h+4h,1.627,False,nofill,0.0
2024-04-18 11:30:00-04:00,86.03,91.3,91.36,91.3,92.57,16.4,12,1d+1h+4h,1.472,False,nofill,0.0
2024-04-18 12:30:00-04:00,84.65,91.3,91.36,91.3,92.63,16.4,12,1d+1h+4h,1.856,False,nofill,0.0
2024-04-18 13:30:00-04:00,84.66,91.3,91.36,91.3,92.58,16.4,12,1d+1h+4h,1.855,False,nofill,0.0
2024-04-18 14:30:00-04:00,84.68,91.3,91.36,91.3,92.53,16.4,12,1d+1h+4h,1.849,False,nofill,0.0
2024-04-18 15:30:00-04:00,84.66,91.3,91.36,91.3,92.5,16.4,12,1d+1h+4h,1.854,False,nofill,0.0
2024-04-19 09:30:00-04:00,81.93,89.72,89.79,89.72,91.08,17.4,13,1d+1h+4h,1.963,False,nofill,0.0
2024-04-19 10:30:00-04:00,81.87,89.72,89.79,89.72,91.08,17.4,13,1d+1h+4h,1.979,False,nofill,0.0
2024-04-19 11:30:00-04:00,80.22,83.02,83.09,83.02,84.44,16.6,9,1d+1h+4h,0.704,False,nofill,0.0
2024-04-19 12:30:00-04:00,80.36,88.22,88.29,88.22,89.63,17.4,15,1h+4h,1.979,False,nofill,0.0
2024-04-19 13:30:00-04:00,78.19,83.02,83.09,83.02,84.52,16.6,9,1d+1h+4h,1.218,False,nofill,0.0
2024-04-19 14:30:00-04:00,76.94,83.02,83.1,83.02,84.59,16.6,9,1d+1h+4h,1.531,False,nofill,0.0
2024-04-19 15:30:00-04:00,76.22,83.02,83.1,83.02,84.59,16.6,9,1d+1h+4h,1.714,False,nofill,0.0
2024-04-22 09:30:00-04:00,77.14,83.02,83.1,83.02,84.74,16.6,9,1d+1h+4h,1.484,False,nofill,0.0
2024-04-22 10:30:00-04:00,77.88,83.02,83.11,83.02,84.77,16.6,9,1d+1h+4h,1.298,False,nofill,0.0
2024-04-22 11:30:00-04:00,78.48,83.02,83.1,83.02,84.73,16.6,9,1d+1h+4h,1.145,False,nofill,0.0
2024-04-22 12:30:00-04:00,79.47,83.02,83.1,83.02,84.71,16.6,9,1d+1h+4h,0.896,False,nofill,0.0
2024-04-22 13:30:00-04:00,79.64,83.02,83.1,83.02,84.66,16.6,9,1d+1h+4h,0.854,False,nofill,0.0
2024-04-22 14:30:00-04:00,79.46,83.02,83.1,83.02,84.61,16.6,9,1d+1h+4h,0.898,False,nofill,0.0
2024-04-22 15:30:00-04:00,79.51,83.02,83.1,83.02,84.56,16.6,9,1d+1h+4h,0.886,False,nofill,0.0
2024-04-23 09:30:00-04:00,82.39,90.09,90.17,90.09,91.74,17.4,13,1d+1h+4h,1.97,False,nofill,0.0
2024-04-23 10:30:00-04:00,82.44,90.09,90.17,90.09,91.69,17.4,13,1d+1h+4h,1.957,False,nofill,0.0
2024-04-23 11:30:00-04:00,82.15,89.72,89.8,89.72,91.27,17.4,13,1d+1h+4h,1.936,False,nofill,0.0
2024-04-23 12:30:00-04:00,81.88,88.22,88.29,88.22,89.71,17.4,15,1h+4h,1.623,False,nofill,0.0
2024-04-23 13:30:00-04:00,82.58,83.02,83.09,83.02,84.48,17.6,10,1d+1h+4h,0.114,True,scratch,-0.1432231086299418
2024-04-23 14:30:00-04:00,82.63,83.02,83.09,83.02,84.42,17.6,10,1d+1h+4h,0.101,True,scratch,-0.13999044469813482
2024-04-23 15:30:00-04:00,82.48,83.02,83.09,83.02,84.37,17.6,10,1d+1h+4h,0.139,True,scratch,-0.13692453839317942
2024-04-24 09:30:00-04:00,82.98,88.22,88.29,88.22,89.61,17.4,15,1h+4h,1.317,False,nofill,0.0
2024-04-24 10:30:00-04:00,81.98,83.02,83.09,83.02,84.45,17.6,10,1d+1h+4h,0.262,False,nofill,0.0
2024-04-24 11:30:00-04:00,80.71,83.02,83.09,83.02,84.48,17.6,10,1d+1h+4h,0.581,False,nofill,0.0
2024-04-24 12:30:00-04:00,81.47,83.02,83.09,83.02,84.49,17.6,10,1d+1h+4h,0.389,False,nofill,0.0
2024-04-24 13:30:00-04:00,80.03,83.02,83.09,83.02,84.53,17.6,10,1d+1h+4h,0.751,False,nofill,0.0
2024-04-24 14:30:00-04:00,79.86,83.02,83.09,83.02,84.5,17.6,10,1d+1h+4h,0.795,False,nofill,0.0
2024-04-24 15:30:00-04:00,79.7,83.02,83.09,83.02,84.44,17.6,10,1d+1h+4h,0.835,False,nofill,0.0
2024-04-25 09:30:00-04:00,82.0,83.02,83.1,83.02,84.66,17.6,10,1d+1h+4h,0.252,False,nofill,0.0
2024-04-25 10:30:00-04:00,81.65,83.02,83.1,83.02,84.61,17.6,10,1d+1h+4h,0.337,True,scratch,-0.15110270710542162
2024-04-25 11:30:00-04:00,82.07,83.02,83.1,83.02,84.58,17.6,10,1d+1h+4h,0.235,True,scratch,-0.14933336891085336
2024-04-25 12:30:00-04:00,82.44,83.02,83.09,83.02,84.54,17.6,10,1d+1h+4h,0.142,True,scratch,-0.14707664432659362
2024-04-25 13:30:00-04:00,82.57,83.02,83.09,83.02,84.49,17.6,10,1d+1h+4h,0.112,True,scratch,-0.14416126422149844
2024-04-25 14:30:00-04:00,82.94,88.22,88.29,88.22,89.66,17.4,15,1h+4h,1.302,False,nofill,0.0
2024-04-25 15:30:00-04:00,82.6,83.02,83.09,83.02,84.4,17.6,10,1d+1h+4h,0.104,True,target,1.5231929224369
2024-04-26 09:30:00-04:00,86.22,89.72,89.8,89.72,91.34,20.2,15,1d+1h+4h,0.84,False,nofill,0.0
2024-04-26 10:30:00-04:00,87.0,89.72,89.8,89.72,91.32,20.2,15,1d+1h+4h,0.653,False,nofill,0.0
2024-04-26 11:30:00-04:00,87.02,89.72,89.8,89.72,91.27,20.2,15,1d+1h+4h,0.649,False,nofill,0.0
2024-04-26 12:30:00-04:00,88.15,89.72,89.8,89.72,91.27,20.2,15,1d+1h+4h,0.378,False,nofill,0.0
2024-04-26 13:30:00-04:00,87.57,89.72,89.8,89.72,91.25,20.2,15,1d+1h+4h,0.515,False,nofill,0.0
2024-04-26 14:30:00-04:00,87.81,89.72,89.79,89.72,91.21,20.2,15,1d+1h+4h,0.459,False,nofill,0.0
2024-04-26 15:30:00-04:00,87.69,89.72,89.79,89.72,91.15,20.2,15,1d+1h+4h,0.487,False,nofill,0.0
2024-04-29 09:30:00-04:00,87.35,89.72,89.8,89.72,91.23,20.2,15,1d+1h+4h,0.582,False,nofill,0.0
2024-04-29 10:30:00-04:00,87.0,89.72,89.79,89.72,91.21,20.2,15,1d+1h+4h,0.669,False,nofill,0.0
2024-04-29 11:30:00-04:00,87.11,89.72,89.79,89.72,91.16,20.2,15,1d+1h+4h,0.643,False,nofill,0.0
2024-04-29 12:30:00-04:00,87.9,89.72,89.79,89.72,91.14,20.2,15,1d+1h+4h,0.447,False,nofill,0.0
2024-04-29 13:30:00-04:00,87.59,89.72,89.79,89.72,91.09,20.2,15,1d+1h+4h,0.525,False,nofill,0.0
2024-04-29 14:30:00-04:00,87.09,88.33,88.4,88.33,89.68,20.2,17,1h+4h,0.306,True,scratch,-0.13281081467498845
2024-04-29 15:30:00-04:00,87.75,88.22,88.29,88.22,89.54,20.2,17,1h+4h,0.117,True,scratch,-0.13124217043720687
2024-04-30 09:30:00-04:00,87.49,88.22,88.29,88.22,89.58,20.2,17,1h+4h,0.185,False,nofill,0.0
2024-04-30 10:30:00-04:00,87.5,88.22,88.29,88.22,89.57,20.2,17,1h+4h,0.184,False,nofill,0.0
2024-04-30 11:30:00-04:00,87.35,88.22,88.29,88.22,89.54,20.2,17,1h+4h,0.22,False,nofill,0.0
2024-04-30 12:30:00-04:00,86.61,88.33,88.39,88.33,89.63,21.2,18,1h+4h,0.434,False,nofill,0.0
2024-04-30 13:30:00-04:00,86.71,88.33,88.39,88.33,89.59,21.2,18,1h+4h,0.41,False,nofill,0.0
2024-04-30 14:30:00-04:00,87.04,88.22,88.28,88.22,89.43,21.2,18,1h+4h,0.3,False,nofill,0.0
2024-04-30 15:30:00-04:00,86.37,88.22,88.28,88.22,89.43,21.2,18,1h+4h,0.468,False,nofill,0.0
2024-05-01 09:30:00-04:00,83.75,88.4,88.47,88.4,89.77,21.2,18,1h+4h,1.149,False,nofill,0.0
2024-05-01 10:30:00-04:00,82.71,88.4,88.47,88.4,89.83,21.2,18,1h+4h,1.407,False,nofill,0.0
2024-05-01 11:30:00-04:00,82.25,88.22,88.29,88.22,89.69,21.2,18,1h+4h,1.476,False,nofill,0.0
2024-05-01 12:30:00-04:00,82.1,88.4,88.47,88.4,89.83,21.2,18,1h+4h,1.558,False,nofill,0.0
2024-05-01 13:30:00-04:00,83.75,88.33,88.4,88.33,89.8,21.2,18,1h+4h,1.133,False,nofill,0.0
2024-05-01 14:30:00-04:00,85.04,88.33,88.41,88.33,89.94,21.2,18,1h+4h,0.815,False,nofill,0.0
2024-05-01 15:30:00-04:00,83.1,88.4,88.48,88.4,90.05,21.2,18,1h+4h,1.311,False,nofill,0.0
2024-05-02 09:30:00-04:00,84.25,88.33,88.41,88.33,90.05,21.2,18,1h+4h,1.025,False,nofill,0.0
2024-05-02 10:30:00-04:00,84.63,88.33,88.41,88.33,90.03,21.2,18,1h+4h,0.928,False,nofill,0.0
2024-05-02 11:30:00-04:00,84.72,88.33,88.41,88.33,89.96,21.2,18,1h+4h,0.907,False,nofill,0.0
2024-05-02 12:30:00-04:00,85.49,88.33,88.41,88.33,89.94,21.2,18,1h+4h,0.714,False,nofill,0.0
2024-05-02 13:30:00-04:00,85.29,88.33,88.4,88.33,89.87,21.2,18,1h+4h,0.764,True,scratch,-0.1429801970630029
2024-05-02 14:30:00-04:00,86.02,88.33,88.4,88.33,89.84,21.2,18,1h+4h,0.581,True,scratch,-0.14099392425674928
2024-05-02 15:30:00-04:00,85.82,88.33,88.4,88.33,89.77,21.2,18,1h+4h,0.631,True,scratch,-0.137331920950301
2024-05-03 09:30:00-04:00,87.86,88.22,88.3,88.22,89.79,21.2,18,1h+4h,0.092,True,scratch,-0.14454813616677775
2024-05-03 10:30:00-04:00,88.02,88.22,88.3,88.22,89.76,21.2,18,1h+4h,0.05,True,target,1.5925424382253306
2024-05-03 11:30:00-04:00,88.54,89.72,89.79,89.72,91.2,20.2,15,1d+1h+4h,0.3,False,nofill,0.0
2024-05-03 12:30:00-04:00,88.82,89.72,89.79,89.72,91.15,20.2,15,1d+1h+4h,0.228,False,nofill,0.0
2024-05-03 13:30:00-04:00,89.12,89.72,89.79,89.72,91.09,20.2,15,1d+1h+4h,0.153,True,scratch,-0.1324241813985494
2024-05-03 14:30:00-04:00,88.86,89.72,89.79,89.72,91.04,20.2,15,1d+1h+4h,0.218,True,scratch,-0.12995062697288562
2024-05-03 15:30:00-04:00,88.79,89.72,89.78,89.72,90.97,20.2,15,1d+1h+4h,0.238,True,scratch,-0.1262790764280708
2024-05-06 09:30:00-04:00,91.24,91.5,91.57,91.5,92.88,17.0,13,1h+4h,0.068,True,scratch,-0.131650569682229
2024-05-06 10:30:00-04:00,91.71,96.49,96.56,96.49,98.0,11.6,6,1d+1h+4h,1.223,False,nofill,0.0
2024-05-06 11:30:00-04:00,91.6,96.49,96.56,96.49,97.92,11.6,6,1d+1h+4h,1.251,False,nofill,0.0
2024-05-06 12:30:00-04:00,91.71,96.49,96.56,96.49,97.86,11.6,6,1d+1h+4h,1.223,False,nofill,0.0
2024-05-06 13:30:00-04:00,91.92,96.49,96.55,96.49,97.79,11.6,6,1d+1h+4h,1.169,False,nofill,0.0
2024-05-06 14:30:00-04:00,91.98,96.49,96.55,96.49,97.72,11.6,6,1d+1h+4h,1.154,False,nofill,0.0
2024-05-06 15:30:00-04:00,92.16,96.49,96.55,96.49,97.67,11.6,6,1d+1h+4h,1.108,False,nofill,0.0
2024-05-07 09:30:00-04:00,89.74,91.3,91.36,91.3,92.63,18.2,13,1d+1h+4h,0.406,True,scratch,-0.12944033561985702
2024-05-07 10:30:00-04:00,90.43,91.3,91.36,91.3,92.62,19.2,14,1d+1h+4h,0.226,True,scratch,-0.12894441972824966
2024-05-07 11:30:00-04:00,91.4,96.49,96.55,96.49,97.81,11.6,6,1d+1h+4h,1.323,False,nofill,0.0
2024-05-07 12:30:00-04:00,91.6,96.49,96.55,96.49,97.77,11.6,6,1d+1h+4h,1.271,False,nofill,0.0
2024-05-07 13:30:00-04:00,90.15,91.3,91.36,91.3,92.62,19.2,14,1d+1h+4h,0.298,False,nofill,0.0
2024-05-07 14:30:00-04:00,90.35,91.3,91.36,91.3,92.59,19.2,14,1d+1h+4h,0.245,False,nofill,0.0
2024-05-07 15:30:00-04:00,90.54,91.3,91.36,91.3,92.55,19.2,14,1d+1h+4h,0.198,False,nofill,0.0
2024-05-08 09:30:00-04:00,90.98,91.5,91.57,91.5,92.8,19.8,15,1h+4h,0.141,False,nofill,0.0
2024-05-08 10:30:00-04:00,89.96,91.5,91.57,91.5,92.82,19.8,15,1h+4h,0.416,False,nofill,0.0
2024-05-08 11:30:00-04:00,90.15,91.5,91.56,91.5,92.78,19.8,15,1h+4h,0.367,False,nofill,0.0
2024-05-08 12:30:00-04:00,89.96,91.5,91.56,91.5,92.73,19.8,15,1h+4h,0.417,False,nofill,0.0
2024-05-08 13:30:00-04:00,90.51,91.5,91.56,91.5,92.7,19.8,15,1h+4h,0.267,False,nofill,0.0
2024-05-08 14:30:00-04:00,90.36,91.5,91.56,91.5,92.65,19.8,15,1h+4h,0.309,False,nofill,0.0
2024-05-08 15:30:00-04:00,90.32,91.5,91.56,91.5,92.59,19.8,15,1h+4h,0.321,False,nofill,0.0
2024-05-09 09:30:00-04:00,88.36,91.5,91.56,91.5,92.73,22.8,16,1d+1h+4h,0.864,False,nofill,0.0
2024-05-09 10:30:00-04:00,89.54,91.5,91.56,91.5,92.74,22.8,16,1d+1h+4h,0.539,False,nofill,0.0
2024-05-09 11:30:00-04:00,89.11,91.5,91.56,91.5,92.72,22.8,16,1d+1h+4h,0.658,False,nofill,0.0
2024-05-09 12:30:00-04:00,89.21,91.5,91.56,91.5,92.69,23.8,17,1d+1h+4h,0.631,False,nofill,0.0
2024-05-09 13:30:00-04:00,89.01,91.5,91.56,91.5,92.65,23.8,17,1d+1h+4h,0.686,False,nofill,0.0
2024-05-09 14:30:00-04:00,88.68,91.5,91.56,91.5,92.62,23.8,17,1d+1h+4h,0.777,False,nofill,0.0
2024-05-09 15:30:00-04:00,88.79,91.5,91.56,91.5,92.58,23.8,17,1d+1h+4h,0.746,False,nofill,0.0
2024-05-10 09:30:00-04:00,89.52,91.5,91.56,91.5,92.7,21.0,15,1d+1h+4h,0.557,False,nofill,0.0
2024-05-10 10:30:00-04:00,89.89,91.5,91.56,91.5,92.67,21.0,15,1d+1h+4h,0.452,False,nofill,0.0
2024-05-10 11:30:00-04:00,89.77,91.5,91.56,91.5,92.65,21.0,15,1d+1h+4h,0.486,False,nofill,0.0
2024-05-10 12:30:00-04:00,89.86,91.4,91.45,91.4,92.51,22.0,16,1d+1h+4h,0.432,False,nofill,0.0
2024-05-10 13:30:00-04:00,89.94,91.4,91.45,91.4,92.46,22.0,16,1d+1h+4h,0.41,False,nofill,0.0
2024-05-10 14:30:00-04:00,89.78,91.4,91.45,91.4,92.42,22.0,16,1d+1h+4h,0.454,False,nofill,0.0
2024-05-10 15:30:00-04:00,89.89,91.4,91.45,91.4,92.37,22.0,16,1d+1h+4h,0.424,False,nofill,0.0
2024-05-13 09:30:00-04:00,89.67,91.4,91.45,91.4,92.48,22.0,16,1d+1h+4h,0.496,False,nofill,0.0
2024-05-13 10:30:00-04:00,89.98,91.4,91.45,91.4,92.49,22.0,16,1d+1h+4h,0.407,False,nofill,0.0
2024-05-13 11:30:00-04:00,90.73,91.4,91.45,91.4,92.49,22.0,16,1d+1h+4h,0.192,False,nofill,0.0
2024-05-13 12:30:00-04:00,90.21,91.4,91.45,91.4,92.5,22.0,16,1d+1h+4h,0.34,False,nofill,0.0
2024-05-13 13:30:00-04:00,90.28,91.4,91.45,91.4,92.45,23.8,17,1d+1h+4h,0.321,False,nofill,0.0
2024-05-13 14:30:00-04:00,90.3,91.4,91.45,91.4,92.4,23.8,17,1d+1h+4h,0.316,False,nofill,0.0
2024-05-13 15:30:00-04:00,90.4,91.4,91.45,91.4,92.35,24.8,18,1d+1h+4h,0.287,False,nofill,0.0
2024-05-14 09:30:00-04:00,90.69,91.2,91.25,91.2,92.22,24.2,17,1d+1h+4h,0.148,False,nofill,0.0
2024-05-14 10:30:00-04:00,91.18,91.4,91.45,91.4,92.43,23.8,17,1d+1h+4h,0.064,True,scratch,-0.1135658840433651
2024-05-14 11:30:00-04:00,90.68,91.2,91.25,91.2,92.21,24.2,17,1d+1h+4h,0.152,True,target,0.9888962338769458
2024-05-14 12:30:00-04:00,90.86,91.2,91.25,91.2,92.16,24.2,17,1d+1h+4h,0.098,True,target,0.9451350106406409
2024-05-14 13:30:00-04:00,91.35,91.72,91.77,91.72,92.68,19.0,13,1d+1h+4h,0.108,True,target,0.9403974563283235
2024-05-14 14:30:00-04:00,91.39,91.72,91.76,91.72,92.64,19.0,13,1d+1h+4h,0.096,True,target,0.8980481816019958
2024-05-14 15:30:00-04:00,91.38,91.72,91.76,91.72,92.6,19.0,13,1d+1h+4h,0.1,True,target,0.8545310540210016
2024-05-15 09:30:00-04:00,93.39,96.77,96.81,96.77,97.75,11.6,6,1d+1h+4h,0.983,False,nofill,0.0
2024-05-15 10:30:00-04:00,94.05,96.77,96.81,96.77,97.76,11.6,6,1d+1h+4h,0.789,False,nofill,0.0
2024-05-15 11:30:00-04:00,94.61,96.77,96.81,96.77,97.74,11.6,6,1d+1h+4h,0.626,False,nofill,0.0
2024-05-15 12:30:00-04:00,94.54,96.77,96.81,96.77,97.72,11.6,6,1d+1h+4h,0.646,False,nofill,0.0
2024-05-15 13:30:00-04:00,94.6,96.77,96.81,96.77,97.69,11.6,6,1d+1h+4h,0.629,False,nofill,0.0
2024-05-15 14:30:00-04:00,94.59,96.77,96.81,96.77,97.65,11.6,6,1d+1h+4h,0.632,False,nofill,0.0
2024-05-15 15:30:00-04:00,94.66,96.77,96.81,96.77,97.61,11.6,6,1d+1h+4h,0.614,False,nofill,0.0
2024-05-16 09:30:00-04:00,95.23,96.77,96.81,96.77,97.66,11.6,6,1d+1h+4h,0.462,False,nofill,0.0
2024-05-16 10:30:00-04:00,95.45,96.77,96.81,96.77,97.64,11.6,6,1d+1h+4h,0.396,False,nofill,0.0
2024-05-16 11:30:00-04:00,94.96,96.77,96.81,96.77,97.64,11.6,6,1d+1h+4h,0.546,False,nofill,0.0
2024-05-16 12:30:00-04:00,94.45,96.77,96.81,96.77,97.65,11.6,6,1d+1h+4h,0.699,False,nofill,0.0
2024-05-16 13:30:00-04:00,94.44,96.77,96.81,96.77,97.62,11.6,6,1d+1h+4h,0.7,False,nofill,0.0
2024-05-16 14:30:00-04:00,94.98,96.77,96.81,96.77,97.62,11.6,6,1d+1h+4h,0.538,False,nofill,0.0
2024-05-16 15:30:00-04:00,94.37,96.77,96.81,96.77,97.61,11.6,6,1d+1h+4h,0.722,False,nofill,0.0
2024-05-17 09:30:00-04:00,93.78,96.77,96.81,96.77,97.69,11.6,6,1d+1h+4h,0.909,False,nofill,0.0
2024-05-17 10:30:00-04:00,93.66,96.77,96.81,96.77,97.68,11.6,6,1d+1h+4h,0.944,False,nofill,0.0
2024-05-17 11:30:00-04:00,93.37,96.77,96.81,96.77,97.66,11.6,6,1d+1h+4h,1.032,False,nofill,0.0
2024-05-17 12:30:00-04:00,93.2,96.77,96.81,96.77,97.62,11.6,6,1d+1h+4h,1.085,False,nofill,0.0
2024-05-17 13:30:00-04:00,91.98,92.22,92.26,92.22,93.13,19.0,13,1d+1h+4h,0.073,True,target,0.874179532267072
2024-05-17 14:30:00-04:00,92.78,96.38,96.42,96.38,97.29,11.6,6,1d+1h+4h,1.093,False,nofill,0.0
2024-05-17 15:30:00-04:00,92.49,96.38,96.42,96.38,97.26,11.6,6,1d+1h+4h,1.18,False,nofill,0.0
2024-05-20 09:30:00-04:00,94.82,96.38,96.42,96.38,97.4,11.6,6,1d+1h+4h,0.479,False,nofill,0.0
2024-05-20 10:30:00-04:00,94.58,96.38,96.42,96.38,97.38,11.6,6,1d+1h+4h,0.553,False,nofill,0.0
2024-05-20 11:30:00-04:00,94.54,96.38,96.42,96.38,97.36,11.6,6,1d+1h+4h,0.564,False,nofill,0.0
2024-05-20 12:30:00-04:00,94.72,96.38,96.42,96.38,97.34,11.6,6,1d+1h+4h,0.51,False,nofill,0.0
2024-05-20 13:30:00-04:00,94.86,96.38,96.42,96.38,97.3,11.6,6,1d+1h+4h,0.466,False,nofill,0.0
2024-05-20 14:30:00-04:00,95.1,96.38,96.42,96.38,97.26,11.6,6,1d+1h+4h,0.391,False,nofill,0.0
2024-05-20 15:30:00-04:00,94.83,96.38,96.42,96.38,97.25,11.6,6,1d+1h+4h,0.475,False,nofill,0.0
2024-05-21 09:30:00-04:00,94.06,96.38,96.42,96.38,97.31,11.6,6,1d+1h+4h,0.731,False,nofill,0.0
2024-05-21 10:30:00-04:00,94.86,96.38,96.42,96.38,97.31,11.6,6,1d+1h+4h,0.478,False,nofill,0.0
2024-05-21 11:30:00-04:00,95.16,96.38,96.42,96.38,97.3,11.6,6,1d+1h+4h,0.384,False,nofill,0.0
2024-05-21 12:30:00-04:00,94.86,96.38,96.42,96.38,97.28,11.6,6,1d+1h+4h,0.479,False,nofill,0.0
2024-05-21 13:30:00-04:00,94.79,96.38,96.42,96.38,97.24,11.6,6,1d+1h+4h,0.499,False,nofill,0.0
2024-05-21 14:30:00-04:00,95.09,96.38,96.41,96.38,97.21,11.6,6,1d+1h+4h,0.404,False,nofill,0.0
2024-05-21 15:30:00-04:00,95.35,96.38,96.41,96.38,97.18,11.6,6,1d+1h+4h,0.323,False,nofill,0.0
2024-05-22 09:30:00-04:00,94.45,96.38,96.42,96.38,97.27,11.6,6,1d+1h+4h,0.611,False,nofill,0.0
2024-05-22 10:30:00-04:00,95.03,96.38,96.42,96.38,97.26,11.6,6,1d+1h+4h,0.428,False,nofill,0.0
2024-05-22 11:30:00-04:00,94.98,96.38,96.42,96.38,97.25,11.6,6,1d+1h+4h,0.443,False,nofill,0.0
2024-05-22 12:30:00-04:00,94.89,96.02,96.06,96.02,96.86,12.6,7,1d+1h+4h,0.359,False,nofill,0.0
2024-05-22 13:30:00-04:00,93.41,96.02,96.06,96.02,96.92,12.6,7,1d+1h+4h,0.829,True,target,0.837801238197744
2024-05-22 14:30:00-04:00,94.21,96.02,96.06,96.02,96.93,12.6,7,1d+1h+4h,0.575,True,target,0.8418168878825183
2024-05-22 15:30:00-04:00,94.87,96.02,96.06,96.02,96.92,12.6,7,1d+1h+4h,0.365,True,target,0.8368550283429865
2024-06-24 09:30:00-04:00,120.89,124.3,124.44,124.3,127.17,10.6,7,1d+1h+4h,0.62,False,nofill,0.0
2024-06-24 10:30:00-04:00,119.82,124.3,124.44,124.3,127.24,10.6,7,1d+1h+4h,0.814,False,nofill,0.0
2024-06-24 11:30:00-04:00,120.76,124.3,124.44,124.3,127.16,10.6,7,1d+1h+4h,0.643,False,nofill,0.0
2024-06-24 12:30:00-04:00,119.32,124.3,124.43,124.3,127.13,10.6,7,1d+1h+4h,0.906,False,nofill,0.0
2024-06-24 13:30:00-04:00,118.67,124.3,124.43,124.3,127.04,10.6,7,1d+1h+4h,1.023,False,nofill,0.0
2024-06-24 14:30:00-04:00,120.38,124.3,124.43,124.3,127.02,10.6,7,1d+1h+4h,0.712,False,nofill,0.0
2024-06-24 15:30:00-04:00,118.07,124.3,124.43,124.3,127.04,10.6,7,1d+1h+4h,1.132,True,scratch,-0.16462358032787172
2024-06-25 09:30:00-04:00,122.0,124.17,124.31,124.17,127.05,10.6,7,1d+1h+4h,0.38,True,scratch,-0.17030997995045594
2024-06-25 10:30:00-04:00,124.11,125.23,125.37,125.23,128.13,7.8,5,1d+1h+4h,0.196,True,scratch,-0.16990460828705256
2024-06-25 11:30:00-04:00,124.57,125.23,125.36,125.23,128.04,7.8,5,1d+1h+4h,0.116,True,scratch,-0.16683932234889953
2024-06-25 12:30:00-04:00,124.37,125.23,125.36,125.23,128.01,7.8,5,1d+1h+4h,0.151,True,scratch,-0.16567061617935863
2024-06-25 13:30:00-04:00,125.13,125.59,125.71,125.59,128.26,7.8,5,1d+1h+4h,0.08,True,scratch,-0.1613104746974181
2024-06-26 09:30:00-04:00,125.14,125.59,125.71,125.59,128.19,7.8,5,1d+1h+4h,0.079,True,scratch,-0.15844421245928553
2024-06-26 10:30:00-04:00,123.41,124.17,124.3,124.17,126.83,10.6,7,1d+1h+4h,0.133,True,scratch,-0.16181282050941048
2024-06-26 11:30:00-04:00,124.45,125.23,125.35,125.23,127.86,7.8,5,1d+1h+4h,0.137,False,nofill,0.0
2024-06-26 12:30:00-04:00,123.87,124.17,124.29,124.17,126.74,10.6,7,1d+1h+4h,0.053,True,scratch,-0.15838873924564068
2024-06-26 13:30:00-04:00,123.6,124.17,124.29,124.17,126.62,10.6,7,1d+1h+4h,0.101,True,scratch,-0.1539770737358448
2024-06-26 14:30:00-04:00,124.39,125.23,125.34,125.23,127.63,7.8,5,1d+1h+4h,0.147,True,scratch,-0.15105434094885295
2024-06-27 09:30:00-04:00,124.56,125.23,125.35,125.23,127.66,7.8,5,1d+1h+4h,0.122,False,nofill,0.0
2024-06-27 10:30:00-04:00,123.54,124.3,124.41,124.3,126.68,10.6,7,1d+1h+4h,0.137,True,scratch,-0.15090480958711572
2024-06-27 11:30:00-04:00,124.16,125.23,125.34,125.23,127.53,8.8,6,1d+1h+4h,0.193,False,nofill,0.0
2024-06-27 12:30:00-04:00,124.61,125.23,125.33,125.23,127.42,8.8,6,1d+1h+4h,0.112,False,nofill,0.0
2024-06-27 13:30:00-04:00,124.53,125.23,125.33,125.23,127.33,8.8,6,1d+1h+4h,0.126,True,scratch,-0.1398631500863612
2024-06-27 14:30:00-04:00,124.31,125.23,125.33,125.23,127.27,8.8,6,1d+1h+4h,0.166,True,scratch,-0.13737741757590127
2024-06-27 15:30:00-04:00,124.09,125.23,125.33,125.23,127.23,8.8,6,1d+1h+4h,0.206,True,scratch,-0.13600826666497756
2024-06-28 10:30:00-04:00,125.96,126.48,126.58,126.48,128.66,7.8,5,1d+1h+4h,0.095,False,nofill,0.0
2024-06-28 11:30:00-04:00,124.7,125.23,125.33,125.23,127.42,8.8,6,1d+1h+4h,0.096,False,nofill,0.0
2024-06-28 12:30:00-04:00,124.08,125.23,125.33,125.23,127.41,8.8,6,1d+1h+4h,0.208,False,nofill,0.0
2024-06-28 13:30:00-04:00,123.96,124.3,124.4,124.3,126.39,11.6,8,1d+1h+4h,0.061,True,scratch,-0.13985076363539628
2024-06-28 14:30:00-04:00,123.87,124.3,124.39,124.3,126.28,11.6,8,1d+1h+4h,0.077,True,scratch,-0.1357557197629311
2024-06-28 15:30:00-04:00,123.44,124.3,124.39,124.3,126.28,11.6,8,1d+1h+4h,0.157,True,scratch,-0.13590969934603736
2024-07-01 09:30:00-04:00,121.86,124.3,124.41,124.3,126.51,11.6,8,1d+1h+4h,0.441,True,scratch,-0.14468202510744543
2024-07-01 10:30:00-04:00,124.1,125.23,125.34,125.23,127.51,8.8,6,1d+1h+4h,0.204,False,nofill,0.0
2024-07-01 11:30:00-04:00,124.31,125.23,125.34,125.23,127.49,8.8,6,1d+1h+4h,0.166,False,nofill,0.0
2024-07-01 12:30:00-04:00,123.71,124.3,124.41,124.3,126.52,11.6,8,1d+1h+4h,0.107,True,scratch,-0.14490308846376587
2024-07-01 13:30:00-04:00,124.02,124.3,124.4,124.3,126.46,11.6,8,1d+1h+4h,0.051,True,scratch,-0.1427410232773485
2024-07-01 14:30:00-04:00,124.29,125.23,125.33,125.23,127.31,9.8,7,1d+1h+4h,0.17,False,nofill,0.0
2024-07-01 15:30:00-04:00,124.18,125.23,125.33,125.23,127.23,9.8,7,1d+1h+4h,0.19,False,nofill,0.0
2024-07-02 09:30:00-04:00,121.52,124.3,124.4,124.3,126.4,11.6,8,1d+1h+4h,0.518,False,nofill,0.0
2024-07-02 10:30:00-04:00,121.73,124.3,124.4,124.3,126.33,11.6,8,1d+1h+4h,0.479,False,nofill,0.0
2024-07-02 11:30:00-04:00,122.6,124.3,124.39,124.3,126.26,11.6,8,1d+1h+4h,0.318,False,nofill,0.0
2024-07-02 12:30:00-04:00,123.0,124.3,124.39,124.3,126.19,11.6,8,1d+1h+4h,0.242,False,nofill,0.0
2024-07-02 13:30:00-04:00,122.72,124.3,124.39,124.3,126.11,11.6,8,1d+1h+4h,0.294,False,nofill,0.0
2024-07-02 14:30:00-04:00,122.32,124.3,124.38,124.3,126.04,11.6,8,1d+1h+4h,0.369,True,target,1.2696746044274398
2024-07-02 15:30:00-04:00,122.66,124.3,124.38,124.3,125.98,11.6,8,1d+1h+4h,0.306,True,target,1.2281004886710356
2024-07-03 09:30:00-04:00,121.79,124.3,124.38,124.3,125.97,12.6,9,1d+1h+4h,0.458,True,target,1.216452493040432
2024-07-03 10:30:00-04:00,126.04,126.48,126.57,126.48,128.37,9.6,6,1d+1h+4h,0.08,True,scratch,-0.13102222047179923
2024-07-05 09:30:00-04:00,127.12,127.71,127.81,127.71,129.74,6.6,5,1h+4h,0.112,True,scratch,-0.13560291194755214
2024-07-05 10:30:00-04:00,126.96,127.71,127.8,127.71,129.69,6.6,5,1h+4h,0.142,True,scratch,-0.13388908035921743
2024-07-05 12:30:00-04:00,127.44,128.85,128.94,128.85,130.77,8.6,7,1h+4h,0.265,False,nofill,0.0
2024-07-05 13:30:00-04:00,126.94,128.85,128.93,128.85,130.7,8.6,7,1h+4h,0.36,True,scratch,-0.1283531600920318
2024-07-05 14:30:00-04:00,127.03,128.85,128.93,128.85,130.61,8.6,7,1h+4h,0.342,True,scratch,-0.12499426736792829
2024-07-05 15:30:00-04:00,125.8,126.48,126.56,126.48,128.22,9.6,6,1d+1h+4h,0.128,True,target,1.2452621899003091
2024-07-08 11:30:00-04:00,128.37,128.85,128.94,128.85,130.79,8.6,7,1h+4h,0.09,True,scratch,-0.13186102495704732
2024-07-08 14:30:00-04:00,127.83,128.85,128.93,128.85,130.62,8.6,7,1h+4h,0.192,True,target,1.2524303051982377
2024-07-08 15:30:00-04:00,128.19,128.85,128.93,128.85,130.55,8.6,7,1h+4h,0.124,True,target,1.1980320222784169
2024-07-11 10:30:00-04:00,128.14,128.66,128.76,128.66,130.75,9.6,8,1h+4h,0.095,True,scratch,-0.13705846583863535
2024-07-11 13:30:00-04:00,128.2,128.66,128.76,128.66,130.79,9.6,8,1h+4h,0.084,True,scratch,-0.13855324540089642
2024-07-11 14:30:00-04:00,128.17,128.66,128.76,128.66,130.76,9.6,8,1h+4h,0.09,True,scratch,-0.1375156516783438
2024-07-11 15:30:00-04:00,127.46,128.66,128.76,128.66,130.76,9.6,8,1h+4h,0.219,True,target,1.4924723432496068
2024-07-15 11:30:00-04:00,128.34,128.66,128.76,128.66,130.76,9.6,8,1h+4h,0.059,True,scratch,-0.13754269868978541
2024-07-15 12:30:00-04:00,128.11,128.66,128.76,128.66,130.69,9.6,8,1h+4h,0.103,False,nofill,0.0
2024-07-15 13:30:00-04:00,127.9,128.66,128.75,128.66,130.61,9.6,8,1h+4h,0.142,True,scratch,-0.1320667891970606
2024-07-15 14:30:00-04:00,128.17,128.66,128.75,128.66,130.54,9.6,8,1h+4h,0.092,True,scratch,-0.12930388543100912
2024-07-15 15:30:00-04:00,128.44,128.85,128.93,128.85,130.69,9.6,8,1h+4h,0.076,True,scratch,-0.12791488714934962
2024-07-16 09:30:00-04:00,125.86,126.48,126.58,126.48,128.52,14.4,10,1d+1h+4h,0.118,True,scratch,-0.13681294845910852
2024-07-16 10:30:00-04:00,126.46,126.88,126.98,126.88,128.88,14.2,11,1h+4h,0.08,False,nofill,0.0
2024-07-16 11:30:00-04:00,125.48,126.48,126.57,126.48,128.46,14.4,10,1d+1h+4h,0.19,False,nofill,0.0
2024-07-16 12:30:00-04:00,125.99,126.48,126.57,126.48,128.4,14.4,10,1d+1h+4h,0.093,True,scratch,-0.13235737431795958
2024-07-16 13:30:00-04:00,125.78,126.48,126.57,126.48,128.34,14.4,10,1d+1h+4h,0.133,True,scratch,-0.1300515951950465
2024-07-16 14:30:00-04:00,125.97,126.48,126.57,126.48,128.28,14.4,10,1d+1h+4h,0.097,True,scratch,-0.12781121915406146
2024-07-16 15:30:00-04:00,126.32,126.88,126.96,126.88,128.64,14.2,11,1h+4h,0.107,False,nofill,0.0
2024-07-17 09:30:00-04:00,119.01,126.48,126.59,126.48,128.73,14.4,10,1d+1h+4h,1.34,False,nofill,0.0
2024-07-17 10:30:00-04:00,119.78,126.48,126.58,126.48,128.67,14.4,10,1d+1h+4h,1.202,False,nofill,0.0
2024-07-17 11:30:00-04:00,117.83,118.29,118.4,118.29,120.51,15.4,9,1d+1h+4h,0.083,True,scratch,-0.14941493204313483
2024-07-17 12:30:00-04:00,118.24,126.48,126.58,126.48,128.68,14.4,10,1d+1h+4h,1.479,False,nofill,0.0
2024-07-17 13:30:00-04:00,118.45,126.48,126.58,126.48,128.61,14.4,10,1d+1h+4h,1.44,False,nofill,0.0
2024-07-17 14:30:00-04:00,118.93,126.48,126.58,126.48,128.56,14.4,10,1d+1h+4h,1.355,False,nofill,0.0
2024-07-17 15:30:00-04:00,117.85,118.29,118.39,118.29,120.32,15.4,9,1d+1h+4h,0.079,True,scratch,-0.141496438291544
2024-07-18 09:30:00-04:00,119.98,126.48,126.59,126.48,128.7,14.4,10,1d+1h+4h,1.162,False,nofill,0.0
2024-07-18 10:30:00-04:00,116.85,117.71,117.82,117.71,120.04,19.4,11,1d+1h+4h,0.154,True,target,1.8162197569674854
2024-07-18 11:30:00-04:00,119.52,126.48,126.59,126.48,128.86,14.4,10,1d+1h+4h,1.245,False,nofill,0.0
2024-07-18 12:30:00-04:00,120.44,126.48,126.59,126.48,128.85,14.4,10,1d+1h+4h,1.08,False,nofill,0.0
2024-07-18 13:30:00-04:00,120.32,126.48,126.59,126.48,128.79,14.4,10,1d+1h+4h,1.102,False,nofill,0.0
2024-07-18 14:30:00-04:00,119.84,126.48,126.59,126.48,128.74,14.4,10,1d+1h+4h,1.187,False,nofill,0.0
2024-07-18 15:30:00-04:00,121.11,126.48,126.59,126.48,128.72,14.4,10,1d+1h+4h,0.96,False,nofill,0.0
2024-07-19 09:30:00-04:00,119.2,126.48,126.59,126.48,128.75,14.4,10,1d+1h+4h,1.325,False,nofill,0.0
2024-07-19 10:30:00-04:00,119.3,126.48,126.59,126.48,128.72,14.4,10,1d+1h+4h,1.306,False,nofill,0.0
2024-07-19 11:30:00-04:00,119.18,126.48,126.58,126.48,128.65,14.4,10,1d+1h+4h,1.329,False,nofill,0.0
2024-07-19 12:30:00-04:00,118.02,118.29,118.39,118.29,120.45,15.4,9,1d+1h+4h,0.05,True,scratch,-0.1467941836283737
2024-07-19 13:30:00-04:00,117.99,118.29,118.39,118.29,120.36,15.4,9,1d+1h+4h,0.055,True,scratch,-0.14318903053082144
2024-07-19 14:30:00-04:00,118.78,126.48,126.58,126.48,128.49,14.4,10,1d+1h+4h,1.402,False,nofill,0.0
2024-07-19 15:30:00-04:00,117.99,118.29,118.38,118.29,120.23,16.4,10,1d+1h+4h,0.055,True,target,1.5023837527101458
2024-07-22 09:30:00-04:00,122.85,126.48,126.58,126.48,128.68,14.4,10,1d+1h+4h,0.655,False,nofill,0.0
2024-07-22 10:30:00-04:00,120.8,126.48,126.59,126.48,128.71,14.4,10,1d+1h+4h,1.025,False,nofill,0.0
2024-07-22 11:30:00-04:00,121.77,126.48,126.58,126.48,128.67,14.4,10,1d+1h+4h,0.85,False,nofill,0.0
2024-07-22 12:30:00-04:00,122.8,124.3,124.4,124.3,126.44,14.6,11,1d+1h+4h,0.271,False,nofill,0.0
2024-07-22 13:30:00-04:00,123.52,124.3,124.4,124.3,126.4,14.6,11,1d+1h+4h,0.142,True,scratch,-0.14023512074237132
2024-07-22 14:30:00-04:00,122.84,124.3,124.4,124.3,126.33,14.6,11,1d+1h+4h,0.264,True,scratch,-0.13777556357271736
2024-07-22 15:30:00-04:00,123.74,124.3,124.39,124.3,126.27,14.6,11,1d+1h+4h,0.101,True,scratch,-0.13520486254159358
2024-07-23 09:30:00-04:00,123.7,126.48,126.57,126.48,128.46,14.4,10,1d+1h+4h,0.521,False,nofill,0.0
2024-07-23 10:30:00-04:00,124.02,126.48,126.57,126.48,128.43,14.4,10,1d+1h+4h,0.462,False,nofill,0.0
2024-07-23 11:30:00-04:00,123.22,126.48,126.57,126.48,128.37,14.4,10,1d+1h+4h,0.612,False,nofill,0.0
2024-07-23 12:30:00-04:00,122.85,125.79,125.88,125.79,127.62,14.6,11,1d+1h+4h,0.552,False,nofill,0.0
2024-07-23 13:30:00-04:00,122.3,125.79,125.87,125.79,127.57,14.6,11,1d+1h+4h,0.656,False,nofill,0.0
2024-07-23 14:30:00-04:00,122.9,125.79,125.87,125.79,127.5,14.6,11,1d+1h+4h,0.541,False,nofill,0.0
2024-07-23 15:30:00-04:00,122.43,125.79,125.87,125.79,127.44,14.6,11,1d+1h+4h,0.631,False,nofill,0.0
2024-07-24 09:30:00-04:00,118.52,125.79,125.88,125.79,127.7,14.6,11,1d+1h+4h,1.298,False,nofill,0.0
2024-07-24 10:30:00-04:00,118.0,118.29,118.38,118.29,120.16,16.4,10,1d+1h+4h,0.053,False,nofill,0.0
2024-07-24 11:30:00-04:00,115.92,117.37,117.46,117.37,119.3,23.4,13,1d+1h+4h,0.259,False,nofill,0.0
2024-07-24 12:30:00-04:00,116.84,117.37,117.46,117.37,119.28,23.4,13,1d+1h+4h,0.095,False,nofill,0.0
2024-07-24 13:30:00-04:00,115.88,117.37,117.46,117.37,119.26,23.4,13,1d+1h+4h,0.266,False,nofill,0.0
2024-07-24 14:30:00-04:00,114.01,117.37,117.46,117.37,119.29,23.4,13,1d+1h+4h,0.6,False,nofill,0.0
2024-07-24 15:30:00-04:00,114.42,117.37,117.46,117.37,119.32,23.4,13,1d+1h+4h,0.526,False,nofill,0.0
2024-07-25 09:30:00-04:00,111.36,117.37,117.49,117.37,119.79,26.2,15,1d+1h+4h,1.013,False,nofill,0.0
2024-07-25 10:30:00-04:00,114.64,117.37,117.5,117.37,120.0,26.2,15,1d+1h+4h,0.461,False,nofill,0.0
2024-07-25 11:30:00-04:00,116.04,117.37,117.5,117.37,120.06,26.2,15,1d+1h+4h,0.224,False,nofill,0.0
2024-07-25 12:30:00-04:00,114.81,117.37,117.5,117.37,120.04,26.2,15,1d+1h+4h,0.431,False,nofill,0.0
2024-07-25 13:30:00-04:00,114.8,117.37,117.49,117.37,119.98,26.2,15,1d+1h+4h,0.432,False,nofill,0.0
2024-07-25 14:30:00-04:00,114.75,117.37,117.49,117.37,119.92,26.2,15,1d+1h+4h,0.441,False,nofill,0.0
2024-07-25 15:30:00-04:00,112.34,117.37,117.49,117.37,119.96,27.2,16,1d+1h+4h,0.848,False,nofill,0.0
2024-07-26 09:30:00-04:00,113.8,117.37,117.5,117.37,120.06,27.2,16,1d+1h+4h,0.611,False,nofill,0.0
2024-07-26 10:30:00-04:00,112.6,117.37,117.5,117.37,120.01,27.2,16,1d+1h+4h,0.816,False,nofill,0.0
2024-07-26 11:30:00-04:00,113.79,117.37,117.49,117.37,119.94,27.2,16,1d+1h+4h,0.613,False,nofill,0.0
2024-07-26 12:30:00-04:00,114.27,117.37,117.49,117.37,119.81,27.2,16,1d+1h+4h,0.531,False,nofill,0.0
2024-07-26 13:30:00-04:00,113.1,117.37,117.48,117.37,119.77,27.2,16,1d+1h+4h,0.732,False,nofill,0.0
2024-07-26 14:30:00-04:00,112.88,117.37,117.48,117.37,119.74,27.2,16,1d+1h+4h,0.77,False,nofill,0.0
2024-07-26 15:30:00-04:00,113.06,117.37,117.48,117.37,119.65,27.2,16,1d+1h+4h,0.738,False,nofill,0.0
2024-07-29 09:30:00-04:00,114.93,117.37,117.48,117.37,119.73,24.4,14,1d+1h+4h,0.422,False,nofill,0.0
2024-07-29 10:30:00-04:00,112.53,117.37,117.49,117.37,119.81,24.4,14,1d+1h+4h,0.837,False,nofill,0.0
2024-07-29 11:30:00-04:00,112.95,117.37,117.49,117.37,119.79,24.4,14,1d+1h+4h,0.765,False,nofill,0.0
2024-07-29 12:30:00-04:00,112.11,117.37,117.48,117.37,119.74,25.4,15,1d+1h+4h,0.91,False,nofill,0.0
2024-07-29 13:30:00-04:00,112.0,117.37,117.48,117.37,119.65,25.4,15,1d+1h+4h,0.929,False,nofill,0.0
2024-07-29 14:30:00-04:00,112.0,117.37,117.47,117.37,119.56,25.4,15,1d+1h+4h,0.929,False,nofill,0.0
2024-07-29 15:30:00-04:00,111.55,117.37,117.47,117.37,119.47,25.4,15,1d+1h+4h,1.007,False,nofill,0.0
2024-07-30 09:30:00-04:00,107.49,117.37,117.48,117.37,119.67,28.2,17,1d+1h+4h,1.636,False,nofill,0.0
2024-07-30 10:30:00-04:00,106.06,117.37,117.48,117.37,119.77,28.2,17,1d+1h+4h,1.873,False,nofill,0.0
2024-07-30 11:30:00-04:00,104.59,116.63,116.74,116.63,119.03,25.2,16,1d+1h+4h,1.994,False,nofill,0.0
2024-07-30 12:30:00-04:00,105.34,117.37,117.49,117.37,119.81,28.2,17,1d+1h+4h,1.992,False,nofill,0.0
2024-07-30 13:30:00-04:00,105.93,117.37,117.48,117.37,119.75,30.0,18,1d+1h+4h,1.895,False,nofill,0.0
2024-07-30 14:30:00-04:00,104.47,116.24,116.35,116.24,118.61,23.2,14,1d+1h+4h,1.949,False,nofill,0.0
2024-07-30 15:30:00-04:00,103.71,114.94,115.05,114.94,117.24,10.6,7,1d+1h+4h,1.86,True,scratch,-0.1551558324712765
2024-07-31 09:30:00-04:00,114.1,117.37,117.51,117.37,120.41,32.8,20,1d+1h+4h,0.492,False,nofill,0.0
2024-07-31 10:30:00-04:00,115.74,117.37,117.51,117.37,120.33,32.8,20,1d+1h+4h,0.245,False,nofill,0.0
2024-07-31 11:30:00-04:00,115.42,117.37,117.5,117.37,120.2,32.8,20,1d+1h+4h,0.293,True,scratch,-0.1745933473800143
2024-07-31 12:30:00-04:00,115.52,117.37,117.5,117.37,120.09,32.8,20,1d+1h+4h,0.278,True,scratch,-0.17032999770727475
2024-07-31 13:30:00-04:00,116.24,117.37,117.5,117.37,120.06,32.8,20,1d+1h+4h,0.17,True,scratch,-0.16907155359390247
2024-07-31 14:30:00-04:00,116.08,117.37,117.5,117.37,120.05,32.8,20,1d+1h+4h,0.195,True,scratch,-0.16863124242092464
2024-07-31 15:30:00-04:00,117.17,117.71,117.84,117.71,120.32,30.0,18,1d+1h+4h,0.082,True,scratch,-0.16536451484492343
2024-08-01 09:30:00-04:00,116.39,117.37,117.5,117.37,120.08,32.8,20,1d+1h+4h,0.137,False,nofill,0.0
2024-08-01 10:30:00-04:00,114.23,117.37,117.5,117.37,120.17,32.8,20,1d+1h+4h,0.441,False,nofill,0.0
2024-08-01 11:30:00-04:00,112.01,117.37,117.5,117.37,120.17,32.8,20,1d+1h+4h,0.752,False,nofill,0.0
2024-08-01 12:30:00-04:00,109.01,117.37,117.51,117.37,120.25,32.8,20,1d+1h+4h,1.174,False,nofill,0.0
2024-08-01 13:30:00-04:00,107.59,117.37,117.51,117.37,120.26,32.8,20,1d+1h+4h,1.373,False,nofill,0.0
2024-08-01 14:30:00-04:00,108.36,117.37,117.5,117.37,120.2,32.8,20,1d+1h+4h,1.265,False,nofill,0.0
2024-08-01 15:30:00-04:00,109.33,117.37,117.5,117.37,120.13,32.8,20,1d+1h+4h,1.129,False,nofill,0.0
2024-08-02 09:30:00-04:00,103.92,117.37,117.52,117.37,120.53,32.8,20,1d+1h+4h,1.875,False,nofill,0.0
2024-08-02 10:30:00-04:00,105.93,117.37,117.52,117.37,120.59,32.8,20,1d+1h+4h,1.594,False,nofill,0.0
2024-08-02 11:30:00-04:00,107.23,117.37,117.52,117.37,120.59,32.8,20,1d+1h+4h,1.413,False,nofill,0.0
2024-08-02 12:30:00-04:00,104.84,117.37,117.52,117.37,120.55,32.8,20,1d+1h+4h,1.747,False,nofill,0.0
2024-08-02 13:30:00-04:00,106.07,117.37,117.52,117.37,120.46,32.8,20,1d+1h+4h,1.575,False,nofill,0.0
2024-08-02 14:30:00-04:00,106.04,117.37,117.51,117.37,120.34,32.8,20,1d+1h+4h,1.579,False,nofill,0.0
2024-08-02 15:30:00-04:00,107.31,117.37,117.51,117.37,120.26,32.8,20,1d+1h+4h,1.403,False,nofill,0.0
2024-08-05 09:30:00-04:00,98.92,114.38,114.57,114.38,118.31,10.6,7,1d+1h+4h,1.973,False,nofill,0.0
2024-08-05 10:30:00-04:00,100.63,116.28,116.47,116.28,120.2,27.0,17,1d+1h+4h,1.996,False,nofill,0.0
2024-08-05 11:30:00-04:00,103.19,117.37,117.55,117.37,121.24,32.8,20,1d+1h+4h,1.808,False,nofill,0.0
2024-08-05 12:30:00-04:00,100.79,116.28,116.46,116.28,120.11,27.0,17,1d+1h+4h,1.975,False,nofill,0.0
2024-08-05 13:30:00-04:00,100.52,116.2,116.38,116.2,119.91,27.0,17,1d+1h+4h,1.999,False,nofill,0.0
2024-08-05 14:30:00-04:00,99.99,114.94,115.11,114.94,118.58,16.4,10,1d+1h+4h,1.906,False,nofill,0.0
2024-08-05 15:30:00-04:00,100.6,116.28,116.45,116.28,119.8,27.0,17,1d+1h+4h,2.0,False,nofill,0.0
2024-08-06 09:30:00-04:00,103.64,118.04,118.21,118.04,121.63,33.0,19,1d+1h+4h,1.846,False,nofill,0.0
2024-08-06 10:30:00-04:00,103.9,118.04,118.21,118.04,121.61,33.0,19,1d+1h+4h,1.814,False,nofill,0.0
2024-08-06 11:30:00-04:00,105.48,118.04,118.21,118.04,121.52,33.0,19,1d+1h+4h,1.61,False,nofill,0.0
2024-08-06 12:30:00-04:00,106.95,118.04,118.2,118.04,121.43,33.0,19,1d+1h+4h,1.422,False,nofill,0.0
2024-08-06 13:30:00-04:00,107.14,118.04,118.19,118.04,121.29,33.0,19,1d+1h+4h,1.397,False,nofill,0.0
2024-08-06 14:30:00-04:00,106.28,118.04,118.19,118.04,121.23,33.0,19,1d+1h+4h,1.507,False,nofill,0.0
2024-08-06 15:30:00-04:00,104.01,118.04,118.19,118.04,121.21,33.0,19,1d+1h+4h,1.799,False,nofill,0.0
2024-08-07 09:30:00-04:00,104.73,118.04,118.2,118.04,121.34,33.0,19,1d+1h+4h,1.672,False,nofill,0.0
2024-08-07 10:30:00-04:00,104.9,118.04,118.19,118.04,121.24,33.0,19,1d+1h+4h,1.65,False,nofill,0.0
2024-08-07 11:30:00-04:00,103.8,118.04,118.19,118.04,121.19,33.0,19,1d+1h+4h,1.788,False,nofill,0.0
2024-08-07 12:30:00-04:00,102.25,118.04,118.19,118.04,121.14,33.0,19,1d+1h+4h,1.983,False,nofill,0.0
2024-08-07 13:30:00-04:00,100.41,116.28,116.43,116.28,119.41,27.0,17,1d+1h+4h,1.993,False,nofill,0.0
2024-08-07 14:30:00-04:00,100.38,116.28,116.43,116.28,119.35,27.0,17,1d+1h+4h,1.998,False,nofill,0.0
2024-08-07 15:30:00-04:00,98.75,106.94,107.08,106.94,109.93,11.6,8,1d+1h+4h,1.029,False,nofill,0.0
2024-08-08 09:30:00-04:00,102.04,117.71,117.86,117.71,120.84,32.8,20,1d+1h+4h,1.969,False,nofill,0.0
2024-08-08 10:30:00-04:00,102.73,118.04,118.18,118.04,121.07,33.0,19,1d+1h+4h,1.922,False,nofill,0.0
2024-08-08 11:30:00-04:00,103.76,118.04,118.18,118.04,120.97,33.0,19,1d+1h+4h,1.794,False,nofill,0.0
2024-08-08 12:30:00-04:00,104.59,118.04,118.18,118.04,120.9,33.0,19,1d+1h+4h,1.689,False,nofill,0.0
2024-08-08 13:30:00-04:00,104.82,118.04,118.17,118.04,120.77,33.0,19,1d+1h+4h,1.66,False,nofill,0.0
2024-08-08 14:30:00-04:00,104.2,118.02,118.15,118.02,120.67,33.0,19,1d+1h+4h,1.736,False,nofill,0.0
2024-08-08 15:30:00-04:00,105.22,118.02,118.15,118.02,120.6,33.0,19,1d+1h+4h,1.608,False,nofill,0.0
2024-08-09 09:30:00-04:00,104.19,118.02,118.15,118.02,120.65,33.0,19,1d+1h+4h,1.816,False,nofill,0.0
2024-08-09 10:30:00-04:00,104.41,118.02,118.15,118.02,120.6,33.0,19,1d+1h+4h,1.787,False,nofill,0.0
2024-08-09 11:30:00-04:00,104.21,118.02,118.14,118.02,120.5,33.0,19,1d+1h+4h,1.813,False,nofill,0.0
2024-08-09 12:30:00-04:00,105.62,118.02,118.14,118.02,120.44,33.0,19,1d+1h+4h,1.627,False,nofill,0.0
2024-08-09 13:30:00-04:00,105.15,118.02,118.13,118.02,120.36,33.0,19,1d+1h+4h,1.689,False,nofill,0.0
2024-08-09 14:30:00-04:00,104.74,118.02,118.13,118.02,120.27,33.0,19,1d+1h+4h,1.743,False,nofill,0.0
2024-08-09 15:30:00-04:00,104.71,118.02,118.13,118.02,120.17,33.0,19,1d+1h+4h,1.747,False,nofill,0.0
2024-08-12 09:30:00-04:00,110.06,117.37,117.5,117.37,120.12,32.8,20,1d+1h+4h,0.971,False,nofill,0.0
2024-08-12 10:30:00-04:00,109.23,117.37,117.5,117.37,120.08,32.8,20,1d+1h+4h,1.082,False,nofill,0.0
2024-08-12 11:30:00-04:00,109.84,117.37,117.5,117.37,120.01,32.8,20,1d+1h+4h,1.001,False,nofill,0.0
2024-08-12 12:30:00-04:00,109.79,117.37,117.49,117.37,119.92,32.8,20,1d+1h+4h,1.007,False,nofill,0.0
2024-08-12 13:30:00-04:00,109.86,117.37,117.49,117.37,119.83,32.8,20,1d+1h+4h,0.998,False,nofill,0.0
2024-08-12 14:30:00-04:00,109.33,117.37,117.48,117.37,119.73,32.8,20,1d+1h+4h,1.068,False,nofill,0.0
2024-08-12 15:30:00-04:00,109.12,117.01,117.12,117.01,119.28,32.8,20,1d+1h+4h,1.048,False,nofill,0.0
2024-08-13 09:30:00-04:00,113.83,117.37,117.49,117.37,119.89,32.8,20,1d+1h+4h,0.473,False,nofill,0.0
2024-08-13 10:30:00-04:00,114.67,117.01,117.13,117.01,119.47,32.8,20,1d+1h+4h,0.312,False,nofill,0.0
2024-08-13 11:30:00-04:00,114.52,117.37,117.48,117.37,119.74,32.8,20,1d+1h+4h,0.381,False,nofill,0.0
2024-08-13 12:30:00-04:00,115.32,117.37,117.48,117.37,119.67,32.8,20,1d+1h+4h,0.273,False,nofill,0.0
2024-08-13 13:30:00-04:00,115.47,117.01,117.12,117.01,119.23,32.8,20,1d+1h+4h,0.205,True,scratch,-0.15039235446631105
2024-08-13 14:30:00-04:00,115.67,117.01,117.11,117.01,119.15,32.8,20,1d+1h+4h,0.179,True,scratch,-0.14710659246062185
2024-08-13 15:30:00-04:00,116.17,117.01,117.11,117.01,119.06,32.8,20,1d+1h+4h,0.112,True,scratch,-0.14347703183588134
2024-08-14 09:30:00-04:00,115.78,117.01,117.12,117.01,119.26,32.8,20,1d+1h+4h,0.169,True,scratch,-0.1513127530933689
2024-08-14 10:30:00-04:00,117.18,118.02,118.13,118.02,120.31,32.0,18,1d+1h+4h,0.115,True,scratch,-0.15215797053564906
2024-08-14 11:30:00-04:00,117.11,118.02,118.13,118.02,120.29,32.0,18,1d+1h+4h,0.125,False,nofill,0.0
2024-08-14 12:30:00-04:00,117.12,118.02,118.13,118.02,120.23,33.0,19,1d+1h+4h,0.124,True,scratch,-0.1489836485126017
2024-08-14 13:30:00-04:00,117.37,118.02,118.12,118.02,120.15,33.0,19,1d+1h+4h,0.09,True,scratch,-0.14553002190396125
2024-08-14 14:30:00-04:00,117.11,118.02,118.12,118.02,120.06,33.0,19,1d+1h+4h,0.125,True,scratch,-0.14223229145655658
2024-08-14 15:30:00-04:00,117.97,118.5,118.6,118.5,120.5,24.2,15,1d+1h+4h,0.073,True,target,1.5465508355062552
2024-08-15 09:30:00-04:00,120.88,124.17,124.27,124.17,126.3,21.4,15,1d+1h+4h,0.458,False,nofill,0.0
2024-08-15 10:30:00-04:00,122.02,124.17,124.27,124.17,126.28,21.4,15,1d+1h+4h,0.3,False,nofill,0.0
2024-08-15 11:30:00-04:00,122.46,124.17,124.27,124.17,126.19,21.4,15,1d+1h+4h,0.239,False,nofill,0.0
2024-08-15 12:30:00-04:00,122.04,124.17,124.26,124.17,126.1,21.4,15,1d+1h+4h,0.297,False,nofill,0.0
2024-08-15 13:30:00-04:00,122.93,124.17,124.26,124.17,126.05,21.4,15,1d+1h+4h,0.173,True,scratch,-0.1318970164910782
2024-08-15 14:30:00-04:00,122.36,124.17,124.26,124.17,125.98,21.4,15,1d+1h+4h,0.253,True,scratch,-0.12928979306384702
2024-08-15 15:30:00-04:00,122.91,124.17,124.25,124.17,125.91,21.4,15,1d+1h+4h,0.176,True,scratch,-0.1268112645616215
2024-08-16 09:30:00-04:00,124.57,125.79,125.88,125.79,127.7,20.4,14,1d+1h+4h,0.176,False,nofill,0.0
2024-08-16 10:30:00-04:00,123.09,124.17,124.26,124.17,126.14,20.4,14,1d+1h+4h,0.156,True,scratch,-0.1354579835037839
2024-08-16 11:30:00-04:00,123.98,124.35,124.44,124.35,126.26,20.4,14,1d+1h+4h,0.052,True,scratch,-0.1333252739636248
2024-08-16 12:30:00-04:00,124.58,125.59,125.67,125.59,127.43,21.4,15,1d+1h+4h,0.146,False,nofill,0.0
2024-08-16 13:30:00-04:00,124.62,125.59,125.67,125.59,127.36,21.4,15,1d+1h+4h,0.139,False,nofill,0.0
2024-08-16 14:30:00-04:00,124.35,125.59,125.67,125.59,127.29,21.4,15,1d+1h+4h,0.178,True,scratch,-0.12435534293127048
2024-08-16 15:30:00-04:00,124.58,125.59,125.66,125.59,127.22,21.4,15,1d+1h+4h,0.145,True,scratch,-0.12183219384668265
2024-08-19 09:30:00-04:00,124.95,125.59,125.67,125.59,127.27,21.4,15,1d+1h+4h,0.092,True,target,1.2163969550007758
2024-08-19 10:30:00-04:00,126.39,126.88,126.96,126.88,128.58,17.2,12,1d+1h+4h,0.071,True,scratch,-0.12353042460141461
2024-08-19 11:30:00-04:00,127.04,128.66,128.74,128.66,130.34,13.4,11,1h+4h,0.234,True,scratch,-0.12191837563106933
2024-08-19 12:30:00-04:00,127.92,128.66,128.74,128.66,130.34,13.4,11,1h+4h,0.107,True,scratch,-0.12198572695860666
2024-08-19 13:30:00-04:00,129.22,129.58,129.66,129.58,131.24,7.8,7,1h+4h,0.052,True,scratch,-0.12092004852388705
2024-08-19 14:30:00-04:00,129.07,129.58,129.66,129.58,131.18,7.8,7,1h+4h,0.073,True,scratch,-0.1185232398369429
2024-08-19 15:30:00-04:00,129.99,135.09,135.16,135.09,136.66,7.8,5,1d+1h+4h,0.738,False,nofill,0.0
2024-08-20 09:30:00-04:00,127.31,128.66,128.74,128.66,130.37,13.4,11,1h+4h,0.201,False,nofill,0.0
2024-08-20 10:30:00-04:00,127.28,128.66,128.74,128.66,130.4,13.4,11,1h+4h,0.206,False,nofill,0.0
2024-08-20 11:30:00-04:00,127.41,128.66,128.74,128.66,130.36,14.4,12,1h+4h,0.186,False,nofill,0.0
2024-08-20 12:30:00-04:00,127.44,128.66,128.74,128.66,130.32,14.4,12,1h+4h,0.182,False,nofill,0.0
2024-08-20 13:30:00-04:00,127.95,128.66,128.74,128.66,130.28,14.4,12,1h+4h,0.106,True,scratch,-0.12003690714108561
2024-08-20 14:30:00-04:00,127.62,128.66,128.74,128.66,130.24,14.4,12,1h+4h,0.155,True,scratch,-0.11849298385587792
2024-08-20 15:30:00-04:00,127.27,128.66,128.73,128.66,130.18,14.4,12,1h+4h,0.207,True,scratch,-0.11633882438709664
2024-08-21 09:30:00-04:00,128.04,128.66,128.73,128.66,130.23,13.4,11,1h+4h,0.096,True,scratch,-0.11788543928854534
2024-08-21 10:30:00-04:00,128.23,128.66,128.74,128.66,130.27,13.4,11,1h+4h,0.067,True,scratch,-0.1196817554352525
2024-08-21 11:30:00-04:00,127.67,128.12,128.2,128.12,129.74,13.4,11,1h+4h,0.069,True,scratch,-0.12004999736301425
2024-08-21 12:30:00-04:00,127.77,128.12,128.19,128.12,129.67,13.4,11,1h+4h,0.054,True,scratch,-0.11765407866678457
2024-08-21 13:30:00-04:00,129.11,129.58,129.65,129.58,131.13,10.6,9,1h+4h,0.074,True,scratch,-0.11673076095572998
2024-08-21 14:30:00-04:00,128.22,128.66,128.73,128.66,130.22,13.4,11,1h+4h,0.069,True,scratch,-0.11773927720387656
2024-08-21 15:30:00-04:00,128.45,128.85,128.92,128.85,130.36,13.4,11,1h+4h,0.062,True,scratch,-0.11593252976851431
2024-08-22 09:30:00-04:00,129.15,129.58,129.66,129.58,131.18,10.6,9,1h+4h,0.066,False,nofill,0.0
2024-08-22 10:30:00-04:00,127.86,128.66,128.74,128.66,130.24,16.2,13,1h+4h,0.122,False,nofill,0.0
2024-08-22 11:30:00-04:00,126.58,128.66,128.74,128.66,130.39,16.2,13,1h+4h,0.32,False,nofill,0.0
2024-08-22 12:30:00-04:00,126.2,126.65,126.73,126.65,128.37,18.2,13,1d+1h+4h,0.069,False,nofill,0.0
2024-08-22 13:30:00-04:00,124.9,125.79,125.88,125.79,127.58,22.4,16,1d+1h+4h,0.137,True,target,1.290187928923503
2024-08-22 14:30:00-04:00,123.51,124.17,124.26,124.17,125.96,22.4,16,1d+1h+4h,0.101,True,target,1.312065515116756
2024-08-22 15:30:00-04:00,123.79,124.17,124.25,124.17,125.91,22.4,16,1d+1h+4h,0.058,True,target,1.2755589435513137
2024-08-23 09:30:00-04:00,129.49,130.0,130.1,130.0,132.05,8.8,8,1h+4h,0.08,False,nofill,0.0
2024-08-23 10:30:00-04:00,128.74,129.34,129.44,129.34,131.48,11.6,10,1h+4h,0.093,False,nofill,0.0
2024-08-23 11:30:00-04:00,127.52,128.66,128.76,128.66,130.8,16.2,13,1h+4h,0.176,True,scratch,-0.13890832864085212
2024-08-23 12:30:00-04:00,128.01,128.66,128.76,128.66,130.76,17.2,14,1h+4h,0.101,True,scratch,-0.13751271513950947
2024-08-23 13:30:00-04:00,128.67,129.04,129.14,129.04,131.05,14.4,12,1h+4h,0.057,True,scratch,-0.1340317681385761
2024-08-23 14:30:00-04:00,128.83,129.34,129.43,129.34,131.28,11.6,10,1h+4h,0.079,True,scratch,-0.13135628210366734
2024-08-23 15:30:00-04:00,129.28,129.74,129.83,129.74,131.63,8.8,8,1h+4h,0.071,True,scratch,-0.12921710116129415
2024-08-26 09:30:00-04:00,126.84,128.66,128.76,128.66,130.76,17.2,14,1h+4h,0.28,False,nofill,0.0
2024-08-26 10:30:00-04:00,127.07,128.66,128.76,128.66,130.83,17.2,14,1h+4h,0.245,False,nofill,0.0
2024-08-26 11:30:00-04:00,127.04,128.66,128.76,128.66,130.79,17.2,14,1h+4h,0.25,False,nofill,0.0
2024-08-26 12:30:00-04:00,126.49,128.66,128.76,128.66,130.75,17.2,14,1h+4h,0.334,False,nofill,0.0
2024-08-26 13:30:00-04:00,126.59,128.66,128.76,128.66,130.68,17.2,14,1h+4h,0.319,False,nofill,0.0
2024-08-26 14:30:00-04:00,126.64,128.66,128.75,128.66,130.59,17.2,14,1h+4h,0.311,True,scratch,-0.13127948555630153
2024-08-26 15:30:00-04:00,126.45,128.66,128.75,128.66,130.51,17.2,14,1h+4h,0.341,True,scratch,-0.1282957375736138
2024-08-27 09:30:00-04:00,127.2,128.66,128.76,128.66,130.66,14.4,12,1h+4h,0.228,True,scratch,-0.13375284878416327
2024-08-27 10:30:00-04:00,128.15,128.66,128.76,128.66,130.66,14.4,12,1h+4h,0.08,True,scratch,-0.13397220268693832
2024-08-27 11:30:00-04:00,127.98,128.66,128.75,128.66,130.59,14.4,12,1h+4h,0.107,True,scratch,-0.13118410834840333
2024-08-27 12:30:00-04:00,128.8,129.34,129.43,129.34,131.24,11.6,10,1h+4h,0.084,False,nofill,0.0
2024-08-27 13:30:00-04:00,128.48,128.85,128.93,128.85,130.68,14.4,12,1h+4h,0.058,False,nofill,0.0
2024-08-27 14:30:00-04:00,128.46,128.85,128.93,128.85,130.6,14.4,12,1h+4h,0.06,False,nofill,0.0
2024-08-27 15:30:00-04:00,128.34,128.85,128.92,128.85,130.51,14.4,12,1h+4h,0.079,False,nofill,0.0
2024-08-28 09:30:00-04:00,127.28,128.66,128.74,128.66,130.38,15.4,13,1h+4h,0.217,False,nofill,0.0
2024-08-28 10:30:00-04:00,123.99,124.35,124.44,124.35,126.31,29.2,20,1d+1h+4h,0.056,True,scratch,-0.13516695931878875
2024-08-28 11:30:00-04:00,125.48,125.89,125.98,125.89,127.86,22.4,16,1d+1h+4h,0.064,True,scratch,-0.134380341375695
2024-08-28 12:30:00-04:00,125.68,126.65,126.74,126.65,128.55,18.2,13,1d+1h+4h,0.153,False,nofill,0.0
2024-08-28 13:30:00-04:00,124.96,125.59,125.68,125.59,127.5,23.4,17,1d+1h+4h,0.099,True,scratch,-0.13246272107980683
2024-08-28 14:30:00-04:00,126.17,126.65,126.74,126.65,128.57,18.2,13,1d+1h+4h,0.076,False,nofill,0.0
2024-08-28 15:30:00-04:00,125.66,126.65,126.74,126.65,128.53,18.2,13,1d+1h+4h,0.156,False,nofill,0.0
2024-08-29 09:30:00-04:00,120.74,124.17,124.28,124.17,126.39,30.2,21,1d+1h+4h,0.525,False,nofill,0.0
2024-08-29 10:30:00-04:00,120.99,124.17,124.28,124.17,126.39,30.2,21,1d+1h+4h,0.487,False,nofill,0.0
2024-08-29 11:30:00-04:00,121.29,124.17,124.27,124.17,126.31,30.2,21,1d+1h+4h,0.441,False,nofill,0.0
2024-08-29 12:30:00-04:00,120.62,124.17,124.27,124.17,126.26,30.2,21,1d+1h+4h,0.543,False,nofill,0.0
2024-08-29 13:30:00-04:00,119.22,124.17,124.27,124.17,126.27,30.2,21,1d+1h+4h,0.758,False,nofill,0.0
2024-08-29 14:30:00-04:00,117.93,124.17,124.27,124.17,126.31,30.2,21,1d+1h+4h,0.955,False,nofill,0.0
2024-08-29 15:30:00-04:00,117.59,124.17,124.27,124.17,126.27,30.2,21,1d+1h+4h,1.007,False,nofill,0.0
2024-08-30 09:30:00-04:00,119.3,124.35,124.45,124.35,126.61,29.2,20,1d+1h+4h,0.79,False,nofill,0.0
2024-08-30 10:30:00-04:00,117.86,124.35,124.46,124.35,126.65,29.2,20,1d+1h+4h,1.015,False,nofill,0.0
2024-08-30 11:30:00-04:00,118.35,124.17,124.28,124.17,126.44,29.2,20,1d+1h+4h,0.911,False,nofill,0.0
2024-08-30 12:30:00-04:00,118.23,124.35,124.45,124.35,126.52,29.2,20,1d+1h+4h,0.957,False,nofill,0.0
2024-08-30 13:30:00-04:00,118.66,124.3,124.4,124.3,126.38,29.2,20,1d+1h+4h,0.883,False,nofill,0.0
2024-08-30 14:30:00-04:00,119.04,124.35,124.44,124.35,126.34,29.2,20,1d+1h+4h,0.831,False,nofill,0.0
2024-08-30 15:30:00-04:00,119.36,124.35,124.44,124.35,126.29,29.2,20,1d+1h+4h,0.78,False,nofill,0.0
2024-09-03 09:30:00-04:00,112.18,117.37,117.48,117.37,119.75,34.8,22,1d+1h+4h,0.764,False,nofill,0.0
2024-09-03 10:30:00-04:00,110.93,117.37,117.49,117.37,119.79,34.8,22,1d+1h+4h,0.948,False,nofill,0.0
2024-09-03 11:30:00-04:00,110.24,117.37,117.48,117.37,119.72,34.8,22,1d+1h+4h,1.05,False,nofill,0.0
2024-09-03 12:30:00-04:00,110.5,117.37,117.48,117.37,119.63,34.8,22,1d+1h+4h,1.011,False,nofill,0.0
2024-09-03 13:30:00-04:00,108.28,117.22,117.33,117.22,119.52,34.8,22,1d+1h+4h,1.315,False,nofill,0.0
2024-09-03 14:30:00-04:00,108.3,117.22,117.33,117.22,119.44,34.8,22,1d+1h+4h,1.313,False,nofill,0.0
2024-09-03 15:30:00-04:00,107.98,117.22,117.32,117.22,119.37,34.8,22,1d+1h+4h,1.36,False,nofill,0.0
2024-09-04 09:30:00-04:00,107.36,117.37,117.48,117.37,119.69,34.8,22,1d+1h+4h,1.438,False,nofill,0.0
2024-09-04 10:30:00-04:00,108.27,117.22,117.33,117.22,119.58,34.8,22,1d+1h+4h,1.286,False,nofill,0.0
2024-09-04 11:30:00-04:00,108.68,117.37,117.48,117.37,119.66,34.8,22,1d+1h+4h,1.249,False,nofill,0.0
2024-09-04 12:30:00-04:00,109.01,117.37,117.48,117.37,119.6,34.8,22,1d+1h+4h,1.201,False,nofill,0.0
2024-09-04 13:30:00-04:00,108.1,117.37,117.47,117.37,119.56,34.8,22,1d+1h+4h,1.331,False,nofill,0.0
2024-09-04 14:30:00-04:00,105.96,117.22,117.33,117.22,119.46,34.8,22,1d+1h+4h,1.619,False,nofill,0.0
2024-09-04 15:30:00-04:00,106.17,117.22,117.32,117.22,119.41,34.8,22,1d+1h+4h,1.588,False,nofill,0.0
2024-09-05 09:30:00-04:00,109.08,117.37,117.48,117.37,119.73,34.8,22,1d+1h+4h,1.217,False,nofill,0.0
2024-09-05 10:30:00-04:00,106.3,117.22,117.34,117.22,119.65,34.8,22,1d+1h+4h,1.604,False,nofill,0.0
2024-09-05 11:30:00-04:00,107.41,117.37,117.48,117.37,119.74,34.8,22,1d+1h+4h,1.462,False,nofill,0.0
2024-09-05 12:30:00-04:00,106.34,117.22,117.33,117.22,119.52,34.8,22,1d+1h+4h,1.598,False,nofill,0.0
2024-09-05 13:30:00-04:00,106.98,117.22,117.33,117.22,119.47,34.8,22,1d+1h+4h,1.503,False,nofill,0.0
2024-09-05 14:30:00-04:00,107.17,117.22,117.32,117.22,119.38,34.8,22,1d+1h+4h,1.475,False,nofill,0.0
2024-09-05 15:30:00-04:00,107.24,117.22,117.32,117.22,119.3,34.8,22,1d+1h+4h,1.465,False,nofill,0.0
2024-09-06 09:30:00-04:00,103.7,117.37,117.48,117.37,119.64,34.8,22,1d+1h+4h,1.999,False,nofill,0.0
2024-09-06 10:30:00-04:00,102.32,115.82,115.93,115.82,118.07,21.2,14,1d+1h+4h,1.974,False,nofill,0.0
2024-09-06 11:30:00-04:00,101.84,107.38,107.49,107.38,109.61,15.4,11,1d+1h+4h,0.81,False,nofill,0.0
2024-09-06 12:30:00-04:00,102.62,116.28,116.38,116.28,118.47,24.2,15,1d+1h+4h,1.999,False,nofill,0.0
2024-09-06 13:30:00-04:00,102.01,107.38,107.48,107.38,109.49,16.4,12,1d+1h+4h,0.785,False,nofill,0.0
2024-09-06 14:30:00-04:00,103.38,117.01,117.11,117.01,119.08,32.0,20,1d+1h+4h,1.993,False,nofill,0.0
2024-09-06 15:30:00-04:00,102.84,116.28,116.38,116.28,118.29,24.2,15,1d+1h+4h,1.966,False,nofill,0.0
2024-09-09 09:30:00-04:00,105.04,117.37,117.47,117.37,119.51,34.8,22,1d+1h+4h,1.864,False,nofill,0.0
2024-09-09 10:30:00-04:00,104.93,117.37,117.47,117.37,119.46,34.8,22,1d+1h+4h,1.881,False,nofill,0.0
2024-09-09 11:30:00-04:00,105.57,117.22,117.32,117.22,119.23,34.8,22,1d+1h+4h,1.761,False,nofill,0.0
2024-09-09 12:30:00-04:00,105.95,117.37,117.46,117.37,119.31,34.8,22,1d+1h+4h,1.727,False,nofill,0.0
2024-09-09 13:30:00-04:00,104.94,117.37,117.46,117.37,119.25,34.8,22,1d+1h+4h,1.879,False,nofill,0.0
2024-09-09 14:30:00-04:00,105.8,117.37,117.46,117.37,119.21,34.8,22,1d+1h+4h,1.749,False,nofill,0.0
2024-09-09 15:30:00-04:00,106.48,117.22,117.3,117.22,119.0,34.8,22,1d+1h+4h,1.624,False,nofill,0.0
2024-09-10 09:30:00-04:00,107.29,117.22,117.31,117.22,119.13,34.8,22,1d+1h+4h,1.537,False,nofill,0.0
2024-09-10 10:30:00-04:00,107.12,117.22,117.31,117.22,119.08,34.8,22,1d+1h+4h,1.564,False,nofill,0.0
2024-09-10 11:30:00-04:00,105.46,117.37,117.46,117.37,119.28,34.8,22,1d+1h+4h,1.845,False,nofill,0.0
2024-09-10 12:30:00-04:00,106.2,117.37,117.46,117.37,119.24,34.8,22,1d+1h+4h,1.729,False,nofill,0.0
2024-09-10 13:30:00-04:00,107.29,117.22,117.31,117.22,119.06,34.8,22,1d+1h+4h,1.537,False,nofill,0.0
2024-09-10 14:30:00-04:00,107.55,117.22,117.3,117.22,118.97,34.8,22,1d+1h+4h,1.497,False,nofill,0.0
2024-09-10 15:30:00-04:00,108.02,117.22,117.3,117.22,118.91,34.8,22,1d+1h+4h,1.424,False,nofill,0.0
2024-09-11 09:30:00-04:00,109.32,117.37,117.46,117.37,119.22,34.8,22,1d+1h+4h,1.203,False,nofill,0.0
2024-09-11 10:30:00-04:00,109.32,117.37,117.46,117.37,119.23,34.8,22,1d+1h+4h,1.203,False,nofill,0.0
2024-09-11 11:30:00-04:00,112.83,117.37,117.47,117.37,119.37,34.8,22,1d+1h+4h,0.679,False,nofill,0.0
2024-09-11 12:30:00-04:00,113.86,117.37,117.47,117.37,119.4,34.8,22,1d+1h+4h,0.525,False,nofill,0.0
2024-09-11 13:30:00-04:00,115.28,117.22,117.32,117.22,119.25,34.8,22,1d+1h+4h,0.29,True,target,1.5881288374795632
2024-09-11 14:30:00-04:00,115.98,117.22,117.32,117.22,119.22,34.8,22,1d+1h+4h,0.185,True,target,1.5665651692150728
2024-09-11 15:30:00-04:00,116.85,117.22,117.31,117.22,119.2,34.8,22,1d+1h+4h,0.055,True,target,1.5428932747753032
2024-09-12 09:30:00-04:00,119.6,124.17,124.27,124.17,126.33,30.2,21,1d+1h+4h,0.692,False,nofill,0.0
2024-09-12 10:30:00-04:00,118.67,124.17,124.27,124.17,126.31,30.2,21,1d+1h+4h,0.833,False,nofill,0.0
2024-09-12 11:30:00-04:00,119.14,124.17,124.27,124.17,126.27,30.2,21,1d+1h+4h,0.763,False,nofill,0.0
2024-09-12 12:30:00-04:00,119.84,124.17,124.27,124.17,126.23,30.2,21,1d+1h+4h,0.656,False,nofill,0.0
2024-09-12 13:30:00-04:00,120.4,124.17,124.27,124.17,126.18,30.2,21,1d+1h+4h,0.571,False,nofill,0.0
2024-09-12 14:30:00-04:00,119.95,124.17,124.26,124.17,126.14,30.2,21,1d+1h+4h,0.639,False,nofill,0.0
2024-09-12 15:30:00-04:00,119.18,124.17,124.26,124.17,126.08,30.2,21,1d+1h+4h,0.756,False,nofill,0.0
2024-09-13 09:30:00-04:00,118.37,124.3,124.39,124.3,126.2,29.2,20,1d+1h+4h,0.942,False,nofill,0.0
2024-09-13 10:30:00-04:00,119.41,124.3,124.39,124.3,126.21,29.2,20,1d+1h+4h,0.776,False,nofill,0.0
2024-09-13 11:30:00-04:00,118.72,124.17,124.26,124.17,126.03,29.2,20,1d+1h+4h,0.866,False,nofill,0.0
2024-09-13 12:30:00-04:00,119.1,124.17,124.26,124.17,125.97,29.2,20,1d+1h+4h,0.804,False,nofill,0.0
2024-09-13 13:30:00-04:00,118.62,124.17,124.25,124.17,125.9,29.2,20,1d+1h+4h,0.882,False,nofill,0.0
2024-09-13 14:30:00-04:00,119.06,124.17,124.25,124.17,125.83,29.2,20,1d+1h+4h,0.811,False,nofill,0.0
2024-09-13 15:30:00-04:00,119.07,124.17,124.24,124.17,125.74,29.2,20,1d+1h+4h,0.81,False,nofill,0.0
2024-09-16 09:30:00-04:00,117.12,117.71,117.8,117.71,119.53,32.0,20,1d+1h+4h,0.097,False,nofill,0.0
2024-09-16 10:30:00-04:00,116.62,117.22,117.3,117.22,119.0,33.0,21,1d+1h+4h,0.096,False,nofill,0.0
2024-09-16 11:30:00-04:00,116.17,117.22,117.3,117.22,118.96,33.0,21,1d+1h+4h,0.17,False,nofill,0.0
2024-09-16 12:30:00-04:00,116.62,117.22,117.3,117.22,118.91,33.0,21,1d+1h+4h,0.097,False,nofill,0.0
2024-09-16 13:30:00-04:00,116.66,117.22,117.3,117.22,118.84,33.0,21,1d+1h+4h,0.09,True,scratch,-0.1255529043527437
2024-09-16 14:30:00-04:00,116.35,117.22,117.29,117.22,118.76,33.0,21,1d+1h+4h,0.141,True,scratch,-0.1226512144383074
2024-09-16 15:30:00-04:00,116.77,117.22,117.29,117.22,118.7,33.0,21,1d+1h+4h,0.073,True,scratch,-0.11988060472761797
2024-09-17 09:30:00-04:00,117.75,124.17,124.24,124.17,125.69,28.2,19,1d+1h+4h,1.065,False,nofill,0.0
2024-09-17 10:30:00-04:00,117.21,117.71,117.79,117.71,119.21,32.0,20,1d+1h+4h,0.084,False,nofill,0.0
2024-09-17 11:30:00-04:00,116.53,117.37,117.44,117.37,118.87,33.0,21,1d+1h+4h,0.139,False,nofill,0.0
2024-09-17 12:30:00-04:00,116.1,117.37,117.44,117.37,118.84,34.0,22,1d+1h+4h,0.212,False,nofill,0.0
2024-09-17 13:30:00-04:00,115.38,117.37,117.44,117.37,118.85,34.0,22,1d+1h+4h,0.33,False,nofill,0.0
2024-09-17 14:30:00-04:00,115.35,117.37,117.44,117.37,118.8,34.0,22,1d+1h+4h,0.335,False,nofill,0.0
2024-09-17 15:30:00-04:00,115.58,117.37,117.44,117.37,118.75,34.0,22,1d+1h+4h,0.296,False,nofill,0.0
2024-09-18 09:30:00-04:00,115.12,117.37,117.44,117.37,118.76,34.0,22,1d+1h+4h,0.38,False,nofill,0.0
2024-09-18 10:30:00-04:00,114.83,117.37,117.43,117.37,118.73,34.0,22,1d+1h+4h,0.429,False,nofill,0.0
2024-09-18 11:30:00-04:00,114.69,117.37,117.43,117.37,118.72,34.0,22,1d+1h+4h,0.453,True,scratch,-0.11470430036188972
2024-09-18 12:30:00-04:00,115.1,117.37,117.43,117.37,118.68,34.0,22,1d+1h+4h,0.384,True,scratch,-0.11310635123382706
2024-09-18 13:30:00-04:00,116.78,117.37,117.44,117.37,118.78,34.0,22,1d+1h+4h,0.101,True,scratch,-0.11702968829532256
2024-09-18 14:30:00-04:00,115.39,117.37,117.45,117.37,118.99,34.0,22,1d+1h+4h,0.335,True,target,1.2540560484182173
2024-09-18 15:30:00-04:00,113.22,117.37,117.45,117.37,119.06,34.0,22,1d+1h+4h,0.702,True,target,1.3127164781069567
2024-09-19 09:30:00-04:00,119.22,124.17,124.27,124.17,126.2,28.2,19,1d+1h+4h,0.833,False,nofill,0.0
2024-09-19 10:30:00-04:00,119.53,124.17,124.26,124.17,126.13,28.2,19,1d+1h+4h,0.782,False,nofill,0.0
2024-09-19 11:30:00-04:00,119.16,124.17,124.26,124.17,126.06,28.2,19,1d+1h+4h,0.843,False,nofill,0.0
2024-09-19 12:30:00-04:00,119.5,124.17,124.26,124.17,125.98,28.2,19,1d+1h+4h,0.787,False,nofill,0.0
2024-09-19 13:30:00-04:00,119.12,124.17,124.25,124.17,125.91,28.2,19,1d+1h+4h,0.849,False,nofill,0.0
2024-09-19 14:30:00-04:00,118.14,124.17,124.25,124.17,125.9,28.2,19,1d+1h+4h,1.014,False,nofill,0.0
2024-09-19 15:30:00-04:00,117.98,124.17,124.25,124.17,125.85,28.2,19,1d+1h+4h,1.042,False,nofill,0.0
2024-09-20 09:30:00-04:00,117.08,117.37,117.45,117.37,119.07,31.2,20,1d+1h+4h,0.05,False,nofill,0.0
2024-09-20 10:30:00-04:00,115.74,117.22,117.3,117.22,118.95,33.0,21,1d+1h+4h,0.258,False,nofill,0.0
2024-09-20 11:30:00-04:00,116.68,117.22,117.3,117.22,118.91,33.0,21,1d+1h+4h,0.094,False,nofill,0.0
2024-09-20 12:30:00-04:00,116.19,117.22,117.3,117.22,118.84,33.0,21,1d+1h+4h,0.179,False,nofill,0.0
2024-09-20 13:30:00-04:00,115.84,117.22,117.3,117.22,118.81,33.0,21,1d+1h+4h,0.239,False,nofill,0.0
2024-09-20 14:30:00-04:00,116.62,117.22,117.29,117.22,118.77,33.0,21,1d+1h+4h,0.104,False,nofill,0.0
2024-09-20 15:30:00-04:00,116.08,117.22,117.29,117.22,118.75,33.0,21,1d+1h+4h,0.198,False,nofill,0.0
2024-09-23 09:30:00-04:00,116.18,117.37,117.44,117.37,118.9,30.2,19,1d+1h+4h,0.218,False,nofill,0.0
2024-09-23 10:30:00-04:00,115.52,117.37,117.44,117.37,118.9,30.2,19,1d+1h+4h,0.336,False,nofill,0.0
2024-09-23 11:30:00-04:00,115.5,117.37,117.44,117.37,118.86,30.2,19,1d+1h+4h,0.342,False,nofill,0.0
2024-09-23 12:30:00-04:00,115.67,117.37,117.44,117.37,118.79,31.2,20,1d+1h+4h,0.31,False,nofill,0.0
2024-09-23 13:30:00-04:00,116.11,117.37,117.44,117.37,118.74,31.2,20,1d+1h+4h,0.23,True,scratch,-0.11541391000849943
2024-09-23 14:30:00-04:00,116.53,117.37,117.43,117.37,118.69,31.2,20,1d+1h+4h,0.153,True,scratch,-0.11356783961892214
2024-09-23 15:30:00-04:00,116.24,117.37,117.43,117.37,118.63,31.2,20,1d+1h+4h,0.206,True,scratch,-0.11101814105046737
2024-09-24 09:30:00-04:00,115.98,117.22,117.28,117.22,118.52,31.2,20,1d+1h+4h,0.223,True,target,0.9967618166424774
2024-09-24 10:30:00-04:00,117.38,117.71,117.78,117.71,119.08,28.2,19,1d+1h+4h,0.06,True,target,1.0426022300365823
2024-09-24 11:30:00-04:00,120.78,123.88,123.96,123.88,125.46,26.4,18,1d+1h+4h,0.558,False,nofill,0.0
2024-09-24 12:30:00-04:00,121.3,123.88,123.95,123.88,125.42,26.4,18,1d+1h+4h,0.466,False,nofill,0.0
2024-09-24 13:30:00-04:00,121.31,123.88,123.95,123.88,125.36,26.4,18,1d+1h+4h,0.463,True,scratch,-0.11692255373803029
2024-09-24 14:30:00-04:00,120.43,123.88,123.95,123.88,125.33,26.4,18,1d+1h+4h,0.621,True,scratch,-0.11564929667808865
2024-09-24 15:30:00-04:00,120.95,123.88,123.95,123.88,125.31,26.4,18,1d+1h+4h,0.528,True,scratch,-0.11478354795637635
2024-09-25 09:30:00-04:00,124.56,125.59,125.66,125.59,127.21,21.6,16,1d+1h+4h,0.188,False,nofill,0.0
2024-09-25 10:30:00-04:00,124.03,124.3,124.37,124.3,125.87,25.2,18,1d+1h+4h,0.05,False,nofill,0.0
2024-09-25 11:30:00-04:00,123.8,124.3,124.37,124.3,125.85,25.2,18,1d+1h+4h,0.092,False,nofill,0.0
2024-09-25 12:30:00-04:00,123.26,123.88,123.95,123.88,125.4,27.4,19,1d+1h+4h,0.114,False,nofill,0.0
2024-09-25 13:30:00-04:00,123.6,123.88,123.95,123.88,125.37,27.4,19,1d+1h+4h,0.051,True,scratch,-0.11711042252865456
2024-09-25 14:30:00-04:00,123.29,123.88,123.95,123.88,125.29,27.4,19,1d+1h+4h,0.108,True,scratch,-0.1141544676856232
2024-09-25 15:30:00-04:00,123.56,123.88,123.94,123.88,125.22,27.4,19,1d+1h+4h,0.059,True,scratch,-0.11135193016726941
2024-09-26 09:30:00-04:00,125.67,126.48,126.55,126.48,128.02,16.4,12,1d+1h+4h,0.148,False,nofill,0.0
2024-09-26 10:30:00-04:00,123.54,123.88,123.96,123.88,125.58,27.4,19,1d+1h+4h,0.062,True,scratch,-0.12536056253652506
2024-09-26 11:30:00-04:00,123.42,123.88,123.96,123.88,125.58,27.4,19,1d+1h+4h,0.084,True,scratch,-0.12512071768431277
2024-09-26 12:30:00-04:00,122.64,123.88,123.96,123.88,125.59,27.4,19,1d+1h+4h,0.226,True,scratch,-0.1255065918012499
2024-09-26 13:30:00-04:00,124.03,124.35,124.43,124.35,126.04,25.2,18,1d+1h+4h,0.058,True,scratch,-0.12490106823669356
2024-09-26 14:30:00-04:00,124.13,125.59,125.67,125.59,127.23,22.6,17,1d+1h+4h,0.266,False,nofill,0.0
2024-09-26 15:30:00-04:00,123.99,124.3,124.37,124.3,125.87,26.2,19,1d+1h+4h,0.057,False,nofill,0.0
2024-09-27 09:30:00-04:00,121.42,123.88,123.96,123.88,125.57,27.4,19,1d+1h+4h,0.453,False,nofill,0.0
2024-09-27 10:30:00-04:00,120.26,123.88,123.96,123.88,125.58,27.4,19,1d+1h+4h,0.668,False,nofill,0.0
2024-09-27 11:30:00-04:00,120.83,123.88,123.96,123.88,125.53,27.4,19,1d+1h+4h,0.562,False,nofill,0.0
2024-09-27 12:30:00-04:00,120.22,123.88,123.96,123.88,125.49,27.4,19,1d+1h+4h,0.675,False,nofill,0.0
2024-09-27 13:30:00-04:00,119.35,123.88,123.96,123.88,125.49,27.4,19,1d+1h+4h,0.835,False,nofill,0.0
2024-09-27 14:30:00-04:00,120.5,123.88,123.96,123.88,125.47,27.4,19,1d+1h+4h,0.623,False,nofill,0.0
2024-09-27 15:30:00-04:00,121.4,123.88,123.96,123.88,125.48,27.4,19,1d+1h+4h,0.457,False,nofill,0.0
2024-09-30 09:30:00-04:00,120.09,124.37,124.45,124.37,126.06,25.2,18,1d+1h+4h,0.811,False,nofill,0.0
2024-09-30 10:30:00-04:00,120.97,124.37,124.45,124.37,126.04,25.2,18,1d+1h+4h,0.644,False,nofill,0.0
2024-09-30 11:30:00-04:00,120.72,124.37,124.45,124.37,125.98,25.2,18,1d+1h+4h,0.693,False,nofill,0.0
2024-09-30 12:30:00-04:00,120.1,124.37,124.44,124.37,125.93,25.2,18,1d+1h+4h,0.809,False,nofill,0.0
2024-09-30 13:30:00-04:00,119.47,124.37,124.44,124.37,125.93,25.2,18,1d+1h+4h,0.929,False,nofill,0.0
2024-09-30 14:30:00-04:00,120.08,124.37,124.44,124.37,125.91,25.2,18,1d+1h+4h,0.812,False,nofill,0.0
2024-09-30 15:30:00-04:00,121.49,124.35,124.42,124.35,125.9,25.2,18,1d+1h+4h,0.541,False,nofill,0.0
2024-10-01 09:30:00-04:00,117.89,119.6,119.69,119.6,121.39,29.2,20,1d+1h+4h,0.318,False,nofill,0.0
2024-10-01 10:30:00-04:00,117.42,117.71,117.8,117.71,119.52,29.2,20,1d+1h+4h,0.055,True,scratch,-0.1328377770620781
2024-10-01 11:30:00-04:00,117.48,117.85,117.93,117.85,119.61,29.2,20,1d+1h+4h,0.069,True,scratch,-0.13115834777589486
2024-10-01 12:30:00-04:00,116.0,117.37,117.45,117.37,119.14,32.2,21,1d+1h+4h,0.256,True,scratch,-0.13184456863396532
2024-10-01 13:30:00-04:00,117.81,119.6,119.69,119.6,121.4,29.2,20,1d+1h+4h,0.333,False,nofill,0.0
2024-10-01 14:30:00-04:00,117.48,117.85,117.93,117.85,119.58,29.2,20,1d+1h+4h,0.07,True,scratch,-0.12995094341653468
2024-10-01 15:30:00-04:00,116.95,117.37,117.45,117.37,119.04,32.2,21,1d+1h+4h,0.078,True,target,1.2906771242544801
2024-10-02 09:30:00-04:00,118.25,119.6,119.69,119.6,121.42,29.2,20,1d+1h+4h,0.255,False,nofill,0.0
2024-10-02 10:30:00-04:00,118.87,119.6,119.69,119.6,121.41,29.2,20,1d+1h+4h,0.137,False,nofill,0.0
2024-10-02 11:30:00-04:00,118.98,119.6,119.68,119.6,121.33,29.2,20,1d+1h+4h,0.116,False,nofill,0.0
2024-10-02 12:30:00-04:00,118.38,119.6,119.68,119.6,121.3,29.2,20,1d+1h+4h,0.231,False,nofill,0.0
2024-10-02 13:30:00-04:00,118.63,119.6,119.68,119.6,121.26,29.2,20,1d+1h+4h,0.183,True,target,1.260194677678994
2024-10-02 14:30:00-04:00,119.04,119.6,119.68,119.6,121.19,30.2,21,1d+1h+4h,0.106,True,target,1.2064907879180797
2024-10-02 15:30:00-04:00,118.84,119.6,119.67,119.6,121.13,30.2,21,1d+1h+4h,0.144,True,target,1.1530434325460304
2024-10-03 09:30:00-04:00,122.26,123.42,123.51,123.42,125.25,26.2,19,1d+1h+4h,0.219,False,nofill,0.0
2024-10-03 10:30:00-04:00,122.72,123.42,123.51,123.42,125.22,26.2,19,1d+1h+4h,0.131,False,nofill,0.0
2024-10-03 11:30:00-04:00,123.04,123.42,123.5,123.42,125.14,26.2,19,1d+1h+4h,0.072,False,nofill,0.0
2024-10-03 12:30:00-04:00,122.7,123.42,123.5,123.42,125.14,27.2,20,1d+1h+4h,0.136,False,nofill,0.0
2024-10-03 13:30:00-04:00,122.74,123.42,123.5,123.42,125.08,27.2,20,1d+1h+4h,0.127,True,scratch,-0.1238733074939602
2024-10-03 14:30:00-04:00,122.16,123.42,123.5,123.42,125.02,27.2,20,1d+1h+4h,0.237,True,scratch,-0.12152897722012002
2024-10-03 15:30:00-04:00,122.84,123.42,123.49,123.42,124.97,27.2,20,1d+1h+4h,0.109,True,scratch,-0.11957615144545519
2024-10-04 09:30:00-04:00,122.52,123.42,123.5,123.42,125.09,27.2,20,1d+1h+4h,0.175,True,scratch,-0.12427620485191415
2024-10-04 10:30:00-04:00,123.59,124.3,124.38,124.3,125.98,26.2,19,1d+1h+4h,0.138,True,scratch,-0.12426866015484705
2024-10-04 11:30:00-04:00,123.83,124.3,124.38,124.3,125.94,26.2,19,1d+1h+4h,0.091,True,scratch,-0.12280560856818834
2024-10-04 12:30:00-04:00,124.04,124.3,124.38,124.3,125.88,26.2,19,1d+1h+4h,0.051,True,target,1.1480950655195166
2024-10-04 13:30:00-04:00,124.59,125.23,125.3,125.23,126.76,22.6,17,1d+1h+4h,0.123,True,target,1.1013553508619545
2024-10-04 14:30:00-04:00,124.56,125.23,125.3,125.23,126.68,22.6,17,1d+1h+4h,0.131,True,target,1.0412240772639914
2024-10-04 15:30:00-04:00,124.89,125.23,125.3,125.23,126.62,22.6,17,1d+1h+4h,0.066,True,target,0.9933567995797921
2024-10-07 09:30:00-04:00,127.24,127.71,127.78,127.71,129.22,20.2,15,1d+1h+4h,0.09,True,target,1.0622176067365041
2024-10-07 10:30:00-04:00,128.6,130.0,130.07,130.0,131.56,14.6,11,1d+1h+4h,0.27,True,scratch,-0.11692838757563218
2024-10-07 11:30:00-04:00,129.56,130.0,130.07,130.0,131.53,14.6,11,1d+1h+4h,0.085,True,scratch,-0.11587982012677411
2024-10-07 12:30:00-04:00,129.43,130.0,130.07,130.0,131.49,14.6,11,1d+1h+4h,0.11,True,scratch,-0.11433018385759164
2024-10-07 13:30:00-04:00,129.73,130.0,130.07,130.0,131.49,14.6,11,1d+1h+4h,0.052,True,target,1.030016540047951
2024-10-07 14:30:00-04:00,128.24,128.66,128.73,128.66,130.18,15.4,13,1h+4h,0.08,True,target,1.064710830113369
2024-10-07 15:30:00-04:00,127.79,128.12,128.19,128.12,129.61,20.2,15,1d+1h+4h,0.064,True,target,1.050040699708088
2024-10-08 09:30:00-04:00,131.64,131.92,132.0,131.92,133.61,12.6,9,1d+1h+4h,0.054,True,scratch,-0.12109074992094904
2024-10-08 10:30:00-04:00,131.89,135.09,135.17,135.09,136.77,6.8,4,1d+1h+4h,0.611,False,nofill,0.0
2024-10-08 11:30:00-04:00,132.56,135.09,135.17,135.09,136.72,6.8,4,1d+1h+4h,0.482,False,nofill,0.0
2024-10-08 12:30:00-04:00,132.05,135.09,135.17,135.09,136.68,6.8,4,1d+1h+4h,0.581,False,nofill,0.0
2024-10-08 13:30:00-04:00,132.62,135.09,135.16,135.09,136.61,6.8,4,1d+1h+4h,0.472,False,nofill,0.0
2024-10-08 14:30:00-04:00,133.29,135.09,135.16,135.09,136.58,6.8,4,1d+1h+4h,0.344,False,nofill,0.0
2024-10-08 15:30:00-04:00,132.94,135.09,135.16,135.09,136.53,6.8,4,1d+1h+4h,0.412,False,nofill,0.0
2024-10-09 09:30:00-04:00,133.91,135.09,135.16,135.09,136.66,6.8,4,1d+1h+4h,0.232,False,nofill,0.0
2024-10-09 10:30:00-04:00,133.14,135.09,135.16,135.09,136.65,6.8,4,1d+1h+4h,0.383,False,nofill,0.0
2024-10-09 11:30:00-04:00,132.31,135.09,135.17,135.09,136.69,6.8,4,1d+1h+4h,0.547,False,nofill,0.0
2024-10-09 12:30:00-04:00,131.99,135.09,135.16,135.09,136.64,7.8,5,1d+1h+4h,0.611,False,nofill,0.0
2024-10-09 13:30:00-04:00,132.63,135.09,135.16,135.09,136.62,7.8,5,1d+1h+4h,0.484,False,nofill,0.0
2024-10-09 14:30:00-04:00,132.33,135.09,135.16,135.09,136.55,7.8,5,1d+1h+4h,0.543,False,nofill,0.0
2024-10-09 15:30:00-04:00,132.62,135.09,135.16,135.09,136.49,7.8,5,1d+1h+4h,0.485,False,nofill,0.0
2024-10-10 09:30:00-04:00,134.26,135.09,135.16,135.09,136.61,6.8,4,1d+1h+4h,0.165,False,nofill,0.0
2024-10-10 10:30:00-04:00,134.08,135.09,135.16,135.09,136.6,6.8,4,1d+1h+4h,0.202,False,nofill,0.0
2024-10-10 11:30:00-04:00,134.38,135.09,135.16,135.09,136.57,6.8,4,1d+1h+4h,0.141,False,nofill,0.0
2024-10-10 12:30:00-04:00,134.8,135.09,135.16,135.09,136.54,6.8,4,1d+1h+4h,0.059,False,nofill,0.0
2024-10-10 13:30:00-04:00,134.34,135.09,135.16,135.09,136.5,6.8,4,1d+1h+4h,0.15,True,scratch,-0.10963474486436198
2024-10-10 14:30:00-04:00,134.65,135.0,135.07,135.0,136.4,7.8,5,1d+1h+4h,0.071,True,scratch,-0.10936938999644985
2024-10-10 15:30:00-04:00,134.8,135.09,135.15,135.09,136.44,6.8,4,1d+1h+4h,0.058,True,scratch,-0.10762362171675699
2024-10-11 09:30:00-04:00,135.03,135.77,135.84,135.77,137.19,6.8,4,1d+1h+4h,0.155,False,nofill,0.0
2024-10-11 10:30:00-04:00,134.95,135.77,135.84,135.77,137.18,6.8,4,1d+1h+4h,0.172,False,nofill,0.0
2024-10-11 11:30:00-04:00,135.12,135.77,135.84,135.77,137.12,6.8,4,1d+1h+4h,0.136,False,nofill,0.0
2024-10-11 12:30:00-04:00,134.85,135.09,135.15,135.09,136.38,7.8,5,1d+1h+4h,0.05,False,nofill,0.0
2024-10-11 13:30:00-04:00,134.9,135.77,135.83,135.77,137.0,6.8,4,1d+1h+4h,0.182,True,target,0.7991832414977251
2024-10-11 14:30:00-04:00,134.82,135.09,135.15,135.09,136.26,7.8,5,1d+1h+4h,0.056,True,target,0.7635248207417566
2024-10-11 15:30:00-04:00,134.75,135.0,135.05,135.0,136.1,8.8,6,1d+1h+4h,0.052,True,target,0.7181802046999364
2024-10-14 13:30:00-04:00,138.69,139.6,139.66,139.6,140.89,6.8,4,1d+1h+4h,0.189,False,nofill,0.0
2024-10-14 14:30:00-04:00,138.74,139.6,139.66,139.6,140.85,6.8,4,1d+1h+4h,0.179,False,nofill,0.0
2024-10-14 15:30:00-04:00,138.14,139.6,139.66,139.6,140.84,6.8,4,1d+1h+4h,0.304,False,nofill,0.0
2024-10-15 09:30:00-04:00,132.11,135.0,135.08,135.0,136.65,10.8,8,1d+1h+4h,0.561,False,nofill,0.0
2024-10-15 10:30:00-04:00,131.8,135.0,135.09,135.0,136.84,10.8,8,1d+1h+4h,0.621,False,nofill,0.0
2024-10-15 11:30:00-04:00,130.84,131.26,131.35,131.26,133.15,15.4,11,1d+1h+4h,0.082,True,scratch,-0.12833360421783402
2024-10-15 12:30:00-04:00,131.08,131.92,132.01,131.92,133.74,15.4,11,1d+1h+4h,0.163,True,scratch,-0.12547851795542408
2024-10-15 13:30:00-04:00,131.84,135.0,135.09,135.0,136.79,10.8,8,1d+1h+4h,0.613,False,nofill,0.0
2024-10-15 14:30:00-04:00,131.19,131.92,132.0,131.92,133.7,15.4,11,1d+1h+4h,0.141,True,target,1.2243696963846196
2024-10-15 15:30:00-04:00,131.61,131.92,132.0,131.92,133.67,15.4,11,1d+1h+4h,0.06,True,target,1.20456672661442
2024-10-16 09:30:00-04:00,134.42,135.0,135.09,135.0,136.86,10.8,8,1d+1h+4h,0.112,True,target,1.2496562841040282
2024-10-16 10:30:00-04:00,134.16,135.0,135.09,135.0,136.88,10.8,8,1d+1h+4h,0.163,True,target,1.2674404859338129
2024-10-16 11:30:00-04:00,134.22,135.0,135.09,135.0,136.79,10.8,8,1d+1h+4h,0.152,True,target,1.20437043390611
2024-10-16 12:30:00-04:00,135.48,139.6,139.68,139.6,141.38,8.6,5,1d+1h+4h,0.801,False,nofill,0.0
2024-10-16 13:30:00-04:00,136.42,139.6,139.68,139.6,141.33,8.6,5,1d+1h+4h,0.618,True,scratch,-0.1188915907254895
2024-10-16 14:30:00-04:00,136.03,139.6,139.68,139.6,141.26,8.6,5,1d+1h+4h,0.694,True,scratch,-0.11649937147933942
2024-10-16 15:30:00-04:00,135.71,139.6,139.68,139.6,141.2,8.6,5,1d+1h+4h,0.756,True,scratch,-0.11440409075889058
2024-10-17 09:30:00-04:00,139.6,140.37,140.46,140.37,142.24,8.6,5,1d+1h+4h,0.15,False,nofill,0.0
2024-10-17 10:30:00-04:00,139.65,140.37,140.46,140.37,142.21,8.6,5,1d+1h+4h,0.14,False,nofill,0.0
2024-10-17 11:30:00-04:00,139.46,140.37,140.46,140.37,142.16,8.6,5,1d+1h+4h,0.177,False,nofill,0.0
2024-10-17 12:30:00-04:00,139.54,140.37,140.45,140.37,142.09,9.6,6,1d+1h+4h,0.162,False,nofill,0.0
2024-10-17 13:30:00-04:00,138.66,140.37,140.45,140.37,142.09,9.6,6,1d+1h+4h,0.332,False,nofill,0.0
2024-10-17 14:30:00-04:00,137.93,140.37,140.45,140.37,142.04,9.6,6,1d+1h+4h,0.475,False,nofill,0.0
2024-10-17 15:30:00-04:00,136.92,140.37,140.45,140.37,142.02,9.6,6,1d+1h+4h,0.671,False,nofill,0.0
2024-10-18 09:30:00-04:00,138.22,140.37,140.45,140.37,142.05,9.6,6,1d+1h+4h,0.437,False,nofill,0.0
2024-10-18 10:30:00-04:00,137.96,140.37,140.45,140.37,142.0,9.6,6,1d+1h+4h,0.489,False,nofill,0.0
2024-10-18 11:30:00-04:00,137.55,140.37,140.45,140.37,141.95,9.6,6,1d+1h+4h,0.573,False,nofill,0.0
2024-10-18 12:30:00-04:00,138.34,140.37,140.44,140.37,141.92,9.6,6,1d+1h+4h,0.413,False,nofill,0.0
2024-10-18 13:30:00-04:00,138.27,140.37,140.44,140.37,141.84,11.4,7,1d+1h+4h,0.427,True,scratch,-0.10990229288094788
2024-10-18 14:30:00-04:00,138.18,140.37,140.44,140.37,141.77,11.4,7,1d+1h+4h,0.445,True,scratch,-0.10750677690256616
2024-10-18 15:30:00-04:00,137.98,140.37,140.43,140.37,141.7,11.4,7,1d+1h+4h,0.486,True,scratch,-0.10486309165034235
2024-10-21 10:30:00-04:00,140.35,140.76,140.83,140.76,142.29,11.4,7,1d+1h+4h,0.081,True,scratch,-0.11159068478516776
2024-10-21 12:30:00-04:00,141.54,141.8,141.87,141.8,143.28,6.6,5,1h+4h,0.053,True,target,0.9334199648550978
2024-10-23 09:30:00-04:00,140.34,140.76,140.84,140.76,142.38,12.4,8,1d+1h+4h,0.086,True,scratch,-0.11460702258625499
2024-10-23 10:30:00-04:00,139.73,140.76,140.84,140.76,142.4,12.4,8,1d+1h+4h,0.21,False,nofill,0.0
2024-10-23 11:30:00-04:00,139.4,140.76,140.84,140.76,142.38,12.4,8,1d+1h+4h,0.276,False,nofill,0.0
2024-10-23 12:30:00-04:00,138.44,140.76,140.84,140.76,142.43,12.4,8,1d+1h+4h,0.474,False,nofill,0.0
2024-10-23 13:30:00-04:00,138.44,140.76,140.84,140.76,142.39,12.4,8,1d+1h+4h,0.472,True,scratch,-0.11491809148583831
2024-10-23 14:30:00-04:00,138.92,140.76,140.84,140.76,142.35,12.4,8,1d+1h+4h,0.375,True,scratch,-0.11357982108378684
2024-10-23 15:30:00-04:00,139.57,140.76,140.83,140.76,142.32,12.4,8,1d+1h+4h,0.243,True,scratch,-0.1128434672068801
2024-10-24 09:30:00-04:00,138.53,140.76,140.84,140.76,142.43,12.4,8,1d+1h+4h,0.469,False,nofill,0.0
2024-10-24 10:30:00-04:00,139.71,140.76,140.84,140.76,142.42,12.4,8,1d+1h+4h,0.222,False,nofill,0.0
2024-10-24 11:30:00-04:00,139.43,140.76,140.84,140.76,142.38,12.4,8,1d+1h+4h,0.281,False,nofill,0.0
2024-10-24 12:30:00-04:00,139.54,140.76,140.84,140.76,142.34,13.4,9,1d+1h+4h,0.257,True,target,1.0055659167421682
2024-10-24 13:30:00-04:00,139.86,140.76,140.83,140.76,142.29,13.4,9,1d+1h+4h,0.19,True,target,0.9740766167452897
2024-10-24 14:30:00-04:00,140.53,140.89,140.96,140.89,142.38,10.6,7,1d+1h+4h,0.076,True,target,0.9469459829123839
2024-10-24 15:30:00-04:00,140.4,140.76,140.83,140.76,142.19,13.4,9,1d+1h+4h,0.076,True,target,0.9058124510067156
2024-10-25 13:30:00-04:00,141.96,144.03,144.1,144.03,145.52,6.8,4,1d+1h+4h,0.443,False,nofill,0.0
2024-10-25 14:30:00-04:00,141.94,144.03,144.1,144.03,145.46,6.8,4,1d+1h+4h,0.447,False,nofill,0.0
2024-10-25 15:30:00-04:00,141.47,141.8,141.87,141.8,143.19,7.6,6,1h+4h,0.07,True,scratch,-0.10652908416936002
2024-10-28 09:30:00-04:00,141.46,141.8,141.87,141.8,143.26,7.6,6,1h+4h,0.074,False,nofill,0.0
2024-10-28 10:30:00-04:00,141.02,141.35,141.42,141.35,142.77,10.6,7,1d+1h+4h,0.073,True,scratch,-0.10786468982550979
2024-10-28 11:30:00-04:00,140.54,140.89,140.96,140.89,142.29,10.6,7,1d+1h+4h,0.077,True,scratch,-0.1071728079384271
2024-10-28 12:30:00-04:00,141.17,144.03,144.1,144.03,145.41,7.8,5,1d+1h+4h,0.627,False,nofill,0.0
2024-10-28 13:30:00-04:00,141.24,144.03,144.1,144.03,145.35,9.6,6,1d+1h+4h,0.612,False,nofill,0.0
2024-10-28 14:30:00-04:00,141.23,144.03,144.09,144.03,145.3,9.6,6,1d+1h+4h,0.614,False,nofill,0.0
2024-10-28 15:30:00-04:00,140.61,140.89,140.95,140.89,142.14,11.6,8,1d+1h+4h,0.061,True,scratch,-0.10211280528918953
2024-10-29 09:30:00-04:00,140.33,140.76,140.82,140.76,142.06,11.6,8,1d+1h+4h,0.096,True,scratch,-0.10377728399730834
2024-10-29 10:30:00-04:00,141.04,141.35,141.41,141.35,142.62,10.6,7,1d+1h+4h,0.069,True,scratch,-0.10277660383509746
2024-10-29 11:30:00-04:00,141.68,144.03,144.09,144.03,145.31,9.6,6,1d+1h+4h,0.525,False,nofill,0.0
2024-10-29 12:30:00-04:00,141.49,144.03,144.09,144.03,145.27,9.6,6,1d+1h+4h,0.569,False,nofill,0.0
2024-10-29 13:30:00-04:00,141.7,144.03,144.09,144.03,145.22,9.6,6,1d+1h+4h,0.521,False,nofill,0.0
2024-10-29 14:30:00-04:00,142.09,144.03,144.09,144.03,145.18,9.6,6,1d+1h+4h,0.434,False,nofill,0.0
2024-10-29 15:30:00-04:00,141.2,144.03,144.09,144.03,145.18,9.6,6,1d+1h+4h,0.632,False,nofill,0.0
2024-10-30 09:30:00-04:00,139.37,140.37,140.44,140.37,141.77,13.4,9,1d+1h+4h,0.224,False,nofill,0.0
2024-10-30 10:30:00-04:00,140.18,140.76,140.83,140.76,142.16,11.6,8,1d+1h+4h,0.13,False,nofill,0.0
2024-10-30 11:30:00-04:00,139.56,140.37,140.44,140.37,141.72,13.4,9,1d+1h+4h,0.182,False,nofill,0.0
2024-10-30 12:30:00-04:00,139.83,140.37,140.43,140.37,141.7,13.4,9,1d+1h+4h,0.121,False,nofill,0.0
2024-10-30 13:30:00-04:00,139.97,140.37,140.43,140.37,141.7,13.4,9,1d+1h+4h,0.09,False,nofill,0.0
2024-10-30 14:30:00-04:00,139.42,140.37,140.43,140.37,141.67,13.4,9,1d+1h+4h,0.212,False,nofill,0.0
2024-10-30 15:30:00-04:00,139.18,140.33,140.39,140.33,141.6,14.4,10,1d+1h+4h,0.257,False,nofill,0.0
2024-10-31 09:30:00-04:00,133.81,140.76,140.84,140.76,142.45,15.4,11,1d+1h+4h,1.487,False,nofill,0.0
2024-10-31 10:30:00-04:00,133.83,140.76,140.84,140.76,142.42,15.4,11,1d+1h+4h,1.483,False,nofill,0.0
2024-10-31 11:30:00-04:00,133.58,140.76,140.84,140.76,142.42,15.4,11,1d+1h+4h,1.536,False,nofill,0.0
2024-10-31 12:30:00-04:00,133.32,140.76,140.84,140.76,142.35,15.4,11,1d+1h+4h,1.591,False,nofill,0.0
2024-10-31 13:30:00-04:00,132.65,140.76,140.83,140.76,142.31,15.4,11,1d+1h+4h,1.737,False,nofill,0.0
2024-10-31 14:30:00-04:00,133.63,140.76,140.84,140.76,142.34,15.4,11,1d+1h+4h,1.526,False,nofill,0.0
2024-10-31 15:30:00-04:00,132.7,140.76,140.84,140.76,142.39,15.4,11,1d+1h+4h,1.726,False,nofill,0.0
2024-11-01 09:30:00-04:00,137.17,140.76,140.85,140.76,142.62,15.4,11,1d+1h+4h,0.769,False,nofill,0.0
2024-11-01 10:30:00-04:00,137.01,140.76,140.85,140.76,142.58,15.4,11,1d+1h+4h,0.805,False,nofill,0.0
2024-11-01 11:30:00-04:00,136.39,140.76,140.84,140.76,142.53,15.4,11,1d+1h+4h,0.937,False,nofill,0.0
2024-11-01 12:30:00-04:00,136.33,140.76,140.84,140.76,142.49,15.4,11,1d+1h+4h,0.95,False,nofill,0.0
2024-11-01 13:30:00-04:00,135.47,140.76,140.84,140.76,142.48,15.4,11,1d+1h+4h,1.134,False,nofill,0.0
2024-11-01 14:30:00-04:00,135.6,140.76,140.84,140.76,142.41,15.4,11,1d+1h+4h,1.108,False,nofill,0.0
2024-11-01 15:30:00-04:00,135.42,140.76,140.84,140.76,142.37,15.4,11,1d+1h+4h,1.145,False,nofill,0.0
2024-11-04 09:30:00-05:00,137.82,140.33,140.41,140.33,142.01,14.4,10,1d+1h+4h,0.547,False,nofill,0.0
2024-11-04 10:30:00-05:00,138.61,140.33,140.41,140.33,142.03,14.4,10,1d+1h+4h,0.376,False,nofill,0.0
2024-11-04 11:30:00-05:00,137.75,140.33,140.41,140.33,142.03,14.4,10,1d+1h+4h,0.562,False,nofill,0.0
2024-11-04 12:30:00-05:00,137.77,140.33,140.41,140.33,141.97,14.4,10,1d+1h+4h,0.559,False,nofill,0.0
2024-11-04 13:30:00-05:00,137.88,140.05,140.13,140.05,141.63,14.4,10,1d+1h+4h,0.473,False,nofill,0.0
2024-11-04 14:30:00-05:00,137.5,140.05,140.12,140.05,141.56,14.4,10,1d+1h+4h,0.556,False,nofill,0.0
2024-11-04 15:30:00-05:00,136.08,140.37,140.44,140.37,141.89,14.4,10,1d+1h+4h,0.936,False,nofill,0.0
2024-11-05 09:30:00-05:00,138.77,140.05,140.13,140.05,141.71,14.4,10,1d+1h+4h,0.28,True,scratch,-0.11627866535203202
2024-11-05 10:30:00-05:00,139.65,140.05,140.13,140.05,141.66,14.4,10,1d+1h+4h,0.089,True,scratch,-0.11480542838384622
2024-11-05 11:30:00-05:00,139.69,140.05,140.12,140.05,141.61,14.4,10,1d+1h+4h,0.079,False,nofill,0.0
2024-11-05 12:30:00-05:00,139.56,140.05,140.12,140.05,141.54,14.4,10,1d+1h+4h,0.107,False,nofill,0.0
2024-11-05 13:30:00-05:00,139.82,140.05,140.12,140.05,141.5,14.4,10,1d+1h+4h,0.05,True,target,0.9271120031715929
2024-11-05 14:30:00-05:00,139.87,140.33,140.4,140.33,141.73,15.4,11,1d+1h+4h,0.1,True,target,0.8903801561749525
2024-11-05 15:30:00-05:00,139.91,140.33,140.39,140.33,141.69,15.4,11,1d+1h+4h,0.092,True,target,0.8637300837660566
2024-11-06 09:30:00-05:00,144.06,144.42,144.5,144.42,146.04,8.6,5,1d+1h+4h,0.075,True,target,1.006581497071557
2024-11-06 10:30:00-05:00,144.05,144.42,144.5,144.42,146.0,8.6,5,1d+1h+4h,0.079,True,target,0.9837654178604494
2024-11-13 09:30:00-05:00,147.24,148.75,148.83,148.75,150.38,6.8,4,1d+1h+4h,0.336,False,nofill,0.0
2024-11-13 10:30:00-05:00,147.32,148.75,148.83,148.75,150.36,6.8,4,1d+1h+4h,0.318,False,nofill,0.0
2024-11-13 11:30:00-05:00,146.96,148.75,148.83,148.75,150.35,6.8,4,1d+1h+4h,0.399,False,nofill,0.0
2024-11-13 12:30:00-05:00,147.02,148.75,148.82,148.75,150.31,7.8,5,1d+1h+4h,0.385,False,nofill,0.0
2024-11-13 13:30:00-05:00,146.85,148.75,148.82,148.75,150.29,7.8,5,1d+1h+4h,0.424,False,nofill,0.0
2024-11-13 14:30:00-05:00,146.49,148.75,148.82,148.75,150.25,7.8,5,1d+1h+4h,0.504,True,scratch,-0.10782261326326426
2024-11-13 15:30:00-05:00,146.42,148.75,148.82,148.75,150.22,7.8,5,1d+1h+4h,0.52,True,scratch,-0.10702002996145765
2024-11-14 09:30:00-05:00,148.32,148.75,148.83,148.75,150.34,7.8,5,1d+1h+4h,0.099,True,scratch,-0.11090133298087279
2024-11-14 10:30:00-05:00,148.86,149.33,149.41,149.33,150.91,7.8,5,1d+1h+4h,0.105,False,nofill,0.0
2024-11-14 11:30:00-05:00,147.76,148.75,148.82,148.75,150.31,7.8,5,1d+1h+4h,0.226,False,nofill,0.0
2024-11-14 12:30:00-05:00,147.43,148.75,148.82,148.75,150.25,7.8,5,1d+1h+4h,0.3,False,nofill,0.0
2024-11-14 13:30:00-05:00,146.8,148.75,148.82,148.75,150.22,7.8,5,1d+1h+4h,0.442,False,nofill,0.0
2024-11-14 14:30:00-05:00,146.16,148.75,148.82,148.75,150.21,7.8,5,1d+1h+4h,0.587,False,nofill,0.0
2024-11-14 15:30:00-05:00,146.8,148.75,148.82,148.75,150.19,7.8,5,1d+1h+4h,0.442,False,nofill,0.0
2024-11-15 09:30:00-05:00,142.39,143.57,143.65,143.57,145.28,12.4,8,1d+1h+4h,0.258,False,nofill,0.0
2024-11-15 10:30:00-05:00,142.97,143.57,143.65,143.57,145.25,12.4,8,1d+1h+4h,0.131,False,nofill,0.0
2024-11-15 11:30:00-05:00,141.81,143.57,143.65,143.57,145.3,12.4,8,1d+1h+4h,0.385,False,nofill,0.0
2024-11-15 12:30:00-05:00,141.24,143.57,143.65,143.57,145.29,12.4,8,1d+1h+4h,0.511,False,nofill,0.0
2024-11-15 13:30:00-05:00,140.12,140.37,140.45,140.37,142.06,15.4,11,1d+1h+4h,0.055,True,target,1.0837996545966178
2024-11-15 14:30:00-05:00,142.07,143.57,143.65,143.57,145.31,12.4,8,1d+1h+4h,0.328,False,nofill,0.0
2024-11-15 15:30:00-05:00,141.97,143.57,143.65,143.57,145.24,12.4,8,1d+1h+4h,0.35,False,nofill,0.0
2024-11-18 09:30:00-05:00,140.01,140.33,140.42,140.33,142.24,15.4,11,1d+1h+4h,0.07,True,scratch,-0.12475966724775356
2024-11-18 10:30:00-05:00,141.03,141.35,141.44,141.35,143.24,12.6,9,1d+1h+4h,0.07,False,nofill,0.0
2024-11-18 11:30:00-05:00,139.53,140.37,140.46,140.37,142.27,15.4,11,1d+1h+4h,0.183,True,scratch,-0.12433509885729777
2024-11-18 12:30:00-05:00,139.84,140.33,140.42,140.33,142.18,15.4,11,1d+1h+4h,0.106,True,scratch,-0.12273050589958201
2024-11-18 13:30:00-05:00,139.71,140.37,140.46,140.37,142.17,15.4,11,1d+1h+4h,0.144,True,scratch,-0.12089355207478558
2024-11-18 14:30:00-05:00,141.5,143.57,143.66,143.57,145.39,12.4,8,1d+1h+4h,0.451,True,scratch,-0.12022681285874803
2024-11-18 15:30:00-05:00,140.2,140.76,140.85,140.76,142.6,13.6,10,1d+1h+4h,0.122,True,target,1.1825298993662248
2024-11-19 09:30:00-05:00,142.98,143.57,143.66,143.57,145.53,12.4,8,1d+1h+4h,0.124,True,scratch,-0.124862419226901
2024-11-19 10:30:00-05:00,143.68,144.03,144.13,144.03,145.99,12.4,8,1d+1h+4h,0.074,True,scratch,-0.12444264760488322
2024-11-19 11:30:00-05:00,143.6,144.03,144.12,144.03,145.92,12.4,8,1d+1h+4h,0.091,True,target,1.186700674797203
2024-11-19 12:30:00-05:00,144.62,148.75,148.84,148.75,150.6,7.8,5,1d+1h+4h,0.868,False,nofill,0.0
2024-11-19 13:30:00-05:00,146.03,148.75,148.84,148.75,150.6,7.8,5,1d+1h+4h,0.571,False,nofill,0.0
2024-11-19 14:30:00-05:00,146.63,148.75,148.84,148.75,150.55,7.8,5,1d+1h+4h,0.445,False,nofill,0.0
2024-11-19 15:30:00-05:00,146.99,148.75,148.83,148.75,150.5,7.8,5,1d+1h+4h,0.37,False,nofill,0.0
2024-11-20 09:30:00-05:00,143.83,144.11,144.2,144.11,146.05,12.4,8,1d+1h+4h,0.058,True,target,1.2234358427924752
2024-11-20 10:30:00-05:00,144.79,148.75,148.85,148.75,150.76,7.8,5,1d+1h+4h,0.832,False,nofill,0.0
2024-11-20 11:30:00-05:00,145.31,148.75,148.85,148.75,150.77,7.8,5,1d+1h+4h,0.722,False,nofill,0.0
2024-11-20 12:30:00-05:00,145.02,148.75,148.84,148.75,150.71,7.8,5,1d+1h+4h,0.783,False,nofill,0.0
2024-11-20 13:30:00-05:00,143.47,144.03,144.13,144.03,145.99,12.4,8,1d+1h+4h,0.118,True,target,1.2327673108512238
2024-11-20 14:30:00-05:00,144.47,148.75,148.84,148.75,150.65,7.8,5,1d+1h+4h,0.899,True,scratch,-0.12088332682109737
2024-11-20 15:30:00-05:00,145.93,148.75,148.84,148.75,150.65,7.8,5,1d+1h+4h,0.592,True,scratch,-0.12063142675033944
2024-11-21 09:30:00-05:00,141.2,143.14,143.27,143.14,145.79,13.4,9,1d+1h+4h,0.367,True,target,1.7016373120493755
2024-11-21 10:30:00-05:00,144.98,148.75,148.88,148.75,151.54,7.8,5,1d+1h+4h,0.712,False,nofill,0.0
2024-11-21 11:30:00-05:00,144.28,148.75,148.88,148.75,151.51,7.8,5,1d+1h+4h,0.845,False,nofill,0.0
2024-11-21 12:30:00-05:00,145.18,148.75,148.88,148.75,151.45,7.8,5,1d+1h+4h,0.675,False,nofill,0.0
2024-11-21 13:30:00-05:00,147.1,148.75,148.88,148.75,151.44,7.8,5,1d+1h+4h,0.312,False,nofill,0.0
2024-11-21 14:30:00-05:00,148.18,148.75,148.87,148.75,151.36,7.8,5,1d+1h+4h,0.109,False,nofill,0.0
2024-11-21 15:30:00-05:00,146.63,148.75,148.87,148.75,151.34,7.8,5,1d+1h+4h,0.401,False,nofill,0.0
2024-11-22 09:30:00-05:00,142.74,143.14,143.27,143.14,145.89,13.4,9,1d+1h+4h,0.074,True,scratch,-0.15147412844900288
2024-11-22 10:30:00-05:00,142.28,143.57,143.7,143.57,146.27,13.4,9,1d+1h+4h,0.241,False,nofill,0.0
2024-11-22 11:30:00-05:00,142.1,143.57,143.69,143.57,146.14,13.4,9,1d+1h+4h,0.276,False,nofill,0.0
2024-11-22 12:30:00-05:00,141.99,143.57,143.69,143.57,146.0,13.4,9,1d+1h+4h,0.296,False,nofill,0.0
2024-11-22 13:30:00-05:00,141.46,143.14,143.25,143.14,145.47,13.4,9,1d+1h+4h,0.314,False,nofill,0.0
2024-11-22 14:30:00-05:00,142.0,143.57,143.68,143.57,145.8,13.4,9,1d+1h+4h,0.294,False,nofill,0.0
2024-11-22 15:30:00-05:00,141.9,143.14,143.24,143.14,145.26,13.4,9,1d+1h+4h,0.232,False,nofill,0.0
2024-11-25 09:30:00-05:00,137.17,140.7,140.81,140.7,143.08,19.2,14,1d+1h+4h,0.653,False,nofill,0.0
2024-11-25 10:30:00-05:00,138.28,140.89,141.0,140.89,143.26,19.2,14,1d+1h+4h,0.483,False,nofill,0.0
2024-11-25 11:30:00-05:00,136.96,140.89,141.0,140.89,143.24,19.2,14,1d+1h+4h,0.727,False,nofill,0.0
2024-11-25 12:30:00-05:00,137.09,140.7,140.81,140.7,142.99,19.2,14,1d+1h+4h,0.668,False,nofill,0.0
2024-11-25 13:30:00-05:00,136.93,140.89,140.99,140.89,143.09,19.2,14,1d+1h+4h,0.733,False,nofill,0.0
2024-11-25 14:30:00-05:00,136.72,140.89,140.99,140.89,143.01,19.2,14,1d+1h+4h,0.77,False,nofill,0.0
2024-11-25 15:30:00-05:00,135.94,136.22,136.32,136.22,138.29,20.4,14,1d+1h+4h,0.052,True,scratch,-0.13216473736890055
2024-11-26 09:30:00-05:00,136.96,140.89,140.99,140.89,143.06,19.2,14,1d+1h+4h,0.744,False,nofill,0.0
2024-11-26 10:30:00-05:00,136.93,140.89,140.99,140.89,142.98,19.2,14,1d+1h+4h,0.751,False,nofill,0.0
2024-11-26 11:30:00-05:00,136.82,140.89,140.98,140.89,142.88,19.2,14,1d+1h+4h,0.772,False,nofill,0.0
2024-11-26 12:30:00-05:00,136.64,140.89,140.98,140.89,142.79,19.2,14,1d+1h+4h,0.806,False,nofill,0.0
2024-11-26 13:30:00-05:00,135.96,136.78,136.87,136.78,138.64,20.4,14,1d+1h+4h,0.156,True,scratch,-0.12454497491588556
2024-11-26 14:30:00-05:00,136.84,140.89,140.98,140.89,142.69,19.2,14,1d+1h+4h,0.767,False,nofill,0.0
2024-11-26 15:30:00-05:00,136.82,140.89,140.97,140.89,142.6,19.2,14,1d+1h+4h,0.771,False,nofill,0.0
2024-11-27 09:30:00-05:00,132.36,136.22,136.31,136.22,138.15,20.4,14,1d+1h+4h,0.73,False,nofill,0.0
2024-11-27 10:30:00-05:00,132.42,136.22,136.31,136.22,138.1,20.4,14,1d+1h+4h,0.72,False,nofill,0.0
2024-11-27 11:30:00-05:00,132.6,136.78,136.87,136.78,138.59,20.4,14,1d+1h+4h,0.792,False,nofill,0.0
2024-11-27 12:30:00-05:00,133.66,136.78,136.87,136.78,138.57,20.4,14,1d+1h+4h,0.591,False,nofill,0.0
2024-11-27 13:30:00-05:00,134.15,136.78,136.87,136.78,138.51,20.4,14,1d+1h+4h,0.498,True,target,1.1438801777522434
2024-11-27 14:30:00-05:00,134.44,136.15,136.23,136.15,137.85,20.4,14,1d+1h+4h,0.323,True,target,1.125453555400635
2024-11-27 15:30:00-05:00,135.42,136.15,136.23,136.15,137.82,20.4,14,1d+1h+4h,0.138,True,target,1.1057677943362876
2024-11-29 09:30:00-05:00,138.68,140.7,140.79,140.7,142.54,19.2,14,1d+1h+4h,0.39,False,nofill,0.0
2024-11-29 10:30:00-05:00,138.35,140.37,140.46,140.37,142.15,19.2,14,1d+1h+4h,0.389,False,nofill,0.0
2024-11-29 11:30:00-05:00,138.82,140.33,140.41,140.33,142.06,19.2,14,1d+1h+4h,0.291,True,scratch,-0.1185312211066214
2024-12-02 09:30:00-05:00,139.17,140.33,140.41,140.33,142.11,19.2,14,1d+1h+4h,0.231,False,nofill,0.0
2024-12-02 10:30:00-05:00,138.99,140.33,140.41,140.33,142.06,19.2,14,1d+1h+4h,0.267,False,nofill,0.0
2024-12-02 11:30:00-05:00,139.16,140.33,140.41,140.33,142.0,19.2,14,1d+1h+4h,0.232,False,nofill,0.0
2024-12-02 12:30:00-05:00,138.29,140.45,140.53,140.45,142.07,20.2,15,1d+1h+4h,0.43,False,nofill,0.0
2024-12-02 13:30:00-05:00,138.13,140.45,140.53,140.45,142.03,20.2,15,1d+1h+4h,0.463,True,scratch,-0.11363037999450043
2024-12-02 14:30:00-05:00,138.8,140.33,140.4,140.33,141.86,20.2,15,1d+1h+4h,0.306,True,scratch,-0.11185015926737929
2024-12-02 15:30:00-05:00,138.64,140.45,140.52,140.45,141.95,20.2,15,1d+1h+4h,0.361,True,scratch,-0.11064475474775737
2024-12-03 09:30:00-05:00,138.53,140.45,140.53,140.45,142.03,20.2,15,1d+1h+4h,0.397,False,nofill,0.0
2024-12-03 10:30:00-05:00,139.18,140.33,140.4,140.33,141.9,20.2,15,1d+1h+4h,0.238,False,nofill,0.0
2024-12-03 11:30:00-05:00,138.78,140.76,140.83,140.76,142.29,20.2,15,1d+1h+4h,0.409,False,nofill,0.0
2024-12-03 12:30:00-05:00,139.06,140.33,140.4,140.33,141.82,20.2,15,1d+1h+4h,0.263,False,nofill,0.0
2024-12-03 13:30:00-05:00,139.27,140.33,140.4,140.33,141.75,20.2,15,1d+1h+4h,0.22,True,target,0.9011589795842934
2024-12-03 14:30:00-05:00,140.23,140.76,140.83,140.76,142.15,20.2,15,1d+1h+4h,0.11,True,target,0.8812394866417161
2024-12-03 15:30:00-05:00,140.25,140.76,140.82,140.76,142.1,20.2,15,1d+1h+4h,0.105,True,target,0.8424136619861189
2024-12-04 09:30:00-05:00,141.8,143.57,143.64,143.57,144.99,13.4,9,1d+1h+4h,0.362,True,target,0.8798235002924981
2024-12-04 10:30:00-05:00,142.95,143.57,143.64,143.57,144.99,13.4,9,1d+1h+4h,0.127,True,target,0.8812778056171977
2024-12-04 11:30:00-05:00,144.57,148.55,148.62,148.55,149.99,8.8,6,1d+1h+4h,0.813,False,nofill,0.0
2024-12-04 12:30:00-05:00,143.83,144.11,144.18,144.11,145.51,12.4,8,1d+1h+4h,0.057,True,target,0.8654649131892622
2024-12-04 13:30:00-05:00,145.5,148.55,148.62,148.55,149.98,8.8,6,1d+1h+4h,0.623,False,nofill,0.0
2024-12-04 14:30:00-05:00,145.38,148.55,148.62,148.55,149.92,8.8,6,1d+1h+4h,0.649,False,nofill,0.0
2024-12-04 15:30:00-05:00,145.14,148.55,148.61,148.55,149.91,8.8,6,1d+1h+4h,0.698,False,nofill,0.0
2024-12-05 09:30:00-05:00,144.61,148.55,148.62,148.55,149.97,8.8,6,1d+1h+4h,0.834,False,nofill,0.0
2024-12-05 10:30:00-05:00,145.94,148.55,148.62,148.55,150.01,8.8,6,1d+1h+4h,0.552,False,nofill,0.0
2024-12-05 11:30:00-05:00,146.0,148.55,148.62,148.55,149.97,8.8,6,1d+1h+4h,0.54,False,nofill,0.0
2024-12-05 12:30:00-05:00,144.92,148.55,148.62,148.55,149.98,8.8,6,1d+1h+4h,0.769,False,nofill,0.0
2024-12-05 13:30:00-05:00,144.88,148.55,148.62,148.55,149.94,8.8,6,1d+1h+4h,0.778,False,nofill,0.0
2024-12-05 14:30:00-05:00,144.99,148.55,148.61,148.55,149.89,8.8,6,1d+1h+4h,0.754,False,nofill,0.0
2024-12-05 15:30:00-05:00,145.01,148.55,148.61,148.55,149.82,8.8,6,1d+1h+4h,0.75,False,nofill,0.0
2024-12-06 09:30:00-05:00,144.55,148.55,148.61,148.55,149.85,8.8,6,1d+1h+4h,0.851,False,nofill,0.0
2024-12-06 10:30:00-05:00,142.69,143.57,143.64,143.57,145.0,13.4,9,1d+1h+4h,0.187,False,nofill,0.0
2024-12-06 11:30:00-05:00,142.91,143.57,143.64,143.57,145.04,13.4,9,1d+1h+4h,0.14,False,nofill,0.0
2024-12-06 12:30:00-05:00,142.67,143.57,143.64,143.57,145.0,13.4,9,1d+1h+4h,0.191,False,nofill,0.0
2024-12-06 13:30:00-05:00,142.58,143.57,143.64,143.57,144.94,13.4,9,1d+1h+4h,0.21,False,nofill,0.0
2024-12-06 14:30:00-05:00,142.1,143.57,143.63,143.57,144.9,13.4,9,1d+1h+4h,0.312,False,nofill,0.0
2024-12-06 15:30:00-05:00,142.4,143.57,143.63,143.57,144.86,13.4,9,1d+1h+4h,0.249,False,nofill,0.0
2024-12-09 09:30:00-05:00,138.66,140.7,140.77,140.7,142.27,21.2,16,1d+1h+4h,0.43,False,nofill,0.0
2024-12-09 10:30:00-05:00,138.09,140.7,140.78,140.7,142.29,21.2,16,1d+1h+4h,0.551,False,nofill,0.0
2024-12-09 11:30:00-05:00,138.45,140.7,140.77,140.7,142.24,21.2,16,1d+1h+4h,0.475,False,nofill,0.0
2024-12-09 12:30:00-05:00,139.56,140.33,140.4,140.33,141.86,21.2,16,1d+1h+4h,0.161,False,nofill,0.0
2024-12-09 13:30:00-05:00,138.68,140.7,140.77,140.7,142.21,21.2,16,1d+1h+4h,0.426,True,scratch,-0.11102659063068065
2024-12-09 14:30:00-05:00,138.28,140.7,140.77,140.7,142.16,21.2,16,1d+1h+4h,0.509,True,scratch,-0.10920701308679837
2024-12-09 15:30:00-05:00,138.8,140.76,140.83,140.76,142.18,21.2,16,1d+1h+4h,0.412,True,scratch,-0.10795308784403712
2024-12-10 09:30:00-05:00,140.07,140.33,140.4,140.33,141.87,21.2,16,1d+1h+4h,0.052,False,nofill,0.0
2024-12-10 10:30:00-05:00,137.18,140.7,140.78,140.7,142.37,21.2,16,1d+1h+4h,0.708,False,nofill,0.0
2024-12-10 11:30:00-05:00,136.29,136.78,136.86,136.78,138.44,22.4,16,1d+1h+4h,0.099,False,nofill,0.0
2024-12-10 12:30:00-05:00,136.41,136.78,136.86,136.78,138.39,22.4,16,1d+1h+4h,0.075,False,nofill,0.0
2024-12-10 13:30:00-05:00,135.89,136.78,136.86,136.78,138.35,22.4,16,1d+1h+4h,0.18,True,scratch,-0.11453585379362918
2024-12-10 14:30:00-05:00,134.58,136.81,136.89,136.81,138.43,22.4,16,1d+1h+4h,0.448,True,scratch,-0.11628486788974879
2024-12-10 15:30:00-05:00,135.0,136.78,136.86,136.78,138.36,22.4,16,1d+1h+4h,0.358,True,scratch,-0.11472595196607704
2024-12-11 09:30:00-05:00,136.21,136.78,136.86,136.78,138.47,22.4,16,1d+1h+4h,0.116,True,target,1.1157331911638035
2024-12-11 10:30:00-05:00,137.65,140.7,140.78,140.7,142.43,22.2,17,1d+1h+4h,0.612,False,nofill,0.0
2024-12-11 11:30:00-05:00,138.63,140.7,140.78,140.7,142.45,22.2,17,1d+1h+4h,0.416,False,nofill,0.0
2024-12-11 12:30:00-05:00,139.18,140.7,140.78,140.7,142.39,22.2,17,1d+1h+4h,0.305,False,nofill,0.0
2024-12-11 13:30:00-05:00,139.45,140.7,140.78,140.7,142.33,22.2,17,1d+1h+4h,0.25,False,nofill,0.0
2024-12-11 14:30:00-05:00,140.11,140.7,140.78,140.7,142.28,22.2,17,1d+1h+4h,0.118,False,nofill,0.0
2024-12-11 15:30:00-05:00,139.27,140.7,140.77,140.7,142.25,22.2,17,1d+1h+4h,0.287,False,nofill,0.0
2024-12-12 09:30:00-05:00,136.67,140.76,140.84,140.76,142.46,22.2,17,1d+1h+4h,0.838,False,nofill,0.0
2024-12-12 10:30:00-05:00,136.72,140.76,140.84,140.76,142.43,22.2,17,1d+1h+4h,0.829,False,nofill,0.0
2024-12-12 11:30:00-05:00,137.37,140.7,140.78,140.7,142.35,22.2,17,1d+1h+4h,0.683,False,nofill,0.0
2024-12-12 12:30:00-05:00,138.21,140.76,140.84,140.76,142.4,22.2,17,1d+1h+4h,0.524,False,nofill,0.0
2024-12-12 13:30:00-05:00,137.96,140.76,140.84,140.76,142.35,22.2,17,1d+1h+4h,0.574,False,nofill,0.0
2024-12-12 14:30:00-05:00,137.38,140.7,140.77,140.7,142.24,22.2,17,1d+1h+4h,0.68,False,nofill,0.0
2024-12-12 15:30:00-05:00,137.31,140.76,140.83,140.76,142.25,22.2,17,1d+1h+4h,0.708,False,nofill,0.0
2024-12-13 09:30:00-05:00,136.49,136.78,136.86,136.78,138.4,23.4,17,1d+1h+4h,0.058,True,scratch,-0.11622646430232697
2024-12-13 10:30:00-05:00,132.95,136.78,136.87,136.78,138.62,23.4,17,1d+1h+4h,0.762,False,nofill,0.0
2024-12-13 11:30:00-05:00,133.28,136.81,136.9,136.81,138.61,23.4,17,1d+1h+4h,0.702,False,nofill,0.0
2024-12-13 12:30:00-05:00,134.53,136.81,136.9,136.81,138.61,23.4,17,1d+1h+4h,0.453,False,nofill,0.0
2024-12-13 13:30:00-05:00,134.63,136.81,136.89,136.81,138.54,23.4,17,1d+1h+4h,0.432,False,nofill,0.0
2024-12-13 14:30:00-05:00,133.99,136.78,136.86,136.78,138.48,23.4,17,1d+1h+4h,0.556,False,nofill,0.0
2024-12-13 15:30:00-05:00,134.22,136.87,136.95,136.87,138.49,23.4,17,1d+1h+4h,0.527,False,nofill,0.0
2024-12-16 09:30:00-05:00,132.29,136.87,136.96,136.87,138.68,23.4,17,1d+1h+4h,0.924,False,nofill,0.0
2024-12-16 10:30:00-05:00,130.93,131.76,131.84,131.76,133.55,28.0,18,1d+1h+4h,0.167,True,scratch,-0.12474643605158153
2024-12-16 11:30:00-05:00,130.96,131.76,131.84,131.76,133.51,28.0,18,1d+1h+4h,0.16,True,scratch,-0.12318058706393131
2024-12-16 12:30:00-05:00,131.32,131.76,131.84,131.76,133.47,28.0,18,1d+1h+4h,0.088,True,scratch,-0.12197004908222064
2024-12-16 13:30:00-05:00,131.61,131.9,131.98,131.9,133.57,28.0,18,1d+1h+4h,0.059,True,scratch,-0.12037431317672986
2024-12-16 14:30:00-05:00,132.4,136.87,136.95,136.87,138.51,23.4,17,1d+1h+4h,0.902,False,nofill,0.0
2024-12-16 15:30:00-05:00,131.99,136.87,136.95,136.87,138.47,23.4,17,1d+1h+4h,0.985,False,nofill,0.0
2024-12-17 09:30:00-05:00,127.62,130.9,130.99,130.9,132.76,29.0,19,1d+1h+4h,0.66,True,scratch,-0.1278048920810737
2024-12-17 10:30:00-05:00,128.99,131.92,132.01,131.92,133.78,29.0,19,1d+1h+4h,0.59,False,nofill,0.0
2024-12-17 11:30:00-05:00,131.19,131.76,131.85,131.76,133.66,29.0,19,1d+1h+4h,0.114,False,nofill,0.0
2024-12-17 12:30:00-05:00,129.72,131.76,131.85,131.76,133.67,29.0,19,1d+1h+4h,0.409,False,nofill,0.0
2024-12-17 13:30:00-05:00,129.9,131.76,131.84,131.76,133.6,29.0,19,1d+1h+4h,0.374,True,target,1.2727615365852873
2024-12-17 14:30:00-05:00,129.32,131.92,132.0,131.92,133.7,29.0,19,1d+1h+4h,0.522,True,target,1.2252712847260927
2024-12-17 15:30:00-05:00,130.35,131.76,131.84,131.76,133.53,29.0,19,1d+1h+4h,0.283,True,target,1.2210430178560605
2024-12-18 09:30:00-05:00,135.56,140.54,140.64,140.54,142.59,24.2,19,1d+1h+4h,0.955,False,nofill,0.0
2024-12-18 10:30:00-05:00,135.25,140.54,140.64,140.54,142.58,24.2,19,1d+1h+4h,1.015,False,nofill,0.0
2024-12-18 11:30:00-05:00,135.62,140.54,140.63,140.54,142.52,24.2,19,1d+1h+4h,0.945,False,nofill,0.0
2024-12-18 12:30:00-05:00,135.99,140.54,140.63,140.54,142.48,24.2,19,1d+1h+4h,0.874,False,nofill,0.0
2024-12-18 13:30:00-05:00,133.87,136.22,136.32,136.22,138.22,24.4,18,1d+1h+4h,0.451,False,nofill,0.0
2024-12-18 14:30:00-05:00,130.97,131.26,131.36,131.26,133.39,29.0,19,1d+1h+4h,0.056,True,scratch,-0.13707461430307877
2024-12-18 15:30:00-05:00,128.71,130.9,131.0,130.9,133.12,29.0,19,1d+1h+4h,0.42,True,scratch,-0.14075442809149408
2024-12-19 09:30:00-05:00,130.22,131.76,131.87,131.76,134.07,29.0,19,1d+1h+4h,0.295,True,scratch,-0.14356151615775303
2024-12-19 10:30:00-05:00,133.15,136.81,136.93,136.81,139.25,24.4,18,1d+1h+4h,0.703,False,nofill,0.0
2024-12-19 11:30:00-05:00,131.62,131.9,132.02,131.9,134.36,29.0,19,1d+1h+4h,0.054,True,scratch,-0.14870724628106569
2024-12-19 12:30:00-05:00,131.74,132.54,132.65,132.54,134.91,27.0,19,1d+1h+4h,0.154,True,scratch,-0.14485411496186762
2024-12-19 13:30:00-05:00,132.04,132.54,132.65,132.54,134.84,27.0,19,1d+1h+4h,0.096,False,nofill,0.0
2024-12-19 14:30:00-05:00,131.57,131.9,132.01,131.9,134.12,29.0,19,1d+1h+4h,0.063,True,target,1.5417463790459829
2024-12-19 15:30:00-05:00,130.67,131.26,131.36,131.26,133.44,29.0,19,1d+1h+4h,0.113,True,target,1.5215513409048809
2024-12-20 09:30:00-05:00,132.45,136.7,136.81,136.7,139.05,26.2,19,1d+1h+4h,0.797,False,nofill,0.0
2024-12-20 10:30:00-05:00,133.91,136.78,136.89,136.78,139.1,26.2,19,1d+1h+4h,0.538,False,nofill,0.0
2024-12-20 11:30:00-05:00,134.98,137.1,137.21,137.1,139.34,26.2,19,1d+1h+4h,0.396,False,nofill,0.0
2024-12-20 12:30:00-05:00,133.69,137.1,137.21,137.1,139.31,26.2,19,1d+1h+4h,0.639,False,nofill,0.0
2024-12-20 13:30:00-05:00,134.93,137.1,137.2,137.1,139.26,26.2,19,1d+1h+4h,0.407,True,scratch,-0.13479723323684967
2024-12-20 14:30:00-05:00,133.89,136.78,136.88,136.78,138.89,26.2,19,1d+1h+4h,0.542,True,scratch,-0.13308357138078764
2024-12-20 15:30:00-05:00,134.96,136.15,136.25,136.15,138.26,27.2,20,1d+1h+4h,0.223,True,scratch,-0.13370461191279936
2024-12-23 09:30:00-05:00,136.2,136.7,136.8,136.7,138.87,26.2,19,1d+1h+4h,0.094,True,target,1.4528555477913763
2024-12-23 10:30:00-05:00,137.26,140.54,140.64,140.54,142.69,24.2,19,1d+1h+4h,0.617,False,nofill,0.0
2024-12-23 11:30:00-05:00,137.93,140.54,140.64,140.54,142.65,24.2,19,1d+1h+4h,0.491,False,nofill,0.0
2024-12-23 12:30:00-05:00,138.53,140.54,140.64,140.54,142.6,24.2,19,1d+1h+4h,0.378,False,nofill,0.0
2024-12-23 13:30:00-05:00,139.35,140.54,140.64,140.54,142.54,24.2,19,1d+1h+4h,0.224,True,scratch,-0.1275748907103358
2024-12-23 14:30:00-05:00,139.06,140.54,140.63,140.54,142.48,24.2,19,1d+1h+4h,0.278,True,scratch,-0.12574284615630704
2024-12-23 15:30:00-05:00,139.66,140.54,140.63,140.54,142.41,24.2,19,1d+1h+4h,0.166,True,scratch,-0.12333139361996315
2024-12-24 09:30:00-05:00,140.82,141.31,141.4,141.31,143.24,19.4,15,1d+1h+4h,0.095,True,scratch,-0.12502186297459472
2024-12-24 10:30:00-05:00,141.4,141.8,141.89,141.8,143.68,14.4,12,1h+4h,0.078,False,nofill,0.0
2024-12-24 11:30:00-05:00,140.76,141.31,141.4,141.31,143.13,19.4,15,1d+1h+4h,0.106,False,nofill,0.0
2024-12-26 09:30:00-05:00,138.72,140.7,140.79,140.7,142.62,24.2,19,1d+1h+4h,0.394,False,nofill,0.0
2024-12-26 10:30:00-05:00,139.37,140.7,140.79,140.7,142.58,24.2,19,1d+1h+4h,0.265,False,nofill,0.0
2024-12-26 11:30:00-05:00,139.94,140.7,140.79,140.7,142.53,24.2,19,1d+1h+4h,0.151,False,nofill,0.0
2024-12-26 12:30:00-05:00,140.22,140.76,140.84,140.76,142.54,24.2,19,1d+1h+4h,0.108,False,nofill,0.0
2024-12-26 13:30:00-05:00,139.99,140.7,140.78,140.7,142.39,24.2,19,1d+1h+4h,0.141,False,nofill,0.0
2024-12-26 14:30:00-05:00,140.16,140.7,140.78,140.7,142.3,24.2,19,1d+1h+4h,0.107,False,nofill,0.0
2024-12-26 15:30:00-05:00,139.89,140.76,140.83,140.76,142.28,24.2,19,1d+1h+4h,0.173,False,nofill,0.0
2024-12-27 09:30:00-05:00,135.64,136.7,136.79,136.7,138.5,27.2,20,1d+1h+4h,0.211,True,scratch,-0.12272889214284266
2024-12-27 10:30:00-05:00,136.86,140.76,140.85,140.76,142.56,26.0,20,1d+1h+4h,0.774,False,nofill,0.0
2024-12-27 11:30:00-05:00,135.7,136.7,136.79,136.7,138.51,27.2,20,1d+1h+4h,0.199,True,scratch,-0.12281915535786725
2024-12-27 12:30:00-05:00,135.96,136.78,136.87,136.78,138.55,27.2,20,1d+1h+4h,0.163,True,scratch,-0.1214514586828086
2024-12-27 13:30:00-05:00,136.23,136.7,136.78,136.7,138.41,27.2,20,1d+1h+4h,0.093,True,scratch,-0.11964067414033108
2024-12-27 14:30:00-05:00,136.77,140.76,140.84,140.76,142.41,26.0,20,1d+1h+4h,0.793,False,nofill,0.0
2024-12-27 15:30:00-05:00,137.14,140.76,140.84,140.76,142.36,26.0,20,1d+1h+4h,0.719,False,nofill,0.0
2024-12-30 09:30:00-05:00,136.71,140.76,140.85,140.76,142.59,29.0,21,1d+1h+4h,0.791,False,nofill,0.0
2024-12-30 10:30:00-05:00,137.56,140.76,140.85,140.76,142.59,29.0,21,1d+1h+4h,0.625,False,nofill,0.0
2024-12-30 11:30:00-05:00,139.02,140.76,140.85,140.76,142.58,29.0,21,1d+1h+4h,0.34,False,nofill,0.0
2024-12-30 12:30:00-05:00,139.55,140.7,140.79,140.7,142.49,29.0,21,1d+1h+4h,0.225,False,nofill,0.0
2024-12-30 13:30:00-05:00,139.01,140.76,140.84,140.76,142.51,29.0,21,1d+1h+4h,0.342,False,nofill,0.0
2024-12-30 14:30:00-05:00,138.6,140.7,140.78,140.7,142.39,29.0,21,1d+1h+4h,0.41,False,nofill,0.0
2024-12-30 15:30:00-05:00,137.41,140.76,140.84,140.76,142.44,30.0,22,1d+1h+4h,0.654,False,nofill,0.0
2024-12-31 09:30:00-05:00,137.47,140.76,140.84,140.76,142.5,30.0,22,1d+1h+4h,0.651,False,nofill,0.0
2024-12-31 10:30:00-05:00,135.11,140.7,140.79,140.7,142.51,30.0,22,1d+1h+4h,1.105,False,nofill,0.0
2024-12-31 11:30:00-05:00,135.05,140.7,140.78,140.7,142.47,30.0,22,1d+1h+4h,1.117,False,nofill,0.0
2024-12-31 12:30:00-05:00,134.43,140.76,140.84,140.76,142.52,30.0,22,1d+1h+4h,1.252,False,nofill,0.0
2024-12-31 13:30:00-05:00,134.12,140.76,140.84,140.76,142.47,30.0,22,1d+1h+4h,1.313,False,nofill,0.0
2024-12-31 14:30:00-05:00,135.46,140.7,140.78,140.7,142.41,30.0,22,1d+1h+4h,1.036,False,nofill,0.0
2024-12-31 15:30:00-05:00,134.29,140.76,140.84,140.76,142.47,30.0,22,1d+1h+4h,1.279,False,nofill,0.0
2025-01-02 09:30:00-05:00,136.98,140.76,140.85,140.76,142.65,31.8,23,1d+1h+4h,0.753,False,nofill,0.0
2025-01-02 10:30:00-05:00,137.92,140.76,140.85,140.76,142.64,31.8,23,1d+1h+4h,0.565,False,nofill,0.0
2025-01-02 11:30:00-05:00,137.01,140.76,140.85,140.76,142.66,31.8,23,1d+1h+4h,0.747,False,nofill,0.0
2025-01-02 12:30:00-05:00,136.37,140.76,140.85,140.76,142.66,31.8,23,1d+1h+4h,0.874,False,nofill,0.0
2025-01-02 13:30:00-05:00,137.3,140.76,140.85,140.76,142.66,31.8,23,1d+1h+4h,0.688,True,target,1.2244686523244397
2025-01-02 14:30:00-05:00,137.92,140.76,140.85,140.76,142.63,31.8,23,1d+1h+4h,0.566,True,target,1.2031834890072757
2025-01-02 15:30:00-05:00,138.28,140.7,140.79,140.7,142.53,31.8,23,1d+1h+4h,0.482,True,target,1.180198384400466
2025-01-03 09:30:00-05:00,143.11,144.42,144.52,144.42,146.57,14.4,10,1d+1h+4h,0.255,True,scratch,-0.13074358769521455
2025-01-03 10:30:00-05:00,143.46,144.42,144.52,144.42,146.49,14.4,10,1d+1h+4h,0.187,True,scratch,-0.12807946468963438
2025-01-03 11:30:00-05:00,143.68,144.42,144.51,144.42,146.41,14.4,10,1d+1h+4h,0.144,True,scratch,-0.1255630555423437
2025-01-03 12:30:00-05:00,144.5,145.55,145.64,145.55,147.48,10.6,7,1d+1h+4h,0.205,False,nofill,0.0
2025-01-03 13:30:00-05:00,144.37,145.55,145.64,145.55,147.42,10.6,7,1d+1h+4h,0.23,True,target,1.1652272819204557
2025-01-03 14:30:00-05:00,144.32,145.55,145.63,145.55,147.33,10.6,7,1d+1h+4h,0.24,True,target,1.1027465730945485
2025-01-03 15:30:00-05:00,144.59,145.55,145.63,145.55,147.25,10.6,7,1d+1h+4h,0.187,True,target,1.0520739405608825
2025-01-06 13:30:00-05:00,150.29,152.16,152.25,152.16,154.1,6.8,4,1d+1h+4h,0.35,True,scratch,-0.12064771838011801
2025-01-06 14:30:00-05:00,150.52,152.16,152.25,152.16,154.05,6.8,4,1d+1h+4h,0.307,True,scratch,-0.11924576402844167
2025-01-06 15:30:00-05:00,149.51,152.16,152.25,152.16,154.11,6.8,4,1d+1h+4h,0.498,True,scratch,-0.12104840778156545
2025-01-07 09:30:00-05:00,143.66,144.11,144.23,144.11,146.64,14.4,10,1d+1h+4h,0.077,True,scratch,-0.1435961389353535
2025-01-07 10:30:00-05:00,142.77,143.14,143.26,143.14,145.75,17.2,12,1d+1h+4h,0.064,True,scratch,-0.1466431382026956
2025-01-07 11:30:00-05:00,141.43,141.8,141.95,141.8,144.85,24.2,17,1d+1h+4h,0.063,True,scratch,-0.16209688574214676
2025-01-07 12:30:00-05:00,143.12,144.11,144.25,144.11,147.1,14.4,10,1d+1h+4h,0.17,False,nofill,0.0
2025-01-07 13:30:00-05:00,141.64,142.73,142.87,142.73,145.64,19.4,13,1d+1h+4h,0.186,True,scratch,-0.15684741472984376
2025-01-07 14:30:00-05:00,140.6,141.31,141.44,141.31,144.1,29.0,21,1d+1h+4h,0.12,True,scratch,-0.15391363033913086
2025-01-07 15:30:00-05:00,140.12,140.44,140.57,140.44,143.13,33.8,25,1d+1h+4h,0.055,True,scratch,-0.1510226471753473
2025-01-08 09:30:00-05:00,140.59,140.89,141.03,140.89,143.73,32.8,24,1d+1h+4h,0.051,True,scratch,-0.15568547939992516
2025-01-08 10:30:00-05:00,140.03,140.44,140.57,140.44,143.23,33.8,25,1d+1h+4h,0.069,True,scratch,-0.1543913639104666
2025-01-08 11:30:00-05:00,138.13,140.45,140.58,140.45,143.25,33.8,25,1d+1h+4h,0.393,True,scratch,-0.15480096485831485
2025-01-08 12:30:00-05:00,140.62,141.31,141.44,141.31,144.13,29.0,21,1d+1h+4h,0.117,False,nofill,0.0
2025-01-08 13:30:00-05:00,140.71,141.31,141.44,141.31,144.04,29.0,21,1d+1h+4h,0.102,False,nofill,0.0
2025-01-08 14:30:00-05:00,140.0,140.44,140.56,140.44,143.05,33.8,25,1d+1h+4h,0.075,False,nofill,0.0
2025-01-08 15:30:00-05:00,140.06,140.44,140.56,140.44,142.9,33.8,25,1d+1h+4h,0.064,False,nofill,0.0
2025-01-10 09:30:00-05:00,136.15,140.45,140.58,140.45,143.17,33.8,25,1d+1h+4h,0.728,False,nofill,0.0
2025-01-10 10:30:00-05:00,135.62,140.44,140.57,140.44,143.14,33.8,25,1d+1h+4h,0.816,False,nofill,0.0
2025-01-10 11:30:00-05:00,136.17,140.45,140.57,140.45,143.05,33.8,25,1d+1h+4h,0.725,False,nofill,0.0
2025-01-10 12:30:00-05:00,136.53,140.7,140.82,140.7,143.17,33.8,25,1d+1h+4h,0.706,False,nofill,0.0
2025-01-10 13:30:00-05:00,136.24,140.45,140.56,140.45,142.85,33.8,25,1d+1h+4h,0.713,False,nofill,0.0
2025-01-10 14:30:00-05:00,135.65,140.44,140.55,140.44,142.74,33.8,25,1d+1h+4h,0.811,False,nofill,0.0
2025-01-10 15:30:00-05:00,135.86,140.45,140.55,140.45,142.64,33.8,25,1d+1h+4h,0.777,False,nofill,0.0
2025-01-13 09:30:00-05:00,130.75,132.54,132.66,132.54,135.05,34.8,24,1d+1h+4h,0.301,True,scratch,-0.15009187754719822
2025-01-13 10:30:00-05:00,131.64,132.54,132.66,132.54,135.05,34.8,24,1d+1h+4h,0.152,True,scratch,-0.15008590176207592
2025-01-13 11:30:00-05:00,132.63,140.7,140.82,140.7,143.16,33.8,25,1d+1h+4h,1.359,False,nofill,0.0
2025-01-13 12:30:00-05:00,132.51,140.7,140.81,140.7,143.06,33.8,25,1d+1h+4h,1.378,False,nofill,0.0
2025-01-13 13:30:00-05:00,132.29,132.78,132.89,132.78,135.05,34.0,24,1d+1h+4h,0.082,True,scratch,-0.14116629771333544
2025-01-13 14:30:00-05:00,132.19,132.54,132.64,132.54,134.7,34.8,24,1d+1h+4h,0.059,True,target,1.488180765726388
2025-01-13 15:30:00-05:00,133.24,140.76,140.86,140.76,142.86,33.8,25,1d+1h+4h,1.266,False,nofill,0.0
2025-01-14 09:30:00-05:00,132.56,140.7,140.81,140.7,142.94,33.8,25,1d+1h+4h,1.365,False,nofill,0.0
2025-01-14 10:30:00-05:00,130.98,132.54,132.65,132.54,134.82,35.8,25,1d+1h+4h,0.261,False,nofill,0.0
2025-01-14 11:30:00-05:00,131.13,132.54,132.64,132.54,134.72,35.8,25,1d+1h+4h,0.236,False,nofill,0.0
2025-01-14 12:30:00-05:00,131.66,132.54,132.64,132.54,134.65,35.8,25,1d+1h+4h,0.148,False,nofill,0.0
2025-01-14 13:30:00-05:00,131.71,132.54,132.64,132.54,134.57,35.8,25,1d+1h+4h,0.14,True,target,1.3955272734300639
2025-01-14 14:30:00-05:00,130.8,132.54,132.64,132.54,134.57,35.8,25,1d+1h+4h,0.292,True,target,1.3986629110322335
2025-01-14 15:30:00-05:00,131.85,132.54,132.63,132.54,134.53,35.8,25,1d+1h+4h,0.116,True,target,1.3693054303328234
2025-01-15 09:30:00-05:00,134.2,140.76,140.86,140.76,142.85,33.8,25,1d+1h+4h,1.111,False,nofill,0.0
2025-01-15 10:30:00-05:00,134.39,140.7,140.8,140.7,142.77,33.8,25,1d+1h+4h,1.068,False,nofill,0.0
2025-01-15 11:30:00-05:00,134.88,140.44,140.54,140.44,142.47,33.8,25,1d+1h+4h,0.941,False,nofill,0.0
2025-01-15 12:30:00-05:00,135.52,140.76,140.85,140.76,142.71,33.8,25,1d+1h+4h,0.886,False,nofill,0.0
2025-01-15 13:30:00-05:00,135.94,140.45,140.54,140.45,142.32,33.8,25,1d+1h+4h,0.764,False,nofill,0.0
2025-01-15 14:30:00-05:00,136.07,140.45,140.54,140.45,142.26,33.8,25,1d+1h+4h,0.742,False,nofill,0.0
2025-01-15 15:30:00-05:00,136.2,140.45,140.53,140.45,142.19,33.8,25,1d+1h+4h,0.72,False,nofill,0.0
2025-01-16 09:30:00-05:00,137.2,140.54,140.63,140.54,142.34,33.8,25,1d+1h+4h,0.57,False,nofill,0.0
2025-01-16 10:30:00-05:00,135.24,140.44,140.53,140.44,142.28,33.8,25,1d+1h+4h,0.887,False,nofill,0.0
2025-01-16 11:30:00-05:00,135.57,140.76,140.85,140.76,142.58,33.8,25,1d+1h+4h,0.887,False,nofill,0.0
2025-01-16 12:30:00-05:00,134.26,140.44,140.53,140.44,142.24,33.8,25,1d+1h+4h,1.055,False,nofill,0.0
2025-01-16 13:30:00-05:00,135.12,140.44,140.53,140.44,142.24,33.8,25,1d+1h+4h,0.907,False,nofill,0.0
2025-01-16 14:30:00-05:00,135.2,140.44,140.52,140.44,142.18,33.8,25,1d+1h+4h,0.894,False,nofill,0.0
2025-01-16 15:30:00-05:00,133.56,140.54,140.62,140.54,142.29,33.8,25,1d+1h+4h,1.191,False,nofill,0.0
2025-01-17 09:30:00-05:00,136.75,140.7,140.79,140.7,142.63,33.8,25,1d+1h+4h,0.682,False,nofill,0.0
2025-01-17 10:30:00-05:00,138.13,140.7,140.79,140.7,142.61,33.8,25,1d+1h+4h,0.444,False,nofill,0.0
2025-01-17 11:30:00-05:00,137.97,140.7,140.79,140.7,142.52,33.8,25,1d+1h+4h,0.472,False,nofill,0.0
2025-01-17 12:30:00-05:00,138.26,140.7,140.78,140.7,142.46,33.8,25,1d+1h+4h,0.421,False,nofill,0.0
2025-01-17 13:30:00-05:00,138.09,140.7,140.78,140.7,142.39,33.8,25,1d+1h+4h,0.451,False,nofill,0.0
2025-01-17 14:30:00-05:00,137.68,140.7,140.78,140.7,142.34,33.8,25,1d+1h+4h,0.521,False,nofill,0.0
2025-01-17 15:30:00-05:00,137.73,140.7,140.77,140.7,142.26,33.8,25,1d+1h+4h,0.513,False,nofill,0.0
2025-01-21 09:30:00-05:00,138.52,140.7,140.78,140.7,142.38,33.8,25,1d+1h+4h,0.382,True,scratch,-0.1169244991826357
2025-01-21 10:30:00-05:00,138.98,140.54,140.62,140.54,142.19,33.8,25,1d+1h+4h,0.273,True,target,1.0540729998833376
2025-01-21 11:30:00-05:00,139.33,140.54,140.62,140.54,142.16,33.8,25,1d+1h+4h,0.212,True,target,1.0333970259688297
2025-01-21 12:30:00-05:00,141.58,142.73,142.81,142.73,144.42,20.4,14,1d+1h+4h,0.201,False,nofill,0.0
2025-01-21 13:30:00-05:00,141.28,141.8,141.88,141.8,143.44,24.2,17,1d+1h+4h,0.091,True,target,1.0432516264432312
2025-01-21 14:30:00-05:00,141.58,142.73,142.81,142.73,144.31,20.4,14,1d+1h+4h,0.201,True,target,0.9902935734534157
2025-01-21 15:30:00-05:00,140.83,141.31,141.38,141.31,142.86,30.0,22,1d+1h+4h,0.084,True,target,0.9826373085670914
2025-01-22 09:30:00-05:00,146.38,152.16,152.25,152.16,154.09,11.6,6,1d+1h+4h,0.995,False,nofill,0.0
2025-01-22 10:30:00-05:00,146.0,152.16,152.25,152.16,154.07,11.6,6,1d+1h+4h,1.06,False,nofill,0.0
2025-01-22 11:30:00-05:00,146.76,152.16,152.25,152.16,154.03,11.6,6,1d+1h+4h,0.93,False,nofill,0.0
2025-01-22 12:30:00-05:00,146.6,152.16,152.24,152.16,153.95,11.6,6,1d+1h+4h,0.957,False,nofill,0.0
2025-01-22 13:30:00-05:00,147.37,152.16,152.24,152.16,153.91,11.6,6,1d+1h+4h,0.825,False,nofill,0.0
2025-01-22 14:30:00-05:00,147.06,152.16,152.24,152.16,153.84,11.6,6,1d+1h+4h,0.878,False,nofill,0.0
2025-01-22 15:30:00-05:00,147.04,152.16,152.23,152.16,153.78,11.6,6,1d+1h+4h,0.882,False,nofill,0.0
2025-01-23 09:30:00-05:00,145.29,153.13,153.21,153.13,154.88,11.6,6,1d+1h+4h,1.39,False,nofill,0.0
2025-01-23 10:30:00-05:00,145.72,153.13,153.21,153.13,154.85,11.6,6,1d+1h+4h,1.315,False,nofill,0.0
2025-01-23 11:30:00-05:00,145.38,153.13,153.21,153.13,154.81,11.6,6,1d+1h+4h,1.374,False,nofill,0.0
2025-01-23 12:30:00-05:00,145.9,153.13,153.21,153.13,154.77,11.6,6,1d+1h+4h,1.281,False,nofill,0.0
2025-01-23 13:30:00-05:00,146.59,152.16,152.23,152.16,153.74,11.6,6,1d+1h+4h,0.987,False,nofill,0.0
2025-01-23 14:30:00-05:00,146.48,152.16,152.23,152.16,153.69,11.6,6,1d+1h+4h,1.007,False,nofill,0.0
2025-01-23 15:30:00-05:00,147.2,152.16,152.23,152.16,153.67,11.6,6,1d+1h+4h,0.879,False,nofill,0.0
2025-01-24 09:30:00-05:00,146.05,153.13,153.21,153.13,154.78,11.6,6,1d+1h+4h,1.233,False,nofill,0.0
2025-01-24 10:30:00-05:00,145.2,153.13,153.21,153.13,154.78,11.6,6,1d+1h+4h,1.381,False,nofill,0.0
2025-01-24 11:30:00-05:00,144.44,153.13,153.21,153.13,154.76,11.6,6,1d+1h+4h,1.514,False,nofill,0.0
2025-01-24 12:30:00-05:00,143.39,144.42,144.5,144.42,146.08,16.4,12,1d+1h+4h,0.179,False,nofill,0.0
2025-01-24 13:30:00-05:00,142.31,142.73,142.81,142.73,144.4,21.4,15,1d+1h+4h,0.073,True,scratch,-0.11553085930110507
2025-01-24 14:30:00-05:00,142.04,142.73,142.81,142.73,144.35,21.4,15,1d+1h+4h,0.121,True,scratch,-0.11398827411928103
2025-01-24 15:30:00-05:00,142.6,143.14,143.22,143.14,144.72,19.2,14,1d+1h+4h,0.094,False,nofill,0.0
2025-01-27 09:30:00-05:00,124.03,128.22,128.36,128.22,131.15,45.2,30,1d+1h+4h,0.584,False,nofill,0.0
2025-01-27 10:30:00-05:00,119.15,128.28,128.43,128.28,131.45,45.2,30,1d+1h+4h,1.272,False,nofill,0.0
2025-01-27 11:30:00-05:00,119.76,128.28,128.44,128.28,131.56,45.2,30,1d+1h+4h,1.187,False,nofill,0.0
2025-01-27 12:30:00-05:00,117.88,128.22,128.38,128.22,131.5,45.2,30,1d+1h+4h,1.441,False,nofill,0.0
2025-01-27 13:30:00-05:00,118.8,128.28,128.43,128.28,131.52,45.2,30,1d+1h+4h,1.32,False,nofill,0.0
2025-01-27 14:30:00-05:00,117.78,128.22,128.37,128.22,131.44,45.2,30,1d+1h+4h,1.454,False,nofill,0.0
2025-01-27 15:30:00-05:00,118.51,128.22,128.37,128.22,131.27,45.2,30,1d+1h+4h,1.353,False,nofill,0.0
2025-01-28 09:30:00-05:00,121.77,128.22,128.38,128.22,131.49,45.2,30,1d+1h+4h,0.852,False,nofill,0.0
2025-01-28 10:30:00-05:00,120.77,128.22,128.37,128.22,131.44,45.2,30,1d+1h+4h,0.984,False,nofill,0.0
2025-01-28 11:30:00-05:00,126.02,128.4,128.56,128.4,131.83,45.2,30,1d+1h+4h,0.314,False,nofill,0.0
2025-01-28 12:30:00-05:00,126.09,128.4,128.55,128.4,131.74,45.2,30,1d+1h+4h,0.304,True,scratch,-0.1836759371007135
2025-01-28 13:30:00-05:00,126.78,128.12,128.27,128.12,131.37,45.2,30,1d+1h+4h,0.178,True,scratch,-0.1805105522679873
2025-01-28 14:30:00-05:00,127.59,128.12,128.27,128.12,131.23,45.2,30,1d+1h+4h,0.07,True,scratch,-0.17532987270484357
2025-01-28 15:30:00-05:00,128.98,132.54,132.68,132.54,135.58,43.6,30,1d+1h+4h,0.47,False,nofill,0.0
2025-01-29 09:30:00-05:00,124.0,128.28,128.43,128.28,131.5,45.2,30,1d+1h+4h,0.558,False,nofill,0.0
2025-01-29 10:30:00-05:00,122.98,128.28,128.43,128.28,131.47,45.2,30,1d+1h+4h,0.691,False,nofill,0.0
2025-01-29 11:30:00-05:00,123.0,128.28,128.43,128.28,131.34,46.2,31,1d+1h+4h,0.689,False,nofill,0.0
2025-01-29 12:30:00-05:00,121.59,128.12,128.27,128.12,131.22,46.2,31,1d+1h+4h,0.851,False,nofill,0.0
2025-01-29 13:30:00-05:00,120.91,128.4,128.54,128.4,131.41,46.2,31,1d+1h+4h,0.976,False,nofill,0.0
2025-01-29 14:30:00-05:00,123.15,128.22,128.36,128.22,131.23,46.2,31,1d+1h+4h,0.661,False,nofill,0.0
2025-01-29 15:30:00-05:00,123.81,128.22,128.36,128.22,131.18,46.2,31,1d+1h+4h,0.575,False,nofill,0.0
2025-01-30 09:30:00-05:00,119.57,128.22,128.37,128.22,131.32,48.0,32,1d+1h+4h,1.136,False,nofill,0.0
2025-01-30 10:30:00-05:00,119.05,128.4,128.54,128.4,131.43,48.0,32,1d+1h+4h,1.227,False,nofill,0.0
2025-01-30 11:30:00-05:00,119.29,128.4,128.54,128.4,131.39,48.0,32,1d+1h+4h,1.196,False,nofill,0.0
2025-01-30 12:30:00-05:00,119.48,128.22,128.36,128.22,131.09,48.0,32,1d+1h+4h,1.149,False,nofill,0.0
2025-01-30 13:30:00-05:00,121.46,128.4,128.53,128.4,131.22,48.0,32,1d+1h+4h,0.912,False,nofill,0.0
2025-01-30 14:30:00-05:00,123.42,128.28,128.41,128.28,131.09,48.0,32,1d+1h+4h,0.639,False,nofill,0.0
2025-01-30 15:30:00-05:00,124.91,128.4,128.53,128.4,131.23,48.0,32,1d+1h+4h,0.458,False,nofill,0.0
2025-01-31 09:30:00-05:00,126.19,128.12,128.26,128.12,131.01,48.0,32,1d+1h+4h,0.252,False,nofill,0.0
2025-01-31 10:30:00-05:00,126.75,128.28,128.42,128.28,131.12,48.0,32,1d+1h+4h,0.199,False,nofill,0.0
2025-01-31 11:30:00-05:00,125.31,128.28,128.42,128.28,131.14,48.0,32,1d+1h+4h,0.386,False,nofill,0.0
2025-01-31 12:30:00-05:00,124.17,128.22,128.35,128.22,131.01,48.0,32,1d+1h+4h,0.527,False,nofill,0.0
2025-01-31 13:30:00-05:00,123.01,128.4,128.53,128.4,131.13,49.0,33,1d+1h+4h,0.701,False,nofill,0.0
2025-01-31 14:30:00-05:00,120.11,128.22,128.35,128.22,131.0,49.0,33,1d+1h+4h,1.055,False,nofill,0.0
2025-01-31 15:30:00-05:00,120.0,128.12,128.25,128.12,130.79,49.0,33,1d+1h+4h,1.056,False,nofill,0.0
2025-02-03 09:30:00-05:00,115.76,116.73,116.87,116.73,119.73,49.4,31,1d+1h+4h,0.127,True,scratch,-0.18227417600936713
2025-02-03 10:30:00-05:00,116.54,116.99,117.13,116.99,119.97,49.4,33,1d+1h+4h,0.059,True,scratch,-0.18111935483055008
2025-02-03 11:30:00-05:00,115.89,116.72,116.86,116.72,119.6,49.4,31,1d+1h+4h,0.109,True,scratch,-0.17746533010991605
2025-02-03 12:30:00-05:00,115.94,128.28,128.41,128.28,131.03,50.8,34,1d+1h+4h,1.615,False,nofill,0.0
2025-02-03 13:30:00-05:00,117.64,128.4,128.53,128.4,131.15,50.8,34,1d+1h+4h,1.407,False,nofill,0.0
2025-02-03 14:30:00-05:00,117.47,128.12,128.25,128.12,130.75,50.8,34,1d+1h+4h,1.394,False,nofill,0.0
2025-02-03 15:30:00-05:00,116.66,128.12,128.24,128.12,130.71,50.8,34,1d+1h+4h,1.5,False,nofill,0.0
2025-02-04 09:30:00-05:00,119.93,128.28,128.41,128.28,131.02,50.8,34,1d+1h+4h,1.126,False,nofill,0.0
2025-02-04 10:30:00-05:00,120.11,128.28,128.41,128.28,130.91,50.8,34,1d+1h+4h,1.101,False,nofill,0.0
2025-02-04 11:30:00-05:00,117.89,128.28,128.4,128.28,130.89,50.8,34,1d+1h+4h,1.401,False,nofill,0.0
2025-02-04 12:30:00-05:00,119.09,128.28,128.4,128.28,130.82,50.8,34,1d+1h+4h,1.239,False,nofill,0.0
2025-02-04 13:30:00-05:00,119.31,128.22,128.34,128.22,130.64,50.8,34,1d+1h+4h,1.201,False,nofill,0.0
2025-02-04 14:30:00-05:00,118.46,128.28,128.39,128.28,130.62,50.8,34,1d+1h+4h,1.323,False,nofill,0.0
2025-02-04 15:30:00-05:00,118.68,128.28,128.39,128.28,130.52,50.8,34,1d+1h+4h,1.294,False,nofill,0.0
2025-02-05 09:30:00-05:00,122.31,128.22,128.34,128.22,130.65,50.8,34,1d+1h+4h,0.805,False,nofill,0.0
2025-02-05 10:30:00-05:00,123.23,128.28,128.39,128.28,130.65,50.8,34,1d+1h+4h,0.689,False,nofill,0.0
2025-02-05 11:30:00-05:00,124.04,128.28,128.39,128.28,130.6,50.8,34,1d+1h+4h,0.578,False,nofill,0.0
2025-02-05 12:30:00-05:00,123.24,128.28,128.39,128.28,130.53,50.8,34,1d+1h+4h,0.687,False,nofill,0.0
2025-02-05 13:30:00-05:00,123.32,128.28,128.38,128.28,130.46,50.8,34,1d+1h+4h,0.675,False,nofill,0.0
2025-02-05 14:30:00-05:00,124.44,128.28,128.38,128.28,130.4,50.8,34,1d+1h+4h,0.523,False,nofill,0.0
2025-02-05 15:30:00-05:00,124.96,128.28,128.38,128.28,130.36,50.8,34,1d+1h+4h,0.453,False,nofill,0.0
2025-02-06 09:30:00-05:00,126.22,128.28,128.38,128.28,130.4,50.8,34,1d+1h+4h,0.29,False,nofill,0.0
2025-02-06 10:30:00-05:00,126.86,128.28,128.38,128.28,130.33,50.8,34,1d+1h+4h,0.2,True,scratch,-0.13608001252171098
2025-02-06 11:30:00-05:00,127.74,128.28,128.38,128.28,130.31,50.8,34,1d+1h+4h,0.077,True,scratch,-0.13520479149737863
2025-02-06 12:30:00-05:00,128.11,128.66,128.75,128.66,130.61,46.0,32,1d+1h+4h,0.077,False,nofill,0.0
2025-02-06 13:30:00-05:00,127.69,128.28,128.37,128.28,130.17,50.8,34,1d+1h+4h,0.082,True,scratch,-0.1298904913007548
2025-02-06 14:30:00-05:00,128.12,128.66,128.76,128.66,130.67,46.0,32,1d+1h+4h,0.075,True,scratch,-0.13418323955236566
2025-02-06 15:30:00-05:00,128.68,129.04,129.13,129.04,130.97,43.2,30,1d+1h+4h,0.05,True,scratch,-0.13096281985101044
2025-02-07 09:30:00-05:00,129.11,129.74,129.83,129.74,131.72,41.4,27,1d+1h+4h,0.09,True,scratch,-0.1326016142083608
2025-02-07 10:30:00-05:00,128.7,129.17,129.27,129.17,131.14,43.2,30,1d+1h+4h,0.068,True,scratch,-0.1323219355895633
2025-02-07 11:30:00-05:00,128.24,128.66,128.75,128.66,130.59,46.0,32,1d+1h+4h,0.061,True,scratch,-0.13146916968495015
2025-02-07 12:30:00-05:00,129.26,129.74,129.83,129.74,131.66,42.4,28,1d+1h+4h,0.069,True,target,1.3462302172481122
2025-02-07 13:30:00-05:00,128.13,128.66,128.75,128.66,130.56,47.0,33,1d+1h+4h,0.076,True,target,1.3410878057772413
2025-02-07 14:30:00-05:00,128.95,130.37,130.46,130.37,132.21,42.4,28,1d+1h+4h,0.204,True,target,1.2852630329118764
2025-02-07 15:30:00-05:00,129.86,130.42,130.51,130.42,132.22,42.4,28,1d+1h+4h,0.08,True,target,1.2532603828027122
2025-02-10 09:30:00-05:00,134.41,140.37,140.47,140.37,142.41,38.6,29,1d+1h+4h,0.871,False,nofill,0.0
2025-02-10 10:30:00-05:00,133.48,140.27,140.37,140.27,142.27,38.6,29,1d+1h+4h,0.993,False,nofill,0.0
2025-02-10 11:30:00-05:00,134.03,140.37,140.46,140.37,142.32,38.6,29,1d+1h+4h,0.927,False,nofill,0.0
2025-02-10 12:30:00-05:00,134.33,140.27,140.36,140.27,142.12,38.6,29,1d+1h+4h,0.868,False,nofill,0.0
2025-02-10 13:30:00-05:00,134.51,140.37,140.46,140.37,142.13,38.6,29,1d+1h+4h,0.856,False,nofill,0.0
2025-02-10 14:30:00-05:00,134.52,140.37,140.45,140.37,142.06,38.6,29,1d+1h+4h,0.855,False,nofill,0.0
2025-02-10 15:30:00-05:00,133.51,140.37,140.45,140.37,142.04,38.6,29,1d+1h+4h,1.003,False,nofill,0.0
2025-02-11 09:30:00-05:00,133.94,140.33,140.41,140.33,142.06,38.6,29,1d+1h+4h,0.967,False,nofill,0.0
2025-02-11 10:30:00-05:00,133.97,140.33,140.41,140.33,141.99,38.6,29,1d+1h+4h,0.964,False,nofill,0.0
2025-02-11 11:30:00-05:00,132.71,140.33,140.41,140.33,142.1,38.6,29,1d+1h+4h,1.155,False,nofill,0.0
2025-02-11 12:30:00-05:00,132.83,140.33,140.41,140.33,142.05,38.6,29,1d+1h+4h,1.136,False,nofill,0.0
2025-02-11 13:30:00-05:00,133.04,140.33,140.41,140.33,142.01,38.6,29,1d+1h+4h,1.105,False,nofill,0.0
2025-02-11 14:30:00-05:00,133.45,140.27,140.35,140.27,141.89,38.6,29,1d+1h+4h,1.033,False,nofill,0.0
2025-02-11 15:30:00-05:00,132.87,140.33,140.41,140.33,141.91,38.6,29,1d+1h+4h,1.13,False,nofill,0.0
2025-02-12 09:30:00-05:00,131.32,132.54,132.62,132.54,134.29,37.8,27,1d+1h+4h,0.191,False,nofill,0.0
2025-02-12 10:30:00-05:00,130.62,132.54,132.62,132.54,134.29,37.8,27,1d+1h+4h,0.3,False,nofill,0.0
2025-02-12 11:30:00-05:00,131.57,132.54,132.62,132.54,134.27,37.8,27,1d+1h+4h,0.151,False,nofill,0.0
2025-02-12 12:30:00-05:00,130.98,132.54,132.62,132.54,134.21,37.8,27,1d+1h+4h,0.245,False,nofill,0.0
2025-02-12 13:30:00-05:00,130.69,132.54,132.62,132.54,134.16,37.8,27,1d+1h+4h,0.289,True,target,1.100961637447062
2025-02-12 14:30:00-05:00,131.52,132.54,132.62,132.54,134.13,37.8,27,1d+1h+4h,0.159,True,target,1.078068886406247
2025-02-12 15:30:00-05:00,131.08,132.54,132.61,132.54,134.06,37.8,27,1d+1h+4h,0.228,True,target,1.0312557292004643
2025-02-13 09:30:00-05:00,134.55,140.44,140.52,140.44,142.14,35.8,27,1d+1h+4h,0.932,False,nofill,0.0
2025-02-13 10:30:00-05:00,135.72,140.44,140.52,140.44,142.17,35.8,27,1d+1h+4h,0.748,False,nofill,0.0
2025-02-13 11:30:00-05:00,135.01,140.33,140.41,140.33,142.03,35.8,27,1d+1h+4h,0.842,False,nofill,0.0
2025-02-13 12:30:00-05:00,134.52,140.44,140.52,140.44,142.18,35.8,27,1d+1h+4h,0.936,False,nofill,0.0
2025-02-13 13:30:00-05:00,135.12,136.0,136.08,136.0,137.73,36.0,28,1d+1h+4h,0.139,True,target,1.1494818561229359
2025-02-13 14:30:00-05:00,135.36,136.0,136.08,136.0,137.65,36.0,28,1d+1h+4h,0.101,True,target,1.0935493698289056
2025-02-13 15:30:00-05:00,135.25,136.0,136.08,136.0,137.58,36.0,28,1d+1h+4h,0.119,True,target,1.0458037807961729
2025-02-14 09:30:00-05:00,138.0,140.37,140.45,140.37,142.06,35.8,27,1d+1h+4h,0.385,False,nofill,0.0
2025-02-14 10:30:00-05:00,136.58,140.37,140.45,140.37,142.09,35.8,27,1d+1h+4h,0.616,False,nofill,0.0
2025-02-14 11:30:00-05:00,136.74,140.37,140.45,140.37,142.05,35.8,27,1d+1h+4h,0.59,False,nofill,0.0
2025-02-14 12:30:00-05:00,137.34,140.37,140.45,140.37,142.02,35.8,27,1d+1h+4h,0.493,False,nofill,0.0
2025-02-14 13:30:00-05:00,137.82,140.37,140.45,140.37,141.97,35.8,27,1d+1h+4h,0.415,True,scratch,-0.11406914632730025
2025-02-14 14:30:00-05:00,138.37,140.37,140.44,140.37,141.91,35.8,27,1d+1h+4h,0.326,True,scratch,-0.11231605308169579
2025-02-14 15:30:00-05:00,138.86,140.37,140.44,140.37,141.87,35.8,27,1d+1h+4h,0.246,True,scratch,-0.11073892942869978
2025-02-18 09:30:00-05:00,140.66,141.31,141.39,141.31,143.04,30.0,22,1d+1h+4h,0.107,False,nofill,0.0
2025-02-18 10:30:00-05:00,141.2,141.53,141.61,141.53,143.31,30.0,22,1d+1h+4h,0.055,False,nofill,0.0
2025-02-18 11:30:00-05:00,139.96,140.44,140.52,140.44,142.19,34.8,26,1d+1h+4h,0.078,True,scratch,-0.11931480174554032
2025-02-18 12:30:00-05:00,140.15,140.54,140.62,140.54,142.22,34.8,26,1d+1h+4h,0.064,False,nofill,0.0
2025-02-18 13:30:00-05:00,139.57,140.44,140.52,140.44,142.1,34.8,26,1d+1h+4h,0.142,False,nofill,0.0
2025-02-18 14:30:00-05:00,139.55,140.44,140.52,140.44,142.04,34.8,26,1d+1h+4h,0.146,False,nofill,0.0
2025-02-18 15:30:00-05:00,139.41,140.44,140.52,140.44,142.06,34.8,26,1d+1h+4h,0.169,False,nofill,0.0
2025-02-19 09:30:00-05:00,139.33,140.44,140.52,140.44,142.15,34.8,26,1d+1h+4h,0.186,True,scratch,-0.11793547533571758
2025-02-19 10:30:00-05:00,139.95,140.44,140.52,140.44,142.11,34.8,26,1d+1h+4h,0.082,True,scratch,-0.11665445512000217
2025-02-19 11:30:00-05:00,139.82,140.44,140.52,140.44,142.04,34.8,26,1d+1h+4h,0.105,True,scratch,-0.11418260240433353
2025-02-19 12:30:00-05:00,140.64,141.31,141.39,141.31,142.92,30.0,22,1d+1h+4h,0.112,False,nofill,0.0
2025-02-19 13:30:00-05:00,140.45,140.76,140.83,140.76,142.31,34.8,26,1d+1h+4h,0.053,True,scratch,-0.11227341015521697
2025-02-19 14:30:00-05:00,139.32,140.44,140.51,140.44,142.01,34.8,26,1d+1h+4h,0.188,True,scratch,-0.11328422406136074
2025-02-19 15:30:00-05:00,139.24,140.44,140.51,140.44,141.98,35.8,27,1d+1h+4h,0.201,True,scratch,-0.11224013304194091
2025-02-20 09:30:00-05:00,138.62,140.54,140.62,140.54,142.25,35.8,27,1d+1h+4h,0.33,False,nofill,0.0
2025-02-20 10:30:00-05:00,138.3,140.54,140.62,140.54,142.28,35.8,27,1d+1h+4h,0.385,False,nofill,0.0
2025-02-20 11:30:00-05:00,139.58,140.45,140.53,140.45,142.19,35.8,27,1d+1h+4h,0.15,False,nofill,0.0
2025-02-20 12:30:00-05:00,139.49,140.45,140.53,140.45,142.13,35.8,27,1d+1h+4h,0.165,False,nofill,0.0
2025-02-20 13:30:00-05:00,139.8,140.45,140.53,140.45,142.05,35.8,27,1d+1h+4h,0.111,True,scratch,-0.11424458949320648
2025-02-20 14:30:00-05:00,139.9,140.45,140.52,140.45,142.01,35.8,27,1d+1h+4h,0.095,True,scratch,-0.11275702197151016
2025-02-20 15:30:00-05:00,140.12,140.45,140.52,140.45,141.94,35.8,27,1d+1h+4h,0.057,True,scratch,-0.11028401294097545
2025-02-21 09:30:00-05:00,139.23,140.54,140.61,140.54,142.11,35.8,27,1d+1h+4h,0.221,False,nofill,0.0
2025-02-21 10:30:00-05:00,139.2,140.54,140.61,140.54,142.08,35.8,27,1d+1h+4h,0.226,False,nofill,0.0
2025-02-21 11:30:00-05:00,138.99,140.7,140.77,140.7,142.24,35.8,27,1d+1h+4h,0.288,False,nofill,0.0
2025-02-21 12:30:00-05:00,137.17,140.45,140.53,140.45,142.11,35.8,27,1d+1h+4h,0.554,False,nofill,0.0
2025-02-21 13:30:00-05:00,135.4,136.0,136.08,136.0,137.74,36.0,28,1d+1h+4h,0.102,True,scratch,-0.12086746752398847
2025-02-21 14:30:00-05:00,135.1,136.0,136.08,136.0,137.74,36.0,28,1d+1h+4h,0.152,True,scratch,-0.12092490321582439
2025-02-21 15:30:00-05:00,134.27,136.0,136.08,136.0,137.71,36.0,28,1d+1h+4h,0.292,True,scratch,-0.11961515591559779
2025-02-24 09:30:00-05:00,132.93,136.38,136.48,136.38,138.46,37.0,29,1d+1h+4h,0.565,False,nofill,0.0
2025-02-24 10:30:00-05:00,134.04,136.38,136.49,136.38,138.59,37.0,29,1d+1h+4h,0.383,False,nofill,0.0
2025-02-24 11:30:00-05:00,134.6,136.38,136.48,136.38,138.54,37.0,29,1d+1h+4h,0.291,False,nofill,0.0
2025-02-24 12:30:00-05:00,134.62,140.44,140.54,140.44,142.5,37.6,28,1d+1h+4h,0.953,False,nofill,0.0
2025-02-24 13:30:00-05:00,132.72,140.44,140.54,140.44,142.52,37.6,28,1d+1h+4h,1.264,False,nofill,0.0
2025-02-24 14:30:00-05:00,132.57,140.45,140.55,140.45,142.47,37.6,28,1d+1h+4h,1.29,False,nofill,0.0
2025-02-24 15:30:00-05:00,130.1,130.42,130.52,130.42,132.52,39.6,26,1d+1h+4h,0.052,False,nofill,0.0
2025-02-25 09:30:00-05:00,125.34,128.28,128.39,128.28,130.67,48.8,34,1d+1h+4h,0.483,True,scratch,-0.14843176380905376
2025-02-25 10:30:00-05:00,126.19,128.22,128.33,128.22,130.61,48.8,34,1d+1h+4h,0.333,True,scratch,-0.1485213557750109
2025-02-25 11:30:00-05:00,128.52,128.85,128.96,128.85,131.27,47.0,33,1d+1h+4h,0.053,True,scratch,-0.149519333131376
2025-02-25 12:30:00-05:00,128.37,128.74,128.85,128.74,131.11,47.0,33,1d+1h+4h,0.061,True,scratch,-0.14754209447923605
2025-02-25 13:30:00-05:00,127.27,128.12,128.23,128.12,130.47,48.8,34,1d+1h+4h,0.14,True,scratch,-0.1471371786142428
2025-02-25 14:30:00-05:00,128.82,129.17,129.28,129.17,131.52,41.2,30,1d+1h+4h,0.059,True,target,1.6669168975688375
2025-02-25 15:30:00-05:00,126.63,128.28,128.39,128.28,130.66,48.8,34,1d+1h+4h,0.271,True,target,1.704252863498823
2025-02-26 09:30:00-05:00,130.45,140.37,140.49,140.37,142.95,38.6,29,1d+1h+4h,1.611,False,nofill,0.0
2025-02-26 10:30:00-05:00,132.42,140.37,140.5,140.37,143.02,38.6,29,1d+1h+4h,1.292,False,nofill,0.0
2025-02-26 11:30:00-05:00,132.56,140.37,140.49,140.37,142.92,38.6,29,1d+1h+4h,1.269,False,nofill,0.0
2025-02-26 12:30:00-05:00,130.38,140.37,140.49,140.37,142.92,38.6,29,1d+1h+4h,1.623,False,nofill,0.0
2025-02-26 13:30:00-05:00,129.89,130.37,130.49,130.37,132.93,40.6,27,1d+1h+4h,0.078,True,scratch,-0.15349332253452586
2025-02-26 14:30:00-05:00,130.74,132.54,132.66,132.54,135.06,38.8,28,1d+1h+4h,0.292,True,scratch,-0.15056065363734383
2025-02-26 15:30:00-05:00,131.52,132.54,132.66,132.54,135.04,38.8,28,1d+1h+4h,0.166,True,scratch,-0.14966099114176457
2025-02-27 09:30:00-05:00,127.48,127.85,128.0,127.85,130.9,51.8,35,1d+1h+4h,0.055,True,scratch,-0.17339487084415683
2025-02-27 10:30:00-05:00,126.28,127.85,127.99,127.85,130.87,51.8,35,1d+1h+4h,0.231,True,scratch,-0.17243359348202425
2025-02-27 11:30:00-05:00,127.08,127.85,127.99,127.85,130.79,51.8,35,1d+1h+4h,0.113,True,scratch,-0.16931275314012728
2025-02-27 12:30:00-05:00,127.61,128.12,128.26,128.12,131.01,51.8,35,1d+1h+4h,0.075,False,nofill,0.0
2025-02-27 13:30:00-05:00,123.74,128.22,128.36,128.22,131.22,51.8,35,1d+1h+4h,0.659,False,nofill,0.0
2025-02-27 14:30:00-05:00,121.91,128.22,128.36,128.22,131.24,51.8,35,1d+1h+4h,0.93,False,nofill,0.0
2025-02-27 15:30:00-05:00,120.01,128.22,128.36,128.22,131.22,51.8,35,1d+1h+4h,1.209,False,nofill,0.0
2025-02-28 09:30:00-05:00,122.73,127.85,128.01,127.85,131.11,52.8,36,1d+1h+4h,0.74,False,nofill,0.0
2025-02-28 10:30:00-05:00,121.56,127.85,128.0,127.85,131.05,52.8,36,1d+1h+4h,0.909,False,nofill,0.0
2025-02-28 11:30:00-05:00,122.18,127.85,128.0,127.85,130.94,52.8,36,1d+1h+4h,0.819,False,nofill,0.0
2025-02-28 12:30:00-05:00,120.58,127.85,128.0,127.85,130.98,52.8,36,1d+1h+4h,1.05,False,nofill,0.0
2025-02-28 13:30:00-05:00,120.47,127.85,127.99,127.85,130.87,52.8,36,1d+1h+4h,1.066,False,nofill,0.0
2025-02-28 14:30:00-05:00,121.88,127.85,127.99,127.85,130.8,52.8,36,1d+1h+4h,0.862,False,nofill,0.0
2025-02-28 15:30:00-05:00,125.05,127.85,127.99,127.85,130.88,52.8,36,1d+1h+4h,0.404,False,nofill,0.0
2025-03-03 09:30:00-05:00,119.51,128.28,128.44,128.28,131.6,54.6,37,1d+1h+4h,1.197,False,nofill,0.0
2025-03-03 10:30:00-05:00,119.22,128.28,128.43,128.28,131.49,54.6,37,1d+1h+4h,1.236,False,nofill,0.0
2025-03-03 11:30:00-05:00,118.41,128.22,128.37,128.22,131.29,54.6,37,1d+1h+4h,1.339,False,nofill,0.0
2025-03-03 12:30:00-05:00,115.24,128.28,128.43,128.28,131.43,54.6,37,1d+1h+4h,1.779,False,nofill,0.0
2025-03-03 13:30:00-05:00,116.04,128.22,128.37,128.22,131.31,54.6,37,1d+1h+4h,1.661,False,nofill,0.0
2025-03-03 14:30:00-05:00,113.17,127.71,127.87,127.71,130.98,51.8,35,1d+1h+4h,1.984,False,nofill,0.0
2025-03-03 15:30:00-05:00,114.01,128.22,128.37,128.22,131.38,54.6,37,1d+1h+4h,1.939,False,nofill,0.0
2025-03-04 09:30:00-05:00,111.61,116.99,117.15,116.99,120.3,50.4,34,1d+1h+4h,0.721,True,scratch,-0.19457962050005717
2025-03-04 10:30:00-05:00,111.83,116.99,117.15,116.99,120.25,50.4,34,1d+1h+4h,0.692,True,scratch,-0.19228092953614828
2025-03-04 11:30:00-05:00,116.01,128.28,128.44,128.28,131.66,54.6,37,1d+1h+4h,1.645,False,nofill,0.0
2025-03-04 12:30:00-05:00,116.2,128.28,128.44,128.28,131.61,54.6,37,1d+1h+4h,1.619,False,nofill,0.0
2025-03-04 13:30:00-05:00,117.77,128.22,128.38,128.22,131.49,54.6,37,1d+1h+4h,1.401,False,nofill,0.0
2025-03-04 14:30:00-05:00,118.89,128.28,128.43,128.28,131.48,54.6,37,1d+1h+4h,1.259,False,nofill,0.0
2025-03-04 15:30:00-05:00,115.96,128.28,128.44,128.28,131.55,54.6,37,1d+1h+4h,1.651,False,nofill,0.0
2025-03-05 09:30:00-05:00,115.97,128.22,128.38,128.22,131.51,54.6,37,1d+1h+4h,1.702,False,nofill,0.0
2025-03-05 10:30:00-05:00,115.41,128.22,128.37,128.22,131.45,54.6,37,1d+1h+4h,1.78,False,nofill,0.0
2025-03-05 11:30:00-05:00,116.56,128.22,128.37,128.22,131.39,54.6,37,1d+1h+4h,1.62,False,nofill,0.0
2025-03-05 12:30:00-05:00,116.27,128.22,128.37,128.22,131.3,54.6,37,1d+1h+4h,1.661,False,nofill,0.0
2025-03-05 13:30:00-05:00,117.11,128.28,128.42,128.28,131.32,54.6,37,1d+1h+4h,1.552,False,nofill,0.0
2025-03-05 14:30:00-05:00,117.66,128.28,128.42,128.28,131.22,54.6,37,1d+1h+4h,1.476,False,nofill,0.0
2025-03-05 15:30:00-05:00,117.29,128.28,128.41,128.28,131.09,54.6,37,1d+1h+4h,1.527,False,nofill,0.0
2025-03-06 09:30:00-05:00,114.84,128.22,128.36,128.22,131.2,54.6,37,1d+1h+4h,1.861,False,nofill,0.0
2025-03-06 10:30:00-05:00,114.06,128.28,128.42,128.28,131.18,54.6,37,1d+1h+4h,1.979,False,nofill,0.0
2025-03-06 11:30:00-05:00,111.64,117.37,117.51,117.37,120.33,47.6,32,1d+1h+4h,0.798,False,nofill,0.0
2025-03-06 12:30:00-05:00,111.54,117.37,117.51,117.37,120.22,47.6,32,1d+1h+4h,0.812,False,nofill,0.0
2025-03-06 13:30:00-05:00,110.53,117.37,117.5,117.37,120.13,47.6,32,1d+1h+4h,0.952,False,nofill,0.0
2025-03-06 14:30:00-05:00,111.1,117.22,117.35,117.22,119.94,47.6,32,1d+1h+4h,0.852,False,nofill,0.0
2025-03-06 15:30:00-05:00,110.58,117.37,117.49,117.37,119.97,47.6,32,1d+1h+4h,0.945,False,nofill,0.0
2025-03-07 09:30:00-05:00,111.04,117.37,117.5,117.37,120.01,47.6,32,1d+1h+4h,0.892,False,nofill,0.0
2025-03-07 10:30:00-05:00,109.7,117.37,117.49,117.37,119.99,47.6,32,1d+1h+4h,1.081,False,nofill,0.0
2025-03-07 11:30:00-05:00,109.0,117.37,117.49,117.37,119.98,47.6,32,1d+1h+4h,1.179,False,nofill,0.0
2025-03-07 12:30:00-05:00,110.51,117.37,117.49,117.37,119.99,47.6,32,1d+1h+4h,0.967,False,nofill,0.0
2025-03-07 13:30:00-05:00,112.25,117.37,117.49,117.37,119.97,47.6,32,1d+1h+4h,0.722,False,nofill,0.0
2025-03-07 14:30:00-05:00,112.6,117.37,117.49,117.37,119.9,47.6,32,1d+1h+4h,0.672,False,nofill,0.0
2025-03-07 15:30:00-05:00,112.73,117.37,117.49,117.37,119.88,47.6,32,1d+1h+4h,0.654,False,nofill,0.0
2025-03-10 09:30:00-04:00,108.06,117.37,117.5,117.37,120.05,47.6,32,1d+1h+4h,1.31,False,nofill,0.0
2025-03-10 10:30:00-04:00,107.66,117.37,117.5,117.37,120.02,47.6,32,1d+1h+4h,1.367,False,nofill,0.0
2025-03-10 11:30:00-04:00,108.08,117.37,117.49,117.37,119.99,47.6,32,1d+1h+4h,1.307,False,nofill,0.0
2025-03-10 12:30:00-04:00,107.06,117.37,117.49,117.37,119.97,47.6,32,1d+1h+4h,1.451,False,nofill,0.0
2025-03-10 13:30:00-04:00,106.76,117.37,117.49,117.37,119.87,47.6,32,1d+1h+4h,1.494,False,nofill,0.0
2025-03-10 14:30:00-04:00,106.65,117.37,117.49,117.37,119.84,47.6,32,1d+1h+4h,1.509,False,nofill,0.0
2025-03-10 15:30:00-04:00,107.02,117.37,117.48,117.37,119.78,47.6,32,1d+1h+4h,1.457,False,nofill,0.0
2025-03-11 09:30:00-04:00,106.31,117.22,117.34,117.22,119.83,47.6,32,1d+1h+4h,1.531,False,nofill,0.0
2025-03-11 10:30:00-04:00,108.9,117.37,117.5,117.37,120.14,47.6,32,1d+1h+4h,1.189,False,nofill,0.0
2025-03-11 11:30:00-04:00,108.82,117.37,117.5,117.37,120.12,47.6,32,1d+1h+4h,1.199,False,nofill,0.0
2025-03-11 12:30:00-04:00,107.56,117.22,117.35,117.22,119.91,47.6,32,1d+1h+4h,1.355,False,nofill,0.0
2025-03-11 13:30:00-04:00,110.43,117.37,117.5,117.37,120.12,47.6,32,1d+1h+4h,0.974,False,nofill,0.0
2025-03-11 14:30:00-04:00,110.81,117.37,117.5,117.37,120.09,47.6,32,1d+1h+4h,0.921,False,nofill,0.0
2025-03-11 15:30:00-04:00,108.64,117.37,117.5,117.37,120.08,47.6,32,1d+1h+4h,1.225,False,nofill,0.0
2025-03-12 09:30:00-04:00,114.65,128.22,128.37,128.22,131.34,54.6,37,1d+1h+4h,1.887,False,nofill,0.0
2025-03-12 10:30:00-04:00,114.51,128.28,128.43,128.28,131.36,54.6,37,1d+1h+4h,1.915,False,nofill,0.0
2025-03-12 11:30:00-04:00,115.84,128.28,128.42,128.28,131.27,54.6,37,1d+1h+4h,1.731,False,nofill,0.0
2025-03-12 12:30:00-04:00,116.12,128.22,128.36,128.22,131.08,54.6,37,1d+1h+4h,1.684,False,nofill,0.0
2025-03-12 13:30:00-04:00,115.56,128.28,128.41,128.28,131.08,54.6,37,1d+1h+4h,1.77,False,nofill,0.0
2025-03-12 14:30:00-04:00,115.45,128.28,128.41,128.28,130.95,54.6,37,1d+1h+4h,1.785,False,nofill,0.0
2025-03-12 15:30:00-04:00,115.74,128.28,128.4,128.28,130.84,54.6,37,1d+1h+4h,1.744,False,nofill,0.0
2025-03-13 09:30:00-04:00,116.66,127.85,127.98,127.85,130.52,52.8,36,1d+1h+4h,1.609,False,nofill,0.0
2025-03-13 10:30:00-04:00,116.08,127.85,127.97,127.85,130.46,52.8,36,1d+1h+4h,1.691,False,nofill,0.0
2025-03-13 11:30:00-04:00,115.86,127.85,127.97,127.85,130.37,52.8,36,1d+1h+4h,1.723,False,nofill,0.0
2025-03-13 12:30:00-04:00,115.26,127.85,127.97,127.85,130.36,52.8,36,1d+1h+4h,1.808,False,nofill,0.0
2025-03-13 13:30:00-04:00,116.95,127.85,127.97,127.85,130.32,52.8,36,1d+1h+4h,1.566,False,nofill,0.0
2025-03-13 14:30:00-04:00,116.0,127.85,127.97,127.85,130.28,52.8,36,1d+1h+4h,1.702,False,nofill,0.0
2025-03-13 15:30:00-04:00,115.71,127.85,127.96,127.85,130.2,52.8,36,1d+1h+4h,1.745,False,nofill,0.0
2025-03-14 09:30:00-04:00,119.52,128.22,128.34,128.22,130.77,51.8,35,1d+1h+4h,1.258,False,nofill,0.0
2025-03-14 10:30:00-04:00,120.93,127.85,127.97,127.85,130.34,51.8,35,1d+1h+4h,1.001,False,nofill,0.0
2025-03-14 11:30:00-04:00,120.52,127.85,127.97,127.85,130.27,51.8,35,1d+1h+4h,1.061,False,nofill,0.0
2025-03-14 12:30:00-04:00,120.54,127.85,127.96,127.85,130.16,51.8,35,1d+1h+4h,1.057,False,nofill,0.0
2025-03-14 13:30:00-04:00,120.28,127.85,127.96,127.85,130.06,51.8,35,1d+1h+4h,1.096,False,nofill,0.0
2025-03-14 14:30:00-04:00,120.58,127.85,127.95,127.85,129.96,51.8,35,1d+1h+4h,1.051,False,nofill,0.0
2025-03-14 15:30:00-04:00,121.45,127.85,127.95,127.85,129.9,51.8,35,1d+1h+4h,0.926,False,nofill,0.0
2025-03-17 09:30:00-04:00,119.54,127.85,127.95,127.85,130.01,51.8,35,1d+1h+4h,1.229,False,nofill,0.0
2025-03-17 10:30:00-04:00,119.3,128.12,128.22,128.12,130.23,51.8,35,1d+1h+4h,1.305,False,nofill,0.0
2025-03-17 11:30:00-04:00,118.37,128.22,128.32,128.22,130.28,51.8,35,1d+1h+4h,1.457,False,nofill,0.0
2025-03-17 12:30:00-04:00,119.17,127.85,127.95,127.85,129.86,51.8,35,1d+1h+4h,1.283,False,nofill,0.0
2025-03-17 13:30:00-04:00,120.5,128.22,128.31,128.22,130.2,51.8,35,1d+1h+4h,1.141,False,nofill,0.0
2025-03-17 14:30:00-04:00,120.36,128.22,128.31,128.22,130.13,51.8,35,1d+1h+4h,1.161,False,nofill,0.0
2025-03-17 15:30:00-04:00,119.48,127.85,127.94,127.85,129.7,51.8,35,1d+1h+4h,1.238,False,nofill,0.0
2025-03-18 09:30:00-04:00,115.84,128.12,128.22,128.12,130.21,51.8,35,1d+1h+4h,1.851,False,nofill,0.0
2025-03-18 10:30:00-04:00,116.76,128.12,128.22,128.12,130.17,51.8,35,1d+1h+4h,1.713,False,nofill,0.0
2025-03-18 11:30:00-04:00,117.64,128.12,128.22,128.12,130.13,51.8,35,1d+1h+4h,1.579,False,nofill,0.0
2025-03-18 12:30:00-04:00,117.16,128.12,128.22,128.12,130.15,51.8,35,1d+1h+4h,1.652,False,nofill,0.0
2025-03-18 13:30:00-04:00,116.64,128.12,128.22,128.12,130.14,51.8,35,1d+1h+4h,1.73,False,nofill,0.0
2025-03-18 14:30:00-04:00,116.14,128.12,128.22,128.12,130.12,51.8,35,1d+1h+4h,1.806,False,nofill,0.0
2025-03-18 15:30:00-04:00,115.58,128.12,128.21,128.12,130.08,51.8,35,1d+1h+4h,1.89,False,nofill,0.0
2025-03-19 09:30:00-04:00,116.99,128.12,128.22,128.12,130.13,51.8,35,1d+1h+4h,1.707,False,nofill,0.0
2025-03-19 10:30:00-04:00,117.24,128.12,128.21,128.12,130.07,51.8,35,1d+1h+4h,1.668,False,nofill,0.0
2025-03-19 11:30:00-04:00,118.02,128.12,128.21,128.12,130.02,51.8,35,1d+1h+4h,1.548,False,nofill,0.0
2025-03-19 12:30:00-04:00,117.46,128.12,128.21,128.12,129.95,51.8,35,1d+1h+4h,1.635,False,nofill,0.0
2025-03-19 13:30:00-04:00,118.54,128.12,128.21,128.12,129.97,51.8,35,1d+1h+4h,1.47,False,nofill,0.0
2025-03-19 14:30:00-04:00,118.25,128.12,128.21,128.12,130.0,51.8,35,1d+1h+4h,1.514,False,nofill,0.0
2025-03-19 15:30:00-04:00,117.52,128.12,128.21,128.12,130.0,51.8,35,1d+1h+4h,1.626,False,nofill,0.0
2025-03-20 09:30:00-04:00,118.9,127.71,127.8,127.71,129.68,49.0,33,1d+1h+4h,1.394,False,nofill,0.0
2025-03-20 10:30:00-04:00,119.64,127.71,127.8,127.71,129.63,49.0,33,1d+1h+4h,1.277,False,nofill,0.0
2025-03-20 11:30:00-04:00,118.29,127.71,127.8,127.71,129.64,49.0,33,1d+1h+4h,1.491,False,nofill,0.0
2025-03-20 12:30:00-04:00,117.89,127.6,127.69,127.6,129.46,49.0,33,1d+1h+4h,1.537,False,nofill,0.0
2025-03-20 13:30:00-04:00,118.08,127.6,127.69,127.6,129.42,49.0,33,1d+1h+4h,1.507,False,nofill,0.0
2025-03-20 14:30:00-04:00,118.04,127.6,127.68,127.6,129.36,49.0,33,1d+1h+4h,1.512,False,nofill,0.0
2025-03-20 15:30:00-04:00,118.47,127.71,127.79,127.71,129.41,49.0,33,1d+1h+4h,1.462,False,nofill,0.0
2025-03-21 09:30:00-04:00,116.47,127.71,127.8,127.71,129.52,49.0,33,1d+1h+4h,1.846,False,nofill,0.0
2025-03-21 10:30:00-04:00,116.29,127.71,127.79,127.71,129.47,49.0,33,1d+1h+4h,1.875,False,nofill,0.0
2025-03-21 11:30:00-04:00,117.35,127.71,127.79,127.71,129.44,49.0,33,1d+1h+4h,1.701,False,nofill,0.0
2025-03-21 12:30:00-04:00,117.06,127.71,127.79,127.71,129.4,49.0,33,1d+1h+4h,1.748,False,nofill,0.0
2025-03-21 13:30:00-04:00,117.19,127.71,127.79,127.71,129.33,49.0,33,1d+1h+4h,1.727,False,nofill,0.0
2025-03-21 14:30:00-04:00,116.78,127.71,127.78,127.71,129.27,49.0,33,1d+1h+4h,1.794,False,nofill,0.0
2025-03-21 15:30:00-04:00,117.64,127.71,127.78,127.71,129.26,49.0,33,1d+1h+4h,1.654,False,nofill,0.0
2025-03-24 09:30:00-04:00,120.48,128.28,128.36,128.28,129.98,48.8,34,1d+1h+4h,1.305,False,nofill,0.0
2025-03-24 10:30:00-04:00,122.04,128.12,128.2,128.12,129.84,48.8,34,1d+1h+4h,1.017,False,nofill,0.0
2025-03-24 11:30:00-04:00,121.75,128.12,128.2,128.12,129.78,48.8,34,1d+1h+4h,1.066,False,nofill,0.0
2025-03-24 12:30:00-04:00,121.73,128.12,128.2,128.12,129.72,48.8,34,1d+1h+4h,1.069,False,nofill,0.0
2025-03-24 13:30:00-04:00,121.82,128.28,128.35,128.28,129.79,48.8,34,1d+1h+4h,1.082,False,nofill,0.0
2025-03-24 14:30:00-04:00,121.8,128.28,128.35,128.28,129.72,48.8,34,1d+1h+4h,1.085,False,nofill,0.0
2025-03-24 15:30:00-04:00,121.23,128.28,128.35,128.28,129.67,48.8,34,1d+1h+4h,1.18,False,nofill,0.0
2025-03-25 09:30:00-04:00,119.98,128.28,128.35,128.28,129.75,48.8,34,1d+1h+4h,1.449,False,nofill,0.0
2025-03-25 10:30:00-04:00,120.26,128.28,128.35,128.28,129.72,48.8,34,1d+1h+4h,1.4,False,nofill,0.0
2025-03-25 11:30:00-04:00,120.66,128.28,128.35,128.28,129.69,48.8,34,1d+1h+4h,1.33,False,nofill,0.0
2025-03-25 12:30:00-04:00,120.24,128.28,128.35,128.28,129.68,48.8,34,1d+1h+4h,1.405,False,nofill,0.0
2025-03-25 13:30:00-04:00,120.72,128.22,128.28,128.22,129.58,48.8,34,1d+1h+4h,1.31,False,nofill,0.0
2025-03-25 14:30:00-04:00,120.7,128.22,128.28,128.22,129.51,48.8,34,1d+1h+4h,1.314,False,nofill,0.0
2025-03-25 15:30:00-04:00,120.64,128.28,128.34,128.28,129.54,48.8,34,1d+1h+4h,1.333,False,nofill,0.0
2025-03-26 09:30:00-04:00,115.12,117.37,117.45,117.37,119.0,48.8,34,1d+1h+4h,0.383,False,nofill,0.0
2025-03-26 10:30:00-04:00,115.16,117.37,117.45,117.37,118.96,48.8,34,1d+1h+4h,0.375,False,nofill,0.0
2025-03-26 11:30:00-04:00,114.04,117.37,117.45,117.37,118.98,48.8,34,1d+1h+4h,0.567,False,nofill,0.0
2025-03-26 12:30:00-04:00,113.46,117.37,117.44,117.37,118.93,48.8,34,1d+1h+4h,0.664,False,nofill,0.0
2025-03-26 13:30:00-04:00,113.64,117.37,117.44,117.37,118.9,48.8,34,1d+1h+4h,0.633,False,nofill,0.0
2025-03-26 14:30:00-04:00,113.26,117.37,117.44,117.37,118.87,48.8,34,1d+1h+4h,0.697,False,nofill,0.0
2025-03-26 15:30:00-04:00,113.7,117.37,117.44,117.37,118.83,48.8,34,1d+1h+4h,0.623,False,nofill,0.0
2025-03-27 09:30:00-04:00,112.82,115.79,115.87,115.79,117.38,48.0,32,1d+1h+4h,0.519,False,nofill,0.0
2025-03-27 10:30:00-04:00,113.55,115.79,115.87,115.79,117.4,48.0,32,1d+1h+4h,0.39,False,nofill,0.0
2025-03-27 11:30:00-04:00,112.5,115.79,115.87,115.79,117.4,48.0,32,1d+1h+4h,0.573,False,nofill,0.0
2025-03-27 12:30:00-04:00,111.69,115.79,115.87,115.79,117.37,48.0,32,1d+1h+4h,0.714,False,nofill,0.0
2025-03-27 13:30:00-04:00,112.14,115.79,115.86,115.79,117.34,49.0,33,1d+1h+4h,0.635,False,nofill,0.0
2025-03-27 14:30:00-04:00,112.67,115.79,115.86,115.79,117.3,49.0,33,1d+1h+4h,0.544,False,nofill,0.0
2025-03-27 15:30:00-04:00,111.43,115.79,115.86,115.79,117.31,49.0,33,1d+1h+4h,0.76,False,nofill,0.0
2025-03-28 09:30:00-04:00,109.28,115.39,115.47,115.39,117.07,47.2,32,1d+1h+4h,1.092,False,nofill,0.0
2025-03-28 10:30:00-04:00,109.66,115.38,115.46,115.38,117.02,47.2,32,1d+1h+4h,1.023,False,nofill,0.0
2025-03-28 11:30:00-04:00,109.58,115.42,115.5,115.42,117.02,47.2,32,1d+1h+4h,1.042,False,nofill,0.0
2025-03-28 12:30:00-04:00,109.48,115.42,115.49,115.42,116.98,47.2,32,1d+1h+4h,1.062,False,nofill,0.0
2025-03-28 13:30:00-04:00,110.02,115.42,115.49,115.42,116.95,47.2,32,1d+1h+4h,0.966,False,nofill,0.0
2025-03-28 14:30:00-04:00,109.91,115.39,115.46,115.39,116.86,47.2,32,1d+1h+4h,0.979,False,nofill,0.0
2025-03-28 15:30:00-04:00,109.64,115.38,115.45,115.38,116.79,47.2,32,1d+1h+4h,1.025,False,nofill,0.0
2025-03-31 09:30:00-04:00,103.89,115.14,115.22,115.14,116.9,43.2,30,1d+1h+4h,1.967,False,nofill,0.0
2025-03-31 10:30:00-04:00,105.19,115.39,115.47,115.39,117.15,47.2,32,1d+1h+4h,1.784,False,nofill,0.0
2025-03-31 11:30:00-04:00,105.98,115.38,115.46,115.38,117.11,47.2,32,1d+1h+4h,1.644,False,nofill,0.0
2025-03-31 12:30:00-04:00,105.72,115.38,115.46,115.38,117.05,47.2,32,1d+1h+4h,1.689,False,nofill,0.0
2025-03-31 13:30:00-04:00,107.55,115.38,115.46,115.38,117.09,47.2,32,1d+1h+4h,1.369,False,nofill,0.0
2025-03-31 14:30:00-04:00,107.24,115.39,115.47,115.39,117.05,47.2,32,1d+1h+4h,1.425,False,nofill,0.0
2025-03-31 15:30:00-04:00,108.77,115.42,115.5,115.42,117.1,47.2,32,1d+1h+4h,1.163,False,nofill,0.0
2025-04-01 09:30:00-04:00,107.13,115.38,115.46,115.38,117.14,47.2,32,1d+1h+4h,1.48,False,nofill,0.0
2025-04-01 10:30:00-04:00,108.91,115.42,115.51,115.42,117.23,47.2,32,1d+1h+4h,1.167,False,nofill,0.0
2025-04-01 11:30:00-04:00,109.4,115.39,115.48,115.39,117.17,47.2,32,1d+1h+4h,1.074,False,nofill,0.0
2025-04-01 12:30:00-04:00,108.8,115.42,115.5,115.42,117.15,47.2,32,1d+1h+4h,1.187,False,nofill,0.0
2025-04-01 13:30:00-04:00,107.72,115.38,115.46,115.38,117.12,47.2,32,1d+1h+4h,1.374,False,nofill,0.0
2025-04-01 14:30:00-04:00,108.61,115.42,115.5,115.42,117.14,47.2,32,1d+1h+4h,1.221,False,nofill,0.0
2025-04-01 15:30:00-04:00,110.15,115.42,115.5,115.42,117.14,47.2,32,1d+1h+4h,0.945,False,nofill,0.0
2025-04-02 09:30:00-04:00,109.0,115.38,115.47,115.38,117.23,47.2,32,1d+1h+4h,1.15,False,nofill,0.0
2025-04-02 10:30:00-04:00,110.25,115.42,115.51,115.42,117.27,47.2,32,1d+1h+4h,0.932,False,nofill,0.0
2025-04-02 11:30:00-04:00,111.15,115.42,115.51,115.42,117.26,47.2,32,1d+1h+4h,0.769,False,nofill,0.0
2025-04-02 12:30:00-04:00,111.24,115.42,115.51,115.42,117.26,47.2,32,1d+1h+4h,0.754,False,nofill,0.0
2025-04-02 13:30:00-04:00,109.32,115.42,115.51,115.42,117.27,47.2,32,1d+1h+4h,1.099,False,nofill,0.0
2025-04-02 14:30:00-04:00,109.65,115.38,115.47,115.38,117.2,47.2,32,1d+1h+4h,1.033,False,nofill,0.0
2025-04-02 15:30:00-04:00,110.38,115.38,115.47,115.38,117.17,47.2,32,1d+1h+4h,0.901,False,nofill,0.0
2025-04-03 09:30:00-04:00,105.15,115.79,115.89,115.79,117.99,49.0,33,1d+1h+4h,1.841,False,nofill,0.0
2025-04-03 10:30:00-04:00,102.97,114.07,114.18,114.07,116.37,33.8,23,1d+1h+4h,1.921,False,nofill,0.0
2025-04-03 11:30:00-04:00,103.66,115.14,115.25,115.14,117.37,43.2,30,1d+1h+4h,1.986,False,nofill,0.0
2025-04-03 12:30:00-04:00,103.02,114.05,114.15,114.05,116.2,33.8,23,1d+1h+4h,1.908,False,nofill,0.0
2025-04-03 13:30:00-04:00,102.62,114.07,114.17,114.07,116.15,33.8,23,1d+1h+4h,1.98,False,nofill,0.0
2025-04-03 14:30:00-04:00,102.67,114.07,114.17,114.07,116.12,33.8,23,1d+1h+4h,1.973,False,nofill,0.0
2025-04-03 15:30:00-04:00,102.01,113.48,113.57,113.48,115.46,28.2,19,1d+1h+4h,1.985,False,nofill,0.0
2025-04-04 09:30:00-04:00,94.61,96.02,96.13,96.02,98.41,22.2,13,1d+1h+4h,0.233,True,scratch,-0.1786030008980477
2025-04-04 10:30:00-04:00,95.1,96.02,96.14,96.02,98.58,22.2,13,1d+1h+4h,0.152,False,nofill,0.0
2025-04-04 11:30:00-04:00,93.83,96.02,96.14,96.02,98.56,22.2,13,1d+1h+4h,0.361,False,nofill,0.0
2025-04-04 12:30:00-04:00,94.1,96.02,96.14,96.02,98.48,22.2,13,1d+1h+4h,0.317,True,scratch,-0.18186015692288615
2025-04-04 13:30:00-04:00,94.01,96.02,96.14,96.02,98.49,22.2,13,1d+1h+4h,0.332,True,scratch,-0.18230565107949515
2025-04-04 14:30:00-04:00,95.16,96.02,96.14,96.02,98.48,22.2,13,1d+1h+4h,0.141,True,scratch,-0.18208966692963013
2025-04-04 15:30:00-04:00,94.32,96.02,96.13,96.02,98.47,22.2,13,1d+1h+4h,0.28,True,scratch,-0.1814252056029364
2025-04-07 09:30:00-04:00,93.61,96.38,96.54,96.38,99.79,22.2,13,1d+1h+4h,0.413,True,scratch,-0.22814669920001585
2025-04-07 10:30:00-04:00,93.88,96.02,96.19,96.02,99.66,22.2,13,1d+1h+4h,0.319,True,scratch,-0.23992547633757688
2025-04-07 11:30:00-04:00,95.87,96.38,96.55,96.38,100.03,22.2,13,1d+1h+4h,0.075,True,scratch,-0.2401683758841977
2025-04-07 12:30:00-04:00,98.23,111.58,111.75,111.58,115.24,25.2,18,1d+1h+4h,1.991,False,nofill,0.0
2025-04-07 13:30:00-04:00,97.41,107.56,107.73,107.56,111.14,21.4,17,1d+1h+4h,1.514,False,nofill,0.0
2025-04-07 14:30:00-04:00,96.65,97.12,97.29,97.12,100.65,22.2,13,1d+1h+4h,0.071,True,target,3.3881572151147177
2025-04-07 15:30:00-04:00,97.71,107.56,107.72,107.56,110.99,21.4,17,1d+1h+4h,1.47,False,nofill,0.0
2025-04-08 09:30:00-04:00,104.73,116.56,116.74,116.56,120.36,53.2,36,1d+1h+4h,1.682,False,nofill,0.0
2025-04-08 10:30:00-04:00,102.06,116.12,116.3,116.12,119.89,51.2,34,1d+1h+4h,1.999,False,nofill,0.0
2025-04-08 11:30:00-04:00,101.58,115.42,115.6,115.42,119.17,50.0,34,1d+1h+4h,1.967,False,nofill,0.0
2025-04-08 12:30:00-04:00,98.78,112.72,112.89,112.72,116.43,25.4,19,1d+1h+4h,1.981,False,nofill,0.0
2025-04-08 13:30:00-04:00,99.43,113.48,113.65,113.48,117.11,34.8,24,1d+1h+4h,1.997,False,nofill,0.0
2025-04-08 14:30:00-04:00,96.32,105.25,105.43,105.25,109.05,25.0,17,1d+1h+4h,1.269,False,nofill,0.0
2025-04-08 15:30:00-04:00,96.71,105.25,105.43,105.25,108.95,25.0,17,1d+1h+4h,1.214,False,nofill,0.0
2025-04-09 09:30:00-04:00,99.98,114.83,115.01,114.83,118.61,54.0,36,1d+1h+4h,1.887,False,nofill,0.0
2025-04-09 10:30:00-04:00,99.17,114.86,115.04,114.86,118.6,54.0,36,1d+1h+4h,1.993,False,nofill,0.0
2025-04-09 11:30:00-04:00,99.44,114.83,115.0,114.83,118.43,54.0,36,1d+1h+4h,1.955,False,nofill,0.0
2025-04-09 12:30:00-04:00,106.47,116.28,116.48,116.28,120.43,58.8,40,1d+1h+4h,1.246,False,nofill,0.0
2025-04-09 13:30:00-04:00,112.03,116.2,116.42,116.2,120.91,58.8,40,1d+1h+4h,0.53,False,nofill,0.0
2025-04-09 14:30:00-04:00,112.79,116.25,116.47,116.25,120.86,58.8,40,1d+1h+4h,0.44,False,nofill,0.0
2025-04-09 15:30:00-04:00,114.25,116.24,116.45,116.24,120.69,58.8,40,1d+1h+4h,0.253,False,nofill,0.0
2025-04-10 09:30:00-04:00,109.08,116.76,116.98,116.76,121.45,62.0,42,1d+1h+4h,0.915,False,nofill,0.0
2025-04-10 10:30:00-04:00,107.9,116.76,116.98,116.76,121.33,62.0,42,1d+1h+4h,1.056,False,nofill,0.0
2025-04-10 11:30:00-04:00,104.05,116.76,116.98,116.76,121.4,63.0,43,1d+1h+4h,1.515,False,nofill,0.0
2025-04-10 12:30:00-04:00,106.47,116.76,116.98,116.76,121.4,63.0,43,1d+1h+4h,1.226,False,nofill,0.0
2025-04-10 13:30:00-04:00,108.44,116.76,116.97,116.76,121.26,63.0,43,1d+1h+4h,0.991,False,nofill,0.0
2025-04-10 14:30:00-04:00,106.44,116.76,116.97,116.76,121.13,63.0,43,1d+1h+4h,1.23,False,nofill,0.0
2025-04-10 15:30:00-04:00,107.7,116.76,116.96,116.76,121.01,63.0,43,1d+1h+4h,1.08,False,nofill,0.0
2025-04-11 09:30:00-04:00,107.7,116.76,116.96,116.76,120.94,62.0,42,1d+1h+4h,1.121,False,nofill,0.0
2025-04-11 10:30:00-04:00,108.64,116.76,116.95,116.76,120.82,62.0,42,1d+1h+4h,1.005,False,nofill,0.0
2025-04-11 11:30:00-04:00,109.44,116.76,116.94,116.76,120.64,62.0,42,1d+1h+4h,0.906,False,nofill,0.0
2025-04-11 12:30:00-04:00,109.74,116.76,116.94,116.76,120.49,62.0,42,1d+1h+4h,0.869,False,nofill,0.0
2025-04-11 13:30:00-04:00,110.35,116.76,116.93,116.76,120.39,62.0,42,1d+1h+4h,0.793,False,nofill,0.0
2025-04-11 14:30:00-04:00,110.11,116.76,116.92,116.76,120.2,62.0,42,1d+1h+4h,0.823,False,nofill,0.0
2025-04-11 15:30:00-04:00,110.69,116.76,116.92,116.76,120.05,62.0,42,1d+1h+4h,0.751,False,nofill,0.0
2025-04-14 09:30:00-04:00,112.57,116.28,116.44,116.28,119.6,64.6,43,1d+1h+4h,0.471,False,nofill,0.0
2025-04-14 10:30:00-04:00,111.33,116.28,116.43,116.28,119.49,64.6,43,1d+1h+4h,0.628,False,nofill,0.0
2025-04-14 11:30:00-04:00,110.03,116.25,116.4,116.25,119.43,64.6,43,1d+1h+4h,0.79,False,nofill,0.0
2025-04-14 12:30:00-04:00,110.44,116.25,116.39,116.25,119.29,65.6,44,1d+1h+4h,0.738,False,nofill,0.0
2025-04-14 13:30:00-04:00,111.2,116.25,116.39,116.25,119.19,65.6,44,1d+1h+4h,0.641,False,nofill,0.0
2025-04-14 14:30:00-04:00,111.35,116.24,116.37,116.24,119.03,65.6,44,1d+1h+4h,0.621,False,nofill,0.0
2025-04-14 15:30:00-04:00,110.7,116.24,116.37,116.24,118.92,65.6,44,1d+1h+4h,0.703,False,nofill,0.0
2025-04-15 09:30:00-04:00,111.02,116.24,116.36,116.24,118.89,64.6,43,1d+1h+4h,0.693,False,nofill,0.0
2025-04-15 10:30:00-04:00,112.03,116.24,116.36,116.24,118.82,64.6,43,1d+1h+4h,0.558,False,nofill,0.0
2025-04-15 11:30:00-04:00,113.26,116.24,116.36,116.24,118.77,64.6,43,1d+1h+4h,0.395,False,nofill,0.0
2025-04-15 12:30:00-04:00,111.84,116.24,116.36,116.24,118.71,64.6,43,1d+1h+4h,0.584,False,nofill,0.0
2025-04-15 13:30:00-04:00,112.12,116.24,116.35,116.24,118.6,64.6,43,1d+1h+4h,0.546,False,nofill,0.0
2025-04-15 14:30:00-04:00,112.21,116.24,116.35,116.24,118.49,64.6,43,1d+1h+4h,0.534,False,nofill,0.0
2025-04-15 15:30:00-04:00,112.1,116.24,116.34,116.24,118.36,64.6,43,1d+1h+4h,0.549,False,nofill,0.0
2025-04-16 09:30:00-04:00,105.52,116.2,116.32,116.2,118.75,67.4,45,1d+1h+4h,1.363,False,nofill,0.0
2025-04-16 10:30:00-04:00,105.18,116.24,116.36,116.24,118.74,67.4,45,1d+1h+4h,1.412,False,nofill,0.0
2025-04-16 11:30:00-04:00,103.92,116.2,116.32,116.2,118.65,67.4,45,1d+1h+4h,1.568,False,nofill,0.0
2025-04-16 12:30:00-04:00,103.94,116.2,116.31,116.2,118.55,67.4,45,1d+1h+4h,1.565,False,nofill,0.0
2025-04-16 13:30:00-04:00,102.18,116.24,116.35,116.24,118.59,67.4,45,1d+1h+4h,1.794,False,nofill,0.0
2025-04-16 14:30:00-04:00,101.0,116.24,116.35,116.24,118.55,67.4,45,1d+1h+4h,1.944,False,nofill,0.0
2025-04-16 15:30:00-04:00,104.5,116.24,116.35,116.24,118.65,67.4,45,1d+1h+4h,1.498,False,nofill,0.0
2025-04-17 09:30:00-04:00,100.5,114.81,114.93,114.81,117.36,61.6,40,1d+1h+4h,1.886,False,nofill,0.0
2025-04-17 10:30:00-04:00,100.4,114.81,114.93,114.81,117.27,61.6,40,1d+1h+4h,1.898,False,nofill,0.0
2025-04-17 11:30:00-04:00,101.24,116.25,116.36,116.25,118.63,64.6,43,1d+1h+4h,1.978,False,nofill,0.0
2025-04-17 12:30:00-04:00,100.83,115.95,116.06,115.95,118.24,62.6,41,1d+1h+4h,1.991,False,nofill,0.0
2025-04-17 13:30:00-04:00,102.16,116.24,116.34,116.24,118.48,64.6,43,1d+1h+4h,1.855,False,nofill,0.0
2025-04-17 14:30:00-04:00,101.22,116.25,116.35,116.25,118.44,64.6,43,1d+1h+4h,1.98,False,nofill,0.0
2025-04-17 15:30:00-04:00,101.41,116.24,116.34,116.24,118.34,64.6,43,1d+1h+4h,1.953,False,nofill,0.0
2025-04-21 09:30:00-04:00,95.84,105.25,105.36,105.25,107.64,26.0,18,1d+1h+4h,1.254,False,nofill,0.0
2025-04-21 10:30:00-04:00,95.89,105.25,105.36,105.25,107.54,26.0,18,1d+1h+4h,1.246,False,nofill,0.0
2025-04-21 11:30:00-04:00,95.8,105.25,105.35,105.25,107.41,26.0,18,1d+1h+4h,1.258,False,nofill,0.0
2025-04-21 12:30:00-04:00,95.37,105.25,105.35,105.25,107.35,26.0,18,1d+1h+4h,1.316,False,nofill,0.0
2025-04-21 13:30:00-04:00,95.59,105.25,105.35,105.25,107.25,26.0,18,1d+1h+4h,1.286,False,nofill,0.0
2025-04-21 14:30:00-04:00,95.6,105.25,105.34,105.25,107.16,26.0,18,1d+1h+4h,1.285,False,nofill,0.0
2025-04-21 15:30:00-04:00,96.8,105.25,105.34,105.25,107.14,26.0,18,1d+1h+4h,1.125,False,nofill,0.0
2025-04-22 09:30:00-04:00,99.02,113.22,113.31,113.22,115.17,38.8,26,1d+1h+4h,1.978,False,nofill,0.0
2025-04-22 10:30:00-04:00,98.9,113.22,113.31,113.22,115.11,38.8,26,1d+1h+4h,1.995,False,nofill,0.0
2025-04-22 11:30:00-04:00,99.65,113.79,113.88,113.79,115.66,43.4,29,1d+1h+4h,1.97,False,nofill,0.0
2025-04-22 12:30:00-04:00,98.1,105.25,105.34,105.25,107.12,26.0,18,1d+1h+4h,0.995,False,nofill,0.0
2025-04-22 13:30:00-04:00,98.48,112.72,112.8,112.72,114.52,28.2,21,1d+1h+4h,1.982,False,nofill,0.0
2025-04-22 14:30:00-04:00,97.7,105.25,105.33,105.25,107.02,26.0,18,1d+1h+4h,1.051,False,nofill,0.0
2025-04-22 15:30:00-04:00,98.88,113.22,113.3,113.22,114.99,38.8,26,1d+1h+4h,1.997,False,nofill,0.0
2025-04-23 09:30:00-04:00,104.18,115.95,116.05,115.95,118.04,61.6,40,1d+1h+4h,1.659,False,nofill,0.0
2025-04-23 10:30:00-04:00,103.14,115.95,116.05,115.95,118.02,61.6,40,1d+1h+4h,1.807,False,nofill,0.0
2025-04-23 11:30:00-04:00,103.36,115.95,116.04,115.95,117.94,61.6,40,1d+1h+4h,1.776,False,nofill,0.0
2025-04-23 12:30:00-04:00,103.96,115.95,116.04,115.95,117.89,61.6,40,1d+1h+4h,1.691,False,nofill,0.0
2025-04-23 13:30:00-04:00,103.72,115.95,116.04,115.95,117.8,61.6,40,1d+1h+4h,1.726,False,nofill,0.0
2025-04-23 14:30:00-04:00,102.42,115.95,116.03,115.95,117.79,61.6,40,1d+1h+4h,1.909,False,nofill,0.0
2025-04-23 15:30:00-04:00,102.54,115.95,116.03,115.95,117.72,61.6,40,1d+1h+4h,1.892,False,nofill,0.0
2025-04-24 09:30:00-04:00,105.37,115.79,115.88,115.79,117.65,58.6,39,1d+1h+4h,1.52,False,nofill,0.0
2025-04-24 10:30:00-04:00,105.34,115.79,115.88,115.79,117.61,58.6,39,1d+1h+4h,1.524,False,nofill,0.0
2025-04-24 11:30:00-04:00,105.75,115.79,115.87,115.79,117.54,58.6,39,1d+1h+4h,1.465,False,nofill,0.0
2025-04-24 12:30:00-04:00,106.3,115.39,115.47,115.39,117.07,58.6,39,1d+1h+4h,1.327,False,nofill,0.0
2025-04-24 13:30:00-04:00,106.33,115.39,115.47,115.39,117.0,58.6,39,1d+1h+4h,1.321,False,nofill,0.0
2025-04-24 14:30:00-04:00,105.72,115.79,115.86,115.79,117.36,58.6,39,1d+1h+4h,1.468,False,nofill,0.0
2025-04-24 15:30:00-04:00,106.38,115.42,115.49,115.42,116.94,58.6,39,1d+1h+4h,1.319,False,nofill,0.0
2025-04-25 09:30:00-04:00,107.54,115.38,115.46,115.38,116.97,58.6,39,1d+1h+4h,1.152,False,nofill,0.0
2025-04-25 10:30:00-04:00,108.66,115.82,115.9,115.82,117.42,58.6,39,1d+1h+4h,1.052,False,nofill,0.0
2025-04-25 11:30:00-04:00,109.48,115.39,115.46,115.39,116.95,58.6,39,1d+1h+4h,0.869,False,nofill,0.0
2025-04-25 12:30:00-04:00,111.87,115.95,116.02,115.95,117.58,58.6,39,1d+1h+4h,0.599,False,nofill,0.0
2025-04-25 13:30:00-04:00,110.84,115.95,116.03,115.95,117.62,58.6,39,1d+1h+4h,0.751,False,nofill,0.0
2025-04-25 14:30:00-04:00,110.74,115.38,115.46,115.38,117.0,58.6,39,1d+1h+4h,0.683,False,nofill,0.0
2025-04-25 15:30:00-04:00,110.96,115.95,116.02,115.95,117.51,58.6,39,1d+1h+4h,0.733,False,nofill,0.0
2025-04-28 09:30:00-04:00,108.53,115.39,115.47,115.39,117.07,58.6,39,1d+1h+4h,1.028,False,nofill,0.0
2025-04-28 10:30:00-04:00,106.6,115.39,115.47,115.39,117.13,58.6,39,1d+1h+4h,1.317,False,nofill,0.0
2025-04-28 11:30:00-04:00,106.55,115.39,115.47,115.39,117.08,58.6,39,1d+1h+4h,1.324,False,nofill,0.0
2025-04-28 12:30:00-04:00,106.28,115.82,115.9,115.82,117.48,58.6,39,1d+1h+4h,1.429,False,nofill,0.0
2025-04-28 13:30:00-04:00,107.3,115.38,115.46,115.38,117.01,58.6,39,1d+1h+4h,1.21,False,nofill,0.0
2025-04-28 14:30:00-04:00,108.19,115.95,116.02,115.95,117.55,58.6,39,1d+1h+4h,1.162,False,nofill,0.0
2025-04-28 15:30:00-04:00,108.64,115.42,115.49,115.42,116.97,58.6,39,1d+1h+4h,1.016,False,nofill,0.0
2025-04-29 09:30:00-04:00,108.53,115.42,115.5,115.42,117.03,58.6,39,1d+1h+4h,1.077,False,nofill,0.0
2025-04-29 10:30:00-04:00,108.81,115.82,115.89,115.82,117.36,58.6,39,1d+1h+4h,1.096,False,nofill,0.0
2025-04-29 11:30:00-04:00,108.88,115.42,115.49,115.42,116.91,58.6,39,1d+1h+4h,1.023,False,nofill,0.0
2025-04-29 12:30:00-04:00,108.74,115.82,115.89,115.82,117.27,58.6,39,1d+1h+4h,1.108,False,nofill,0.0
2025-04-29 13:30:00-04:00,109.98,115.42,115.49,115.42,116.87,58.6,39,1d+1h+4h,0.851,False,nofill,0.0
2025-04-29 14:30:00-04:00,109.4,115.42,115.49,115.42,116.87,58.6,39,1d+1h+4h,0.941,False,nofill,0.0
2025-04-29 15:30:00-04:00,108.92,115.79,115.86,115.79,117.19,58.6,39,1d+1h+4h,1.074,False,nofill,0.0
2025-04-30 09:30:00-04:00,105.98,115.82,115.9,115.82,117.48,58.6,39,1d+1h+4h,1.563,False,nofill,0.0
2025-04-30 10:30:00-04:00,106.38,115.82,115.9,115.82,117.43,58.6,39,1d+1h+4h,1.501,False,nofill,0.0
2025-04-30 11:30:00-04:00,106.06,115.82,115.89,115.82,117.39,58.6,39,1d+1h+4h,1.552,False,nofill,0.0
2025-04-30 12:30:00-04:00,106.47,115.82,115.89,115.82,117.34,58.6,39,1d+1h+4h,1.486,False,nofill,0.0
2025-04-30 13:30:00-04:00,107.2,115.82,115.89,115.82,117.34,58.6,39,1d+1h+4h,1.371,False,nofill,0.0
2025-04-30 14:30:00-04:00,107.26,115.82,115.89,115.82,117.29,58.6,39,1d+1h+4h,1.362,False,nofill,0.0
2025-04-30 15:30:00-04:00,108.78,115.82,115.89,115.82,117.32,58.6,39,1d+1h+4h,1.12,False,nofill,0.0
2025-05-01 09:30:00-04:00,113.33,115.82,115.9,115.82,117.61,58.6,39,1d+1h+4h,0.397,False,nofill,0.0
2025-05-01 10:30:00-04:00,114.32,115.82,115.9,115.82,117.62,58.6,39,1d+1h+4h,0.238,False,nofill,0.0
2025-05-01 11:30:00-04:00,113.65,115.82,115.9,115.82,117.59,58.6,39,1d+1h+4h,0.346,False,nofill,0.0
2025-05-01 12:30:00-04:00,113.56,115.82,115.9,115.82,117.54,58.6,39,1d+1h+4h,0.36,False,nofill,0.0
2025-05-01 13:30:00-04:00,113.67,115.82,115.9,115.82,117.5,59.6,40,1d+1h+4h,0.343,False,nofill,0.0
2025-05-01 14:30:00-04:00,113.0,115.82,115.9,115.82,117.44,59.6,40,1d+1h+4h,0.45,False,nofill,0.0
2025-05-01 15:30:00-04:00,111.53,115.82,115.9,115.82,117.45,59.6,40,1d+1h+4h,0.684,False,nofill,0.0
2025-05-02 09:30:00-04:00,113.9,115.79,115.88,115.79,117.58,58.6,39,1d+1h+4h,0.309,False,nofill,0.0
2025-05-02 10:30:00-04:00,114.65,115.79,115.87,115.79,117.55,58.6,39,1d+1h+4h,0.187,False,nofill,0.0
2025-05-02 11:30:00-04:00,114.74,115.79,115.87,115.79,117.48,58.6,39,1d+1h+4h,0.172,False,nofill,0.0
2025-05-02 12:30:00-04:00,114.36,115.79,115.87,115.79,117.44,58.6,39,1d+1h+4h,0.234,False,nofill,0.0
2025-05-02 13:30:00-04:00,114.8,115.79,115.87,115.79,117.37,58.6,39,1d+1h+4h,0.163,False,nofill,0.0
2025-05-02 14:30:00-04:00,114.47,115.79,115.86,115.79,117.32,58.6,39,1d+1h+4h,0.217,False,nofill,0.0
2025-05-02 15:30:00-04:00,114.39,115.79,115.86,115.79,117.26,58.6,39,1d+1h+4h,0.23,False,nofill,0.0
2025-05-05 09:30:00-04:00,113.24,115.38,115.45,115.38,116.87,56.8,38,1d+1h+4h,0.368,False,nofill,0.0
2025-05-05 10:30:00-04:00,113.92,115.39,115.46,115.39,116.87,56.8,38,1d+1h+4h,0.253,False,nofill,0.0
2025-05-05 11:30:00-04:00,113.78,115.39,115.46,115.39,116.82,56.8,38,1d+1h+4h,0.277,False,nofill,0.0
2025-05-05 12:30:00-04:00,114.13,115.39,115.45,115.39,116.75,56.8,38,1d+1h+4h,0.217,False,nofill,0.0
2025-05-05 13:30:00-04:00,114.37,115.38,115.44,115.38,116.67,58.6,39,1d+1h+4h,0.174,False,nofill,0.0
2025-05-05 14:30:00-04:00,114.37,115.38,115.44,115.38,116.63,58.6,39,1d+1h+4h,0.173,False,nofill,0.0
2025-05-05 15:30:00-04:00,113.81,115.39,115.45,115.39,116.62,58.6,39,1d+1h+4h,0.272,False,nofill,0.0
2025-05-06 09:30:00-04:00,112.66,115.42,115.48,115.42,116.78,58.6,39,1d+1h+4h,0.488,False,nofill,0.0
2025-05-06 10:30:00-04:00,113.07,115.42,115.48,115.42,116.74,59.6,40,1d+1h+4h,0.415,False,nofill,0.0
2025-05-06 11:30:00-04:00,113.02,115.42,115.48,115.42,116.73,59.6,40,1d+1h+4h,0.424,False,nofill,0.0
2025-05-06 12:30:00-04:00,112.92,115.42,115.48,115.42,116.7,59.6,40,1d+1h+4h,0.441,False,nofill,0.0
2025-05-06 13:30:00-04:00,113.68,115.42,115.48,115.42,116.69,59.6,40,1d+1h+4h,0.307,False,nofill,0.0
2025-05-06 14:30:00-04:00,114.23,115.39,115.45,115.39,116.62,59.6,40,1d+1h+4h,0.205,False,nofill,0.0
2025-05-06 15:30:00-04:00,113.44,115.38,115.44,115.38,116.62,59.6,40,1d+1h+4h,0.342,False,nofill,0.0
2025-05-07 09:30:00-04:00,113.48,115.38,115.44,115.38,116.61,59.6,40,1d+1h+4h,0.337,False,nofill,0.0
2025-05-07 10:30:00-04:00,113.3,115.42,115.48,115.42,116.62,59.6,40,1d+1h+4h,0.376,False,nofill,0.0
2025-05-07 11:30:00-04:00,113.68,115.39,115.45,115.39,116.58,59.6,40,1d+1h+4h,0.303,False,nofill,0.0
2025-05-07 12:30:00-04:00,113.94,115.42,115.47,115.42,116.56,59.6,40,1d+1h+4h,0.261,True,target,0.8834752236805521
2025-05-07 13:30:00-04:00,113.0,115.42,115.48,115.42,116.61,59.6,40,1d+1h+4h,0.429,True,target,0.9222845535335145
2025-05-07 14:30:00-04:00,113.24,115.42,115.48,115.42,116.61,59.6,40,1d+1h+4h,0.387,True,target,0.9207416925492318
2025-05-07 15:30:00-04:00,117.02,128.22,128.29,128.22,129.66,48.8,34,1d+1h+4h,1.984,False,nofill,0.0
2025-05-08 09:30:00-04:00,117.24,127.85,127.92,127.85,129.35,48.0,32,1d+1h+4h,1.949,False,nofill,0.0
2025-05-08 10:30:00-04:00,117.26,127.85,127.92,127.85,129.37,48.0,32,1d+1h+4h,1.945,False,nofill,0.0
2025-05-08 11:30:00-04:00,118.05,128.22,128.29,128.22,129.74,48.8,34,1d+1h+4h,1.868,False,nofill,0.0
2025-05-08 12:30:00-04:00,117.9,128.22,128.29,128.22,129.67,48.8,34,1d+1h+4h,1.895,False,nofill,0.0
2025-05-08 13:30:00-04:00,117.98,128.22,128.29,128.22,129.61,48.8,34,1d+1h+4h,1.882,False,nofill,0.0
2025-05-08 14:30:00-04:00,118.54,128.22,128.28,128.22,129.58,48.8,34,1d+1h+4h,1.778,False,nofill,0.0
2025-05-08 15:30:00-04:00,117.37,128.22,128.28,128.22,129.58,48.8,34,1d+1h+4h,1.993,False,nofill,0.0
2025-05-09 09:30:00-04:00,116.13,116.4,116.47,116.4,117.84,46.2,31,1d+1h+4h,0.051,True,scratch,-0.11877448101343946
2025-05-09 10:30:00-04:00,116.38,116.99,117.06,116.99,118.44,43.8,31,1d+1h+4h,0.116,False,nofill,0.0
2025-05-09 11:30:00-04:00,116.28,116.99,117.06,116.99,118.4,43.8,31,1d+1h+4h,0.134,False,nofill,0.0
2025-05-09 12:30:00-04:00,116.43,116.99,117.05,116.99,118.34,43.8,31,1d+1h+4h,0.106,False,nofill,0.0
2025-05-09 13:30:00-04:00,116.58,116.99,117.05,116.99,118.3,43.8,31,1d+1h+4h,0.078,True,target,1.001372380769694
2025-05-09 14:30:00-04:00,116.73,116.99,117.05,116.99,118.23,43.8,31,1d+1h+4h,0.05,True,target,0.9457148360756396
2025-05-09 15:30:00-04:00,116.62,116.99,117.05,116.99,118.17,43.8,31,1d+1h+4h,0.07,True,target,0.9004308772962766
2025-05-12 09:30:00-04:00,120.86,127.85,127.92,127.85,129.41,48.0,32,1d+1h+4h,1.308,False,nofill,0.0
2025-05-12 10:30:00-04:00,121.65,127.85,127.92,127.85,129.42,48.0,32,1d+1h+4h,1.16,False,nofill,0.0
2025-05-12 11:30:00-04:00,122.37,127.85,127.92,127.85,129.4,48.0,32,1d+1h+4h,1.025,False,nofill,0.0
2025-05-12 12:30:00-04:00,122.66,127.85,127.92,127.85,129.34,48.0,32,1d+1h+4h,0.971,False,nofill,0.0
2025-05-12 13:30:00-04:00,122.74,127.85,127.92,127.85,129.26,48.0,32,1d+1h+4h,0.957,True,target,0.9927326927387403
2025-05-12 14:30:00-04:00,122.58,127.85,127.91,127.85,129.2,48.0,32,1d+1h+4h,0.985,True,target,0.9471390162547388
2025-05-12 15:30:00-04:00,122.99,127.85,127.91,127.85,129.18,48.0,32,1d+1h+4h,0.909,True,target,0.9271069974737145
2025-05-13 09:30:00-04:00,129.22,136.22,136.3,136.22,137.94,36.8,28,1d+1h+4h,1.262,False,nofill,0.0
2025-05-13 10:30:00-04:00,129.83,140.54,140.62,140.54,142.28,37.6,28,1d+1h+4h,1.93,False,nofill,0.0
2025-05-13 11:30:00-04:00,130.46,140.54,140.62,140.54,142.24,37.6,28,1d+1h+4h,1.816,False,nofill,0.0
2025-05-13 12:30:00-04:00,130.84,140.54,140.62,140.54,142.19,37.6,28,1d+1h+4h,1.749,False,nofill,0.0
2025-05-13 13:30:00-04:00,130.44,140.54,140.62,140.54,142.17,37.6,28,1d+1h+4h,1.819,False,nofill,0.0
2025-05-13 14:30:00-04:00,130.22,140.54,140.62,140.54,142.13,37.6,28,1d+1h+4h,1.86,False,nofill,0.0
2025-05-13 15:30:00-04:00,129.84,140.54,140.61,140.54,142.06,37.6,28,1d+1h+4h,1.928,False,nofill,0.0
2025-05-14 09:30:00-04:00,132.66,140.54,140.63,140.54,142.33,37.6,28,1d+1h+4h,1.421,False,nofill,0.0
2025-05-14 10:30:00-04:00,134.16,140.54,140.63,140.54,142.35,37.6,28,1d+1h+4h,1.151,False,nofill,0.0
2025-05-14 11:30:00-04:00,134.97,140.54,140.62,140.54,142.3,37.6,28,1d+1h+4h,1.004,False,nofill,0.0
2025-05-14 12:30:00-04:00,134.46,140.54,140.62,140.54,142.29,37.6,28,1d+1h+4h,1.096,False,nofill,0.0
2025-05-14 13:30:00-04:00,134.56,140.54,140.62,140.54,142.23,37.6,28,1d+1h+4h,1.078,False,nofill,0.0
2025-05-14 14:30:00-04:00,134.89,140.54,140.62,140.54,142.17,37.6,28,1d+1h+4h,1.019,False,nofill,0.0
2025-05-14 15:30:00-04:00,135.35,136.15,136.23,136.15,137.75,37.8,29,1d+1h+4h,0.145,False,nofill,0.0
2025-05-15 09:30:00-04:00,133.27,136.15,136.23,136.15,137.83,37.8,29,1d+1h+4h,0.532,True,scratch,-0.11882688690408871
2025-05-15 10:30:00-04:00,134.38,136.15,136.23,136.15,137.84,37.8,29,1d+1h+4h,0.326,True,scratch,-0.11894641487167901
2025-05-15 11:30:00-04:00,135.22,136.15,136.23,136.15,137.8,37.8,29,1d+1h+4h,0.173,True,scratch,-0.11746036506318225
2025-05-15 12:30:00-04:00,136.22,140.7,140.78,140.7,142.32,36.6,27,1d+1h+4h,0.828,False,nofill,0.0
2025-05-15 13:30:00-04:00,135.36,136.15,136.23,136.15,137.76,37.8,29,1d+1h+4h,0.146,True,scratch,-0.11628791306743658
2025-05-15 14:30:00-04:00,133.74,136.22,136.3,136.22,137.87,37.8,29,1d+1h+4h,0.459,True,scratch,-0.11747603199087076
2025-05-15 15:30:00-04:00,134.9,136.15,136.23,136.15,137.77,37.8,29,1d+1h+4h,0.231,True,scratch,-0.1165937566431241
2025-05-16 09:30:00-04:00,135.43,136.22,136.3,136.22,137.83,37.8,29,1d+1h+4h,0.152,False,nofill,0.0
2025-05-16 10:30:00-04:00,134.86,136.22,136.3,136.22,137.86,37.8,29,1d+1h+4h,0.259,False,nofill,0.0
2025-05-16 11:30:00-04:00,134.79,136.22,136.3,136.22,137.8,37.8,29,1d+1h+4h,0.273,False,nofill,0.0
2025-05-16 12:30:00-04:00,135.82,136.22,136.29,136.22,137.79,37.8,29,1d+1h+4h,0.076,False,nofill,0.0
2025-05-16 13:30:00-04:00,135.04,136.22,136.29,136.22,137.78,37.8,29,1d+1h+4h,0.227,False,nofill,0.0
2025-05-16 14:30:00-04:00,135.08,136.22,136.29,136.22,137.72,37.8,29,1d+1h+4h,0.218,False,nofill,0.0
2025-05-16 15:30:00-04:00,135.32,136.22,136.29,136.22,137.65,37.8,29,1d+1h+4h,0.172,False,nofill,0.0
2025-05-19 09:30:00-04:00,135.28,136.22,136.29,136.22,137.79,37.8,29,1d+1h+4h,0.183,False,nofill,0.0
2025-05-19 10:30:00-04:00,134.93,136.22,136.29,136.22,137.77,37.8,29,1d+1h+4h,0.254,False,nofill,0.0
2025-05-19 11:30:00-04:00,135.22,136.22,136.3,136.22,137.87,37.8,29,1d+1h+4h,0.195,False,nofill,0.0
2025-05-19 12:30:00-04:00,135.28,136.22,136.3,136.22,137.83,37.8,29,1d+1h+4h,0.185,False,nofill,0.0
2025-05-19 13:30:00-04:00,135.08,136.22,136.3,136.22,137.92,39.6,30,1d+1h+4h,0.222,False,nofill,0.0
2025-05-19 14:30:00-04:00,135.12,136.22,136.3,136.22,137.83,39.6,30,1d+1h+4h,0.216,False,nofill,0.0
2025-05-19 15:30:00-04:00,135.49,136.22,136.29,136.22,137.75,39.6,30,1d+1h+4h,0.143,False,nofill,0.0
2025-05-20 09:30:00-04:00,132.95,136.15,136.23,136.15,137.79,37.8,29,1d+1h+4h,0.647,False,nofill,0.0
2025-05-20 10:30:00-04:00,133.78,136.15,136.23,136.15,137.76,37.8,29,1d+1h+4h,0.48,False,nofill,0.0
2025-05-20 11:30:00-04:00,134.08,136.15,136.22,136.15,137.69,37.8,29,1d+1h+4h,0.417,False,nofill,0.0
2025-05-20 12:30:00-04:00,134.1,136.15,136.22,136.15,137.61,37.8,29,1d+1h+4h,0.413,False,nofill,0.0
2025-05-20 13:30:00-04:00,133.45,136.15,136.22,136.15,137.57,37.8,29,1d+1h+4h,0.546,False,nofill,0.0
2025-05-20 14:30:00-04:00,133.82,136.15,136.22,136.15,137.54,37.8,29,1d+1h+4h,0.472,False,nofill,0.0
2025-05-20 15:30:00-04:00,134.38,136.15,136.21,136.15,137.49,37.8,29,1d+1h+4h,0.358,True,scratch,-0.10676079151110685
2025-05-21 09:30:00-04:00,134.08,136.25,136.32,136.25,137.64,39.6,30,1d+1h+4h,0.426,True,scratch,-0.10836181724834804
2025-05-21 10:30:00-04:00,135.88,136.25,136.32,136.25,137.7,39.6,30,1d+1h+4h,0.074,True,scratch,-0.1106915790378471
2025-05-21 11:30:00-04:00,137.08,140.76,140.83,140.76,142.23,36.6,27,1d+1h+4h,0.723,False,nofill,0.0
2025-05-21 12:30:00-04:00,133.22,136.25,136.33,136.25,137.94,39.6,30,1d+1h+4h,0.597,False,nofill,0.0
2025-05-21 13:30:00-04:00,132.84,136.22,136.3,136.22,137.94,39.6,30,1d+1h+4h,0.664,False,nofill,0.0
2025-05-21 14:30:00-04:00,131.08,136.25,136.34,136.25,138.06,40.6,31,1d+1h+4h,1.018,False,nofill,0.0
2025-05-21 15:30:00-04:00,131.73,136.25,136.33,136.25,138.03,40.6,31,1d+1h+4h,0.89,False,nofill,0.0
2025-05-22 09:30:00-04:00,133.04,136.22,136.31,136.22,138.05,37.8,29,1d+1h+4h,0.648,False,nofill,0.0
2025-05-22 10:30:00-04:00,132.88,136.22,136.3,136.22,137.99,37.8,29,1d+1h+4h,0.68,False,nofill,0.0
2025-05-22 11:30:00-04:00,133.4,136.22,136.3,136.22,137.96,37.8,29,1d+1h+4h,0.575,False,nofill,0.0
2025-05-22 12:30:00-04:00,133.51,136.22,136.3,136.22,137.89,37.8,29,1d+1h+4h,0.552,False,nofill,0.0
2025-05-22 13:30:00-04:00,133.34,136.22,136.3,136.22,137.81,39.6,30,1d+1h+4h,0.588,False,nofill,0.0
2025-05-22 14:30:00-04:00,133.92,136.22,136.29,136.22,137.78,39.6,30,1d+1h+4h,0.469,False,nofill,0.0
2025-05-22 15:30:00-04:00,132.79,136.22,136.29,136.22,137.76,39.6,30,1d+1h+4h,0.699,False,nofill,0.0
2025-05-23 09:30:00-04:00,130.53,136.78,136.86,136.78,138.49,38.8,30,1d+1h+4h,1.297,False,nofill,0.0
2025-05-23 10:30:00-04:00,130.98,136.81,136.89,136.81,138.49,38.8,30,1d+1h+4h,1.209,False,nofill,0.0
2025-05-23 11:30:00-04:00,131.01,136.81,136.89,136.81,138.42,38.8,30,1d+1h+4h,1.203,False,nofill,0.0
2025-05-23 12:30:00-04:00,131.95,136.7,136.78,136.7,138.3,38.8,30,1d+1h+4h,0.985,False,nofill,0.0
2025-05-23 13:30:00-04:00,132.14,136.7,136.78,136.7,138.28,38.8,30,1d+1h+4h,0.947,False,nofill,0.0
2025-05-23 14:30:00-04:00,131.62,136.87,136.94,136.87,138.42,38.8,30,1d+1h+4h,1.088,False,nofill,0.0
2025-05-23 15:30:00-04:00,131.31,136.87,136.94,136.87,138.37,38.8,30,1d+1h+4h,1.153,False,nofill,0.0
2025-05-27 09:30:00-04:00,135.29,136.79,136.87,136.79,138.49,41.8,31,1d+1h+4h,0.313,False,nofill,0.0
2025-05-27 10:30:00-04:00,135.21,136.79,136.87,136.79,138.41,41.8,31,1d+1h+4h,0.33,False,nofill,0.0
2025-05-27 11:30:00-04:00,135.26,136.79,136.86,136.79,138.34,41.8,31,1d+1h+4h,0.319,False,nofill,0.0
2025-05-27 12:30:00-04:00,135.6,136.7,136.77,136.7,138.18,41.8,31,1d+1h+4h,0.23,False,nofill,0.0
2025-05-27 13:30:00-04:00,135.25,136.79,136.86,136.79,138.21,41.8,31,1d+1h+4h,0.321,False,nofill,0.0
2025-05-27 14:30:00-04:00,135.14,136.81,136.87,136.81,138.16,41.8,31,1d+1h+4h,0.349,False,nofill,0.0
2025-05-27 15:30:00-04:00,135.49,136.78,136.85,136.78,138.1,42.8,32,1d+1h+4h,0.27,False,nofill,0.0
2025-05-28 09:30:00-04:00,135.26,136.81,136.87,136.81,138.13,42.8,32,1d+1h+4h,0.334,False,nofill,0.0
2025-05-28 10:30:00-04:00,135.59,136.79,136.85,136.79,138.08,42.8,32,1d+1h+4h,0.259,True,scratch,-0.10467285017821126
2025-05-28 11:30:00-04:00,135.94,136.78,136.84,136.78,138.02,42.8,32,1d+1h+4h,0.182,True,scratch,-0.10310064778799033
2025-05-28 12:30:00-04:00,136.45,136.78,136.84,136.78,138.01,42.8,32,1d+1h+4h,0.072,True,scratch,-0.10257712922587814
2025-05-28 13:30:00-04:00,136.67,137.05,137.11,137.05,138.27,36.8,28,1d+1h+4h,0.083,True,scratch,-0.10208568133448503
2025-05-28 14:30:00-04:00,136.83,137.09,137.15,137.09,138.28,36.8,28,1d+1h+4h,0.056,True,target,0.7672904268960057
2025-05-28 15:30:00-04:00,134.81,136.81,136.87,136.81,138.07,42.8,32,1d+1h+4h,0.432,True,target,0.8161508623057978
2025-05-29 09:30:00-04:00,140.62,140.89,140.98,140.89,142.71,32.8,24,1d+1h+4h,0.055,True,scratch,-0.12144685598325378
2025-05-29 10:30:00-04:00,141.66,143.07,143.15,143.07,144.89,22.2,15,1d+1h+4h,0.286,False,nofill,0.0
2025-05-29 11:30:00-04:00,140.57,140.89,140.98,140.89,142.71,32.8,24,1d+1h+4h,0.065,True,scratch,-0.12130774730234606
2025-05-29 12:30:00-04:00,139.88,140.7,140.79,140.7,142.49,36.6,27,1d+1h+4h,0.168,False,nofill,0.0
2025-05-29 13:30:00-04:00,138.44,140.76,140.85,140.76,142.58,36.6,27,1d+1h+4h,0.472,False,nofill,0.0
2025-05-29 14:30:00-04:00,138.91,140.76,140.84,140.76,142.52,36.6,27,1d+1h+4h,0.377,False,nofill,0.0
2025-05-29 15:30:00-04:00,139.18,140.7,140.78,140.7,142.41,36.6,27,1d+1h+4h,0.31,False,nofill,0.0
2025-05-30 09:30:00-04:00,137.36,140.76,140.85,140.76,142.64,36.6,27,1d+1h+4h,0.675,False,nofill,0.0
2025-05-30 10:30:00-04:00,136.1,136.87,136.96,136.87,138.76,42.8,32,1d+1h+4h,0.152,False,nofill,0.0
2025-05-30 11:30:00-04:00,133.59,136.25,136.34,136.25,138.21,46.4,34,1d+1h+4h,0.528,False,nofill,0.0
2025-05-30 12:30:00-04:00,134.46,136.22,136.31,136.22,138.19,46.4,34,1d+1h+4h,0.349,False,nofill,0.0
2025-05-30 13:30:00-04:00,134.78,136.22,136.31,136.22,138.15,46.4,34,1d+1h+4h,0.286,True,scratch,-0.1273348789423756
2025-05-30 14:30:00-04:00,135.26,136.25,136.34,136.25,138.14,46.4,34,1d+1h+4h,0.196,True,scratch,-0.125809740664673
2025-05-30 15:30:00-04:00,134.84,136.22,136.31,136.22,138.07,46.4,34,1d+1h+4h,0.274,True,scratch,-0.12457845199280726
2025-06-02 09:30:00-04:00,136.66,137.22,137.31,137.22,139.15,37.8,29,1d+1h+4h,0.115,True,scratch,-0.12685624688598685
2025-06-02 10:30:00-04:00,136.46,136.78,136.87,136.78,138.66,42.8,32,1d+1h+4h,0.066,True,target,1.24749847603991
2025-06-02 11:30:00-04:00,137.41,140.76,140.85,140.76,142.6,36.6,27,1d+1h+4h,0.686,False,nofill,0.0
2025-06-02 12:30:00-04:00,137.57,140.76,140.84,140.76,142.52,36.6,27,1d+1h+4h,0.652,False,nofill,0.0
2025-06-02 13:30:00-04:00,138.03,140.76,140.84,140.76,142.47,36.6,27,1d+1h+4h,0.558,True,scratch,-0.11776876371845102
2025-06-02 14:30:00-04:00,137.62,140.76,140.84,140.76,142.39,36.6,27,1d+1h+4h,0.641,True,scratch,-0.11501115705625509
2025-06-02 15:30:00-04:00,137.37,140.76,140.83,140.76,142.33,36.6,27,1d+1h+4h,0.693,True,scratch,-0.11295699600135656
2025-06-03 09:30:00-04:00,141.3,143.07,143.15,143.07,144.83,28.0,18,1d+1h+4h,0.363,False,nofill,0.0
2025-06-03 10:30:00-04:00,141.82,143.07,143.15,143.07,144.79,28.0,18,1d+1h+4h,0.256,False,nofill,0.0
2025-06-03 11:30:00-04:00,141.56,143.07,143.15,143.07,144.79,28.0,18,1d+1h+4h,0.308,False,nofill,0.0
2025-06-03 12:30:00-04:00,141.62,143.07,143.14,143.07,144.69,28.0,18,1d+1h+4h,0.298,False,nofill,0.0
2025-06-03 13:30:00-04:00,141.16,141.46,141.54,141.46,143.07,32.8,24,1d+1h+4h,0.062,True,scratch,-0.11419374045718023
2025-06-03 14:30:00-04:00,141.45,143.07,143.14,143.07,144.61,29.0,19,1d+1h+4h,0.332,False,nofill,0.0
2025-06-03 15:30:00-04:00,141.27,141.53,141.6,141.53,143.0,30.0,22,1d+1h+4h,0.053,True,scratch,-0.1092652796784166
2025-06-04 09:30:00-04:00,140.99,141.31,141.38,141.31,142.88,32.8,24,1d+1h+4h,0.069,True,scratch,-0.11299682711992665
2025-06-04 10:30:00-04:00,141.32,143.07,143.14,143.07,144.59,29.0,19,1d+1h+4h,0.368,False,nofill,0.0
2025-06-04 11:30:00-04:00,140.51,140.76,140.83,140.76,142.25,36.6,27,1d+1h+4h,0.053,True,scratch,-0.11023290088923998
2025-06-04 12:30:00-04:00,140.79,141.31,141.38,141.31,142.74,32.8,24,1d+1h+4h,0.11,True,scratch,-0.10802798841257344
2025-06-04 13:30:00-04:00,141.62,142.39,142.46,142.39,143.79,31.0,21,1d+1h+4h,0.163,True,scratch,-0.10668869684814508
2025-06-04 14:30:00-04:00,141.67,142.39,142.45,142.39,143.73,31.0,21,1d+1h+4h,0.152,True,scratch,-0.1047021184991559
2025-06-04 15:30:00-04:00,141.83,142.39,142.45,142.39,143.68,31.0,21,1d+1h+4h,0.119,True,scratch,-0.1029618073535743
2025-06-05 09:30:00-04:00,141.98,142.39,142.46,142.39,143.77,31.0,21,1d+1h+4h,0.087,True,target,0.8614622625642054
2025-06-05 10:30:00-04:00,143.04,143.44,143.51,143.44,144.88,28.0,18,1d+1h+4h,0.084,True,scratch,-0.1078465483287605
2025-06-05 11:30:00-04:00,143.0,143.44,143.51,143.44,144.89,28.0,18,1d+1h+4h,0.091,False,nofill,0.0
2025-06-05 12:30:00-04:00,141.58,142.39,142.46,142.39,143.9,31.0,21,1d+1h+4h,0.171,False,nofill,0.0
2025-06-05 13:30:00-04:00,140.72,141.31,141.38,141.31,142.87,32.8,24,1d+1h+4h,0.125,True,target,0.9879608144207852
2025-06-05 14:30:00-04:00,139.59,140.76,140.84,140.76,142.38,36.6,27,1d+1h+4h,0.246,True,target,1.0332139552452935
2025-06-05 15:30:00-04:00,139.95,140.76,140.84,140.76,142.36,36.6,27,1d+1h+4h,0.17,True,target,1.0225122394345254
2025-06-06 09:30:00-04:00,141.65,142.39,142.47,142.39,144.13,28.2,19,1d+1h+4h,0.16,True,scratch,-0.11798081263199034
2025-06-06 10:30:00-04:00,141.7,142.39,142.47,142.39,144.09,28.2,19,1d+1h+4h,0.149,True,scratch,-0.1168700169096204
2025-06-06 11:30:00-04:00,142.26,143.44,143.52,143.44,145.11,28.0,18,1d+1h+4h,0.254,False,nofill,0.0
2025-06-06 12:30:00-04:00,142.12,142.39,142.47,142.39,144.01,29.2,20,1d+1h+4h,0.059,True,scratch,-0.11405262708241715
2025-06-06 13:30:00-04:00,142.36,143.27,143.34,143.27,144.83,30.8,20,1d+1h+4h,0.195,True,scratch,-0.11162626849814394
2025-06-06 14:30:00-04:00,142.07,143.27,143.34,143.27,144.78,30.8,20,1d+1h+4h,0.258,True,scratch,-0.11017913166940785
2025-06-06 15:30:00-04:00,141.69,143.27,143.34,143.27,144.71,30.8,20,1d+1h+4h,0.34,True,scratch,-0.10776510055453548
2025-06-09 09:30:00-04:00,144.38,148.55,148.62,148.55,150.11,15.6,10,1d+1h+4h,0.917,False,nofill,0.0
2025-06-09 10:30:00-04:00,143.18,143.44,143.52,143.44,145.03,30.8,20,1d+1h+4h,0.057,False,nofill,0.0
2025-06-09 11:30:00-04:00,142.22,143.44,143.52,143.44,145.04,30.8,20,1d+1h+4h,0.267,False,nofill,0.0
2025-06-09 12:30:00-04:00,142.77,143.44,143.51,143.44,144.99,30.8,20,1d+1h+4h,0.147,False,nofill,0.0
2025-06-09 13:30:00-04:00,142.84,143.44,143.51,143.44,144.95,30.8,20,1d+1h+4h,0.132,False,nofill,0.0
2025-06-09 14:30:00-04:00,142.78,143.44,143.51,143.44,144.88,30.8,20,1d+1h+4h,0.146,False,nofill,0.0
2025-06-09 15:30:00-04:00,142.55,143.44,143.51,143.44,144.82,30.8,20,1d+1h+4h,0.196,False,nofill,0.0
2025-06-10 09:30:00-04:00,142.8,143.44,143.51,143.44,144.82,30.8,20,1d+1h+4h,0.145,False,nofill,0.0
2025-06-10 10:30:00-04:00,142.69,143.44,143.5,143.44,144.78,30.8,20,1d+1h+4h,0.17,False,nofill,0.0
2025-06-10 11:30:00-04:00,143.12,143.44,143.51,143.44,144.81,30.8,20,1d+1h+4h,0.073,True,scratch,-0.1052886681496723
2025-06-10 12:30:00-04:00,142.66,143.44,143.5,143.44,144.76,30.8,20,1d+1h+4h,0.177,True,scratch,-0.10363258624543903
2025-06-10 13:30:00-04:00,143.12,143.95,144.01,143.95,145.25,31.6,20,1d+1h+4h,0.188,True,scratch,-0.10291180452710602
2025-06-10 14:30:00-04:00,144.0,144.42,144.48,144.42,145.73,24.6,17,1d+1h+4h,0.095,True,scratch,-0.10317410704133723
2025-06-10 15:30:00-04:00,143.95,144.42,144.48,144.42,145.7,24.6,17,1d+1h+4h,0.106,True,scratch,-0.10199165796286325
2025-06-11 09:30:00-04:00,144.48,145.0,145.06,145.0,146.33,17.2,12,1d+1h+4h,0.121,False,nofill,0.0
2025-06-11 10:30:00-04:00,144.15,144.42,144.48,144.42,145.75,24.6,17,1d+1h+4h,0.062,False,nofill,0.0
2025-06-11 11:30:00-04:00,143.38,144.0,144.06,144.0,145.35,31.6,20,1d+1h+4h,0.143,False,nofill,0.0
2025-06-11 12:30:00-04:00,143.71,143.95,144.01,143.95,145.26,31.6,20,1d+1h+4h,0.055,False,nofill,0.0
2025-06-11 13:30:00-04:00,142.47,144.11,144.17,144.11,145.46,31.6,20,1d+1h+4h,0.378,True,scratch,-0.10458951786056492
2025-06-11 14:30:00-04:00,142.4,144.11,144.17,144.11,145.45,31.6,20,1d+1h+4h,0.395,True,scratch,-0.10410196653096726
2025-06-11 15:30:00-04:00,142.84,144.11,144.17,144.11,145.4,31.6,20,1d+1h+4h,0.293,True,scratch,-0.10270887341083945
2025-06-12 09:30:00-04:00,144.06,144.42,144.49,144.42,145.8,24.6,17,1d+1h+4h,0.084,True,scratch,-0.1052772646687572
2025-06-12 10:30:00-04:00,144.45,144.99,145.05,144.99,146.34,17.2,12,1d+1h+4h,0.127,False,nofill,0.0
2025-06-12 11:30:00-04:00,144.45,144.99,145.05,144.99,146.3,17.2,12,1d+1h+4h,0.127,False,nofill,0.0
2025-06-12 12:30:00-04:00,144.33,144.99,145.05,144.99,146.25,17.2,12,1d+1h+4h,0.156,False,nofill,0.0
2025-06-12 13:30:00-04:00,144.48,144.99,145.05,144.99,146.2,18.2,13,1d+1h+4h,0.121,False,nofill,0.0
2025-06-12 14:30:00-04:00,144.76,144.99,145.05,144.99,146.16,18.2,13,1d+1h+4h,0.055,False,nofill,0.0
2025-06-12 15:30:00-04:00,145.0,148.77,148.82,148.77,149.9,14.6,9,1d+1h+4h,0.888,False,nofill,0.0
2025-06-13 09:30:00-04:00,141.2,144.06,144.12,144.06,145.4,32.6,21,1d+1h+4h,0.675,False,nofill,0.0
2025-06-13 10:30:00-04:00,142.92,143.95,144.02,143.95,145.33,32.6,21,1d+1h+4h,0.244,False,nofill,0.0
2025-06-13 11:30:00-04:00,143.07,144.11,144.17,144.11,145.43,32.6,21,1d+1h+4h,0.244,False,nofill,0.0
2025-06-13 12:30:00-04:00,142.66,144.11,144.17,144.11,145.4,32.6,21,1d+1h+4h,0.343,False,nofill,0.0
2025-06-13 13:30:00-04:00,141.6,144.0,144.06,144.0,145.3,34.4,22,1d+1h+4h,0.566,True,target,0.7968504629911832
2025-06-13 14:30:00-04:00,141.5,144.11,144.17,144.11,145.41,34.4,22,1d+1h+4h,0.615,True,scratch,-0.10276592589234523
2025-06-13 15:30:00-04:00,141.96,144.03,144.09,144.03,145.28,34.4,22,1d+1h+4h,0.489,True,target,0.7617644490887976
2025-06-16 09:30:00-04:00,144.48,144.99,145.06,144.99,146.36,20.0,14,1d+1h+4h,0.12,True,scratch,-0.10509096302786514
2025-06-16 10:30:00-04:00,145.47,148.77,148.84,148.77,150.21,14.6,9,1d+1h+4h,0.779,False,nofill,0.0
2025-06-16 11:30:00-04:00,145.96,149.0,149.07,149.0,150.38,14.6,9,1d+1h+4h,0.719,False,nofill,0.0
2025-06-16 12:30:00-04:00,145.62,148.97,149.03,148.97,150.31,14.6,9,1d+1h+4h,0.79,False,nofill,0.0
2025-06-16 13:30:00-04:00,145.23,148.75,148.81,148.75,150.04,14.6,9,1d+1h+4h,0.831,False,nofill,0.0
2025-06-16 14:30:00-04:00,144.97,148.75,148.81,148.75,149.99,14.6,9,1d+1h+4h,0.893,False,nofill,0.0
2025-06-16 15:30:00-04:00,144.67,144.99,145.05,144.99,146.2,20.0,14,1d+1h+4h,0.076,True,scratch,-0.09957992446137931
2025-06-17 09:30:00-04:00,144.4,144.99,145.05,144.99,146.2,19.0,13,1d+1h+4h,0.147,True,scratch,-0.0997041316327385
2025-06-17 10:30:00-04:00,144.51,144.99,145.05,144.99,146.17,19.0,13,1d+1h+4h,0.119,True,scratch,-0.09861440367657792
2025-06-17 11:30:00-04:00,145.02,148.75,148.81,148.75,149.91,14.6,9,1d+1h+4h,0.925,False,nofill,0.0
2025-06-17 12:30:00-04:00,144.83,148.75,148.8,148.75,149.9,14.6,9,1d+1h+4h,0.972,False,nofill,0.0
2025-06-17 13:30:00-04:00,144.18,144.42,144.47,144.42,145.57,28.4,20,1d+1h+4h,0.059,True,scratch,-0.09779822763964496
2025-06-17 14:30:00-04:00,144.28,144.99,145.04,144.99,146.11,20.0,14,1d+1h+4h,0.177,True,scratch,-0.09673120021985726
2025-06-17 15:30:00-04:00,144.04,144.42,144.47,144.42,145.51,28.4,20,1d+1h+4h,0.094,True,target,0.6612717307182603
2025-06-18 09:30:00-04:00,145.22,145.7,145.76,145.7,146.88,16.2,11,1d+1h+4h,0.122,False,nofill,0.0
2025-06-18 10:30:00-04:00,144.99,145.97,146.03,145.97,147.13,16.2,11,1d+1h+4h,0.25,False,nofill,0.0
2025-06-18 11:30:00-04:00,145.28,145.7,145.75,145.7,146.83,16.2,11,1d+1h+4h,0.107,False,nofill,0.0
2025-06-18 12:30:00-04:00,145.14,145.7,145.75,145.7,146.79,16.2,11,1d+1h+4h,0.144,False,nofill,0.0
2025-06-18 13:30:00-04:00,145.05,145.62,145.67,145.62,146.69,17.2,12,1d+1h+4h,0.145,True,scratch,-0.09494026513688913
2025-06-18 14:30:00-04:00,144.18,144.42,144.47,144.42,145.52,28.4,20,1d+1h+4h,0.061,True,scratch,-0.0960972714405095
2025-06-18 15:30:00-04:00,145.47,145.7,145.75,145.7,146.83,17.2,12,1d+1h+4h,0.059,True,scratch,-0.09694495482606147
2025-06-20 09:30:00-04:00,144.62,144.99,145.05,144.99,146.2,17.2,12,1d+1h+4h,0.094,False,nofill,0.0
2025-06-20 10:30:00-04:00,143.9,144.11,144.17,144.11,145.41,29.4,21,1d+1h+4h,0.054,True,scratch,-0.10292267908165176
2025-06-20 11:30:00-04:00,143.96,144.42,144.48,144.42,145.69,25.6,18,1d+1h+4h,0.119,False,nofill,0.0
2025-06-20 12:30:00-04:00,143.49,144.03,144.09,144.03,145.28,35.4,23,1d+1h+4h,0.141,True,scratch,-0.10104350973847431
2025-06-20 13:30:00-04:00,144.16,144.42,144.48,144.42,145.65,25.6,18,1d+1h+4h,0.068,False,nofill,0.0
2025-06-20 14:30:00-04:00,143.79,144.03,144.09,144.03,145.24,35.4,23,1d+1h+4h,0.062,True,scratch,-0.09967911970403254
2025-06-20 15:30:00-04:00,143.78,144.03,144.09,144.03,145.21,35.4,23,1d+1h+4h,0.065,True,scratch,-0.0989246782463038
2025-06-23 09:30:00-04:00,143.63,144.06,144.12,144.06,145.3,32.4,22,1d+1h+4h,0.113,True,scratch,-0.10103937939431873
2025-06-23 10:30:00-04:00,143.81,144.06,144.12,144.06,145.27,32.4,22,1d+1h+4h,0.065,True,scratch,-0.09979131052614276
2025-06-23 11:30:00-04:00,142.93,144.06,144.12,144.06,145.27,32.4,22,1d+1h+4h,0.296,True,scratch,-0.09991972162938234
2025-06-23 12:30:00-04:00,144.41,145.62,145.68,145.62,146.92,17.2,12,1d+1h+4h,0.318,False,nofill,0.0
2025-06-23 13:30:00-04:00,143.91,144.11,144.17,144.11,145.39,28.4,20,1d+1h+4h,0.052,True,scratch,-0.10207485929760729
2025-06-23 14:30:00-04:00,143.84,144.06,144.12,144.06,145.29,32.4,22,1d+1h+4h,0.056,True,target,0.7537261905845583
2025-06-23 15:30:00-04:00,144.18,144.42,144.48,144.42,145.62,25.6,18,1d+1h+4h,0.064,True,target,0.7287215979765227
2025-06-24 09:30:00-04:00,147.02,149.33,149.4,149.33,150.72,14.6,9,1d+1h+4h,0.606,False,nofill,0.0
2025-06-24 10:30:00-04:00,146.9,149.33,149.39,149.33,150.67,14.6,9,1d+1h+4h,0.636,False,nofill,0.0
2025-06-24 11:30:00-04:00,147.16,149.33,149.39,149.33,150.62,14.6,9,1d+1h+4h,0.568,False,nofill,0.0
2025-06-24 12:30:00-04:00,147.2,148.75,148.81,148.75,149.98,15.6,10,1d+1h+4h,0.408,False,nofill,0.0
2025-06-24 13:30:00-04:00,147.35,148.75,148.81,148.75,149.93,15.6,10,1d+1h+4h,0.367,True,target,0.6925621575099239
2025-06-24 14:30:00-04:00,147.23,148.75,148.8,148.75,149.87,15.6,10,1d+1h+4h,0.399,True,target,0.6565716744485695
2025-06-24 15:30:00-04:00,147.83,148.75,148.8,148.75,149.85,15.6,10,1d+1h+4h,0.241,True,target,0.6425734211886303
2025-06-25 09:30:00-04:00,152.21,152.48,152.55,152.48,153.86,11.6,6,1d+1h+4h,0.069,True,scratch,-0.10286734152017418
2025-06-25 10:30:00-04:00,152.05,152.48,152.55,152.48,153.87,11.6,6,1d+1h+4h,0.108,True,target,0.8052469415817054
2025-06-25 11:30:00-04:00,152.14,152.48,152.55,152.48,153.83,11.6,6,1d+1h+4h,0.085,True,target,0.7813596207339124
2025-07-01 10:30:00-04:00,152.88,153.13,153.21,153.13,154.71,11.6,6,1d+1h+4h,0.061,True,target,0.9202102607986928
2025-07-02 09:30:00-04:00,156.08,158.32,158.4,158.32,159.96,6.8,4,1d+1h+4h,0.553,False,nofill,0.0
2025-07-02 10:30:00-04:00,156.36,158.32,158.4,158.32,159.97,6.8,4,1d+1h+4h,0.483,False,nofill,0.0
2025-07-02 11:30:00-04:00,157.09,158.32,158.4,158.32,159.95,6.8,4,1d+1h+4h,0.303,False,nofill,0.0
2025-07-02 12:30:00-04:00,157.21,158.32,158.4,158.32,159.89,6.8,4,1d+1h+4h,0.276,False,nofill,0.0
2025-07-02 13:30:00-04:00,156.96,158.32,158.39,158.32,159.82,7.8,5,1d+1h+4h,0.338,True,target,0.8413722028760562
2025-07-02 14:30:00-04:00,156.89,158.32,158.39,158.32,159.78,7.8,5,1d+1h+4h,0.354,True,target,0.8168592780334549
2025-07-02 15:30:00-04:00,157.24,158.32,158.39,158.32,159.72,7.8,5,1d+1h+4h,0.267,True,target,0.7826358220965446
2025-07-07 09:30:00-04:00,158.31,158.66,158.73,158.66,160.18,6.8,4,1d+1h+4h,0.09,False,nofill,0.0
2025-07-07 10:30:00-04:00,158.28,158.66,158.73,158.66,160.17,6.8,4,1d+1h+4h,0.098,True,scratch,-0.10518130009655735
2025-07-07 11:30:00-04:00,158.22,158.46,158.53,158.46,159.94,7.8,5,1d+1h+4h,0.062,True,scratch,-0.10426438340424005
2025-07-07 12:30:00-04:00,158.32,158.66,158.73,158.66,160.07,6.8,4,1d+1h+4h,0.088,True,scratch,-0.10229875250312714
2025-07-07 13:30:00-04:00,157.82,158.32,158.39,158.32,159.71,7.8,5,1d+1h+4h,0.128,True,scratch,-0.10170397641359186
2025-07-07 14:30:00-04:00,158.3,158.66,158.72,158.66,160.02,6.8,4,1d+1h+4h,0.093,True,target,0.7527885005731871
2025-07-07 15:30:00-04:00,158.24,158.46,158.52,158.46,159.76,7.8,5,1d+1h+4h,0.057,True,target,0.7191036715595178
2025-07-22 09:30:00-04:00,166.08,173.38,173.45,173.38,174.88,6.6,5,1h+4h,1.832,False,nofill,0.0
2025-07-22 10:30:00-04:00,167.86,173.38,173.45,173.38,174.93,6.6,5,1h+4h,1.386,False,nofill,0.0
2025-07-22 11:30:00-04:00,167.55,173.38,173.45,173.38,174.91,6.6,5,1h+4h,1.464,False,nofill,0.0
2025-07-22 12:30:00-04:00,168.26,173.38,173.45,173.38,174.88,6.6,5,1h+4h,1.284,False,nofill,0.0
2025-07-22 13:30:00-04:00,167.9,173.38,173.45,173.38,174.85,6.6,5,1h+4h,1.376,False,nofill,0.0
2025-07-22 14:30:00-04:00,167.88,173.38,173.45,173.38,174.78,6.6,5,1h+4h,1.38,False,nofill,0.0
2025-07-22 15:30:00-04:00,167.01,173.38,173.45,173.38,174.77,6.6,5,1h+4h,1.599,False,nofill,0.0
2025-07-23 09:30:00-04:00,169.13,173.38,173.45,173.38,174.92,9.6,6,1d+1h+4h,1.063,False,nofill,0.0
2025-07-23 10:30:00-04:00,169.52,173.38,173.45,173.38,174.91,9.6,6,1d+1h+4h,0.964,False,nofill,0.0
2025-07-23 11:30:00-04:00,168.62,173.38,173.45,173.38,174.91,9.6,6,1d+1h+4h,1.19,False,nofill,0.0
2025-07-23 12:30:00-04:00,169.04,173.38,173.45,173.38,174.85,9.6,6,1d+1h+4h,1.086,False,nofill,0.0
2025-07-23 13:30:00-04:00,170.66,173.38,173.45,173.38,174.92,9.6,6,1d+1h+4h,0.681,False,nofill,0.0
2025-07-23 14:30:00-04:00,170.71,173.38,173.45,173.38,174.85,9.6,6,1d+1h+4h,0.668,False,nofill,0.0
2025-07-23 15:30:00-04:00,170.83,173.38,173.45,173.38,174.8,9.6,6,1d+1h+4h,0.638,True,scratch,-0.09889666082938398
2025-07-24 09:30:00-04:00,172.09,173.38,173.45,173.38,174.89,9.6,6,1d+1h+4h,0.328,True,scratch,-0.101507518595223
2025-07-24 10:30:00-04:00,172.68,173.38,173.45,173.38,174.88,9.6,6,1d+1h+4h,0.178,True,scratch,-0.10103133118560814
2025-07-24 11:30:00-04:00,172.94,173.38,173.45,173.38,174.82,9.6,6,1d+1h+4h,0.111,True,scratch,-0.09951971939293758
2025-07-24 12:30:00-04:00,173.43,173.82,173.89,173.82,175.23,6.8,4,1d+1h+4h,0.1,False,nofill,0.0
2025-07-24 13:30:00-04:00,173.46,173.82,173.89,173.82,175.18,6.8,4,1d+1h+4h,0.094,True,scratch,-0.09697362668736886
2025-07-24 14:30:00-04:00,173.65,174.16,174.22,174.16,175.45,6.8,4,1d+1h+4h,0.13,True,scratch,-0.09528997046679422
2025-07-24 15:30:00-04:00,173.78,174.16,174.22,174.16,175.4,6.8,4,1d+1h+4h,0.097,True,scratch,-0.09380307255553166
2025-07-25 12:30:00-04:00,173.88,174.16,174.22,174.16,175.36,7.8,5,1d+1h+4h,0.073,False,nofill,0.0
2025-07-25 13:30:00-04:00,173.65,174.16,174.22,174.16,175.34,7.8,5,1d+1h+4h,0.135,True,target,0.5869703031358808
2025-07-25 14:30:00-04:00,173.8,174.16,174.21,174.16,175.31,7.8,5,1d+1h+4h,0.097,True,target,0.5673995283770106
2025-07-25 15:30:00-04:00,173.49,173.82,173.88,173.82,174.95,7.8,5,1d+1h+4h,0.088,True,target,0.5540984560393758
2025-08-01 12:30:00-04:00,173.11,173.38,173.48,173.38,175.58,11.6,8,1d+1h+4h,0.063,True,scratch,-0.12037035297428611
2025-08-01 13:30:00-04:00,173.28,173.82,173.93,173.82,176.01,8.8,6,1d+1h+4h,0.127,True,scratch,-0.1198234441896151
2025-08-01 14:30:00-04:00,173.75,174.16,174.26,174.16,176.3,8.8,6,1d+1h+4h,0.095,True,target,1.1073991747052592
2025-08-01 15:30:00-04:00,173.59,173.82,173.92,173.82,175.92,8.8,6,1d+1h+4h,0.054,True,target,1.0878943191597434
2025-08-07 12:30:00-04:00,179.97,182.85,182.94,182.85,184.67,6.8,4,1d+1h+4h,0.65,False,nofill,0.0
2025-08-07 13:30:00-04:00,179.42,182.85,182.94,182.85,184.65,6.8,4,1d+1h+4h,0.774,False,nofill,0.0
2025-08-07 14:30:00-04:00,179.47,182.85,182.94,182.85,184.6,6.8,4,1d+1h+4h,0.763,True,scratch,-0.10558877763587882
2025-08-07 15:30:00-04:00,180.87,182.85,182.93,182.85,184.59,6.8,4,1d+1h+4h,0.447,True,scratch,-0.1051994764030173
2025-08-08 09:30:00-04:00,182.2,182.85,182.94,182.85,184.64,6.8,4,1d+1h+4h,0.152,True,scratch,-0.10659123337193321
2025-08-08 10:30:00-04:00,183.02,183.29,183.37,183.29,185.05,6.8,4,1d+1h+4h,0.064,False,nofill,0.0
2025-08-08 11:30:00-04:00,182.91,183.29,183.37,183.29,185.0,6.8,4,1d+1h+4h,0.088,False,nofill,0.0
2025-08-08 12:30:00-04:00,181.88,182.85,182.93,182.85,184.54,6.8,4,1d+1h+4h,0.224,True,scratch,-0.1038534788131984
2025-08-08 13:30:00-04:00,182.62,182.85,182.93,182.85,184.5,8.6,5,1d+1h+4h,0.055,True,scratch,-0.10274947676650603
2025-08-08 14:30:00-04:00,182.7,183.29,183.36,183.29,184.85,8.6,5,1d+1h+4h,0.138,True,scratch,-0.10053470055561009
2025-08-08 15:30:00-04:00,182.75,183.29,183.36,183.29,184.81,8.6,5,1d+1h+4h,0.125,True,scratch,-0.09938070003541188
2025-08-11 09:30:00-04:00,183.35,183.88,183.96,183.88,185.55,8.6,5,1d+1h+4h,0.125,False,nofill,0.0
2025-08-11 10:30:00-04:00,183.18,183.88,183.96,183.88,185.52,8.6,5,1d+1h+4h,0.164,False,nofill,0.0
2025-08-11 12:30:00-04:00,183.24,183.88,183.95,183.88,185.44,8.6,5,1d+1h+4h,0.151,False,nofill,0.0
2025-08-11 13:30:00-04:00,182.9,183.29,183.36,183.29,184.8,8.6,5,1d+1h+4h,0.091,False,nofill,0.0
2025-08-11 14:30:00-04:00,182.16,182.85,182.92,182.85,184.33,9.6,6,1d+1h+4h,0.162,True,scratch,-0.09840839241223032
2025-08-11 15:30:00-04:00,182.08,182.85,182.92,182.85,184.3,9.6,6,1d+1h+4h,0.179,True,scratch,-0.09777125456531532
2025-08-12 09:30:00-04:00,180.93,182.85,182.93,182.85,184.47,9.6,6,1d+1h+4h,0.444,False,nofill,0.0
2025-08-12 10:30:00-04:00,182.01,182.85,182.93,182.85,184.49,9.6,6,1d+1h+4h,0.194,True,scratch,-0.10248261371746947
2025-08-12 11:30:00-04:00,182.28,182.85,182.93,182.85,184.44,9.6,6,1d+1h+4h,0.133,True,scratch,-0.10137839890096423
2025-08-12 12:30:00-04:00,182.24,182.85,182.93,182.85,184.4,9.6,6,1d+1h+4h,0.141,True,scratch,-0.10027560234726618
2025-08-12 13:30:00-04:00,183.06,183.29,183.36,183.29,184.8,9.6,6,1d+1h+4h,0.052,True,scratch,-0.09908956193454
2025-08-12 14:30:00-04:00,182.78,183.29,183.36,183.29,184.74,9.6,6,1d+1h+4h,0.117,True,scratch,-0.09754255897846953
2025-08-12 15:30:00-04:00,183.1,183.84,183.91,183.84,185.35,9.6,6,1d+1h+4h,0.171,True,scratch,-0.09906327245177149
2025-08-13 09:30:00-04:00,181.41,182.85,182.93,182.85,184.48,9.6,6,1d+1h+4h,0.332,False,nofill,0.0
2025-08-13 10:30:00-04:00,180.13,182.85,182.93,182.85,184.55,9.6,6,1d+1h+4h,0.626,False,nofill,0.0
2025-08-13 11:30:00-04:00,180.05,182.85,182.93,182.85,184.54,9.6,6,1d+1h+4h,0.645,False,nofill,0.0
2025-08-13 12:30:00-04:00,180.99,182.85,182.93,182.85,184.54,9.6,6,1d+1h+4h,0.429,False,nofill,0.0
2025-08-13 13:30:00-04:00,181.33,182.85,182.93,182.85,184.51,9.6,6,1d+1h+4h,0.35,False,nofill,0.0
2025-08-13 14:30:00-04:00,181.26,182.85,182.93,182.85,184.45,9.6,6,1d+1h+4h,0.365,True,scratch,-0.10167130756409959
2025-08-13 15:30:00-04:00,181.57,182.85,182.93,182.85,184.42,9.6,6,1d+1h+4h,0.295,True,scratch,-0.10068412482132638
2025-08-14 09:30:00-04:00,182.58,183.84,183.92,183.84,185.53,11.4,7,1d+1h+4h,0.294,False,nofill,0.0
2025-08-14 10:30:00-04:00,181.38,183.84,183.92,183.84,185.56,11.4,7,1d+1h+4h,0.574,False,nofill,0.0
2025-08-14 11:30:00-04:00,181.14,183.84,183.92,183.84,185.53,11.4,7,1d+1h+4h,0.629,False,nofill,0.0
2025-08-14 12:30:00-04:00,182.16,183.84,183.92,183.84,185.49,11.4,7,1d+1h+4h,0.391,False,nofill,0.0
2025-08-14 13:30:00-04:00,181.52,183.84,183.92,183.84,185.43,12.4,8,1d+1h+4h,0.54,False,nofill,0.0
2025-08-14 14:30:00-04:00,181.96,183.84,183.91,183.84,185.36,12.4,8,1d+1h+4h,0.438,False,nofill,0.0
2025-08-14 15:30:00-04:00,182.0,183.84,183.91,183.84,185.29,12.4,8,1d+1h+4h,0.429,False,nofill,0.0
2025-08-15 09:30:00-04:00,179.92,183.84,183.92,183.84,185.48,15.4,9,1d+1h+4h,0.919,False,nofill,0.0
2025-08-15 10:30:00-04:00,179.5,183.84,183.92,183.84,185.46,15.4,9,1d+1h+4h,1.016,False,nofill,0.0
2025-08-15 11:30:00-04:00,178.93,183.84,183.92,183.84,185.44,15.4,9,1d+1h+4h,1.151,False,nofill,0.0
2025-08-15 12:30:00-04:00,179.7,183.84,183.91,183.84,185.39,15.4,9,1d+1h+4h,0.971,False,nofill,0.0
2025-08-15 13:30:00-04:00,180.18,183.84,183.91,183.84,185.33,15.4,9,1d+1h+4h,0.858,False,nofill,0.0
2025-08-15 14:30:00-04:00,179.97,183.84,183.91,183.84,185.28,15.4,9,1d+1h+4h,0.907,False,nofill,0.0
2025-08-15 15:30:00-04:00,180.44,183.84,183.91,183.84,185.22,15.4,9,1d+1h+4h,0.797,False,nofill,0.0
2025-08-18 09:30:00-04:00,182.68,183.84,183.91,183.84,185.31,15.4,9,1d+1h+4h,0.28,False,nofill,0.0
2025-08-18 10:30:00-04:00,181.15,183.84,183.91,183.84,185.34,15.4,9,1d+1h+4h,0.65,False,nofill,0.0
2025-08-18 11:30:00-04:00,181.77,183.84,183.91,183.84,185.29,15.4,9,1d+1h+4h,0.501,False,nofill,0.0
2025-08-18 12:30:00-04:00,181.5,183.84,183.91,183.84,185.26,16.4,10,1d+1h+4h,0.566,False,nofill,0.0
2025-08-18 13:30:00-04:00,181.76,183.84,183.91,183.84,185.21,16.4,10,1d+1h+4h,0.502,False,nofill,0.0
2025-08-18 14:30:00-04:00,182.2,183.84,183.9,183.84,185.17,16.4,10,1d+1h+4h,0.398,False,nofill,0.0
2025-08-18 15:30:00-04:00,181.98,183.84,183.9,183.84,185.11,16.4,10,1d+1h+4h,0.45,False,nofill,0.0
2025-08-19 09:30:00-04:00,178.66,183.84,183.91,183.84,185.32,16.4,10,1d+1h+4h,1.192,False,nofill,0.0
2025-08-19 10:30:00-04:00,178.28,183.88,183.95,183.88,185.39,16.4,10,1d+1h+4h,1.29,False,nofill,0.0
2025-08-19 11:30:00-04:00,177.54,183.88,183.95,183.88,185.42,16.4,10,1d+1h+4h,1.46,False,nofill,0.0
2025-08-19 12:30:00-04:00,176.7,183.88,183.96,183.88,185.46,16.4,10,1d+1h+4h,1.655,False,nofill,0.0
2025-08-19 13:30:00-04:00,176.57,183.88,183.95,183.88,185.41,18.2,11,1d+1h+4h,1.683,False,nofill,0.0
2025-08-19 14:30:00-04:00,176.33,183.88,183.95,183.88,185.38,18.2,11,1d+1h+4h,1.738,False,nofill,0.0
2025-08-19 15:30:00-04:00,175.65,183.88,183.95,183.88,185.36,18.2,11,1d+1h+4h,1.896,False,nofill,0.0
2025-08-20 09:30:00-04:00,170.31,171.45,171.54,171.45,173.34,11.6,8,1d+1h+4h,0.251,True,target,0.9859827607747507
2025-08-20 10:30:00-04:00,172.42,173.38,173.48,173.38,175.4,11.6,8,1d+1h+4h,0.21,True,scratch,-0.11536847016720975
2025-08-20 11:30:00-04:00,174.05,183.02,183.12,183.02,185.08,16.4,10,1d+1h+4h,1.974,False,nofill,0.0
2025-08-20 12:30:00-04:00,173.48,182.24,182.34,182.24,184.26,10.6,7,1d+1h+4h,1.929,False,nofill,0.0
2025-08-20 13:30:00-04:00,172.82,173.38,173.48,173.38,175.39,11.6,8,1d+1h+4h,0.122,True,target,1.0436134675593234
2025-08-20 14:30:00-04:00,174.58,183.3,183.4,183.3,185.33,16.4,10,1d+1h+4h,1.919,False,nofill,0.0
2025-08-20 15:30:00-04:00,175.39,183.88,183.97,183.88,185.84,18.2,11,1d+1h+4h,1.868,False,nofill,0.0
2025-08-21 09:30:00-04:00,176.48,183.88,183.98,183.88,185.92,18.2,11,1d+1h+4h,1.668,False,nofill,0.0
2025-08-21 10:30:00-04:00,174.96,183.84,183.94,183.84,185.88,18.2,11,1d+1h+4h,1.999,False,nofill,0.0
2025-08-21 11:30:00-04:00,174.23,183.02,183.12,183.02,185.03,16.4,10,1d+1h+4h,1.981,False,nofill,0.0
2025-08-21 12:30:00-04:00,174.26,183.02,183.11,183.02,184.96,16.4,10,1d+1h+4h,1.972,False,nofill,0.0
2025-08-21 13:30:00-04:00,174.74,183.3,183.39,183.3,185.17,16.4,10,1d+1h+4h,1.927,False,nofill,0.0
2025-08-21 14:30:00-04:00,174.8,183.3,183.39,183.3,185.1,16.4,10,1d+1h+4h,1.914,False,nofill,0.0
2025-08-21 15:30:00-04:00,174.97,183.84,183.92,183.84,185.55,18.2,11,1d+1h+4h,1.998,False,nofill,0.0
2025-08-22 09:30:00-04:00,176.32,183.88,183.98,183.88,185.97,18.2,11,1d+1h+4h,1.626,False,nofill,0.0
2025-08-22 10:30:00-04:00,178.13,183.88,183.98,183.88,185.99,18.2,11,1d+1h+4h,1.237,False,nofill,0.0
2025-08-22 11:30:00-04:00,177.01,183.88,183.98,183.88,185.97,18.2,11,1d+1h+4h,1.479,False,nofill,0.0
2025-08-22 12:30:00-04:00,178.3,183.88,183.98,183.88,185.92,18.2,11,1d+1h+4h,1.201,False,nofill,0.0
2025-08-22 13:30:00-04:00,178.12,183.88,183.97,183.88,185.82,18.2,11,1d+1h+4h,1.24,False,nofill,0.0
2025-08-22 14:30:00-04:00,178.06,183.88,183.97,183.88,185.74,18.2,11,1d+1h+4h,1.252,False,nofill,0.0
2025-08-22 15:30:00-04:00,178.02,183.88,183.97,183.88,185.67,18.2,11,1d+1h+4h,1.26,False,nofill,0.0
2025-08-25 09:30:00-04:00,178.99,183.88,183.97,183.88,185.75,18.2,11,1d+1h+4h,1.041,False,nofill,0.0
2025-08-25 10:30:00-04:00,181.22,183.84,183.93,183.84,185.76,18.2,11,1d+1h+4h,0.557,False,nofill,0.0
2025-08-25 11:30:00-04:00,181.52,183.84,183.93,183.84,185.69,18.2,11,1d+1h+4h,0.493,False,nofill,0.0
2025-08-25 12:30:00-04:00,181.0,183.84,183.93,183.84,185.64,18.2,11,1d+1h+4h,0.605,False,nofill,0.0
2025-08-25 13:30:00-04:00,181.34,183.84,183.92,183.84,185.56,18.2,11,1d+1h+4h,0.532,False,nofill,0.0
2025-08-25 14:30:00-04:00,181.04,183.84,183.92,183.84,185.5,18.2,11,1d+1h+4h,0.597,False,nofill,0.0
2025-08-25 15:30:00-04:00,179.84,183.84,183.92,183.84,185.5,18.2,11,1d+1h+4h,0.851,False,nofill,0.0
2025-08-26 09:30:00-04:00,180.98,183.84,183.92,183.84,185.57,18.2,11,1d+1h+4h,0.619,False,nofill,0.0
2025-08-26 10:30:00-04:00,180.88,183.84,183.92,183.84,185.52,18.2,11,1d+1h+4h,0.641,False,nofill,0.0
2025-08-26 11:30:00-04:00,181.68,183.84,183.92,183.84,185.49,18.2,11,1d+1h+4h,0.467,False,nofill,0.0
2025-08-26 12:30:00-04:00,181.62,183.84,183.91,183.84,185.41,18.2,11,1d+1h+4h,0.481,False,nofill,0.0
2025-08-26 13:30:00-04:00,181.82,183.84,183.91,183.84,185.37,18.2,11,1d+1h+4h,0.439,False,nofill,0.0
2025-08-26 14:30:00-04:00,182.03,183.84,183.91,183.84,185.3,18.2,11,1d+1h+4h,0.393,False,nofill,0.0
2025-08-26 15:30:00-04:00,181.7,183.84,183.91,183.84,185.26,18.2,11,1d+1h+4h,0.463,False,nofill,0.0
2025-08-27 09:30:00-04:00,181.06,183.84,183.91,183.84,185.38,18.2,11,1d+1h+4h,0.614,False,nofill,0.0
2025-08-27 10:30:00-04:00,181.59,183.84,183.91,183.84,185.38,18.2,11,1d+1h+4h,0.497,False,nofill,0.0
2025-08-27 11:30:00-04:00,181.4,183.84,183.91,183.84,185.35,18.2,11,1d+1h+4h,0.538,False,nofill,0.0
2025-08-27 12:30:00-04:00,181.94,183.84,183.91,183.84,185.3,18.2,11,1d+1h+4h,0.421,False,nofill,0.0
2025-08-27 13:30:00-04:00,182.22,183.84,183.91,183.84,185.26,18.2,11,1d+1h+4h,0.357,True,scratch,-0.09679953488058723
2025-08-27 14:30:00-04:00,181.66,183.84,183.91,183.84,185.26,18.2,11,1d+1h+4h,0.48,True,scratch,-0.0966927939108797
2025-08-27 15:30:00-04:00,181.6,183.84,183.9,183.84,185.2,18.2,11,1d+1h+4h,0.495,True,scratch,-0.09515798573006551
2025-08-28 09:30:00-04:00,177.7,183.88,183.97,183.88,185.75,18.2,11,1d+1h+4h,1.294,False,nofill,0.0
2025-08-28 10:30:00-04:00,179.16,183.29,183.38,183.29,185.25,18.2,11,1d+1h+4h,0.865,False,nofill,0.0
2025-08-28 11:30:00-04:00,179.69,183.29,183.38,183.29,185.22,18.2,11,1d+1h+4h,0.753,False,nofill,0.0
2025-08-28 12:30:00-04:00,179.91,183.29,183.38,183.29,185.17,19.2,12,1d+1h+4h,0.706,False,nofill,0.0
2025-08-28 13:30:00-04:00,180.83,183.29,183.38,183.29,185.12,19.2,12,1d+1h+4h,0.515,False,nofill,0.0
2025-08-28 14:30:00-04:00,180.08,183.29,183.38,183.29,185.11,19.2,12,1d+1h+4h,0.672,False,nofill,0.0
2025-08-28 15:30:00-04:00,180.2,183.29,183.37,183.29,185.06,19.2,12,1d+1h+4h,0.646,False,nofill,0.0
2025-08-29 09:30:00-04:00,175.06,184.03,184.13,184.03,186.15,19.2,12,1d+1h+4h,1.815,False,nofill,0.0
2025-08-29 10:30:00-04:00,174.78,184.03,184.13,184.03,186.14,19.2,12,1d+1h+4h,1.874,False,nofill,0.0
2025-08-29 11:30:00-04:00,174.15,183.88,183.98,183.88,185.94,19.2,12,1d+1h+4h,1.97,False,nofill,0.0
2025-08-29 12:30:00-04:00,173.52,183.3,183.4,183.3,185.33,19.2,12,1d+1h+4h,1.98,False,nofill,0.0
2025-08-29 13:30:00-04:00,173.56,183.3,183.39,183.3,185.26,21.0,13,1d+1h+4h,1.973,False,nofill,0.0
2025-08-29 14:30:00-04:00,174.04,183.88,183.97,183.88,185.76,21.0,13,1d+1h+4h,1.992,False,nofill,0.0
2025-08-29 15:30:00-04:00,174.28,184.03,184.12,184.03,185.86,21.0,13,1d+1h+4h,1.974,False,nofill,0.0
2025-09-02 09:30:00-04:00,170.63,173.01,173.11,173.01,175.13,14.6,11,1d+1h+4h,0.468,False,nofill,0.0
2025-09-02 10:30:00-04:00,169.06,173.01,173.11,173.01,175.14,14.6,11,1d+1h+4h,0.777,False,nofill,0.0
2025-09-02 11:30:00-04:00,167.94,173.01,173.11,173.01,175.13,14.6,11,1d+1h+4h,0.999,False,nofill,0.0
2025-09-02 12:30:00-04:00,169.24,173.01,173.11,173.01,175.09,14.6,11,1d+1h+4h,0.743,False,nofill,0.0
2025-09-02 13:30:00-04:00,169.2,173.01,173.1,173.01,174.99,14.6,11,1d+1h+4h,0.75,False,nofill,0.0
2025-09-02 14:30:00-04:00,170.3,173.01,173.1,173.01,174.95,14.6,11,1d+1h+4h,0.534,False,nofill,0.0
2025-09-02 15:30:00-04:00,170.75,173.01,173.1,173.01,174.88,14.6,11,1d+1h+4h,0.445,False,nofill,0.0
2025-09-03 09:30:00-04:00,171.35,173.01,173.1,173.01,174.92,14.6,11,1d+1h+4h,0.334,False,nofill,0.0
2025-09-03 10:30:00-04:00,170.71,173.01,173.1,173.01,174.92,14.6,11,1d+1h+4h,0.464,False,nofill,0.0
2025-09-03 11:30:00-04:00,171.52,173.01,173.1,173.01,174.89,14.6,11,1d+1h+4h,0.299,False,nofill,0.0
2025-09-03 12:30:00-04:00,170.78,173.01,173.1,173.01,174.83,14.6,11,1d+1h+4h,0.448,False,nofill,0.0
2025-09-03 13:30:00-04:00,169.36,173.01,173.1,173.01,174.83,15.6,12,1d+1h+4h,0.734,False,nofill,0.0
2025-09-03 14:30:00-04:00,169.36,173.01,173.09,173.01,174.76,15.6,12,1d+1h+4h,0.733,False,nofill,0.0
2025-09-03 15:30:00-04:00,170.63,173.01,173.09,173.01,174.73,15.6,12,1d+1h+4h,0.479,False,nofill,0.0
2025-09-04 09:30:00-04:00,170.86,171.45,171.53,171.45,173.23,15.4,11,1d+1h+4h,0.123,False,nofill,0.0
2025-09-04 10:30:00-04:00,170.8,171.45,171.53,171.45,173.19,15.4,11,1d+1h+4h,0.136,False,nofill,0.0
2025-09-04 11:30:00-04:00,170.46,171.26,171.34,171.26,172.93,15.4,11,1d+1h+4h,0.166,False,nofill,0.0
2025-09-04 12:30:00-04:00,170.45,171.26,171.34,171.26,172.87,15.4,11,1d+1h+4h,0.169,True,scratch,-0.10479094315681836
2025-09-04 13:30:00-04:00,170.41,171.26,171.33,171.26,172.8,15.4,11,1d+1h+4h,0.177,True,scratch,-0.10265364902158902
2025-09-04 14:30:00-04:00,170.9,171.45,171.52,171.45,172.93,15.4,11,1d+1h+4h,0.114,True,scratch,-0.10108149279176581
2025-09-04 15:30:00-04:00,171.65,173.15,173.21,173.15,174.59,14.6,11,1d+1h+4h,0.312,False,nofill,0.0
2025-09-05 09:30:00-04:00,165.14,173.01,173.1,173.01,174.91,15.6,12,1d+1h+4h,1.578,False,nofill,0.0
2025-09-05 10:30:00-04:00,166.09,173.01,173.1,173.01,174.93,15.6,12,1d+1h+4h,1.387,False,nofill,0.0
2025-09-05 11:30:00-04:00,166.37,173.01,173.1,173.01,174.87,15.6,12,1d+1h+4h,1.332,False,nofill,0.0
2025-09-05 12:30:00-04:00,166.58,173.01,173.1,173.01,174.81,15.6,12,1d+1h+4h,1.288,False,nofill,0.0
2025-09-05 13:30:00-04:00,166.76,173.01,173.09,173.01,174.75,15.6,12,1d+1h+4h,1.253,False,nofill,0.0
2025-09-05 14:30:00-04:00,167.1,173.01,173.09,173.01,174.71,15.6,12,1d+1h+4h,1.186,False,nofill,0.0
2025-09-05 15:30:00-04:00,167.04,173.01,173.09,173.01,174.64,15.6,12,1d+1h+4h,1.197,False,nofill,0.0
2025-09-08 09:30:00-04:00,170.26,171.26,171.35,171.26,173.07,15.4,11,1d+1h+4h,0.204,False,nofill,0.0
2025-09-08 10:30:00-04:00,169.97,171.2,171.28,171.2,172.95,15.4,11,1d+1h+4h,0.25,False,nofill,0.0
2025-09-08 11:30:00-04:00,170.16,171.2,171.28,171.2,172.9,15.4,11,1d+1h+4h,0.211,False,nofill,0.0
2025-09-08 12:30:00-04:00,169.86,171.45,171.53,171.45,173.08,16.4,12,1d+1h+4h,0.323,False,nofill,0.0
2025-09-08 13:30:00-04:00,169.72,171.45,171.52,171.45,173.01,16.4,12,1d+1h+4h,0.353,False,nofill,0.0
2025-09-08 14:30:00-04:00,169.14,171.45,171.52,171.45,172.97,16.4,12,1d+1h+4h,0.469,False,nofill,0.0
2025-09-08 15:30:00-04:00,168.37,171.2,171.27,171.2,172.74,16.4,12,1d+1h+4h,0.576,False,nofill,0.0
2025-09-09 09:30:00-04:00,168.08,171.2,171.28,171.2,172.79,16.4,12,1d+1h+4h,0.641,False,nofill,0.0
2025-09-09 10:30:00-04:00,167.76,171.2,171.28,171.2,172.78,16.4,12,1d+1h+4h,0.708,False,nofill,0.0
2025-09-09 11:30:00-04:00,168.7,171.2,171.28,171.2,172.78,16.4,12,1d+1h+4h,0.513,False,nofill,0.0
2025-09-09 12:30:00-04:00,168.08,171.2,171.27,171.2,172.73,16.4,12,1d+1h+4h,0.64,False,nofill,0.0
2025-09-09 13:30:00-04:00,168.24,171.2,171.27,171.2,172.68,16.4,12,1d+1h+4h,0.608,True,target,0.762690113803699
2025-09-09 14:30:00-04:00,170.24,171.2,171.27,171.2,172.74,16.4,12,1d+1h+4h,0.197,True,target,0.7972764229641882
2025-09-09 15:30:00-04:00,170.76,171.2,171.27,171.2,172.72,16.4,12,1d+1h+4h,0.091,True,target,0.7835598026582069
2025-09-10 09:30:00-04:00,177.65,184.03,184.13,184.03,186.05,24.0,14,1d+1h+4h,1.245,False,nofill,0.0
2025-09-10 10:30:00-04:00,178.61,184.03,184.12,184.03,186.03,24.0,14,1d+1h+4h,1.057,False,nofill,0.0
2025-09-10 11:30:00-04:00,177.99,184.03,184.12,184.03,185.99,24.0,14,1d+1h+4h,1.178,False,nofill,0.0
2025-09-10 12:30:00-04:00,178.01,184.03,184.12,184.03,185.9,24.0,14,1d+1h+4h,1.175,False,nofill,0.0
2025-09-10 13:30:00-04:00,176.28,184.03,184.12,184.03,185.93,24.0,14,1d+1h+4h,1.513,False,nofill,0.0
2025-09-10 14:30:00-04:00,176.72,183.88,183.97,183.88,185.71,24.0,14,1d+1h+4h,1.396,False,nofill,0.0
2025-09-10 15:30:00-04:00,177.33,184.02,184.1,184.02,185.78,24.0,14,1d+1h+4h,1.305,False,nofill,0.0
2025-09-11 09:30:00-04:00,177.26,183.88,183.97,183.88,185.77,24.0,14,1d+1h+4h,1.317,False,nofill,0.0
2025-09-11 10:30:00-04:00,178.1,184.03,184.12,184.03,185.88,24.0,14,1d+1h+4h,1.18,False,nofill,0.0
2025-09-11 11:30:00-04:00,177.56,184.02,184.1,184.02,185.82,24.0,14,1d+1h+4h,1.285,False,nofill,0.0
2025-09-11 12:30:00-04:00,177.09,184.02,184.1,184.02,185.75,24.0,14,1d+1h+4h,1.377,False,nofill,0.0
2025-09-11 13:30:00-04:00,177.58,184.02,184.1,184.02,185.72,24.0,14,1d+1h+4h,1.281,False,nofill,0.0
2025-09-11 14:30:00-04:00,177.12,184.02,184.1,184.02,185.65,24.0,14,1d+1h+4h,1.372,False,nofill,0.0
2025-09-11 15:30:00-04:00,177.09,184.02,184.09,184.02,185.58,24.0,14,1d+1h+4h,1.378,False,nofill,0.0
2025-09-12 09:30:00-04:00,177.78,184.02,184.09,184.02,185.59,24.0,14,1d+1h+4h,1.295,False,nofill,0.0
2025-09-12 10:30:00-04:00,177.68,184.02,184.09,184.02,185.55,24.0,14,1d+1h+4h,1.315,False,nofill,0.0
2025-09-12 11:30:00-04:00,178.11,184.03,184.1,184.03,185.52,24.0,14,1d+1h+4h,1.227,False,nofill,0.0
2025-09-12 12:30:00-04:00,177.52,184.02,184.09,184.02,185.45,24.0,14,1d+1h+4h,1.346,False,nofill,0.0
2025-09-12 13:30:00-04:00,177.47,184.02,184.08,184.02,185.39,24.0,14,1d+1h+4h,1.358,False,nofill,0.0
2025-09-12 14:30:00-04:00,177.68,184.02,184.08,184.02,185.33,24.0,14,1d+1h+4h,1.313,False,nofill,0.0
2025-09-12 15:30:00-04:00,177.79,184.02,184.08,184.02,185.28,24.0,14,1d+1h+4h,1.291,False,nofill,0.0
2025-09-15 09:30:00-04:00,175.49,183.29,183.36,183.29,184.71,24.0,14,1d+1h+4h,1.629,False,nofill,0.0
2025-09-15 10:30:00-04:00,177.02,184.02,184.09,184.02,185.52,24.0,14,1d+1h+4h,1.461,False,nofill,0.0
2025-09-15 11:30:00-04:00,177.58,184.02,184.09,184.02,185.51,24.0,14,1d+1h+4h,1.344,False,nofill,0.0
2025-09-15 12:30:00-04:00,177.27,184.02,184.09,184.02,185.49,24.0,14,1d+1h+4h,1.41,False,nofill,0.0
2025-09-15 13:30:00-04:00,177.52,184.02,184.09,184.02,185.43,24.0,14,1d+1h+4h,1.356,False,nofill,0.0
2025-09-15 14:30:00-04:00,177.2,184.02,184.08,184.02,185.4,24.0,14,1d+1h+4h,1.425,False,nofill,0.0
2025-09-15 15:30:00-04:00,177.78,184.02,184.09,184.02,185.45,24.0,14,1d+1h+4h,1.303,False,nofill,0.0
2025-09-16 09:30:00-04:00,176.32,184.02,184.09,184.02,185.5,24.0,14,1d+1h+4h,1.644,False,nofill,0.0
2025-09-16 10:30:00-04:00,176.14,184.02,184.09,184.02,185.47,24.0,14,1d+1h+4h,1.681,False,nofill,0.0
2025-09-16 11:30:00-04:00,175.26,184.02,184.09,184.02,185.47,24.0,14,1d+1h+4h,1.868,False,nofill,0.0
2025-09-16 12:30:00-04:00,175.15,184.02,184.08,184.02,185.4,24.0,14,1d+1h+4h,1.893,False,nofill,0.0
2025-09-16 13:30:00-04:00,174.78,184.02,184.08,184.02,185.34,24.0,14,1d+1h+4h,1.973,False,nofill,0.0
2025-09-16 14:30:00-04:00,174.75,184.02,184.08,184.02,185.29,24.0,14,1d+1h+4h,1.978,False,nofill,0.0
2025-09-16 15:30:00-04:00,174.83,184.02,184.08,184.02,185.26,24.0,14,1d+1h+4h,1.961,False,nofill,0.0
2025-09-17 09:30:00-04:00,170.12,179.1,179.17,179.1,180.63,22.0,16,1d+1h+4h,1.866,False,nofill,0.0
2025-09-17 10:30:00-04:00,170.4,179.1,179.17,179.1,180.6,22.0,16,1d+1h+4h,1.807,False,nofill,0.0
2025-09-17 11:30:00-04:00,169.88,179.1,179.17,179.1,180.58,22.0,16,1d+1h+4h,1.916,False,nofill,0.0
2025-09-17 12:30:00-04:00,170.24,179.1,179.17,179.1,180.55,22.0,16,1d+1h+4h,1.842,False,nofill,0.0
2025-09-17 13:30:00-04:00,170.2,179.1,179.17,179.1,180.67,22.0,16,1d+1h+4h,1.85,False,nofill,0.0
2025-09-17 14:30:00-04:00,171.19,179.1,179.18,179.1,180.78,22.0,16,1d+1h+4h,1.644,False,nofill,0.0
2025-09-17 15:30:00-04:00,170.21,179.1,179.18,179.1,180.75,22.0,16,1d+1h+4h,1.847,False,nofill,0.0
2025-09-18 09:30:00-04:00,175.77,184.03,184.12,184.03,185.98,24.0,14,1d+1h+4h,1.666,False,nofill,0.0
2025-09-18 10:30:00-04:00,176.26,184.03,184.12,184.03,185.94,24.0,14,1d+1h+4h,1.569,False,nofill,0.0
2025-09-18 11:30:00-04:00,176.26,184.03,184.12,184.03,185.88,24.0,14,1d+1h+4h,1.568,False,nofill,0.0
2025-09-18 12:30:00-04:00,176.62,184.03,184.11,184.03,185.81,24.0,14,1d+1h+4h,1.496,False,nofill,0.0
2025-09-18 13:30:00-04:00,176.56,184.03,184.11,184.03,185.73,24.0,14,1d+1h+4h,1.509,False,nofill,0.0
2025-09-18 14:30:00-04:00,176.34,184.03,184.11,184.03,185.67,24.0,14,1d+1h+4h,1.551,False,nofill,0.0
2025-09-18 15:30:00-04:00,176.28,184.03,184.11,184.03,185.77,24.0,14,1d+1h+4h,1.564,False,nofill,0.0
2025-09-19 09:30:00-04:00,177.7,184.02,184.11,184.02,185.83,24.0,14,1d+1h+4h,1.314,False,nofill,0.0
2025-09-19 10:30:00-04:00,176.3,184.03,184.12,184.03,185.86,24.0,14,1d+1h+4h,1.608,False,nofill,0.0
2025-09-19 11:30:00-04:00,176.07,184.03,184.11,184.03,185.78,24.0,14,1d+1h+4h,1.656,False,nofill,0.0
2025-09-19 12:30:00-04:00,175.88,184.03,184.11,184.03,185.7,24.0,14,1d+1h+4h,1.694,False,nofill,0.0
2025-09-19 13:30:00-04:00,175.6,184.03,184.1,184.03,185.63,24.0,14,1d+1h+4h,1.755,False,nofill,0.0
2025-09-19 14:30:00-04:00,176.32,184.03,184.1,184.03,185.58,24.0,14,1d+1h+4h,1.605,False,nofill,0.0
2025-09-19 15:30:00-04:00,176.5,184.03,184.11,184.03,185.64,24.0,14,1d+1h+4h,1.566,False,nofill,0.0
2025-09-22 09:30:00-04:00,175.42,184.03,184.11,184.03,185.66,24.0,14,1d+1h+4h,1.667,True,scratch,-0.102051080025789
2025-09-22 10:30:00-04:00,175.46,184.03,184.1,184.03,185.6,24.0,14,1d+1h+4h,1.659,True,scratch,-0.10061708499120581
2025-09-22 11:30:00-04:00,182.2,183.29,183.38,183.29,185.28,24.0,14,1d+1h+4h,0.211,True,scratch,-0.11166198915619763
2025-09-22 12:30:00-04:00,183.0,183.29,183.39,183.29,185.33,24.0,14,1d+1h+4h,0.057,True,scratch,-0.11287468822052116
2025-09-22 13:30:00-04:00,182.68,183.29,183.38,183.29,185.28,24.0,14,1d+1h+4h,0.117,True,scratch,-0.11173448447988621
2025-09-22 14:30:00-04:00,183.26,183.84,183.93,183.84,185.8,24.0,14,1d+1h+4h,0.112,False,nofill,0.0
2025-09-22 15:30:00-04:00,183.61,183.88,183.97,183.88,185.79,25.0,15,1d+1h+4h,0.052,False,nofill,0.0
2025-09-23 09:30:00-04:00,180.65,183.29,183.39,183.29,185.4,25.0,15,1d+1h+4h,0.496,False,nofill,0.0
2025-09-23 10:30:00-04:00,180.22,183.29,183.39,183.29,185.35,25.0,15,1d+1h+4h,0.578,False,nofill,0.0
2025-09-23 11:30:00-04:00,179.49,184.03,184.12,184.03,186.02,25.0,15,1d+1h+4h,0.853,False,nofill,0.0
2025-09-23 12:30:00-04:00,178.69,184.03,184.12,184.03,185.96,25.0,15,1d+1h+4h,1.003,False,nofill,0.0
2025-09-23 13:30:00-04:00,177.9,183.88,183.97,183.88,185.79,26.8,16,1d+1h+4h,1.124,False,nofill,0.0
2025-09-23 14:30:00-04:00,178.1,183.88,183.97,183.88,185.72,26.8,16,1d+1h+4h,1.086,False,nofill,0.0
2025-09-23 15:30:00-04:00,178.45,183.88,183.97,183.88,185.79,26.8,16,1d+1h+4h,1.02,False,nofill,0.0
2025-09-24 09:30:00-04:00,178.5,183.88,183.97,183.88,185.81,26.8,16,1d+1h+4h,1.025,False,nofill,0.0
2025-09-24 10:30:00-04:00,178.35,183.88,183.97,183.88,185.74,26.8,16,1d+1h+4h,1.052,False,nofill,0.0
2025-09-24 11:30:00-04:00,176.24,183.29,183.38,183.29,185.24,26.8,16,1d+1h+4h,1.341,False,nofill,0.0
2025-09-24 12:30:00-04:00,177.12,184.03,184.12,184.03,185.95,26.8,16,1d+1h+4h,1.315,False,nofill,0.0
2025-09-24 13:30:00-04:00,176.72,184.03,184.12,184.03,185.88,26.8,16,1d+1h+4h,1.391,False,nofill,0.0
2025-09-24 14:30:00-04:00,177.06,184.03,184.11,184.03,185.81,26.8,16,1d+1h+4h,1.326,False,nofill,0.0
2025-09-24 15:30:00-04:00,176.88,184.03,184.11,184.03,185.72,26.8,16,1d+1h+4h,1.36,False,nofill,0.0
2025-09-25 09:30:00-04:00,177.14,183.3,183.39,183.3,185.21,29.8,17,1d+1h+4h,1.142,False,nofill,0.0
2025-09-25 10:30:00-04:00,178.03,184.02,184.11,184.02,185.91,29.8,17,1d+1h+4h,1.112,False,nofill,0.0
2025-09-25 11:30:00-04:00,179.27,183.29,183.38,183.29,185.22,29.8,17,1d+1h+4h,0.747,False,nofill,0.0
2025-09-25 12:30:00-04:00,177.98,184.02,184.11,184.02,185.99,29.8,17,1d+1h+4h,1.121,False,nofill,0.0
2025-09-25 13:30:00-04:00,177.21,183.3,183.4,183.3,185.32,29.8,17,1d+1h+4h,1.13,False,nofill,0.0
2025-09-25 14:30:00-04:00,177.08,183.3,183.39,183.3,185.25,29.8,17,1d+1h+4h,1.155,False,nofill,0.0
2025-09-25 15:30:00-04:00,177.68,184.02,184.11,184.02,185.91,29.8,17,1d+1h+4h,1.177,False,nofill,0.0
2025-09-26 09:30:00-04:00,175.59,183.3,183.4,183.3,185.34,29.8,17,1d+1h+4h,1.442,False,nofill,0.0
2025-09-26 10:30:00-04:00,176.74,183.3,183.4,183.3,185.3,29.8,17,1d+1h+4h,1.226,False,nofill,0.0
2025-09-26 11:30:00-04:00,176.53,184.11,184.2,184.11,186.05,29.8,17,1d+1h+4h,1.417,False,nofill,0.0
2025-09-26 12:30:00-04:00,177.16,183.3,183.39,183.3,185.2,29.8,17,1d+1h+4h,1.149,False,nofill,0.0
2025-09-26 13:30:00-04:00,177.73,183.29,183.38,183.29,185.13,29.8,17,1d+1h+4h,1.039,True,scratch,-0.10772538011629695
2025-09-26 14:30:00-04:00,177.68,183.29,183.37,183.29,185.05,29.8,17,1d+1h+4h,1.048,True,scratch,-0.10554237518266563
2025-09-26 15:30:00-04:00,178.19,184.03,184.11,184.03,185.72,29.8,17,1d+1h+4h,1.092,False,nofill,0.0
2025-09-29 09:30:00-04:00,183.38,183.84,183.94,183.84,185.84,29.8,17,1d+1h+4h,0.086,False,nofill,0.0
2025-09-29 10:30:00-04:00,182.32,183.29,183.38,183.29,185.28,29.8,17,1d+1h+4h,0.179,False,nofill,0.0
2025-09-29 11:30:00-04:00,182.03,183.29,183.38,183.29,185.22,29.8,17,1d+1h+4h,0.234,False,nofill,0.0
2025-09-29 12:30:00-04:00,181.9,183.29,183.38,183.29,185.16,30.8,18,1d+1h+4h,0.258,False,nofill,0.0
2025-09-29 13:30:00-04:00,181.71,183.29,183.37,183.29,185.07,30.8,18,1d+1h+4h,0.294,True,target,0.8645430496356354
2025-09-29 14:30:00-04:00,180.9,183.84,183.92,183.84,185.58,30.8,18,1d+1h+4h,0.547,True,target,0.841552120562028
2025-09-29 15:30:00-04:00,181.82,183.29,183.37,183.29,184.99,30.8,18,1d+1h+4h,0.273,True,target,0.8213321155217113
2025-10-08 12:30:00-04:00,188.15,190.36,190.44,190.36,192.01,6.8,4,1d+1h+4h,0.434,False,nofill,0.0
2025-10-08 13:30:00-04:00,188.42,190.36,190.44,190.36,191.95,6.8,4,1d+1h+4h,0.381,True,target,0.735330926616129
2025-10-08 14:30:00-04:00,188.59,190.36,190.43,190.36,191.89,6.8,4,1d+1h+4h,0.348,True,target,0.7072100352069066
2025-10-08 15:30:00-04:00,189.07,190.36,190.43,190.36,191.85,6.8,4,1d+1h+4h,0.254,True,target,0.6859684935923038
2025-10-10 10:30:00-04:00,188.6,190.36,190.46,190.36,192.5,6.8,4,1d+1h+4h,0.305,False,nofill,0.0
2025-10-10 11:30:00-04:00,189.15,190.36,190.47,190.36,192.58,6.8,4,1d+1h+4h,0.21,False,nofill,0.0
2025-10-10 12:30:00-04:00,188.16,190.36,190.47,190.36,192.64,6.8,4,1d+1h+4h,0.382,False,nofill,0.0
2025-10-10 13:30:00-04:00,187.72,190.36,190.47,190.36,192.59,6.8,4,1d+1h+4h,0.458,False,nofill,0.0
2025-10-10 14:30:00-04:00,186.4,190.36,190.47,190.36,192.57,6.8,4,1d+1h+4h,0.687,False,nofill,0.0
2025-10-10 15:30:00-04:00,183.14,183.84,183.95,183.84,186.18,37.6,22,1d+1h+4h,0.121,True,target,1.1487240173617908
2025-10-13 09:30:00-04:00,188.49,190.36,190.49,190.36,193.05,6.8,4,1d+1h+4h,0.32,False,nofill,0.0
2025-10-13 10:30:00-04:00,188.28,190.36,190.49,190.36,193.07,6.8,4,1d+1h+4h,0.357,False,nofill,0.0
2025-10-13 11:30:00-04:00,188.43,190.36,190.48,190.36,192.95,6.8,4,1d+1h+4h,0.33,False,nofill,0.0
2025-10-13 12:30:00-04:00,188.55,190.11,190.23,190.11,192.6,7.8,5,1d+1h+4h,0.267,False,nofill,0.0
2025-10-13 13:30:00-04:00,187.92,190.11,190.22,190.11,192.5,7.8,5,1d+1h+4h,0.374,False,nofill,0.0
2025-10-13 14:30:00-04:00,187.8,190.11,190.22,190.11,192.4,7.8,5,1d+1h+4h,0.395,False,nofill,0.0
2025-10-13 15:30:00-04:00,188.32,190.11,190.22,190.11,192.34,7.8,5,1d+1h+4h,0.306,False,nofill,0.0
2025-10-14 09:30:00-04:00,182.38,183.29,183.42,183.29,186.0,39.6,24,1d+1h+4h,0.15,True,scratch,-0.13040447213544804
2025-10-14 10:30:00-04:00,181.55,183.33,183.46,183.33,185.96,39.6,24,1d+1h+4h,0.295,True,scratch,-0.12825063781068957
2025-10-14 11:30:00-04:00,183.44,183.84,183.96,183.84,186.45,38.6,23,1d+1h+4h,0.067,True,scratch,-0.12744025323156993
2025-10-14 12:30:00-04:00,183.22,183.84,183.96,183.84,186.36,38.6,23,1d+1h+4h,0.102,False,nofill,0.0
2025-10-14 13:30:00-04:00,182.18,183.29,183.41,183.29,185.76,39.6,24,1d+1h+4h,0.184,True,scratch,-0.12413184472902516
2025-10-14 14:30:00-04:00,181.9,183.33,183.44,183.33,185.67,39.6,24,1d+1h+4h,0.237,True,scratch,-0.12080342832102575
2025-10-14 15:30:00-04:00,180.07,183.3,183.41,183.3,185.63,39.6,24,1d+1h+4h,0.534,True,scratch,-0.12053569631010896
2025-10-15 09:30:00-04:00,182.37,183.02,183.14,183.02,185.55,39.6,24,1d+1h+4h,0.106,True,scratch,-0.1256484618967879
2025-10-15 10:30:00-04:00,181.71,183.02,183.14,183.02,185.49,39.6,24,1d+1h+4h,0.213,False,nofill,0.0
2025-10-15 11:30:00-04:00,180.69,183.3,183.42,183.3,185.74,39.6,24,1d+1h+4h,0.424,False,nofill,0.0
2025-10-15 12:30:00-04:00,178.18,184.11,184.23,184.11,186.63,39.6,24,1d+1h+4h,0.964,False,nofill,0.0
2025-10-15 13:30:00-04:00,179.79,184.0,184.12,184.0,186.49,39.6,24,1d+1h+4h,0.683,False,nofill,0.0
2025-10-15 14:30:00-04:00,180.16,184.02,184.13,184.02,186.4,39.6,24,1d+1h+4h,0.627,False,nofill,0.0
2025-10-15 15:30:00-04:00,179.87,184.0,184.11,184.0,186.35,39.6,24,1d+1h+4h,0.671,False,nofill,0.0
2025-10-16 09:30:00-04:00,182.41,183.29,183.4,183.29,185.7,39.6,24,1d+1h+4h,0.148,False,nofill,0.0
2025-10-16 10:30:00-04:00,182.32,183.29,183.4,183.29,185.63,39.6,24,1d+1h+4h,0.162,False,nofill,0.0
2025-10-16 11:30:00-04:00,180.96,184.03,184.14,184.03,186.35,39.6,24,1d+1h+4h,0.514,False,nofill,0.0
2025-10-16 12:30:00-04:00,182.33,183.29,183.4,183.29,185.64,39.6,24,1d+1h+4h,0.161,False,nofill,0.0
2025-10-16 13:30:00-04:00,180.34,183.33,183.44,183.33,185.71,40.6,25,1d+1h+4h,0.501,True,scratch,-0.12170309891083031
2025-10-16 14:30:00-04:00,180.78,183.3,183.41,183.3,185.64,40.6,25,1d+1h+4h,0.422,True,scratch,-0.12078778924398126
2025-10-16 15:30:00-04:00,181.81,183.33,183.44,183.33,185.62,40.6,25,1d+1h+4h,0.255,True,scratch,-0.11939362492716654
2025-10-17 09:30:00-04:00,183.28,183.84,183.95,183.84,186.25,39.6,24,1d+1h+4h,0.096,False,nofill,0.0
2025-10-17 10:30:00-04:00,180.87,183.3,183.42,183.3,185.74,40.6,25,1d+1h+4h,0.415,True,scratch,-0.12337544752244467
2025-10-17 11:30:00-04:00,182.63,183.28,183.4,183.28,185.76,40.6,25,1d+1h+4h,0.111,True,scratch,-0.12423469355211658
2025-10-17 12:30:00-04:00,182.36,184.11,184.22,184.11,186.48,40.6,25,1d+1h+4h,0.299,False,nofill,0.0
2025-10-17 13:30:00-04:00,183.69,184.0,184.11,184.0,186.35,40.6,25,1d+1h+4h,0.053,True,scratch,-0.12064821235220347
2025-10-17 14:30:00-04:00,183.71,184.02,184.13,184.02,186.26,40.6,25,1d+1h+4h,0.053,True,scratch,-0.11794874842084857
2025-10-17 15:30:00-04:00,183.24,183.84,183.94,183.84,185.99,40.6,25,1d+1h+4h,0.103,True,scratch,-0.1157052118455848
2025-10-20 09:30:00-04:00,184.94,190.11,190.22,190.11,192.36,7.8,5,1d+1h+4h,0.91,False,nofill,0.0
2025-10-20 10:30:00-04:00,183.78,184.11,184.22,184.11,186.35,40.6,25,1d+1h+4h,0.057,True,scratch,-0.11795075570303348
2025-10-20 11:30:00-04:00,183.81,184.11,184.21,184.11,186.26,40.6,25,1d+1h+4h,0.053,True,scratch,-0.11545843891577201
2025-10-20 12:30:00-04:00,183.82,184.11,184.21,184.11,186.16,40.6,25,1d+1h+4h,0.052,False,nofill,0.0
2025-10-20 13:30:00-04:00,183.63,184.0,184.09,184.0,185.94,41.6,26,1d+1h+4h,0.064,False,nofill,0.0
2025-10-20 14:30:00-04:00,182.96,183.84,183.93,183.84,185.73,41.6,26,1d+1h+4h,0.156,False,nofill,0.0
2025-10-20 15:30:00-04:00,182.57,183.84,183.93,183.84,185.65,41.6,26,1d+1h+4h,0.224,False,nofill,0.0
2025-10-21 09:30:00-04:00,180.18,184.0,184.09,184.0,185.89,41.6,26,1d+1h+4h,0.696,False,nofill,0.0
2025-10-21 10:30:00-04:00,181.91,184.03,184.12,184.03,185.97,41.6,26,1d+1h+4h,0.386,False,nofill,0.0
2025-10-21 11:30:00-04:00,182.49,184.11,184.2,184.11,186.0,41.6,26,1d+1h+4h,0.295,False,nofill,0.0
2025-10-21 12:30:00-04:00,181.48,184.03,184.12,184.03,185.89,41.6,26,1d+1h+4h,0.465,False,nofill,0.0
2025-10-21 13:30:00-04:00,181.23,184.02,184.1,184.02,185.8,43.4,27,1d+1h+4h,0.508,False,nofill,0.0
2025-10-21 14:30:00-04:00,181.34,184.02,184.1,184.02,185.71,43.4,27,1d+1h+4h,0.489,False,nofill,0.0
2025-10-21 15:30:00-04:00,181.14,184.02,184.1,184.02,185.63,43.4,27,1d+1h+4h,0.525,False,nofill,0.0
2025-10-22 09:30:00-04:00,180.4,184.02,184.1,184.02,185.75,43.4,27,1d+1h+4h,0.65,False,nofill,0.0
2025-10-22 10:30:00-04:00,178.87,183.9,183.98,183.9,185.67,43.4,27,1d+1h+4h,0.903,False,nofill,0.0
2025-10-22 11:30:00-04:00,179.22,184.0,184.09,184.0,185.8,43.4,27,1d+1h+4h,0.858,False,nofill,0.0
2025-10-22 12:30:00-04:00,177.69,184.11,184.2,184.11,185.94,43.4,27,1d+1h+4h,1.153,False,nofill,0.0
2025-10-22 13:30:00-04:00,177.7,184.11,184.19,184.11,185.91,43.4,27,1d+1h+4h,1.15,False,nofill,0.0
2025-10-22 14:30:00-04:00,179.48,183.9,183.99,183.9,185.72,43.4,27,1d+1h+4h,0.794,False,nofill,0.0
2025-10-22 15:30:00-04:00,180.29,184.0,184.08,184.0,185.76,43.4,27,1d+1h+4h,0.666,False,nofill,0.0
2025-10-23 09:30:00-04:00,181.58,184.03,184.11,184.03,185.81,46.4,28,1d+1h+4h,0.453,False,nofill,0.0
2025-10-23 10:30:00-04:00,182.0,184.11,184.19,184.11,185.85,46.4,28,1d+1h+4h,0.391,False,nofill,0.0
2025-10-23 11:30:00-04:00,181.82,184.03,184.11,184.03,185.74,46.4,28,1d+1h+4h,0.409,False,nofill,0.0
2025-10-23 12:30:00-04:00,181.78,184.03,184.11,184.03,185.67,46.4,28,1d+1h+4h,0.415,False,nofill,0.0
2025-10-23 13:30:00-04:00,182.71,183.9,183.98,183.9,185.51,46.4,28,1d+1h+4h,0.22,True,target,0.7737560099024821
2025-10-23 14:30:00-04:00,182.78,183.88,183.95,183.88,185.4,46.4,28,1d+1h+4h,0.203,True,target,0.7290513264349929
2025-10-23 15:30:00-04:00,182.2,184.11,184.18,184.11,185.59,46.4,28,1d+1h+4h,0.353,True,target,0.7070594087803528
2025-10-24 09:30:00-04:00,184.62,185.2,185.28,185.2,186.87,30.0,18,1d+1h+4h,0.108,True,scratch,-0.10276151067533101
2025-10-24 10:30:00-04:00,185.19,190.11,190.19,190.11,191.75,7.8,5,1d+1h+4h,0.912,False,nofill,0.0
2025-10-24 11:30:00-04:00,185.09,190.11,190.18,190.11,191.67,7.8,5,1d+1h+4h,0.931,False,nofill,0.0
2025-10-24 12:30:00-04:00,185.0,186.03,186.1,186.03,187.51,8.8,6,1d+1h+4h,0.191,True,target,0.6994183266495257
2025-10-24 13:30:00-04:00,185.28,186.03,186.1,186.03,187.46,8.8,6,1d+1h+4h,0.14,True,target,0.670498894902849
2025-10-24 14:30:00-04:00,186.91,190.11,190.18,190.11,191.62,7.8,5,1d+1h+4h,0.593,True,scratch,-0.0977764074737264
2025-10-24 15:30:00-04:00,186.26,190.11,190.18,190.11,191.58,7.8,5,1d+1h+4h,0.714,True,scratch,-0.09683194105154502
2025-10-27 09:30:00-04:00,189.88,190.36,190.44,190.36,192.1,7.8,5,1d+1h+4h,0.089,True,scratch,-0.10354230244332685
2025-10-27 13:30:00-04:00,190.56,191.05,191.12,191.05,192.62,6.8,4,1d+1h+4h,0.09,True,target,0.7238686895079338
2025-10-27 14:30:00-04:00,190.73,191.05,191.12,191.05,192.56,6.8,4,1d+1h+4h,0.06,True,target,0.692355661082189
2025-10-27 15:30:00-04:00,191.43,191.78,191.85,191.78,193.26,6.8,4,1d+1h+4h,0.064,True,target,0.6746807842821445
2025-11-03 15:30:00-05:00,207.0,211.34,211.46,211.34,213.93,6.8,4,1d+1h+4h,0.681,False,nofill,0.0
2025-11-04 09:30:00-05:00,201.66,211.34,211.47,211.34,214.2,6.8,4,1d+1h+4h,1.478,False,nofill,0.0
2025-11-04 10:30:00-05:00,201.85,211.34,211.47,211.34,214.1,6.8,4,1d+1h+4h,1.449,False,nofill,0.0
2025-11-04 11:30:00-05:00,200.98,211.34,211.47,211.34,214.09,6.8,4,1d+1h+4h,1.583,False,nofill,0.0
2025-11-04 12:30:00-05:00,199.83,211.34,211.46,211.34,214.01,6.8,4,1d+1h+4h,1.759,False,nofill,0.0
2025-11-04 13:30:00-05:00,200.19,211.34,211.46,211.34,213.94,6.8,4,1d+1h+4h,1.703,False,nofill,0.0
2025-11-04 14:30:00-05:00,199.88,211.34,211.46,211.34,213.88,6.8,4,1d+1h+4h,1.749,False,nofill,0.0
2025-11-04 15:30:00-05:00,198.54,211.34,211.46,211.34,213.87,6.8,4,1d+1h+4h,1.955,False,nofill,0.0
2025-11-05 09:30:00-05:00,200.63,211.34,211.46,211.34,213.99,8.6,5,1d+1h+4h,1.606,False,nofill,0.0
2025-11-05 10:30:00-05:00,202.34,211.34,211.46,211.34,213.99,8.6,5,1d+1h+4h,1.349,False,nofill,0.0
2025-11-05 11:30:00-05:00,201.27,211.34,211.46,211.34,213.9,8.6,5,1d+1h+4h,1.51,False,nofill,0.0
2025-11-05 12:30:00-05:00,200.95,211.34,211.45,211.34,213.8,8.6,5,1d+1h+4h,1.558,False,nofill,0.0
2025-11-05 13:30:00-05:00,201.04,211.34,211.45,211.34,213.73,8.6,5,1d+1h+4h,1.545,False,nofill,0.0
2025-11-05 14:30:00-05:00,199.53,211.34,211.45,211.34,213.74,8.6,5,1d+1h+4h,1.771,False,nofill,0.0
2025-11-05 15:30:00-05:00,195.17,195.62,195.74,195.62,198.2,6.8,4,1d+1h+4h,0.067,True,scratch,-0.12261251287860597
2025-11-06 09:30:00-05:00,193.06,195.62,195.75,195.62,198.43,6.8,4,1d+1h+4h,0.365,False,nofill,0.0
2025-11-06 10:30:00-05:00,190.7,191.05,191.19,191.05,193.95,8.8,6,1d+1h+4h,0.05,False,nofill,0.0
2025-11-06 11:30:00-05:00,186.82,189.42,189.56,189.42,192.44,8.8,6,1d+1h+4h,0.372,True,scratch,-0.13584696429291832
2025-11-06 12:30:00-05:00,189.21,190.11,190.25,190.11,193.15,8.8,6,1d+1h+4h,0.129,True,scratch,-0.13601619313601265
2025-11-06 13:30:00-05:00,190.5,191.05,191.19,191.05,194.04,8.8,6,1d+1h+4h,0.079,False,nofill,0.0
2025-11-06 14:30:00-05:00,189.82,190.27,190.41,190.27,193.15,8.8,6,1d+1h+4h,0.064,False,nofill,0.0
2025-11-06 15:30:00-05:00,188.17,189.42,189.56,189.42,192.31,8.8,6,1d+1h+4h,0.179,False,nofill,0.0
2025-11-07 09:30:00-05:00,182.43,183.44,183.59,183.44,186.61,48.4,30,1d+1h+4h,0.141,True,target,1.582157888396507
2025-11-07 10:30:00-05:00,180.11,183.44,183.59,183.44,186.67,48.4,30,1d+1h+4h,0.465,True,target,1.6164772940145733
2025-11-07 11:30:00-05:00,182.06,183.44,183.59,183.44,186.66,48.4,30,1d+1h+4h,0.193,True,target,1.6100777153984502
2025-11-07 12:30:00-05:00,184.44,184.87,185.02,184.87,188.08,37.6,24,1d+1h+4h,0.06,True,target,1.5933938861381725
2025-11-07 13:30:00-05:00,184.98,186.03,186.18,186.03,189.15,19.2,14,1d+1h+4h,0.146,True,target,1.535159246494433
2025-11-07 14:30:00-05:00,186.14,189.42,189.57,189.42,192.51,8.8,6,1d+1h+4h,0.459,True,target,1.4896413427306632
2025-11-07 15:30:00-05:00,188.23,189.42,189.56,189.42,192.45,8.8,6,1d+1h+4h,0.166,True,target,1.4608804035139533
2025-11-10 09:30:00-05:00,196.62,211.34,211.5,211.34,214.81,8.6,5,1d+1h+4h,1.964,False,nofill,0.0
2025-11-10 10:30:00-05:00,194.12,195.15,195.32,195.15,198.65,6.8,4,1d+1h+4h,0.138,True,target,1.645105306013206
2025-11-10 11:30:00-05:00,195.87,196.98,197.14,196.98,200.4,6.8,4,1d+1h+4h,0.149,True,scratch,-0.14263283873725552
2025-11-10 12:30:00-05:00,196.71,211.34,211.49,211.34,214.62,8.6,5,1d+1h+4h,1.952,False,nofill,0.0
2025-11-10 13:30:00-05:00,197.92,211.34,211.49,211.34,214.5,8.6,5,1d+1h+4h,1.791,False,nofill,0.0
2025-11-10 14:30:00-05:00,198.74,211.34,211.48,211.34,214.36,8.6,5,1d+1h+4h,1.681,False,nofill,0.0
2025-11-10 15:30:00-05:00,199.04,211.34,211.47,211.34,214.25,8.6,5,1d+1h+4h,1.641,False,nofill,0.0
2025-11-11 09:30:00-05:00,192.53,195.15,195.31,195.15,198.38,6.8,4,1d+1h+4h,0.349,False,nofill,0.0
2025-11-11 10:30:00-05:00,192.38,195.15,195.3,195.15,198.28,6.8,4,1d+1h+4h,0.37,False,nofill,0.0
2025-11-11 11:30:00-05:00,192.42,195.15,195.3,195.15,198.2,6.8,4,1d+1h+4h,0.364,False,nofill,0.0
2025-11-11 12:30:00-05:00,193.65,195.15,195.29,195.15,198.11,6.8,4,1d+1h+4h,0.2,False,nofill,0.0
2025-11-11 13:30:00-05:00,193.98,195.15,195.29,195.15,198.01,6.8,4,1d+1h+4h,0.157,True,scratch,-0.12956621766113674
2025-11-11 14:30:00-05:00,194.1,195.15,195.28,195.15,197.86,6.8,4,1d+1h+4h,0.14,True,scratch,-0.12602368210318238
2025-11-11 15:30:00-05:00,193.23,195.15,195.28,195.15,197.78,6.8,4,1d+1h+4h,0.256,True,scratch,-0.12399453352436307
2025-11-12 09:30:00-05:00,192.69,195.15,195.28,195.15,197.91,6.8,4,1d+1h+4h,0.337,False,nofill,0.0
2025-11-12 10:30:00-05:00,193.1,195.15,195.28,195.15,197.84,6.8,4,1d+1h+4h,0.281,False,nofill,0.0
2025-11-12 11:30:00-05:00,192.05,195.15,195.28,195.15,197.79,6.8,4,1d+1h+4h,0.424,False,nofill,0.0
2025-11-12 12:30:00-05:00,192.63,195.15,195.27,195.15,197.71,7.8,5,1d+1h+4h,0.345,False,nofill,0.0
2025-11-12 13:30:00-05:00,192.13,195.15,195.27,195.15,197.62,7.8,5,1d+1h+4h,0.413,False,nofill,0.0
2025-11-12 14:30:00-05:00,192.41,195.15,195.27,195.15,197.54,7.8,5,1d+1h+4h,0.375,False,nofill,0.0
2025-11-12 15:30:00-05:00,193.85,195.15,195.26,195.15,197.49,7.8,5,1d+1h+4h,0.178,False,nofill,0.0
2025-11-13 09:30:00-05:00,188.1,190.11,190.24,190.11,192.8,9.8,7,1d+1h+4h,0.269,False,nofill,0.0
2025-11-13 10:30:00-05:00,186.29,190.11,190.24,190.11,192.81,9.8,7,1d+1h+4h,0.509,False,nofill,0.0
2025-11-13 11:30:00-05:00,186.93,191.05,191.18,191.05,193.7,9.8,7,1d+1h+4h,0.549,False,nofill,0.0
2025-11-13 12:30:00-05:00,184.86,186.03,186.16,186.03,188.69,19.2,14,1d+1h+4h,0.155,True,scratch,-0.12791338683936226
2025-11-13 13:30:00-05:00,186.01,190.11,190.24,190.11,192.74,9.8,7,1d+1h+4h,0.547,False,nofill,0.0
2025-11-13 14:30:00-05:00,185.95,186.36,186.48,186.36,188.91,13.6,10,1d+1h+4h,0.055,True,scratch,-0.1251618421866718
2025-11-13 15:30:00-05:00,186.96,191.05,191.17,191.05,193.53,9.8,7,1d+1h+4h,0.545,False,nofill,0.0
2025-11-14 09:30:00-05:00,186.96,191.05,191.19,191.05,193.9,9.8,7,1d+1h+4h,0.53,False,nofill,0.0
2025-11-14 10:30:00-05:00,189.98,190.59,190.73,190.59,193.52,9.8,7,1d+1h+4h,0.08,False,nofill,0.0
2025-11-14 11:30:00-05:00,190.04,190.59,190.73,190.59,193.41,9.8,7,1d+1h+4h,0.072,True,scratch,-0.13023778019469745
2025-11-14 12:30:00-05:00,189.2,190.11,190.24,190.11,192.85,9.8,7,1d+1h+4h,0.118,True,scratch,-0.12848230475955846
2025-11-14 13:30:00-05:00,189.96,190.36,190.49,190.36,193.02,9.8,7,1d+1h+4h,0.052,True,scratch,-0.12654259881236252
2025-11-14 14:30:00-05:00,190.1,190.59,190.72,190.59,193.16,9.8,7,1d+1h+4h,0.064,False,nofill,0.0
2025-11-14 15:30:00-05:00,190.28,191.05,191.17,191.05,193.52,9.8,7,1d+1h+4h,0.1,False,nofill,0.0
2025-11-17 09:30:00-05:00,187.55,191.3,191.43,191.3,193.99,9.8,7,1d+1h+4h,0.495,False,nofill,0.0
2025-11-17 10:30:00-05:00,187.2,191.3,191.43,191.3,193.96,10.8,8,1d+1h+4h,0.541,False,nofill,0.0
2025-11-17 11:30:00-05:00,187.58,191.3,191.42,191.3,193.91,10.8,8,1d+1h+4h,0.491,False,nofill,0.0
2025-11-17 12:30:00-05:00,186.73,191.3,191.42,191.3,193.84,10.8,8,1d+1h+4h,0.604,False,nofill,0.0
2025-11-17 13:30:00-05:00,185.33,186.03,186.15,186.03,188.59,20.2,15,1d+1h+4h,0.092,True,scratch,-0.12549064508762253
2025-11-17 14:30:00-05:00,184.94,186.03,186.15,186.03,188.51,20.2,15,1d+1h+4h,0.145,True,scratch,-0.12326714261149396
2025-11-17 15:30:00-05:00,186.59,191.3,191.42,191.3,193.76,10.8,8,1d+1h+4h,0.622,False,nofill,0.0
2025-11-18 09:30:00-05:00,181.85,183.33,183.46,183.33,186.13,49.4,31,1d+1h+4h,0.197,True,scratch,-0.13269741756404274
2025-11-18 10:30:00-05:00,182.89,183.33,183.46,183.33,186.15,49.4,31,1d+1h+4h,0.058,True,scratch,-0.13316433455663468
2025-11-18 11:30:00-05:00,181.58,183.33,183.46,183.33,186.12,49.4,31,1d+1h+4h,0.233,True,scratch,-0.13236457478487118
2025-11-18 12:30:00-05:00,183.62,184.51,184.64,184.51,187.34,49.4,31,1d+1h+4h,0.118,True,scratch,-0.1329692487267775
2025-11-18 13:30:00-05:00,183.45,184.51,184.64,184.51,187.24,49.4,31,1d+1h+4h,0.141,True,scratch,-0.13040596699270823
2025-11-18 14:30:00-05:00,182.91,183.33,183.46,183.33,186.04,49.4,31,1d+1h+4h,0.056,True,target,1.3438625400112203
2025-11-18 15:30:00-05:00,181.3,184.55,184.68,184.55,187.21,49.4,31,1d+1h+4h,0.432,True,target,1.3088232247848053
2025-11-19 09:30:00-05:00,187.63,191.05,191.19,191.05,194.0,10.8,8,1d+1h+4h,0.459,False,nofill,0.0
2025-11-19 10:30:00-05:00,185.39,186.03,186.17,186.03,189.0,20.2,15,1d+1h+4h,0.086,False,nofill,0.0
2025-11-19 11:30:00-05:00,184.39,184.87,185.01,184.87,187.75,39.6,26,1d+1h+4h,0.064,True,scratch,-0.1339426309348246
2025-11-19 12:30:00-05:00,184.26,184.76,184.89,184.76,187.63,42.4,28,1d+1h+4h,0.067,True,scratch,-0.13404865294445178
2025-11-19 13:30:00-05:00,184.63,185.2,185.33,185.2,188.0,34.0,22,1d+1h+4h,0.076,True,target,1.3800732075820443
2025-11-19 14:30:00-05:00,186.7,190.59,190.73,190.59,193.4,10.8,8,1d+1h+4h,0.522,True,scratch,-0.13000381795523763
2025-11-19 15:30:00-05:00,186.69,190.59,190.72,190.59,193.32,10.8,8,1d+1h+4h,0.524,True,scratch,-0.12799021566998192
2025-11-20 09:30:00-05:00,193.92,195.15,195.31,195.15,198.38,7.8,5,1d+1h+4h,0.153,False,nofill,0.0
2025-11-20 10:30:00-05:00,189.76,190.27,190.43,190.27,193.73,10.8,8,1d+1h+4h,0.063,False,nofill,0.0
2025-11-20 11:30:00-05:00,183.69,184.41,184.59,184.41,188.19,50.4,32,1d+1h+4h,0.089,True,scratch,-0.15751990066429356
2025-11-20 12:30:00-05:00,184.51,184.93,185.11,184.93,188.75,42.4,28,1d+1h+4h,0.052,False,nofill,0.0
2025-11-20 13:30:00-05:00,182.72,183.28,183.46,183.28,187.12,50.4,32,1d+1h+4h,0.069,True,scratch,-0.15963121637370126
2025-11-20 14:30:00-05:00,182.38,183.53,183.71,183.53,187.28,50.4,32,1d+1h+4h,0.142,False,nofill,0.0
2025-11-20 15:30:00-05:00,180.94,184.55,184.73,184.55,188.26,50.4,32,1d+1h+4h,0.447,False,nofill,0.0
2025-11-21 09:30:00-05:00,175.79,183.28,183.47,183.28,187.24,50.4,32,1d+1h+4h,0.9,False,nofill,0.0
2025-11-21 10:30:00-05:00,178.86,183.28,183.48,183.28,187.41,50.4,32,1d+1h+4h,0.531,True,scratch,-0.16702822466763134
2025-11-21 11:30:00-05:00,181.07,184.55,184.74,184.55,188.58,50.4,32,1d+1h+4h,0.418,False,nofill,0.0
2025-11-21 12:30:00-05:00,179.33,183.28,183.47,183.28,187.27,50.4,32,1d+1h+4h,0.474,True,scratch,-0.16350768406619975
2025-11-21 13:30:00-05:00,184.19,184.76,184.95,184.76,188.87,50.4,32,1d+1h+4h,0.068,False,nofill,0.0
2025-11-21 14:30:00-05:00,180.39,184.55,184.75,184.55,188.68,50.4,32,1d+1h+4h,0.5,False,nofill,0.0
2025-11-21 15:30:00-05:00,178.94,183.33,183.52,183.33,187.34,50.4,32,1d+1h+4h,0.527,False,nofill,0.0
2025-11-24 09:30:00-05:00,178.0,183.3,183.49,183.3,187.36,51.4,33,1d+1h+4h,0.644,False,nofill,0.0
2025-11-24 10:30:00-05:00,182.09,184.76,184.95,184.76,188.87,51.4,33,1d+1h+4h,0.324,False,nofill,0.0
2025-11-24 11:30:00-05:00,182.47,184.55,184.74,184.55,188.48,51.4,33,1d+1h+4h,0.253,False,nofill,0.0
2025-11-24 12:30:00-05:00,182.1,184.76,184.94,184.76,188.53,51.4,33,1d+1h+4h,0.323,False,nofill,0.0
2025-11-24 13:30:00-05:00,181.87,184.76,184.93,184.76,188.35,51.4,33,1d+1h+4h,0.351,False,nofill,0.0
2025-11-24 14:30:00-05:00,181.67,184.76,184.92,184.76,188.2,51.4,33,1d+1h+4h,0.375,False,nofill,0.0
2025-11-24 15:30:00-05:00,182.55,184.76,184.92,184.76,188.12,51.4,33,1d+1h+4h,0.268,False,nofill,0.0
2025-11-25 09:30:00-05:00,171.08,183.44,183.64,183.44,187.54,51.4,33,1d+1h+4h,1.443,False,nofill,0.0
2025-11-25 10:30:00-05:00,174.72,183.3,183.5,183.3,187.4,51.4,33,1d+1h+4h,1.001,False,nofill,0.0
2025-11-25 11:30:00-05:00,175.54,184.93,185.12,184.93,188.87,51.4,33,1d+1h+4h,1.097,False,nofill,0.0
2025-11-25 12:30:00-05:00,176.2,184.93,185.11,184.93,188.7,51.4,33,1d+1h+4h,1.018,False,nofill,0.0
2025-11-25 13:30:00-05:00,174.78,184.41,184.58,184.41,188.09,51.4,33,1d+1h+4h,1.124,False,nofill,0.0
2025-11-25 14:30:00-05:00,176.84,183.28,183.45,183.28,186.95,51.4,33,1d+1h+4h,0.752,False,nofill,0.0
2025-11-25 15:30:00-05:00,177.8,183.3,183.47,183.3,186.82,51.4,33,1d+1h+4h,0.642,False,nofill,0.0
2025-11-26 09:30:00-05:00,179.58,184.47,184.64,184.47,188.12,51.4,33,1d+1h+4h,0.587,False,nofill,0.0
2025-11-26 10:30:00-05:00,180.91,184.56,184.73,184.56,188.07,51.4,33,1d+1h+4h,0.439,False,nofill,0.0
2025-11-26 11:30:00-05:00,180.78,184.56,184.72,184.56,187.94,51.4,33,1d+1h+4h,0.454,False,nofill,0.0
2025-11-26 12:30:00-05:00,180.81,184.55,184.7,184.55,187.77,52.4,34,1d+1h+4h,0.45,False,nofill,0.0
2025-11-26 13:30:00-05:00,180.55,184.55,184.7,184.55,187.62,52.4,34,1d+1h+4h,0.481,False,nofill,0.0
2025-11-26 14:30:00-05:00,180.51,184.55,184.69,184.55,187.46,52.4,34,1d+1h+4h,0.486,False,nofill,0.0
2025-11-26 15:30:00-05:00,180.19,184.51,184.64,184.51,187.28,52.4,34,1d+1h+4h,0.519,False,nofill,0.0
2025-11-28 09:30:00-05:00,177.29,183.28,183.41,183.28,186.09,52.4,34,1d+1h+4h,0.75,False,nofill,0.0
2025-11-28 10:30:00-05:00,177.08,183.28,183.41,183.28,185.99,52.4,34,1d+1h+4h,0.776,False,nofill,0.0
2025-11-28 11:30:00-05:00,177.13,183.28,183.4,183.28,185.86,52.4,34,1d+1h+4h,0.769,False,nofill,0.0
2025-12-01 09:30:00-05:00,178.86,183.53,183.66,183.53,186.33,52.4,34,1d+1h+4h,0.592,False,nofill,0.0
2025-12-01 10:30:00-05:00,178.96,183.33,183.46,183.33,186.07,52.4,34,1d+1h+4h,0.554,False,nofill,0.0
2025-12-01 11:30:00-05:00,179.84,184.48,184.61,184.48,187.12,52.4,34,1d+1h+4h,0.589,False,nofill,0.0
2025-12-01 12:30:00-05:00,179.4,183.28,183.4,183.28,185.81,52.4,34,1d+1h+4h,0.491,False,nofill,0.0
2025-12-01 13:30:00-05:00,179.09,183.28,183.4,183.28,185.72,52.4,34,1d+1h+4h,0.531,True,scratch,-0.12318259924944952
2025-12-01 14:30:00-05:00,179.38,183.28,183.39,183.28,185.61,52.4,34,1d+1h+4h,0.494,True,scratch,-0.12033420366255321
2025-12-01 15:30:00-05:00,179.99,184.47,184.58,184.47,186.69,52.4,34,1d+1h+4h,0.568,True,scratch,-0.11717192583607927
2025-12-02 09:30:00-05:00,183.26,184.56,184.68,184.56,187.04,52.4,34,1d+1h+4h,0.169,False,nofill,0.0
2025-12-02 10:30:00-05:00,180.56,184.51,184.64,184.51,187.15,52.4,34,1d+1h+4h,0.51,False,nofill,0.0
2025-12-02 11:30:00-05:00,182.16,183.53,183.65,183.53,186.15,52.4,34,1d+1h+4h,0.177,False,nofill,0.0
2025-12-02 12:30:00-05:00,181.72,184.56,184.68,184.56,187.09,53.4,35,1d+1h+4h,0.368,False,nofill,0.0
2025-12-02 13:30:00-05:00,181.0,184.55,184.67,184.55,186.98,53.4,35,1d+1h+4h,0.459,False,nofill,0.0
2025-12-02 14:30:00-05:00,181.43,184.56,184.67,184.56,186.88,53.4,35,1d+1h+4h,0.405,False,nofill,0.0
2025-12-02 15:30:00-05:00,181.36,184.56,184.67,184.56,186.77,53.4,35,1d+1h+4h,0.414,False,nofill,0.0
2025-12-03 09:30:00-05:00,180.33,184.56,184.67,184.56,186.78,53.4,35,1d+1h+4h,0.57,False,nofill,0.0
2025-12-03 10:30:00-05:00,180.55,184.56,184.67,184.56,186.81,53.4,35,1d+1h+4h,0.54,False,nofill,0.0
2025-12-03 11:30:00-05:00,180.38,184.56,184.66,184.56,186.75,53.4,35,1d+1h+4h,0.564,False,nofill,0.0
2025-12-03 12:30:00-05:00,180.65,184.56,184.66,184.56,186.67,55.2,36,1d+1h+4h,0.527,False,nofill,0.0
2025-12-03 13:30:00-05:00,180.74,184.56,184.66,184.56,186.58,55.2,36,1d+1h+4h,0.514,False,nofill,0.0
2025-12-03 14:30:00-05:00,180.02,184.56,184.65,184.56,186.51,55.2,36,1d+1h+4h,0.612,False,nofill,0.0
2025-12-03 15:30:00-05:00,179.64,184.56,184.65,184.56,186.43,55.2,36,1d+1h+4h,0.663,False,nofill,0.0
2025-12-04 09:30:00-05:00,181.08,184.48,184.58,184.48,186.48,54.2,35,1d+1h+4h,0.469,False,nofill,0.0
2025-12-04 10:30:00-05:00,182.64,184.55,184.65,184.55,186.55,54.2,35,1d+1h+4h,0.264,False,nofill,0.0
2025-12-04 11:30:00-05:00,183.54,184.41,184.5,184.41,186.42,54.2,35,1d+1h+4h,0.119,False,nofill,0.0
2025-12-04 12:30:00-05:00,183.62,184.41,184.5,184.41,186.35,54.2,35,1d+1h+4h,0.109,False,nofill,0.0
2025-12-04 13:30:00-05:00,182.32,184.56,184.65,184.56,186.5,54.2,35,1d+1h+4h,0.31,True,scratch,-0.11005580062419806
2025-12-04 14:30:00-05:00,182.32,184.56,184.65,184.56,186.44,55.2,36,1d+1h+4h,0.309,True,scratch,-0.10838562996924317
2025-12-04 15:30:00-05:00,183.4,184.47,184.56,184.47,186.3,55.2,36,1d+1h+4h,0.148,True,scratch,-0.10727142429300951
2025-12-05 09:30:00-05:00,182.77,184.48,184.57,184.48,186.46,58.2,37,1d+1h+4h,0.244,False,nofill,0.0
2025-12-05 10:30:00-05:00,182.06,184.51,184.61,184.51,186.5,58.2,37,1d+1h+4h,0.351,False,nofill,0.0
2025-12-05 11:30:00-05:00,181.78,184.51,184.61,184.51,186.42,58.2,37,1d+1h+4h,0.391,False,nofill,0.0
2025-12-05 12:30:00-05:00,182.24,184.41,184.49,184.41,186.24,58.2,37,1d+1h+4h,0.31,False,nofill,0.0
2025-12-05 13:30:00-05:00,181.46,184.51,184.6,184.51,186.32,58.2,37,1d+1h+4h,0.437,True,scratch,-0.10653785892211776
2025-12-05 14:30:00-05:00,181.86,184.51,184.6,184.51,186.25,58.2,37,1d+1h+4h,0.38,True,scratch,-0.10468274169310732
2025-12-05 15:30:00-05:00,182.35,184.47,184.55,184.47,186.18,58.2,37,1d+1h+4h,0.303,True,scratch,-0.10409180752618541
2025-12-08 09:30:00-05:00,183.05,184.48,184.57,184.48,186.32,58.2,37,1d+1h+4h,0.207,True,scratch,-0.10741596859964453
2025-12-08 10:30:00-05:00,183.48,184.51,184.6,184.51,186.35,58.2,37,1d+1h+4h,0.149,True,scratch,-0.10726762557528025
2025-12-08 11:30:00-05:00,183.4,184.51,184.6,184.51,186.28,58.2,37,1d+1h+4h,0.161,True,scratch,-0.10539886757894301
2025-12-08 12:30:00-05:00,185.89,186.36,186.46,186.36,188.38,18.6,13,1d+1h+4h,0.068,False,nofill,0.0
2025-12-08 13:30:00-05:00,184.71,185.2,185.3,185.2,187.25,41.8,27,1d+1h+4h,0.072,True,scratch,-0.11262573456977121
2025-12-08 14:30:00-05:00,184.88,185.66,185.75,185.66,187.62,38.0,24,1d+1h+4h,0.112,False,nofill,0.0
2025-12-08 15:30:00-05:00,185.58,186.03,186.12,186.03,187.95,28.0,20,1d+1h+4h,0.065,False,nofill,0.0
2025-12-09 09:30:00-05:00,184.63,185.2,185.29,185.2,187.16,40.8,26,1d+1h+4h,0.087,True,scratch,-0.11023913114769357
2025-12-09 10:30:00-05:00,185.07,185.66,185.75,185.66,187.59,37.0,23,1d+1h+4h,0.09,False,nofill,0.0
2025-12-09 11:30:00-05:00,184.89,185.66,185.75,185.66,187.52,37.0,23,1d+1h+4h,0.117,False,nofill,0.0
2025-12-09 12:30:00-05:00,184.86,185.2,185.28,185.2,186.96,40.8,26,1d+1h+4h,0.052,True,scratch,-0.10520961065567658
2025-12-09 13:30:00-05:00,184.54,184.93,185.01,184.93,186.6,47.4,31,1d+1h+4h,0.059,True,scratch,-0.10300593313182782
2025-12-09 14:30:00-05:00,184.33,184.66,184.74,184.66,186.27,47.4,31,1d+1h+4h,0.05,True,scratch,-0.10140228114200456
2025-12-09 15:30:00-05:00,184.97,185.66,185.74,185.66,187.25,38.0,24,1d+1h+4h,0.105,False,nofill,0.0
2025-12-10 09:30:00-05:00,183.86,184.41,184.48,184.41,186.02,57.2,36,1d+1h+4h,0.086,False,nofill,0.0
2025-12-10 10:30:00-05:00,182.85,184.11,184.19,184.11,185.76,58.2,37,1d+1h+4h,0.199,False,nofill,0.0
2025-12-10 11:30:00-05:00,182.57,184.11,184.18,184.11,185.7,58.2,37,1d+1h+4h,0.242,True,scratch,-0.10113468511194768
2025-12-10 12:30:00-05:00,182.61,184.11,184.18,184.11,185.67,58.2,37,1d+1h+4h,0.236,True,scratch,-0.10026909276873441
2025-12-10 13:30:00-05:00,183.1,184.11,184.18,184.11,185.66,58.2,37,1d+1h+4h,0.16,True,scratch,-0.10012394188346763
2025-12-10 14:30:00-05:00,183.79,184.11,184.19,184.11,185.72,58.2,37,1d+1h+4h,0.05,False,nofill,0.0
2025-12-10 15:30:00-05:00,183.78,184.11,184.18,184.11,185.65,58.2,37,1d+1h+4h,0.052,False,nofill,0.0
2025-12-11 09:30:00-05:00,178.08,184.11,184.2,184.11,186.07,58.2,37,1d+1h+4h,0.94,False,nofill,0.0
2025-12-11 10:30:00-05:00,177.06,184.11,184.2,184.11,186.04,58.2,37,1d+1h+4h,1.101,False,nofill,0.0
2025-12-11 11:30:00-05:00,178.49,184.11,184.2,184.11,186.04,58.2,37,1d+1h+4h,0.878,False,nofill,0.0
2025-12-11 12:30:00-05:00,179.3,184.11,184.2,184.11,186.0,58.2,37,1d+1h+4h,0.75,False,nofill,0.0
2025-12-11 13:30:00-05:00,180.91,184.11,184.2,184.11,186.01,58.2,37,1d+1h+4h,0.5,False,nofill,0.0
2025-12-11 14:30:00-05:00,180.37,184.11,184.2,184.11,185.98,58.2,37,1d+1h+4h,0.584,False,nofill,0.0
2025-12-11 15:30:00-05:00,180.94,184.11,184.19,184.11,185.92,58.2,37,1d+1h+4h,0.495,False,nofill,0.0
2025-12-12 09:30:00-05:00,179.54,184.41,184.5,184.41,186.35,59.2,38,1d+1h+4h,0.745,False,nofill,0.0
2025-12-12 10:30:00-05:00,176.64,184.41,184.51,184.41,186.53,59.2,38,1d+1h+4h,1.19,False,nofill,0.0
2025-12-12 11:30:00-05:00,176.52,184.41,184.51,184.41,186.54,59.2,38,1d+1h+4h,1.207,False,nofill,0.0
2025-12-12 12:30:00-05:00,177.45,184.41,184.51,184.41,186.54,60.2,39,1d+1h+4h,1.065,False,nofill,0.0
2025-12-12 13:30:00-05:00,176.21,184.41,184.51,184.41,186.52,60.2,39,1d+1h+4h,1.254,False,nofill,0.0
2025-12-12 14:30:00-05:00,175.9,184.41,184.5,184.41,186.44,60.2,39,1d+1h+4h,1.301,False,nofill,0.0
2025-12-12 15:30:00-05:00,174.99,184.41,184.5,184.41,186.4,60.2,39,1d+1h+4h,1.441,False,nofill,0.0
2025-12-15 09:30:00-05:00,175.45,184.11,184.21,184.11,186.21,59.2,38,1d+1h+4h,1.372,False,nofill,0.0
2025-12-15 10:30:00-05:00,178.25,184.11,184.21,184.11,186.29,59.2,38,1d+1h+4h,0.929,False,nofill,0.0
2025-12-15 11:30:00-05:00,177.6,184.11,184.21,184.11,186.22,59.2,38,1d+1h+4h,1.033,False,nofill,0.0
2025-12-15 12:30:00-05:00,177.12,184.11,184.21,184.11,186.16,59.2,38,1d+1h+4h,1.107,False,nofill,0.0
2025-12-15 13:30:00-05:00,177.14,184.11,184.2,184.11,186.08,59.2,38,1d+1h+4h,1.105,False,nofill,0.0
2025-12-15 14:30:00-05:00,176.33,184.11,184.2,184.11,186.03,59.2,38,1d+1h+4h,1.233,False,nofill,0.0
2025-12-15 15:30:00-05:00,176.23,184.11,184.2,184.11,185.96,59.2,38,1d+1h+4h,1.249,False,nofill,0.0
2025-12-16 09:30:00-05:00,176.15,184.11,184.2,184.11,186.02,56.4,36,1d+1h+4h,1.302,False,nofill,0.0
2025-12-16 10:30:00-05:00,176.02,184.11,184.2,184.11,186.01,56.4,36,1d+1h+4h,1.323,False,nofill,0.0
2025-12-16 11:30:00-05:00,176.48,184.11,184.2,184.11,185.98,56.4,36,1d+1h+4h,1.247,False,nofill,0.0
2025-12-16 12:30:00-05:00,176.22,183.84,183.93,183.84,185.65,56.4,36,1d+1h+4h,1.247,False,nofill,0.0
2025-12-16 13:30:00-05:00,176.74,184.02,184.1,184.02,185.82,56.4,36,1d+1h+4h,1.191,False,nofill,0.0
2025-12-16 14:30:00-05:00,177.18,183.88,183.96,183.88,185.6,56.4,36,1d+1h+4h,1.096,False,nofill,0.0
2025-12-16 15:30:00-05:00,177.51,184.0,184.08,184.0,185.68,56.4,36,1d+1h+4h,1.062,False,nofill,0.0
2025-12-17 09:30:00-05:00,174.38,184.11,184.2,184.11,185.98,59.2,38,1d+1h+4h,1.568,False,nofill,0.0
2025-12-17 10:30:00-05:00,171.14,183.44,183.54,183.44,185.46,52.6,35,1d+1h+4h,1.983,False,nofill,0.0
2025-12-17 11:30:00-05:00,171.45,183.84,183.93,183.84,185.82,56.4,36,1d+1h+4h,1.997,False,nofill,0.0
2025-12-17 12:30:00-05:00,172.25,184.11,184.2,184.11,186.06,59.2,38,1d+1h+4h,1.911,False,nofill,0.0
2025-12-17 13:30:00-05:00,170.95,183.33,183.42,183.33,185.26,51.6,34,1d+1h+4h,1.995,False,nofill,0.0
2025-12-17 14:30:00-05:00,171.19,183.44,183.53,183.44,185.31,52.6,35,1d+1h+4h,1.974,False,nofill,0.0
2025-12-17 15:30:00-05:00,170.92,183.32,183.41,183.32,185.13,51.6,34,1d+1h+4h,1.999,False,nofill,0.0
2025-12-18 09:30:00-05:00,175.04,184.11,184.2,184.11,186.12,56.4,36,1d+1h+4h,1.479,False,nofill,0.0
2025-12-18 10:30:00-05:00,174.88,184.11,184.2,184.11,186.08,56.4,36,1d+1h+4h,1.505,False,nofill,0.0
2025-12-18 11:30:00-05:00,174.04,184.11,184.2,184.11,186.11,56.4,36,1d+1h+4h,1.642,False,nofill,0.0
2025-12-18 12:30:00-05:00,174.91,184.0,184.09,184.0,185.97,56.4,36,1d+1h+4h,1.482,False,nofill,0.0
2025-12-18 13:30:00-05:00,174.55,184.11,184.2,184.11,186.01,56.4,36,1d+1h+4h,1.559,False,nofill,0.0
2025-12-18 14:30:00-05:00,174.68,184.11,184.2,184.11,185.97,56.4,36,1d+1h+4h,1.538,False,nofill,0.0
2025-12-18 15:30:00-05:00,174.01,183.9,183.99,183.9,185.7,56.4,36,1d+1h+4h,1.613,False,nofill,0.0
2025-12-19 09:30:00-05:00,178.66,184.11,184.21,184.11,186.29,59.2,38,1d+1h+4h,0.877,False,nofill,0.0
2025-12-19 10:30:00-05:00,179.3,184.11,184.21,184.11,186.22,59.2,38,1d+1h+4h,0.774,False,nofill,0.0
2025-12-19 11:30:00-05:00,180.52,184.11,184.21,184.11,186.2,59.2,38,1d+1h+4h,0.577,False,nofill,0.0
2025-12-19 12:30:00-05:00,179.96,184.11,184.21,184.11,186.15,59.2,38,1d+1h+4h,0.667,False,nofill,0.0
2025-12-19 13:30:00-05:00,180.57,184.11,184.2,184.11,186.11,59.2,38,1d+1h+4h,0.569,False,nofill,0.0
2025-12-19 14:30:00-05:00,180.45,184.11,184.2,184.11,186.02,59.2,38,1d+1h+4h,0.589,False,nofill,0.0
2025-12-19 15:30:00-05:00,180.99,184.11,184.2,184.11,186.0,59.2,38,1d+1h+4h,0.502,False,nofill,0.0
2025-12-22 09:30:00-05:00,183.4,183.84,183.93,183.84,185.81,56.4,36,1d+1h+4h,0.073,True,scratch,-0.11104211761248095
2025-12-22 10:30:00-05:00,183.63,184.0,184.09,184.0,185.94,56.4,36,1d+1h+4h,0.062,False,nofill,0.0
2025-12-22 11:30:00-05:00,183.1,183.84,183.93,183.84,185.69,56.4,36,1d+1h+4h,0.123,False,nofill,0.0
2025-12-22 12:30:00-05:00,183.23,183.84,183.92,183.84,185.6,56.4,36,1d+1h+4h,0.102,False,nofill,0.0
2025-12-22 13:30:00-05:00,183.38,183.84,183.92,183.84,185.51,57.4,37,1d+1h+4h,0.077,True,target,0.8051248624073359
2025-12-22 14:30:00-05:00,183.28,183.84,183.92,183.84,185.42,57.4,37,1d+1h+4h,0.093,True,target,0.7579757628350947
2025-12-22 15:30:00-05:00,183.61,184.0,184.07,184.0,185.51,57.4,37,1d+1h+4h,0.065,True,target,0.7208153705098752
2025-12-23 09:30:00-05:00,185.28,185.66,185.73,185.66,187.21,30.0,22,1d+1h+4h,0.064,True,target,0.7346567933129489
2025-12-23 10:30:00-05:00,187.91,195.89,195.97,195.89,197.55,13.6,8,1d+1h+4h,1.324,False,nofill,0.0
2025-12-23 11:30:00-05:00,188.21,195.89,195.97,195.89,197.55,13.6,8,1d+1h+4h,1.273,False,nofill,0.0
2025-12-23 12:30:00-05:00,188.0,195.89,195.97,195.89,197.48,13.6,8,1d+1h+4h,1.31,False,nofill,0.0
2025-12-23 13:30:00-05:00,188.62,195.89,195.96,195.89,197.43,13.6,8,1d+1h+4h,1.207,False,nofill,0.0
2025-12-23 14:30:00-05:00,188.79,196.0,196.07,196.0,197.47,13.6,8,1d+1h+4h,1.197,False,nofill,0.0
2025-12-23 15:30:00-05:00,189.21,195.53,195.6,195.53,196.94,13.6,8,1d+1h+4h,1.049,False,nofill,0.0
2025-12-24 09:30:00-05:00,187.23,196.0,196.07,196.0,197.51,13.6,8,1d+1h+4h,1.516,False,nofill,0.0
2025-12-24 10:30:00-05:00,187.94,195.89,195.96,195.89,197.37,13.6,8,1d+1h+4h,1.374,False,nofill,0.0
2025-12-24 11:30:00-05:00,188.22,195.62,195.69,195.62,197.04,13.6,8,1d+1h+4h,1.279,False,nofill,0.0
2025-12-26 09:30:00-05:00,191.58,195.62,195.7,195.62,197.24,13.6,8,1d+1h+4h,0.708,False,nofill,0.0
2025-12-26 10:30:00-05:00,191.02,195.62,195.7,195.62,197.23,13.6,8,1d+1h+4h,0.806,False,nofill,0.0
2025-12-26 11:30:00-05:00,190.78,195.62,195.69,195.62,197.18,13.6,8,1d+1h+4h,0.849,False,nofill,0.0
2025-12-26 12:30:00-05:00,191.53,195.62,195.69,195.62,197.14,13.6,8,1d+1h+4h,0.716,False,nofill,0.0
2025-12-26 13:30:00-05:00,192.24,195.62,195.69,195.62,197.12,13.6,8,1d+1h+4h,0.593,False,nofill,0.0
2025-12-26 14:30:00-05:00,191.43,195.62,195.69,195.62,197.08,13.6,8,1d+1h+4h,0.735,False,nofill,0.0
2025-12-26 15:30:00-05:00,190.54,196.0,196.07,196.0,197.45,13.6,8,1d+1h+4h,0.957,False,nofill,0.0
2025-12-29 09:30:00-05:00,187.26,196.0,196.08,196.0,197.69,13.6,8,1d+1h+4h,1.554,False,nofill,0.0
2025-12-29 10:30:00-05:00,187.24,196.0,196.08,196.0,197.67,13.6,8,1d+1h+4h,1.556,False,nofill,0.0
2025-12-29 11:30:00-05:00,186.88,196.0,196.08,196.0,197.61,13.6,8,1d+1h+4h,1.621,False,nofill,0.0
2025-12-29 12:30:00-05:00,187.46,196.0,196.07,196.0,197.55,13.6,8,1d+1h+4h,1.518,False,nofill,0.0
2025-12-29 13:30:00-05:00,187.38,196.0,196.07,196.0,197.5,13.6,8,1d+1h+4h,1.533,False,nofill,0.0
2025-12-29 14:30:00-05:00,187.96,196.0,196.07,196.0,197.45,13.6,8,1d+1h+4h,1.428,False,nofill,0.0
2025-12-29 15:30:00-05:00,188.23,196.0,196.07,196.0,197.4,13.6,8,1d+1h+4h,1.381,False,nofill,0.0
2025-12-30 09:30:00-05:00,187.17,196.0,196.07,196.0,197.45,13.6,8,1d+1h+4h,1.644,False,nofill,0.0
2025-12-30 10:30:00-05:00,188.26,196.0,196.07,196.0,197.45,13.6,8,1d+1h+4h,1.441,False,nofill,0.0
2025-12-30 11:30:00-05:00,187.91,196.0,196.07,196.0,197.4,13.6,8,1d+1h+4h,1.506,False,nofill,0.0
2025-12-30 12:30:00-05:00,188.22,196.0,196.06,196.0,197.34,13.6,8,1d+1h+4h,1.449,False,nofill,0.0
2025-12-30 13:30:00-05:00,188.15,196.0,196.06,196.0,197.28,13.6,8,1d+1h+4h,1.461,False,nofill,0.0
2025-12-30 14:30:00-05:00,187.58,196.0,196.06,196.0,197.24,13.6,8,1d+1h+4h,1.568,False,nofill,0.0
2025-12-30 15:30:00-05:00,187.55,196.0,196.06,196.0,197.19,13.6,8,1d+1h+4h,1.573,False,nofill,0.0
2025-12-31 09:30:00-05:00,189.02,191.46,191.52,191.46,192.79,15.6,10,1d+1h+4h,0.463,False,nofill,0.0
2025-12-31 10:30:00-05:00,188.85,191.46,191.52,191.46,192.77,15.6,10,1d+1h+4h,0.495,False,nofill,0.0
2025-12-31 11:30:00-05:00,188.92,191.46,191.52,191.46,192.72,15.6,10,1d+1h+4h,0.481,False,nofill,0.0
2025-12-31 12:30:00-05:00,188.97,191.78,191.83,191.78,192.98,16.6,11,1d+1h+4h,0.531,False,nofill,0.0
2025-12-31 13:30:00-05:00,188.04,191.46,191.52,191.46,192.66,16.6,11,1d+1h+4h,0.647,True,scratch,-0.08980171094743472
2025-12-31 14:30:00-05:00,187.14,191.46,191.52,191.46,192.65,16.6,11,1d+1h+4h,0.82,True,scratch,-0.08955394610548062
2025-12-31 15:30:00-05:00,186.49,191.78,191.83,191.78,192.95,16.6,11,1d+1h+4h,1.001,True,scratch,-0.08922007946459143
2026-01-02 09:30:00-05:00,190.59,191.46,191.54,191.46,193.04,16.6,11,1d+1h+4h,0.163,True,scratch,-0.09917445713312212
2026-01-02 10:30:00-05:00,189.6,191.46,191.54,191.46,193.18,16.6,11,1d+1h+4h,0.347,False,nofill,0.0
2026-01-02 11:30:00-05:00,189.48,191.46,191.54,191.46,193.13,16.6,11,1d+1h+4h,0.369,False,nofill,0.0
2026-01-02 12:30:00-05:00,189.36,191.78,191.85,191.78,193.39,17.6,12,1d+1h+4h,0.45,False,nofill,0.0
2026-01-02 13:30:00-05:00,189.21,191.78,191.85,191.78,193.38,17.6,12,1d+1h+4h,0.479,True,scratch,-0.09981043340646645
2026-01-02 14:30:00-05:00,188.96,191.78,191.85,191.78,193.35,17.6,12,1d+1h+4h,0.526,True,scratch,-0.09895655246471291
2026-01-02 15:30:00-05:00,188.81,191.78,191.85,191.78,193.28,17.6,12,1d+1h+4h,0.553,True,scratch,-0.09721516204643788
2026-01-05 09:30:00-05:00,190.08,191.46,191.54,191.46,193.22,17.6,12,1d+1h+4h,0.251,False,nofill,0.0
2026-01-05 10:30:00-05:00,190.19,191.46,191.54,191.46,193.21,17.6,12,1d+1h+4h,0.231,False,nofill,0.0
2026-01-05 11:30:00-05:00,187.62,191.78,191.86,191.78,193.66,17.6,12,1d+1h+4h,0.754,False,nofill,0.0
2026-01-05 12:30:00-05:00,187.78,191.46,191.55,191.46,193.29,17.6,12,1d+1h+4h,0.667,False,nofill,0.0
2026-01-05 13:30:00-05:00,186.64,186.93,187.02,186.93,188.77,20.2,15,1d+1h+4h,0.052,True,target,0.8767046779922572
2026-01-05 14:30:00-05:00,187.47,191.78,191.86,191.78,193.59,17.6,12,1d+1h+4h,0.781,True,scratch,-0.1050147795385814
2026-01-05 15:30:00-05:00,188.11,191.78,191.86,191.78,193.53,17.6,12,1d+1h+4h,0.665,True,scratch,-0.10343594384246702
2026-01-06 09:30:00-05:00,191.4,191.78,191.87,191.78,193.71,17.6,12,1d+1h+4h,0.068,False,nofill,0.0
2026-01-06 10:30:00-05:00,188.59,191.78,191.87,191.78,193.84,17.6,12,1d+1h+4h,0.579,False,nofill,0.0
2026-01-06 11:30:00-05:00,189.04,191.46,191.56,191.46,193.5,17.6,12,1d+1h+4h,0.44,False,nofill,0.0
2026-01-06 12:30:00-05:00,188.29,191.78,191.87,191.78,193.78,18.6,13,1d+1h+4h,0.634,False,nofill,0.0
2026-01-06 13:30:00-05:00,187.96,191.78,191.87,191.78,193.69,18.6,13,1d+1h+4h,0.694,False,nofill,0.0
2026-01-06 14:30:00-05:00,186.94,191.78,191.86,191.78,193.66,18.6,13,1d+1h+4h,0.88,False,nofill,0.0
2026-01-06 15:30:00-05:00,187.25,191.78,191.86,191.78,193.59,18.6,13,1d+1h+4h,0.823,False,nofill,0.0
2026-01-07 09:30:00-05:00,191.02,191.78,191.87,191.78,193.82,18.6,13,1d+1h+4h,0.14,False,nofill,0.0
2026-01-07 10:30:00-05:00,189.58,191.46,191.56,191.46,193.55,18.6,13,1d+1h+4h,0.345,False,nofill,0.0
2026-01-07 11:30:00-05:00,190.0,191.46,191.56,191.46,193.49,18.6,13,1d+1h+4h,0.267,False,nofill,0.0
2026-01-07 12:30:00-05:00,189.62,191.78,191.87,191.78,193.71,18.6,13,1d+1h+4h,0.395,False,nofill,0.0
2026-01-07 13:30:00-05:00,189.28,191.78,191.86,191.78,193.63,18.6,13,1d+1h+4h,0.458,False,nofill,0.0
2026-01-07 14:30:00-05:00,188.99,191.78,191.86,191.78,193.57,18.6,13,1d+1h+4h,0.511,False,nofill,0.0
2026-01-07 15:30:00-05:00,189.25,191.78,191.86,191.78,193.48,18.6,13,1d+1h+4h,0.464,False,nofill,0.0
2026-01-08 09:30:00-05:00,186.1,186.49,186.58,186.49,188.43,24.2,17,1d+1h+4h,0.071,True,scratch,-0.1094409552002018
2026-01-08 10:30:00-05:00,184.88,185.2,185.29,185.2,187.18,49.4,33,1d+1h+4h,0.058,True,scratch,-0.11071571627089272
2026-01-08 11:30:00-05:00,184.26,185.2,185.29,185.2,187.14,49.4,33,1d+1h+4h,0.172,False,nofill,0.0
2026-01-08 12:30:00-05:00,184.75,185.2,185.29,185.2,187.08,49.4,33,1d+1h+4h,0.082,True,scratch,-0.10822802283007027
2026-01-08 13:30:00-05:00,184.15,185.2,185.29,185.2,187.03,49.4,33,1d+1h+4h,0.192,True,scratch,-0.10705550074603387
2026-01-08 14:30:00-05:00,185.19,185.55,185.64,185.55,187.34,36.6,27,1d+1h+4h,0.066,True,scratch,-0.1057839121992199
2026-01-08 15:30:00-05:00,185.13,185.55,185.63,185.55,187.26,36.6,27,1d+1h+4h,0.077,True,scratch,-0.1038398939381957
2026-01-09 09:30:00-05:00,184.96,185.55,185.63,185.55,187.3,36.6,27,1d+1h+4h,0.112,True,scratch,-0.1048405249822637
2026-01-09 10:30:00-05:00,185.31,185.66,185.74,185.66,187.38,36.6,27,1d+1h+4h,0.066,True,scratch,-0.104110097475274
2026-01-09 11:30:00-05:00,184.95,185.55,185.63,185.55,187.23,36.6,27,1d+1h+4h,0.113,True,scratch,-0.10292489580230324
2026-01-09 12:30:00-05:00,185.18,185.55,185.63,185.55,187.15,37.6,28,1d+1h+4h,0.069,True,scratch,-0.10099279079607282
2026-01-09 13:30:00-05:00,185.88,186.38,186.46,186.38,187.96,24.2,17,1d+1h+4h,0.095,False,nofill,0.0
2026-01-09 14:30:00-05:00,185.56,185.82,185.89,185.82,187.33,32.0,24,1d+1h+4h,0.05,True,scratch,-0.09863375062234558
2026-01-09 15:30:00-05:00,184.85,185.2,185.27,185.2,186.66,47.6,32,1d+1h+4h,0.066,True,scratch,-0.09759246435544489
2026-01-12 09:30:00-05:00,184.62,185.2,185.28,185.2,186.79,48.6,33,1d+1h+4h,0.112,True,scratch,-0.10083840379812026
2026-01-12 10:30:00-05:00,185.24,185.55,185.63,185.55,187.14,38.6,29,1d+1h+4h,0.06,True,scratch,-0.10083854174006701
2026-01-12 11:30:00-05:00,186.28,186.93,187.01,186.93,188.58,22.2,17,1d+1h+4h,0.124,True,scratch,-0.10194366780973407
2026-01-12 12:30:00-05:00,186.78,191.78,191.85,191.78,193.39,18.6,13,1d+1h+4h,0.963,False,nofill,0.0
2026-01-12 13:30:00-05:00,186.99,191.78,191.85,191.78,193.32,18.6,13,1d+1h+4h,0.922,False,nofill,0.0
2026-01-12 14:30:00-05:00,186.01,186.34,186.41,186.34,187.85,25.2,18,1d+1h+4h,0.064,False,nofill,0.0
2026-01-12 15:30:00-05:00,184.9,185.2,185.27,185.2,186.72,48.6,33,1d+1h+4h,0.058,True,scratch,-0.09893981746342817
2026-01-13 09:30:00-05:00,183.92,185.22,185.29,185.22,186.73,48.6,33,1d+1h+4h,0.252,True,scratch,-0.09875206014121618
2026-01-13 10:30:00-05:00,185.23,185.55,185.63,185.55,187.13,38.6,29,1d+1h+4h,0.062,True,scratch,-0.10051299142413983
2026-01-13 11:30:00-05:00,186.4,186.93,187.01,186.93,188.62,22.2,17,1d+1h+4h,0.103,False,nofill,0.0
2026-01-13 12:30:00-05:00,185.07,185.55,185.63,185.55,187.27,38.6,29,1d+1h+4h,0.093,True,scratch,-0.10415901698463959
2026-01-13 13:30:00-05:00,184.79,185.22,185.3,185.22,186.87,48.6,33,1d+1h+4h,0.083,True,scratch,-0.1025035451960643
2026-01-13 14:30:00-05:00,184.72,185.22,185.29,185.22,186.8,48.6,33,1d+1h+4h,0.096,True,scratch,-0.10074797891225229
2026-01-13 15:30:00-05:00,185.82,186.36,186.44,186.36,187.94,25.2,18,1d+1h+4h,0.105,False,nofill,0.0
2026-01-14 09:30:00-05:00,181.68,184.0,184.09,184.0,185.83,61.2,40,1d+1h+4h,0.452,False,nofill,0.0
2026-01-14 10:30:00-05:00,181.98,184.03,184.11,184.03,185.83,61.2,40,1d+1h+4h,0.397,False,nofill,0.0
2026-01-14 11:30:00-05:00,182.1,184.0,184.08,184.0,185.73,61.2,40,1d+1h+4h,0.369,False,nofill,0.0
2026-01-14 12:30:00-05:00,182.22,184.0,184.08,184.0,185.67,61.2,40,1d+1h+4h,0.346,False,nofill,0.0
2026-01-14 13:30:00-05:00,181.82,184.02,184.09,184.02,185.62,61.2,40,1d+1h+4h,0.428,True,target,0.7677806436928059
2026-01-14 14:30:00-05:00,182.15,184.0,184.08,184.0,185.62,61.2,40,1d+1h+4h,0.36,True,target,0.7777580063396794
2026-01-14 15:30:00-05:00,183.17,184.0,184.08,184.0,185.6,61.2,40,1d+1h+4h,0.161,True,target,0.7667871900859158
2026-01-15 09:30:00-05:00,187.6,191.78,191.87,191.78,193.71,18.6,13,1d+1h+4h,0.796,False,nofill,0.0
2026-01-15 10:30:00-05:00,187.52,191.78,191.87,191.78,193.7,18.6,13,1d+1h+4h,0.812,False,nofill,0.0
2026-01-15 11:30:00-05:00,188.61,191.78,191.87,191.78,193.71,18.6,13,1d+1h+4h,0.603,False,nofill,0.0
2026-01-15 12:30:00-05:00,189.23,191.78,191.86,191.78,193.65,18.6,13,1d+1h+4h,0.485,False,nofill,0.0
2026-01-15 13:30:00-05:00,188.4,191.78,191.86,191.78,193.63,18.6,13,1d+1h+4h,0.645,False,nofill,0.0
2026-01-15 14:30:00-05:00,187.42,191.78,191.86,191.78,193.66,18.6,13,1d+1h+4h,0.83,False,nofill,0.0
2026-01-15 15:30:00-05:00,187.14,191.78,191.86,191.78,193.62,18.6,13,1d+1h+4h,0.884,False,nofill,0.0
2026-01-16 09:30:00-05:00,187.64,191.78,191.87,191.78,193.73,18.6,13,1d+1h+4h,0.799,False,nofill,0.0
2026-01-16 10:30:00-05:00,187.99,191.78,191.87,191.78,193.67,18.6,13,1d+1h+4h,0.731,False,nofill,0.0
2026-01-16 11:30:00-05:00,188.03,191.78,191.86,191.78,193.59,18.6,13,1d+1h+4h,0.723,False,nofill,0.0
2026-01-16 12:30:00-05:00,187.94,191.78,191.86,191.78,193.53,18.6,13,1d+1h+4h,0.741,False,nofill,0.0
2026-01-16 13:30:00-05:00,187.69,191.78,191.86,191.78,193.46,18.6,13,1d+1h+4h,0.789,False,nofill,0.0
2026-01-16 14:30:00-05:00,187.74,191.46,191.54,191.46,193.05,18.6,13,1d+1h+4h,0.718,False,nofill,0.0
2026-01-16 15:30:00-05:00,186.23,186.49,186.57,186.49,188.1,26.2,19,1d+1h+4h,0.05,False,nofill,0.0
2026-01-20 09:30:00-05:00,180.8,183.9,184.0,183.9,185.9,61.2,40,1d+1h+4h,0.572,False,nofill,0.0
2026-01-20 10:30:00-05:00,180.32,183.88,183.98,183.88,185.89,61.2,40,1d+1h+4h,0.656,False,nofill,0.0
2026-01-20 11:30:00-05:00,180.02,184.02,184.11,184.02,185.95,61.2,40,1d+1h+4h,0.737,False,nofill,0.0
2026-01-20 12:30:00-05:00,179.52,183.9,183.99,183.9,185.76,61.2,40,1d+1h+4h,0.808,False,nofill,0.0
2026-01-20 13:30:00-05:00,179.44,184.11,184.19,184.11,185.91,61.2,40,1d+1h+4h,0.862,False,nofill,0.0
2026-01-20 14:30:00-05:00,178.5,184.03,184.11,184.03,185.8,61.2,40,1d+1h+4h,1.02,False,nofill,0.0
2026-01-20 15:30:00-05:00,178.21,184.11,184.19,184.11,185.85,61.2,40,1d+1h+4h,1.088,False,nofill,0.0
2026-01-21 09:30:00-05:00,180.81,184.11,184.2,184.11,185.93,61.2,40,1d+1h+4h,0.594,False,nofill,0.0
2026-01-21 10:30:00-05:00,182.74,184.02,184.11,184.02,185.94,61.2,40,1d+1h+4h,0.231,False,nofill,0.0
2026-01-21 11:30:00-05:00,179.44,184.16,184.26,184.16,186.2,61.2,40,1d+1h+4h,0.85,True,scratch,-0.11268521931945275
2026-01-21 12:30:00-05:00,180.24,184.0,184.09,184.0,185.99,61.2,40,1d+1h+4h,0.676,True,scratch,-0.1115133946082314
2026-01-21 13:30:00-05:00,182.98,184.03,184.13,184.03,186.1,62.2,41,1d+1h+4h,0.189,True,scratch,-0.11354249123602944
2026-01-21 14:30:00-05:00,183.79,184.11,184.21,184.11,186.22,62.2,41,1d+1h+4h,0.057,True,scratch,-0.11457543573054618
2026-01-21 15:30:00-05:00,183.34,184.16,184.26,184.16,186.25,62.2,41,1d+1h+4h,0.148,True,scratch,-0.11387777695509582
2026-01-22 09:30:00-05:00,184.87,185.2,185.3,185.2,187.35,52.4,36,1d+1h+4h,0.062,True,scratch,-0.11517826761925365
2026-01-22 10:30:00-05:00,185.74,186.03,186.13,186.03,188.13,28.2,21,1d+1h+4h,0.055,True,scratch,-0.11360619644503744
2026-01-22 11:30:00-05:00,184.98,185.55,185.65,185.55,187.61,39.6,30,1d+1h+4h,0.107,False,nofill,0.0
2026-01-22 12:30:00-05:00,184.73,185.2,185.29,185.2,187.18,52.4,36,1d+1h+4h,0.088,False,nofill,0.0
2026-01-22 13:30:00-05:00,184.66,185.22,185.31,185.22,187.1,52.4,36,1d+1h+4h,0.105,True,target,0.9051076801348978
2026-01-22 14:30:00-05:00,184.11,185.22,185.3,185.22,187.02,53.4,37,1d+1h+4h,0.206,True,target,0.8658537630761076
2026-01-22 15:30:00-05:00,184.85,185.2,185.28,185.2,186.94,53.4,37,1d+1h+4h,0.065,True,target,0.8360273920351657
2026-01-23 09:30:00-05:00,187.66,191.3,191.39,191.3,193.26,21.6,14,1d+1h+4h,0.685,False,nofill,0.0
2026-01-23 10:30:00-05:00,187.76,191.3,191.39,191.3,193.2,21.6,14,1d+1h+4h,0.666,False,nofill,0.0
2026-01-23 11:30:00-05:00,187.74,191.3,191.39,191.3,193.14,21.6,14,1d+1h+4h,0.669,False,nofill,0.0
2026-01-23 12:30:00-05:00,187.9,191.01,191.09,191.01,192.79,21.6,14,1d+1h+4h,0.586,False,nofill,0.0
2026-01-23 13:30:00-05:00,187.83,191.3,191.38,191.3,193.02,21.6,14,1d+1h+4h,0.652,False,nofill,0.0
2026-01-23 14:30:00-05:00,187.23,191.05,191.13,191.05,192.71,21.6,14,1d+1h+4h,0.718,False,nofill,0.0
2026-01-23 15:30:00-05:00,187.67,191.3,191.38,191.3,192.9,21.6,14,1d+1h+4h,0.682,False,nofill,0.0
2026-01-26 09:30:00-05:00,187.35,191.05,191.13,191.05,192.71,21.6,14,1d+1h+4h,0.718,False,nofill,0.0
2026-01-26 10:30:00-05:00,186.8,187.12,187.2,187.12,188.78,23.2,18,1d+1h+4h,0.061,True,scratch,-0.10216382475034536
2026-01-26 11:30:00-05:00,186.66,186.93,187.01,186.93,188.53,26.0,20,1d+1h+4h,0.052,True,scratch,-0.10071813377920957
2026-01-26 12:30:00-05:00,186.43,186.93,187.0,186.93,188.47,26.0,20,1d+1h+4h,0.097,True,scratch,-0.09918323755702119
2026-01-26 13:30:00-05:00,186.58,186.93,187.0,186.93,188.41,26.0,20,1d+1h+4h,0.069,True,target,0.6936285948948573
2026-01-26 14:30:00-05:00,186.44,186.93,187.0,186.93,188.36,26.0,20,1d+1h+4h,0.094,True,target,0.6657677621620506
2026-01-26 15:30:00-05:00,186.39,186.93,187.0,186.93,188.3,27.0,21,1d+1h+4h,0.105,True,target,0.6353168736301873
2026-01-27 09:30:00-05:00,188.92,189.33,189.4,189.33,190.88,23.4,17,1d+1h+4h,0.081,True,scratch,-0.09902362093032746
2026-01-27 10:30:00-05:00,189.71,190.11,190.18,190.11,191.64,23.4,17,1d+1h+4h,0.079,False,nofill,0.0
2026-01-27 11:30:00-05:00,189.68,190.11,190.18,190.11,191.57,23.4,17,1d+1h+4h,0.083,False,nofill,0.0
2026-01-27 12:30:00-05:00,189.48,190.11,190.18,190.11,191.55,23.4,17,1d+1h+4h,0.123,False,nofill,0.0
2026-01-27 13:30:00-05:00,189.12,190.11,190.18,190.11,191.5,23.4,17,1d+1h+4h,0.193,True,target,0.6365694206149408
2026-01-27 14:30:00-05:00,189.42,190.11,190.17,190.11,191.46,23.4,17,1d+1h+4h,0.134,True,target,0.6157260012914056
2026-01-27 15:30:00-05:00,188.54,190.27,190.33,190.27,191.6,23.4,17,1d+1h+4h,0.339,True,target,0.6028376699703353
2026-01-28 09:30:00-05:00,191.4,191.78,191.85,191.78,193.29,18.6,13,1d+1h+4h,0.074,True,scratch,-0.09760134620681038
2026-01-28 10:30:00-05:00,191.78,192.17,192.25,192.17,193.68,17.6,12,1d+1h+4h,0.079,False,nofill,0.0
2026-01-28 11:30:00-05:00,191.1,191.46,191.53,191.46,193.0,20.4,14,1d+1h+4h,0.073,True,scratch,-0.09836624931213178
2026-01-28 12:30:00-05:00,191.72,192.17,192.25,192.17,193.68,18.6,13,1d+1h+4h,0.091,True,scratch,-0.09728040973560059
2026-01-28 13:30:00-05:00,191.52,191.78,191.84,191.78,193.24,19.6,14,1d+1h+4h,0.051,True,scratch,-0.09623288332440971
2026-01-28 14:30:00-05:00,191.62,192.17,192.24,192.17,193.64,18.6,13,1d+1h+4h,0.11,True,scratch,-0.09620322444409135
2026-01-28 15:30:00-05:00,191.53,192.17,192.24,192.17,193.6,18.6,13,1d+1h+4h,0.129,True,scratch,-0.09532442060856683
2026-01-29 09:30:00-05:00,188.93,189.33,189.41,189.33,191.04,23.4,17,1d+1h+4h,0.077,True,scratch,-0.10307042256302301
2026-01-29 10:30:00-05:00,187.84,190.27,190.36,190.27,192.08,23.4,17,1d+1h+4h,0.47,True,scratch,-0.1053067829737464
2026-01-29 11:30:00-05:00,189.54,190.11,190.2,190.11,191.95,23.4,17,1d+1h+4h,0.109,True,scratch,-0.10613912162262817
2026-01-29 12:30:00-05:00,190.06,190.36,190.45,190.36,192.19,23.4,17,1d+1h+4h,0.059,True,scratch,-0.10563481713531386
2026-01-29 13:30:00-05:00,190.36,191.01,191.09,191.01,192.79,22.6,15,1d+1h+4h,0.125,True,scratch,-0.10423813145730154
2026-01-29 14:30:00-05:00,190.94,191.46,191.54,191.46,193.22,21.4,15,1d+1h+4h,0.099,True,scratch,-0.10364534267736092
2026-01-29 15:30:00-05:00,192.43,192.69,192.77,192.69,194.47,16.6,11,1d+1h+4h,0.05,True,scratch,-0.10380409091984566
2026-01-30 09:30:00-05:00,191.66,192.17,192.26,192.17,194.01,18.6,13,1d+1h+4h,0.1,True,scratch,-0.10546158488964341
2026-01-30 10:30:00-05:00,192.23,192.69,192.78,192.69,194.64,16.6,11,1d+1h+4h,0.089,True,scratch,-0.10814381970053466
2026-01-30 11:30:00-05:00,192.83,193.18,193.27,193.18,195.1,15.6,10,1d+1h+4h,0.067,False,nofill,0.0
2026-01-30 12:30:00-05:00,191.27,191.78,191.87,191.78,193.75,19.6,14,1d+1h+4h,0.098,True,scratch,-0.10900596732346113
2026-01-30 13:30:00-05:00,191.47,191.78,191.87,191.78,193.72,19.6,14,1d+1h+4h,0.059,False,nofill,0.0
2026-01-30 14:30:00-05:00,189.84,190.11,190.2,190.11,192.08,23.4,17,1d+1h+4h,0.051,True,scratch,-0.10923767575373722
2026-01-30 15:30:00-05:00,191.28,191.78,191.87,191.78,193.75,19.6,14,1d+1h+4h,0.095,False,nofill,0.0
2026-02-02 09:30:00-05:00,188.59,190.27,190.37,190.27,192.47,23.4,17,1d+1h+4h,0.321,False,nofill,0.0
2026-02-02 10:30:00-05:00,189.14,189.42,189.52,189.42,191.57,23.4,17,1d+1h+4h,0.053,True,scratch,-0.1140787292765455
2026-02-02 11:30:00-05:00,189.21,190.11,190.21,190.11,192.21,23.4,17,1d+1h+4h,0.172,True,scratch,-0.1125101501781467
2026-02-02 12:30:00-05:00,189.74,190.27,190.37,190.27,192.31,23.4,17,1d+1h+4h,0.102,False,nofill,0.0
2026-02-02 13:30:00-05:00,189.92,190.27,190.36,190.27,192.21,23.4,17,1d+1h+4h,0.067,False,nofill,0.0
2026-02-02 14:30:00-05:00,186.18,186.49,186.59,186.49,188.58,32.0,24,1d+1h+4h,0.06,False,nofill,0.0
2026-02-02 15:30:00-05:00,185.69,185.99,186.09,185.99,188.04,34.0,26,1d+1h+4h,0.057,True,scratch,-0.11242261213613158
2026-02-03 09:30:00-05:00,180.3,183.84,183.95,183.84,186.25,62.2,41,1d+1h+4h,0.634,False,nofill,0.0
2026-02-03 10:30:00-05:00,179.1,184.16,184.27,184.16,186.53,62.2,41,1d+1h+4h,0.906,False,nofill,0.0
2026-02-03 11:30:00-05:00,180.0,184.03,184.14,184.03,186.34,62.2,41,1d+1h+4h,0.721,False,nofill,0.0
2026-02-03 12:30:00-05:00,179.16,184.0,184.11,184.0,186.25,62.2,41,1d+1h+4h,0.867,False,nofill,0.0
2026-02-03 13:30:00-05:00,178.7,184.0,184.1,184.0,186.2,62.2,41,1d+1h+4h,0.95,False,nofill,0.0
2026-02-03 14:30:00-05:00,178.7,184.0,184.11,184.0,186.25,62.2,41,1d+1h+4h,0.95,False,nofill,0.0
2026-02-03 15:30:00-05:00,180.33,184.16,184.27,184.16,186.39,62.2,41,1d+1h+4h,0.686,False,nofill,0.0
2026-02-04 09:30:00-05:00,177.2,183.93,184.04,183.93,186.28,62.2,41,1d+1h+4h,1.164,False,nofill,0.0
2026-02-04 10:30:00-05:00,175.25,184.16,184.27,184.16,186.57,62.2,41,1d+1h+4h,1.54,False,nofill,0.0
2026-02-04 11:30:00-05:00,173.35,184.03,184.14,184.03,186.42,62.2,41,1d+1h+4h,1.845,False,nofill,0.0
2026-02-04 12:30:00-05:00,174.13,184.11,184.22,184.11,186.51,62.2,41,1d+1h+4h,1.725,False,nofill,0.0
2026-02-04 13:30:00-05:00,174.94,184.02,184.13,184.02,186.41,62.2,41,1d+1h+4h,1.569,False,nofill,0.0
2026-02-04 14:30:00-05:00,175.27,184.16,184.27,184.16,186.52,62.2,41,1d+1h+4h,1.536,False,nofill,0.0
2026-02-04 15:30:00-05:00,174.2,184.02,184.13,184.02,186.34,62.2,41,1d+1h+4h,1.697,False,nofill,0.0
2026-02-05 09:30:00-05:00,171.58,183.12,183.24,183.12,185.68,54.4,38,1d+1h+4h,1.994,False,nofill,0.0
2026-02-05 10:30:00-05:00,174.26,184.03,184.15,184.03,186.62,62.2,41,1d+1h+4h,1.689,False,nofill,0.0
2026-02-05 11:30:00-05:00,175.28,183.9,184.02,183.9,186.43,62.2,41,1d+1h+4h,1.489,False,nofill,0.0
2026-02-05 12:30:00-05:00,174.33,184.0,184.12,184.0,186.47,62.2,41,1d+1h+4h,1.671,False,nofill,0.0
2026-02-05 13:30:00-05:00,173.67,183.9,184.02,183.9,186.33,62.2,41,1d+1h+4h,1.768,False,nofill,0.0
2026-02-05 14:30:00-05:00,172.26,183.74,183.85,183.74,186.15,57.4,39,1d+1h+4h,1.984,True,scratch,-0.12245288033854163
2026-02-05 15:30:00-05:00,171.82,183.33,183.44,183.33,185.68,56.4,38,1d+1h+4h,1.989,True,scratch,-0.12098148621534355
2026-02-06 09:30:00-05:00,182.65,184.41,184.55,184.41,187.42,70.6,47,1d+1h+4h,0.272,True,scratch,-0.13768518401895413
2026-02-06 10:30:00-05:00,183.98,184.41,184.55,184.41,187.39,70.6,47,1d+1h+4h,0.066,True,scratch,-0.13695134264993802
2026-02-06 11:30:00-05:00,184.53,184.87,185.01,184.87,187.77,62.8,44,1d+1h+4h,0.053,True,scratch,-0.13462268818640322
2026-02-06 12:30:00-05:00,184.51,184.87,185.0,184.87,187.64,62.8,44,1d+1h+4h,0.056,True,scratch,-0.13114577677785233
2026-02-06 13:30:00-05:00,184.44,184.87,185.0,184.87,187.51,62.8,44,1d+1h+4h,0.066,True,scratch,-0.1277723934287045
2026-02-06 14:30:00-05:00,185.34,185.66,185.78,185.66,188.2,49.4,37,1d+1h+4h,0.05,True,scratch,-0.12514241230704437
2026-02-06 15:30:00-05:00,185.41,186.06,186.18,186.06,188.56,48.4,36,1d+1h+4h,0.101,True,target,1.2165709551832826
2026-02-09 09:30:00-05:00,190.66,191.05,191.19,191.05,194.09,30.2,21,1d+1h+4h,0.058,True,scratch,-0.1357292131081489
2026-02-09 10:30:00-05:00,191.82,193.9,194.04,193.9,196.84,28.4,16,1d+1h+4h,0.311,False,nofill,0.0
2026-02-09 11:30:00-05:00,191.59,193.9,194.03,193.9,196.72,28.4,16,1d+1h+4h,0.346,True,scratch,-0.12911903158318028
2026-02-09 12:30:00-05:00,190.99,193.9,194.03,193.9,196.61,29.4,17,1d+1h+4h,0.435,True,scratch,-0.12653678701396442
2026-02-09 13:30:00-05:00,191.01,193.9,194.02,193.9,196.48,29.4,17,1d+1h+4h,0.433,True,scratch,-0.12336690848326892
2026-02-09 14:30:00-05:00,189.9,191.05,191.2,191.05,194.13,30.2,21,1d+1h+4h,0.172,True,scratch,-0.13668812425629007
2026-02-09 15:30:00-05:00,189.79,191.05,191.19,191.05,193.98,30.2,21,1d+1h+4h,0.189,True,scratch,-0.13301327798423968
2026-02-10 09:30:00-05:00,189.17,191.36,191.51,191.36,194.41,27.4,19,1d+1h+4h,0.336,False,nofill,0.0
2026-02-10 10:30:00-05:00,189.12,191.46,191.6,191.46,194.4,27.4,19,1d+1h+4h,0.359,False,nofill,0.0
2026-02-10 11:30:00-05:00,189.69,191.36,191.49,191.36,194.19,27.4,19,1d+1h+4h,0.256,False,nofill,0.0
2026-02-10 12:30:00-05:00,189.24,191.46,191.59,191.46,194.18,27.4,19,1d+1h+4h,0.34,False,nofill,0.0
2026-02-10 13:30:00-05:00,189.22,191.46,191.58,191.46,194.03,27.4,19,1d+1h+4h,0.345,True,scratch,-0.12370887349464343
2026-02-10 14:30:00-05:00,189.1,189.44,189.56,189.44,191.91,32.0,24,1d+1h+4h,0.052,True,scratch,-0.1219261611033251
2026-02-10 15:30:00-05:00,188.61,189.06,189.17,189.06,191.43,32.2,23,1d+1h+4h,0.069,True,scratch,-0.11959965723820076
2026-02-11 09:30:00-05:00,188.92,189.44,189.56,189.44,191.99,30.2,23,1d+1h+4h,0.081,True,target,1.2200449553890547
2026-02-11 10:30:00-05:00,191.29,191.78,191.9,191.78,194.39,26.4,18,1d+1h+4h,0.076,True,scratch,-0.1248535371808357
2026-02-11 11:30:00-05:00,191.98,193.63,193.75,193.63,196.19,26.4,16,1d+1h+4h,0.258,False,nofill,0.0
2026-02-11 12:30:00-05:00,191.43,191.78,191.89,191.78,194.24,27.4,19,1d+1h+4h,0.054,True,scratch,-0.12111077004318682
2026-02-11 13:30:00-05:00,192.04,193.63,193.74,193.63,196.01,27.4,17,1d+1h+4h,0.248,False,nofill,0.0
2026-02-11 14:30:00-05:00,191.06,191.46,191.57,191.46,193.76,27.4,19,1d+1h+4h,0.063,True,scratch,-0.11715991161908024
2026-02-11 15:30:00-05:00,190.03,191.78,191.88,191.78,194.02,27.4,19,1d+1h+4h,0.273,True,scratch,-0.11559360573747401
2026-02-12 09:30:00-05:00,191.69,193.63,193.74,193.63,195.98,30.4,18,1d+1h+4h,0.301,False,nofill,0.0
2026-02-12 10:30:00-05:00,187.3,189.06,189.18,189.06,191.59,32.2,23,1d+1h+4h,0.273,True,scratch,-0.1235129676427471
2026-02-12 11:30:00-05:00,189.58,193.66,193.78,193.66,196.21,30.4,18,1d+1h+4h,0.635,False,nofill,0.0
2026-02-12 12:30:00-05:00,189.25,193.66,193.78,193.66,196.18,30.4,18,1d+1h+4h,0.685,False,nofill,0.0
2026-02-12 13:30:00-05:00,189.05,191.78,191.89,191.78,194.19,30.4,20,1d+1h+4h,0.423,False,nofill,0.0
2026-02-12 14:30:00-05:00,187.6,189.06,189.17,189.06,191.45,32.2,23,1d+1h+4h,0.227,False,nofill,0.0
2026-02-12 15:30:00-05:00,186.91,189.12,189.23,189.12,191.45,32.2,23,1d+1h+4h,0.343,False,nofill,0.0
2026-02-13 09:30:00-05:00,184.08,184.41,184.53,184.41,186.97,70.6,47,1d+1h+4h,0.051,True,scratch,-0.12610044501843998
2026-02-13 10:30:00-05:00,183.6,184.41,184.53,184.41,187.0,70.6,47,1d+1h+4h,0.127,True,scratch,-0.12694536955754065
2026-02-13 11:30:00-05:00,184.55,184.87,184.99,184.87,187.4,63.8,45,1d+1h+4h,0.05,False,nofill,0.0
2026-02-13 12:30:00-05:00,184.22,184.87,184.99,184.87,187.34,63.8,45,1d+1h+4h,0.102,False,nofill,0.0
2026-02-13 13:30:00-05:00,183.69,184.41,184.52,184.41,186.79,70.6,47,1d+1h+4h,0.112,False,nofill,0.0
2026-02-13 14:30:00-05:00,182.31,184.41,184.52,184.41,186.79,70.6,47,1d+1h+4h,0.328,False,nofill,0.0
2026-02-13 15:30:00-05:00,182.78,184.41,184.52,184.41,186.73,70.6,47,1d+1h+4h,0.253,True,scratch,-0.12003887327877161
2026-02-17 09:30:00-05:00,180.41,184.41,184.52,184.41,186.89,72.6,49,1d+1h+4h,0.614,True,scratch,-0.12394847469834325
2026-02-17 10:30:00-05:00,183.58,184.41,184.53,184.41,187.09,72.6,49,1d+1h+4h,0.127,True,scratch,-0.12924085566090593
2026-02-17 11:30:00-05:00,184.7,185.2,185.32,185.2,187.81,60.2,43,1d+1h+4h,0.076,True,scratch,-0.12702365760733914
2026-02-17 12:30:00-05:00,185.35,185.7,185.82,185.7,188.27,50.4,38,1d+1h+4h,0.054,True,scratch,-0.12567930545041017
2026-02-17 13:30:00-05:00,186.42,186.93,187.05,186.93,189.42,34.8,28,1d+1h+4h,0.079,True,scratch,-0.12335336027584631
2026-02-17 14:30:00-05:00,185.42,185.99,186.11,185.99,188.44,49.4,37,1d+1h+4h,0.087,True,target,1.1926819315570603
2026-02-17 15:30:00-05:00,184.98,185.55,185.66,185.55,187.91,57.4,41,1d+1h+4h,0.088,True,target,1.1498213599797413
2026-02-18 09:30:00-05:00,189.78,193.63,193.75,193.63,196.22,32.2,19,1d+1h+4h,0.6,False,nofill,0.0
2026-02-18 10:30:00-05:00,189.78,193.63,193.75,193.63,196.11,32.2,19,1d+1h+4h,0.6,False,nofill,0.0
2026-02-18 11:30:00-05:00,189.14,193.66,193.77,193.66,196.06,32.2,19,1d+1h+4h,0.703,False,nofill,0.0
2026-02-18 12:30:00-05:00,188.94,193.66,193.77,193.66,195.95,32.2,19,1d+1h+4h,0.734,False,nofill,0.0
2026-02-18 13:30:00-05:00,188.56,189.12,189.22,189.12,191.32,33.2,24,1d+1h+4h,0.086,False,nofill,0.0
2026-02-18 14:30:00-05:00,186.97,189.06,189.16,189.06,191.24,33.2,24,1d+1h+4h,0.325,False,nofill,0.0
2026-02-18 15:30:00-05:00,187.89,189.06,189.16,189.06,191.21,33.2,24,1d+1h+4h,0.182,False,nofill,0.0
2026-02-19 09:30:00-05:00,187.62,189.06,189.16,189.06,191.25,33.2,24,1d+1h+4h,0.234,False,nofill,0.0
2026-02-19 10:30:00-05:00,187.31,189.06,189.16,189.06,191.21,33.2,24,1d+1h+4h,0.284,False,nofill,0.0
2026-02-19 11:30:00-05:00,186.63,187.12,187.22,187.12,189.22,34.8,28,1d+1h+4h,0.079,False,nofill,0.0
2026-02-19 12:30:00-05:00,186.2,186.59,186.69,186.59,188.61,39.6,30,1d+1h+4h,0.063,True,scratch,-0.11136336258268376
2026-02-19 13:30:00-05:00,186.53,186.93,187.02,186.93,188.87,35.8,29,1d+1h+4h,0.065,True,scratch,-0.10932623490738091
2026-02-19 14:30:00-05:00,186.8,187.12,187.21,187.12,188.97,35.8,29,1d+1h+4h,0.053,True,scratch,-0.1070953305087996
2026-02-19 15:30:00-05:00,187.89,189.06,189.15,189.06,190.87,35.0,25,1d+1h+4h,0.19,True,scratch,-0.10558215159208739
2026-02-20 09:30:00-05:00,187.82,191.78,191.87,191.78,193.71,33.2,22,1d+1h+4h,0.656,False,nofill,0.0
2026-02-20 10:30:00-05:00,188.8,191.78,191.87,191.78,193.79,33.2,22,1d+1h+4h,0.493,False,nofill,0.0
2026-02-20 11:30:00-05:00,187.94,191.78,191.87,191.78,193.83,33.2,22,1d+1h+4h,0.635,False,nofill,0.0
2026-02-20 12:30:00-05:00,188.68,191.78,191.87,191.78,193.77,33.2,22,1d+1h+4h,0.513,False,nofill,0.0
2026-02-20 13:30:00-05:00,189.36,191.78,191.87,191.78,193.76,34.2,23,1d+1h+4h,0.399,True,scratch,-0.1092449733548273
2026-02-20 14:30:00-05:00,189.42,191.78,191.87,191.78,193.69,34.2,23,1d+1h+4h,0.39,True,scratch,-0.10749427623376606
2026-02-20 15:30:00-05:00,189.83,191.78,191.86,191.78,193.6,34.2,23,1d+1h+4h,0.322,True,scratch,-0.10527353819466123
2026-02-23 09:30:00-05:00,191.32,191.78,191.87,191.78,193.78,33.2,22,1d+1h+4h,0.077,False,nofill,0.0
2026-02-23 10:30:00-05:00,190.5,191.78,191.87,191.78,193.79,33.2,22,1d+1h+4h,0.216,False,nofill,0.0
2026-02-23 11:30:00-05:00,190.95,191.78,191.87,191.78,193.72,33.2,22,1d+1h+4h,0.139,False,nofill,0.0
2026-02-23 12:30:00-05:00,191.46,191.78,191.87,191.78,193.73,33.2,22,1d+1h+4h,0.053,False,nofill,0.0
2026-02-23 13:30:00-05:00,190.58,191.78,191.87,191.78,193.68,33.2,22,1d+1h+4h,0.202,True,scratch,-0.10718290844922151
2026-02-23 14:30:00-05:00,190.89,191.78,191.86,191.78,193.6,33.2,22,1d+1h+4h,0.15,True,scratch,-0.10522613370849143
2026-02-23 15:30:00-05:00,191.61,193.18,193.26,193.18,194.95,30.2,19,1d+1h+4h,0.265,True,scratch,-0.10353685259696377
2026-02-24 09:30:00-05:00,192.01,193.18,193.27,193.18,195.17,30.2,19,1d+1h+4h,0.196,True,scratch,-0.1090479300110192
2026-02-24 10:30:00-05:00,192.15,193.18,193.27,193.18,195.14,30.2,19,1d+1h+4h,0.173,True,scratch,-0.10837832210319753
2026-02-24 11:30:00-05:00,193.24,193.6,193.69,193.6,195.57,29.2,18,1d+1h+4h,0.061,False,nofill,0.0
2026-02-24 12:30:00-05:00,192.94,193.26,193.35,193.26,195.14,32.0,20,1d+1h+4h,0.054,True,target,0.8649641123607665
2026-02-24 13:30:00-05:00,192.43,193.21,193.29,193.21,195.02,32.0,20,1d+1h+4h,0.131,True,target,0.8334876011159897
2026-02-24 14:30:00-05:00,192.78,193.18,193.26,193.18,194.91,32.0,20,1d+1h+4h,0.066,True,target,0.7938189501673465
2026-02-24 15:30:00-05:00,192.87,193.18,193.26,193.18,194.87,32.0,20,1d+1h+4h,0.052,True,target,0.7738421931471118
2026-02-25 09:30:00-05:00,196.05,196.98,197.07,196.98,198.83,10.6,7,1d+1h+4h,0.159,True,scratch,-0.1046302350035
2026-02-25 10:30:00-05:00,196.34,196.98,197.07,196.98,198.78,10.6,7,1d+1h+4h,0.109,True,scratch,-0.10347011910506465
2026-02-25 14:30:00-05:00,196.9,198.72,198.8,198.72,200.32,6.6,5,1h+4h,0.312,False,nofill,0.0
2026-02-25 15:30:00-05:00,195.88,196.98,197.06,196.98,198.59,11.6,8,1d+1h+4h,0.188,False,nofill,0.0
2026-02-26 09:30:00-05:00,186.1,186.56,186.67,186.56,188.83,42.4,32,1d+1h+4h,0.074,True,scratch,-0.11776022661672547
2026-02-26 10:30:00-05:00,187.82,189.06,189.17,189.06,191.42,36.0,26,1d+1h+4h,0.198,False,nofill,0.0
2026-02-26 11:30:00-05:00,187.58,189.06,189.17,189.06,191.41,36.0,26,1d+1h+4h,0.238,False,nofill,0.0
2026-02-26 12:30:00-05:00,185.36,186.03,186.15,186.03,188.45,53.2,40,1d+1h+4h,0.108,True,scratch,-0.12195283118001665
2026-02-26 13:30:00-05:00,185.3,186.03,186.14,186.03,188.42,54.2,41,1d+1h+4h,0.117,False,nofill,0.0
2026-02-26 14:30:00-05:00,184.69,185.2,185.31,185.2,187.53,62.2,45,1d+1h+4h,0.082,True,scratch,-0.11991245301377074
2026-02-26 15:30:00-05:00,184.9,185.22,185.32,185.22,187.47,62.2,45,1d+1h+4h,0.051,False,nofill,0.0
2026-02-27 09:30:00-05:00,181.84,184.41,184.52,184.41,186.9,72.6,49,1d+1h+4h,0.401,False,nofill,0.0
2026-02-27 10:30:00-05:00,181.02,184.41,184.52,184.41,186.82,72.6,49,1d+1h+4h,0.528,False,nofill,0.0
2026-02-27 11:30:00-05:00,179.92,184.41,184.52,184.41,186.83,72.6,49,1d+1h+4h,0.701,False,nofill,0.0
2026-02-27 12:30:00-05:00,178.97,184.41,184.52,184.41,186.78,72.6,49,1d+1h+4h,0.848,False,nofill,0.0
2026-02-27 13:30:00-05:00,178.66,184.41,184.51,184.41,186.7,72.6,49,1d+1h+4h,0.896,False,nofill,0.0
2026-02-27 14:30:00-05:00,178.9,184.41,184.51,184.41,186.63,72.6,49,1d+1h+4h,0.859,False,nofill,0.0
2026-02-27 15:30:00-05:00,177.16,184.41,184.51,184.41,186.67,72.6,49,1d+1h+4h,1.131,False,nofill,0.0
2026-03-02 09:30:00-05:00,180.5,184.41,184.53,184.41,187.01,74.6,51,1d+1h+4h,0.594,False,nofill,0.0
2026-03-02 10:30:00-05:00,180.92,184.41,184.53,184.41,186.96,74.6,51,1d+1h+4h,0.53,False,nofill,0.0
2026-03-02 11:30:00-05:00,183.06,184.41,184.53,184.41,186.97,74.6,51,1d+1h+4h,0.204,False,nofill,0.0
2026-03-02 12:30:00-05:00,182.45,184.41,184.52,184.41,186.85,74.6,51,1d+1h+4h,0.298,False,nofill,0.0
2026-03-02 13:30:00-05:00,182.64,184.41,184.52,184.41,186.75,74.6,51,1d+1h+4h,0.268,False,nofill,0.0
2026-03-02 14:30:00-05:00,182.15,184.41,184.51,184.41,186.69,75.6,52,1d+1h+4h,0.343,False,nofill,0.0
2026-03-02 15:30:00-05:00,182.36,184.41,184.51,184.41,186.59,75.6,52,1d+1h+4h,0.311,False,nofill,0.0
2026-03-03 09:30:00-05:00,177.77,184.41,184.52,184.41,186.78,75.6,52,1d+1h+4h,1.02,False,nofill,0.0
2026-03-03 10:30:00-05:00,179.32,184.41,184.52,184.41,186.84,75.6,52,1d+1h+4h,0.782,False,nofill,0.0
2026-03-03 11:30:00-05:00,180.1,184.41,184.52,184.41,186.8,75.6,52,1d+1h+4h,0.661,False,nofill,0.0
2026-03-03 12:30:00-05:00,180.15,184.41,184.52,184.41,186.73,75.6,52,1d+1h+4h,0.654,False,nofill,0.0
2026-03-03 13:30:00-05:00,179.55,184.41,184.51,184.41,186.67,75.6,52,1d+1h+4h,0.746,False,nofill,0.0
2026-03-03 14:30:00-05:00,180.2,184.41,184.51,184.41,186.64,75.6,52,1d+1h+4h,0.646,False,nofill,0.0
2026-03-03 15:30:00-05:00,179.99,184.41,184.51,184.41,186.53,75.6,52,1d+1h+4h,0.679,False,nofill,0.0
2026-03-04 09:30:00-05:00,183.47,184.41,184.51,184.41,186.65,73.6,50,1d+1h+4h,0.147,False,nofill,0.0
2026-03-04 10:30:00-05:00,182.4,184.41,184.51,184.41,186.62,73.6,50,1d+1h+4h,0.315,True,scratch,-0.11723813358074375
2026-03-04 11:30:00-05:00,182.48,184.41,184.51,184.41,186.53,73.6,50,1d+1h+4h,0.301,True,scratch,-0.11474415963180773
2026-03-04 12:30:00-05:00,183.05,184.41,184.5,184.41,186.46,73.6,50,1d+1h+4h,0.213,True,scratch,-0.11309682820492828
2026-03-04 13:30:00-05:00,184.3,184.87,184.97,184.87,186.91,66.8,48,1d+1h+4h,0.089,False,nofill,0.0
2026-03-04 14:30:00-05:00,183.07,184.41,184.5,184.41,186.43,73.6,50,1d+1h+4h,0.21,False,nofill,0.0
2026-03-04 15:30:00-05:00,182.9,184.41,184.5,184.41,186.34,73.6,50,1d+1h+4h,0.236,False,nofill,0.0
2026-03-05 09:30:00-05:00,181.7,184.41,184.5,184.41,186.36,74.6,51,1d+1h+4h,0.426,False,nofill,0.0
2026-03-05 10:30:00-05:00,182.78,184.41,184.5,184.41,186.46,74.6,51,1d+1h+4h,0.256,False,nofill,0.0
2026-03-05 11:30:00-05:00,181.07,184.41,184.51,184.41,186.52,74.6,51,1d+1h+4h,0.525,False,nofill,0.0
2026-03-05 12:30:00-05:00,178.88,184.41,184.51,184.41,186.62,74.6,51,1d+1h+4h,0.869,False,nofill,0.0
2026-03-05 13:30:00-05:00,180.73,184.41,184.51,184.41,186.63,74.6,51,1d+1h+4h,0.578,False,nofill,0.0
2026-03-05 14:30:00-05:00,181.88,184.41,184.51,184.41,186.66,74.6,51,1d+1h+4h,0.398,False,nofill,0.0
2026-03-05 15:30:00-05:00,183.33,184.41,184.51,184.41,186.62,74.6,51,1d+1h+4h,0.169,False,nofill,0.0
2026-03-06 09:30:00-05:00,181.82,184.41,184.52,184.41,186.74,76.4,52,1d+1h+4h,0.406,False,nofill,0.0
2026-03-06 10:30:00-05:00,181.71,184.41,184.51,184.41,186.69,76.4,52,1d+1h+4h,0.423,False,nofill,0.0
2026-03-06 11:30:00-05:00,181.14,184.41,184.51,184.41,186.64,76.4,52,1d+1h+4h,0.513,False,nofill,0.0
2026-03-06 12:30:00-05:00,181.46,184.41,184.51,184.41,186.57,76.4,52,1d+1h+4h,0.462,False,nofill,0.0
2026-03-06 13:30:00-05:00,180.53,184.41,184.51,184.41,186.54,76.4,52,1d+1h+4h,0.609,False,nofill,0.0
2026-03-06 14:30:00-05:00,177.13,184.41,184.51,184.41,186.67,76.4,52,1d+1h+4h,1.143,False,nofill,0.0
2026-03-06 15:30:00-05:00,177.73,184.41,184.51,184.41,186.63,76.4,52,1d+1h+4h,1.048,False,nofill,0.0
2026-03-09 09:30:00-04:00,178.11,184.41,184.51,184.41,186.69,80.4,54,1d+1h+4h,0.978,False,nofill,0.0
2026-03-09 10:30:00-04:00,179.18,184.41,184.51,184.41,186.64,80.4,54,1d+1h+4h,0.811,False,nofill,0.0
2026-03-09 11:30:00-04:00,180.49,184.41,184.51,184.41,186.62,80.4,54,1d+1h+4h,0.608,False,nofill,0.0
2026-03-09 12:30:00-04:00,179.39,184.41,184.51,184.41,186.59,80.4,54,1d+1h+4h,0.779,False,nofill,0.0
2026-03-09 13:30:00-04:00,179.91,184.41,184.51,184.41,186.52,80.4,54,1d+1h+4h,0.698,False,nofill,0.0
2026-03-09 14:30:00-04:00,182.03,184.41,184.51,184.41,186.58,80.4,54,1d+1h+4h,0.37,True,scratch,-0.11604786300587477
2026-03-09 15:30:00-04:00,182.68,184.41,184.51,184.41,186.53,80.4,54,1d+1h+4h,0.268,True,scratch,-0.11486815281094298
2026-03-10 09:30:00-04:00,184.04,184.41,184.51,184.41,186.55,77.4,51,1d+1h+4h,0.057,True,scratch,-0.11523225007086246
2026-03-10 10:30:00-04:00,185.95,186.33,186.43,186.33,188.5,42.8,32,1d+1h+4h,0.06,False,nofill,0.0
2026-03-10 11:30:00-04:00,185.31,185.66,185.76,185.66,187.76,58.2,43,1d+1h+4h,0.056,True,scratch,-0.11369210101274119
2026-03-10 12:30:00-04:00,186.14,186.59,186.69,186.59,188.61,42.4,32,1d+1h+4h,0.072,False,nofill,0.0
2026-03-10 13:30:00-04:00,184.89,185.22,185.31,185.22,187.25,69.0,49,1d+1h+4h,0.052,True,scratch,-0.11210409184612136
2026-03-10 14:30:00-04:00,184.4,184.87,184.96,184.87,186.85,70.8,50,1d+1h+4h,0.075,True,target,0.958067605113655
2026-03-10 15:30:00-04:00,184.76,185.2,185.29,185.2,187.16,69.0,49,1d+1h+4h,0.07,True,scratch,-0.1102274859662078
2026-03-11 09:30:00-04:00,186.91,187.23,187.33,187.23,189.26,36.8,30,1d+1h+4h,0.053,False,nofill,0.0
2026-03-11 10:30:00-04:00,185.08,185.55,185.65,185.55,187.58,58.2,43,1d+1h+4h,0.078,True,scratch,-0.11194239052055854
2026-03-11 11:30:00-04:00,185.56,185.91,186.0,185.91,187.86,55.0,43,1d+1h+4h,0.058,True,scratch,-0.10999309888556352
2026-03-11 12:30:00-04:00,185.61,185.94,186.03,185.94,187.81,55.0,43,1d+1h+4h,0.054,True,scratch,-0.10798800152814758
2026-03-11 13:30:00-04:00,185.15,185.55,185.64,185.55,187.39,58.2,43,1d+1h+4h,0.065,True,scratch,-0.10705579122619602
2026-03-11 14:30:00-04:00,185.36,185.72,185.8,185.72,187.48,55.2,42,1d+1h+4h,0.059,True,scratch,-0.1050381675751666
2026-03-11 15:30:00-04:00,186.01,186.34,186.42,186.34,188.03,40.8,32,1d+1h+4h,0.054,False,nofill,0.0
2026-03-12 09:30:00-04:00,182.08,184.27,184.36,184.27,186.14,78.6,53,1d+1h+4h,0.368,True,scratch,-0.10825846123266869
2026-03-12 10:30:00-04:00,182.88,184.27,184.36,184.27,186.1,78.6,53,1d+1h+4h,0.234,True,scratch,-0.10715330247125232
2026-03-12 11:30:00-04:00,184.26,184.7,184.79,184.7,186.56,70.6,49,1d+1h+4h,0.074,False,nofill,0.0
2026-03-12 12:30:00-04:00,183.76,184.27,184.36,184.27,186.08,78.6,53,1d+1h+4h,0.086,False,nofill,0.0
2026-03-12 13:30:00-04:00,183.56,184.27,184.35,184.27,186.03,78.6,53,1d+1h+4h,0.12,True,scratch,-0.10547832955133396
2026-03-12 14:30:00-04:00,183.44,184.27,184.35,184.27,185.97,78.6,53,1d+1h+4h,0.14,True,scratch,-0.10385564394106428
2026-03-12 15:30:00-04:00,183.01,184.27,184.35,184.27,185.92,78.6,53,1d+1h+4h,0.212,True,scratch,-0.10256151262268975
2026-03-13 09:30:00-04:00,183.92,184.27,184.35,184.27,186.03,78.6,53,1d+1h+4h,0.058,False,nofill,0.0
2026-03-13 10:30:00-04:00,181.88,184.27,184.36,184.27,186.1,78.6,53,1d+1h+4h,0.401,False,nofill,0.0
2026-03-13 11:30:00-04:00,181.14,184.27,184.36,184.27,186.08,78.6,53,1d+1h+4h,0.525,False,nofill,0.0
2026-03-13 12:30:00-04:00,181.54,184.27,184.35,184.27,186.02,78.6,53,1d+1h+4h,0.458,False,nofill,0.0
2026-03-13 13:30:00-04:00,180.54,184.27,184.35,184.27,186.01,78.6,53,1d+1h+4h,0.625,True,scratch,-0.10492895008283876
2026-03-13 14:30:00-04:00,180.7,184.27,184.35,184.27,185.95,78.6,53,1d+1h+4h,0.599,True,scratch,-0.10338419586091163
2026-03-13 15:30:00-04:00,180.26,184.27,184.35,184.27,185.9,78.6,53,1d+1h+4h,0.672,True,scratch,-0.10199812275802911
2026-03-16 09:30:00-04:00,184.07,184.41,184.49,184.41,186.28,75.4,51,1d+1h+4h,0.055,True,scratch,-0.1082229540294466
2026-03-16 10:30:00-04:00,184.73,185.2,185.29,185.2,187.06,70.0,50,1d+1h+4h,0.077,True,scratch,-0.1076961565621426
2026-03-16 11:30:00-04:00,183.9,184.27,184.36,184.27,186.09,78.6,53,1d+1h+4h,0.061,True,scratch,-0.10704846619374875
2026-03-16 12:30:00-04:00,184.76,185.2,185.29,185.2,186.99,70.0,50,1d+1h+4h,0.072,True,scratch,-0.10592344339487303
2026-03-16 13:30:00-04:00,184.94,185.55,185.63,185.55,187.31,65.2,46,1d+1h+4h,0.1,True,scratch,-0.1049845198254129
2026-03-16 14:30:00-04:00,181.83,184.27,184.37,184.27,186.44,78.6,53,1d+1h+4h,0.396,True,scratch,-0.11597519844096515
2026-03-16 15:30:00-04:00,183.13,184.27,184.37,184.27,186.45,78.6,53,1d+1h+4h,0.185,True,scratch,-0.11632161752784809
2026-03-17 09:30:00-04:00,183.09,184.27,184.38,184.27,186.56,78.6,53,1d+1h+4h,0.197,False,nofill,0.0
2026-03-17 10:30:00-04:00,182.44,184.27,184.37,184.27,186.48,78.6,53,1d+1h+4h,0.307,False,nofill,0.0
2026-03-17 11:30:00-04:00,182.7,184.27,184.37,184.27,186.43,78.6,53,1d+1h+4h,0.263,False,nofill,0.0
2026-03-17 12:30:00-04:00,182.41,184.27,184.37,184.27,186.36,78.6,53,1d+1h+4h,0.311,False,nofill,0.0
2026-03-17 13:30:00-04:00,183.04,184.27,184.36,184.27,186.29,78.6,53,1d+1h+4h,0.206,False,nofill,0.0
2026-03-17 14:30:00-04:00,182.64,184.27,184.36,184.27,186.23,78.6,53,1d+1h+4h,0.273,False,nofill,0.0
2026-03-17 15:30:00-04:00,181.96,184.27,184.36,184.27,186.17,78.6,53,1d+1h+4h,0.387,False,nofill,0.0
2026-03-18 09:30:00-04:00,182.28,184.27,184.36,184.27,186.23,77.6,52,1d+1h+4h,0.345,False,nofill,0.0
2026-03-18 10:30:00-04:00,182.54,184.27,184.36,184.27,186.2,77.6,52,1d+1h+4h,0.3,False,nofill,0.0
2026-03-18 11:30:00-04:00,182.74,184.27,184.36,184.27,186.1,77.6,52,1d+1h+4h,0.265,False,nofill,0.0
2026-03-18 12:30:00-04:00,182.07,184.27,184.35,184.27,186.04,77.6,52,1d+1h+4h,0.382,False,nofill,0.0
2026-03-18 13:30:00-04:00,182.32,184.27,184.35,184.27,186.01,77.6,52,1d+1h+4h,0.339,False,nofill,0.0
2026-03-18 14:30:00-04:00,181.24,184.27,184.35,184.27,186.0,77.6,52,1d+1h+4h,0.525,False,nofill,0.0
2026-03-18 15:30:00-04:00,180.35,184.27,184.35,184.27,185.96,77.6,52,1d+1h+4h,0.68,False,nofill,0.0
2026-03-19 09:30:00-04:00,177.59,184.27,184.36,184.27,186.18,73.8,49,1d+1h+4h,1.176,False,nofill,0.0
2026-03-19 10:30:00-04:00,178.23,184.27,184.36,184.27,186.15,73.8,49,1d+1h+4h,1.063,False,nofill,0.0
2026-03-19 11:30:00-04:00,178.78,184.27,184.36,184.27,186.11,73.8,49,1d+1h+4h,0.966,False,nofill,0.0
2026-03-19 12:30:00-04:00,178.54,184.27,184.36,184.27,186.08,73.8,49,1d+1h+4h,1.008,False,nofill,0.0
2026-03-19 13:30:00-04:00,178.97,184.27,184.35,184.27,186.05,73.8,49,1d+1h+4h,0.933,False,nofill,0.0
2026-03-19 14:30:00-04:00,179.14,184.27,184.35,184.27,186.06,73.8,49,1d+1h+4h,0.904,False,nofill,0.0
2026-03-19 15:30:00-04:00,178.5,184.27,184.35,184.27,186.03,73.8,49,1d+1h+4h,1.016,False,nofill,0.0
2026-03-20 09:30:00-04:00,175.74,184.27,184.36,184.27,186.13,77.6,52,1d+1h+4h,1.482,False,nofill,0.0
2026-03-20 10:30:00-04:00,175.7,184.27,184.36,184.27,186.09,77.6,52,1d+1h+4h,1.488,False,nofill,0.0
2026-03-20 11:30:00-04:00,175.99,184.27,184.35,184.27,186.03,77.6,52,1d+1h+4h,1.438,False,nofill,0.0
2026-03-20 12:30:00-04:00,175.07,184.27,184.35,184.27,185.98,77.6,52,1d+1h+4h,1.597,False,nofill,0.0
2026-03-20 13:30:00-04:00,174.26,184.27,184.35,184.27,185.94,77.6,52,1d+1h+4h,1.738,False,nofill,0.0
2026-03-20 14:30:00-04:00,172.43,183.93,184.01,183.93,185.63,73.0,49,1d+1h+4h,1.996,False,nofill,0.0
2026-03-20 15:30:00-04:00,173.0,184.27,184.35,184.27,185.94,77.6,52,1d+1h+4h,1.956,False,nofill,0.0
2026-03-23 09:30:00-04:00,177.88,184.27,184.36,184.27,186.22,76.6,51,1d+1h+4h,1.111,False,nofill,0.0
2026-03-23 10:30:00-04:00,177.58,184.27,184.36,184.27,186.16,76.6,51,1d+1h+4h,1.163,False,nofill,0.0
2026-03-23 11:30:00-04:00,174.81,184.27,184.36,184.27,186.25,76.6,51,1d+1h+4h,1.644,False,nofill,0.0
2026-03-23 12:30:00-04:00,175.3,184.27,184.36,184.27,186.19,76.6,51,1d+1h+4h,1.56,False,nofill,0.0
2026-03-23 13:30:00-04:00,176.1,184.27,184.36,184.27,186.14,76.6,51,1d+1h+4h,1.419,False,nofill,0.0
2026-03-23 14:30:00-04:00,176.23,184.27,184.35,184.27,186.07,76.6,51,1d+1h+4h,1.397,False,nofill,0.0
2026-03-23 15:30:00-04:00,175.51,184.27,184.35,184.27,186.03,76.6,51,1d+1h+4h,1.523,False,nofill,0.0
2026-03-24 09:30:00-04:00,174.25,184.16,184.24,184.16,185.94,73.0,49,1d+1h+4h,1.801,False,nofill,0.0
2026-03-24 10:30:00-04:00,175.62,184.16,184.25,184.16,185.97,73.0,49,1d+1h+4h,1.553,False,nofill,0.0
2026-03-24 11:30:00-04:00,175.32,183.88,183.96,183.88,185.63,73.0,49,1d+1h+4h,1.555,False,nofill,0.0
2026-03-24 12:30:00-04:00,174.71,184.03,184.11,184.03,185.74,73.0,49,1d+1h+4h,1.694,False,nofill,0.0
2026-03-24 13:30:00-04:00,175.42,183.9,183.98,183.9,185.58,73.0,49,1d+1h+4h,1.541,False,nofill,0.0
2026-03-24 14:30:00-04:00,175.52,184.16,184.24,184.16,185.78,73.0,49,1d+1h+4h,1.571,False,nofill,0.0
2026-03-24 15:30:00-04:00,175.31,183.88,183.95,183.88,185.45,73.0,49,1d+1h+4h,1.558,False,nofill,0.0
2026-03-25 09:30:00-04:00,180.06,184.03,184.12,184.03,185.86,73.0,49,1d+1h+4h,0.717,False,nofill,0.0
2026-03-25 10:30:00-04:00,180.0,183.93,184.02,183.93,185.78,73.0,49,1d+1h+4h,0.71,False,nofill,0.0
2026-03-25 11:30:00-04:00,179.12,184.16,184.25,184.16,185.98,73.0,49,1d+1h+4h,0.91,False,nofill,0.0
2026-03-25 12:30:00-04:00,178.93,184.03,184.11,184.03,185.78,73.0,49,1d+1h+4h,0.921,False,nofill,0.0
2026-03-25 13:30:00-04:00,179.02,184.03,184.11,184.03,185.72,73.0,49,1d+1h+4h,0.905,False,nofill,0.0
2026-03-25 14:30:00-04:00,178.6,183.9,183.98,183.9,185.57,73.0,49,1d+1h+4h,0.957,False,nofill,0.0
2026-03-25 15:30:00-04:00,178.67,183.93,184.01,183.93,185.55,73.0,49,1d+1h+4h,0.95,False,nofill,0.0
2026-03-26 09:30:00-04:00,174.82,184.27,184.35,184.27,186.06,73.8,49,1d+1h+4h,1.664,False,nofill,0.0
2026-03-26 10:30:00-04:00,174.07,184.27,184.36,184.27,186.09,73.8,49,1d+1h+4h,1.796,False,nofill,0.0
2026-03-26 11:30:00-04:00,173.78,184.27,184.35,184.27,186.05,73.8,49,1d+1h+4h,1.848,False,nofill,0.0
2026-03-26 12:30:00-04:00,173.54,184.27,184.35,184.27,185.97,73.8,49,1d+1h+4h,1.889,False,nofill,0.0
2026-03-26 13:30:00-04:00,172.1,183.44,183.52,183.44,185.16,67.2,46,1d+1h+4h,1.998,False,nofill,0.0
2026-03-26 14:30:00-04:00,172.12,183.48,183.56,183.48,185.15,68.2,47,1d+1h+4h,1.999,False,nofill,0.0
2026-03-26 15:30:00-04:00,171.23,179.83,179.91,179.83,181.45,60.8,44,1d+1h+4h,1.514,False,nofill,0.0
2026-03-27 09:30:00-04:00,167.85,178.92,179.0,178.92,180.69,58.8,42,1d+1h+4h,1.986,False,nofill,0.0
2026-03-27 10:30:00-04:00,169.57,179.85,179.93,179.85,181.64,59.8,43,1d+1h+4h,1.844,False,nofill,0.0
2026-03-27 11:30:00-04:00,168.82,179.85,179.93,179.85,181.6,59.8,43,1d+1h+4h,1.978,False,nofill,0.0
2026-03-27 12:30:00-04:00,167.84,178.92,179.0,178.92,180.66,58.8,42,1d+1h+4h,1.987,False,nofill,0.0
2026-03-27 13:30:00-04:00,168.0,178.92,179.0,178.92,180.58,58.8,42,1d+1h+4h,1.959,False,nofill,0.0
2026-03-27 14:30:00-04:00,167.43,178.48,178.56,178.48,180.1,53.4,37,1d+1h+4h,1.982,False,nofill,0.0
2026-03-27 15:30:00-04:00,167.46,178.59,178.66,178.59,180.16,54.2,39,1d+1h+4h,1.996,False,nofill,0.0
2026-03-30 09:30:00-04:00,166.91,177.62,177.7,177.62,179.33,47.8,33,1d+1h+4h,1.931,False,nofill,0.0
2026-03-30 10:30:00-04:00,167.0,178.08,178.16,178.08,179.81,49.4,35,1d+1h+4h,1.997,False,nofill,0.0
2026-03-30 11:30:00-04:00,166.48,177.56,177.64,177.56,179.29,47.8,33,1d+1h+4h,1.999,False,nofill,0.0
2026-03-30 12:30:00-04:00,165.88,175.56,175.64,175.56,177.25,42.0,30,1d+1h+4h,1.746,False,nofill,0.0
2026-03-30 13:30:00-04:00,165.7,175.57,175.65,175.57,177.21,42.0,30,1d+1h+4h,1.781,False,nofill,0.0
2026-03-30 14:30:00-04:00,164.46,173.98,174.06,173.98,175.63,41.8,29,1d+1h+4h,1.716,False,nofill,0.0
2026-03-30 15:30:00-04:00,165.06,175.57,175.65,175.57,177.2,42.0,30,1d+1h+4h,1.895,False,nofill,0.0
2026-03-31 09:30:00-04:00,170.98,179.77,179.86,179.77,181.73,64.8,46,1d+1h+4h,1.509,False,nofill,0.0
2026-03-31 10:30:00-04:00,170.3,179.77,179.86,179.77,181.73,64.8,46,1d+1h+4h,1.625,False,nofill,0.0
2026-03-31 11:30:00-04:00,171.05,179.77,179.86,179.77,181.7,64.8,46,1d+1h+4h,1.497,False,nofill,0.0
2026-03-31 12:30:00-04:00,173.28,184.27,184.37,184.27,186.3,78.6,53,1d+1h+4h,1.888,False,nofill,0.0
2026-03-31 13:30:00-04:00,173.26,184.27,184.36,184.27,186.26,78.6,53,1d+1h+4h,1.89,False,nofill,0.0
2026-03-31 14:30:00-04:00,173.94,184.27,184.36,184.27,186.22,78.6,53,1d+1h+4h,1.775,False,nofill,0.0
2026-03-31 15:30:00-04:00,174.38,184.27,184.36,184.27,186.13,78.6,53,1d+1h+4h,1.698,False,nofill,0.0
2026-04-01 09:30:00-04:00,176.2,184.03,184.12,184.03,185.93,73.0,49,1d+1h+4h,1.393,False,nofill,0.0
2026-04-01 10:30:00-04:00,176.48,184.11,184.2,184.11,185.99,73.0,49,1d+1h+4h,1.357,False,nofill,0.0
2026-04-01 11:30:00-04:00,177.1,184.16,184.25,184.16,185.98,73.0,49,1d+1h+4h,1.256,False,nofill,0.0
2026-04-01 12:30:00-04:00,176.66,184.03,184.11,184.03,185.76,73.0,49,1d+1h+4h,1.31,False,nofill,0.0
2026-04-01 13:30:00-04:00,175.08,184.11,184.19,184.11,185.86,73.0,49,1d+1h+4h,1.607,False,nofill,0.0
2026-04-01 14:30:00-04:00,176.01,184.0,184.08,184.0,185.74,73.0,49,1d+1h+4h,1.422,False,nofill,0.0
2026-04-01 15:30:00-04:00,175.8,183.93,184.01,183.93,185.6,73.0,49,1d+1h+4h,1.447,False,nofill,0.0
2026-04-02 09:30:00-04:00,174.04,183.84,183.93,183.84,185.72,73.0,49,1d+1h+4h,1.732,False,nofill,0.0
2026-04-02 10:30:00-04:00,176.68,183.9,183.99,183.9,185.89,73.0,49,1d+1h+4h,1.277,False,nofill,0.0
2026-04-02 11:30:00-04:00,176.12,184.03,184.12,184.03,185.97,73.0,49,1d+1h+4h,1.398,False,nofill,0.0
2026-04-02 12:30:00-04:00,176.78,184.0,184.09,184.0,185.89,73.0,49,1d+1h+4h,1.278,False,nofill,0.0
2026-04-02 13:30:00-04:00,176.54,184.0,184.09,184.0,185.83,73.0,49,1d+1h+4h,1.319,False,nofill,0.0
2026-04-02 14:30:00-04:00,176.9,184.0,184.08,184.0,185.77,73.0,49,1d+1h+4h,1.255,False,nofill,0.0
2026-04-02 15:30:00-04:00,177.4,183.9,183.98,183.9,185.59,73.0,49,1d+1h+4h,1.15,False,nofill,0.0
2026-04-06 09:30:00-04:00,176.78,184.0,184.08,184.0,185.72,73.0,49,1d+1h+4h,1.338,False,nofill,0.0
2026-04-06 10:30:00-04:00,176.49,183.88,183.96,183.88,185.54,73.0,49,1d+1h+4h,1.371,False,nofill,0.0
2026-04-06 11:30:00-04:00,177.16,183.9,183.98,183.9,185.52,73.0,49,1d+1h+4h,1.25,False,nofill,0.0
2026-04-06 12:30:00-04:00,176.94,184.11,184.19,184.11,185.72,73.0,49,1d+1h+4h,1.33,False,nofill,0.0
2026-04-06 13:30:00-04:00,176.98,184.11,184.18,184.11,185.67,73.0,49,1d+1h+4h,1.321,False,nofill,0.0
2026-04-06 14:30:00-04:00,177.22,184.11,184.18,184.11,185.61,73.0,49,1d+1h+4h,1.277,False,nofill,0.0
2026-04-06 15:30:00-04:00,177.64,183.9,183.97,183.9,185.34,73.0,49,1d+1h+4h,1.16,False,nofill,0.0
2026-04-07 09:30:00-04:00,175.08,184.02,184.09,184.02,185.59,73.0,49,1d+1h+4h,1.675,False,nofill,0.0
2026-04-07 10:30:00-04:00,175.01,184.0,184.07,184.0,185.57,73.0,49,1d+1h+4h,1.685,False,nofill,0.0
2026-04-07 11:30:00-04:00,175.41,184.02,184.09,184.02,185.57,73.0,49,1d+1h+4h,1.614,False,nofill,0.0
2026-04-07 12:30:00-04:00,175.39,184.02,184.09,184.02,185.51,73.0,49,1d+1h+4h,1.617,False,nofill,0.0
2026-04-07 13:30:00-04:00,175.7,184.11,184.18,184.11,185.56,73.0,49,1d+1h+4h,1.576,True,scratch,-0.09746643295649449
2026-04-07 14:30:00-04:00,176.29,183.9,183.97,183.9,185.39,73.0,49,1d+1h+4h,1.426,True,scratch,-0.09849481773093194
2026-04-07 15:30:00-04:00,178.1,183.9,183.97,183.9,185.44,73.0,49,1d+1h+4h,1.088,True,scratch,-0.09986614499456481
2026-04-08 09:30:00-04:00,181.8,184.16,184.25,184.16,186.13,73.0,49,1d+1h+4h,0.432,False,nofill,0.0
2026-04-08 10:30:00-04:00,181.3,184.02,184.11,184.02,185.97,73.0,49,1d+1h+4h,0.498,False,nofill,0.0
2026-04-08 11:30:00-04:00,181.45,184.02,184.11,184.02,185.9,73.0,49,1d+1h+4h,0.47,False,nofill,0.0
2026-04-08 12:30:00-04:00,181.44,184.0,184.08,184.0,185.78,74.0,50,1d+1h+4h,0.468,False,nofill,0.0
2026-04-08 13:30:00-04:00,181.7,184.11,184.19,184.11,185.82,74.0,50,1d+1h+4h,0.441,False,nofill,0.0
2026-04-08 14:30:00-04:00,181.7,184.11,184.19,184.11,185.77,74.0,50,1d+1h+4h,0.44,False,nofill,0.0
2026-04-08 15:30:00-04:00,182.1,183.9,183.98,183.9,185.49,74.0,50,1d+1h+4h,0.329,False,nofill,0.0
2026-04-09 09:30:00-04:00,181.62,183.93,184.01,183.93,185.53,74.0,50,1d+1h+4h,0.433,False,nofill,0.0
2026-04-09 10:30:00-04:00,182.84,184.02,184.1,184.02,185.67,74.0,50,1d+1h+4h,0.222,False,nofill,0.0
2026-04-09 11:30:00-04:00,183.54,183.93,184.01,183.93,185.55,74.0,50,1d+1h+4h,0.074,False,nofill,0.0
2026-04-09 12:30:00-04:00,183.46,183.93,184.0,183.93,185.5,74.0,50,1d+1h+4h,0.088,True,target,0.7509153374338551
2026-04-09 13:30:00-04:00,183.1,184.11,184.18,184.11,185.62,75.8,51,1d+1h+4h,0.19,True,target,0.7209394942669256
2026-04-09 14:30:00-04:00,183.64,183.93,184.0,183.93,185.4,75.8,51,1d+1h+4h,0.054,True,target,0.7011767617910891
2026-04-09 15:30:00-04:00,183.85,184.16,184.23,184.16,185.56,73.8,49,1d+1h+4h,0.058,True,target,0.66453794263861
2026-04-10 09:30:00-04:00,187.82,189.33,189.41,189.33,190.94,37.8,27,1d+1h+4h,0.28,True,scratch,-0.10037025313028858
2026-04-10 10:30:00-04:00,189.48,193.18,193.26,193.18,194.84,31.0,19,1d+1h+4h,0.688,False,nofill,0.0
2026-04-10 11:30:00-04:00,188.45,189.33,189.41,189.33,190.99,37.8,27,1d+1h+4h,0.163,True,scratch,-0.10157665123962101
2026-04-10 12:30:00-04:00,188.15,189.33,189.41,189.33,190.92,37.8,27,1d+1h+4h,0.22,True,scratch,-0.0999065327294879
2026-04-10 13:30:00-04:00,188.58,189.33,189.4,189.33,190.88,38.8,28,1d+1h+4h,0.139,True,scratch,-0.09901497431493711
2026-04-10 14:30:00-04:00,189.39,190.11,190.18,190.11,191.65,32.0,24,1d+1h+4h,0.134,False,nofill,0.0
2026-04-10 15:30:00-04:00,188.64,189.33,189.4,189.33,190.86,38.8,28,1d+1h+4h,0.128,True,scratch,-0.09834254498435335
2026-04-13 09:30:00-04:00,188.42,189.33,189.41,189.33,190.97,36.0,26,1d+1h+4h,0.173,True,scratch,-0.1010664247134141
2026-04-13 10:30:00-04:00,188.61,189.33,189.41,189.33,190.96,37.0,27,1d+1h+4h,0.136,False,nofill,0.0
2026-04-13 11:30:00-04:00,188.45,189.33,189.41,189.33,190.92,37.0,27,1d+1h+4h,0.168,False,nofill,0.0
2026-04-13 12:30:00-04:00,188.2,189.42,189.49,189.42,190.96,37.0,27,1d+1h+4h,0.231,False,nofill,0.0
2026-04-13 13:30:00-04:00,188.02,189.33,189.4,189.33,190.79,38.8,28,1d+1h+4h,0.249,True,target,0.6734622059276107
2026-04-13 14:30:00-04:00,188.7,189.33,189.4,189.33,190.75,38.8,28,1d+1h+4h,0.119,True,target,0.6550014414238747
2026-04-13 15:30:00-04:00,189.21,189.69,189.76,189.69,191.09,35.0,25,1d+1h+4h,0.091,True,target,0.6427401450195491
2026-04-14 09:30:00-04:00,192.86,193.18,193.25,193.18,194.79,31.0,19,1d+1h+4h,0.059,True,target,0.7321837134413034
2026-04-14 10:30:00-04:00,193.44,194.49,194.56,194.49,196.06,31.0,17,1d+1h+4h,0.193,True,scratch,-0.09847633990588411
2026-04-14 11:30:00-04:00,194.8,195.15,195.23,195.15,196.73,21.2,12,1d+1h+4h,0.065,True,target,0.7113555506095492
2026-04-14 12:30:00-04:00,194.72,195.15,195.22,195.15,196.67,21.2,12,1d+1h+4h,0.079,True,target,0.6800390819744706
2026-04-14 13:30:00-04:00,194.58,195.15,195.22,195.15,196.6,21.2,12,1d+1h+4h,0.106,True,target,0.6458411300307665
2026-04-14 14:30:00-04:00,196.21,196.98,197.05,196.98,198.46,10.6,7,1d+1h+4h,0.142,True,target,0.6536452469237064
2026-04-14 15:30:00-04:00,196.49,196.98,197.05,196.98,198.42,10.6,7,1d+1h+4h,0.091,True,target,0.6363691422632822
2026-04-15 12:30:00-04:00,196.97,197.63,197.71,197.63,199.28,9.6,6,1d+1h+4h,0.123,True,scratch,-0.09962434817837318
2026-04-15 13:30:00-04:00,196.97,197.63,197.71,197.63,199.31,9.6,6,1d+1h+4h,0.123,True,scratch,-0.10034895825820067
2026-04-15 14:30:00-04:00,198.24,198.72,198.8,198.72,200.38,8.4,6,1h+4h,0.091,True,scratch,-0.0996247307061271
2026-04-15 15:30:00-04:00,198.87,199.94,200.02,199.94,201.56,6.6,5,1h+4h,0.2,False,nofill,0.0
2026-04-16 09:30:00-04:00,197.37,198.72,198.81,198.72,200.46,8.4,6,1h+4h,0.258,True,scratch,-0.1015700589160562
2026-04-16 10:30:00-04:00,199.01,199.94,200.03,199.94,201.74,6.6,5,1h+4h,0.177,False,nofill,0.0
2026-04-16 11:30:00-04:00,198.62,199.94,200.02,199.94,201.71,6.6,5,1h+4h,0.251,False,nofill,0.0
2026-04-16 12:30:00-04:00,198.42,198.72,198.81,198.72,200.45,8.4,6,1h+4h,0.059,False,nofill,0.0
2026-04-16 13:30:00-04:00,197.5,198.72,198.81,198.72,200.43,9.4,7,1h+4h,0.234,True,target,0.7575246542056213
2026-04-16 14:30:00-04:00,198.12,198.72,198.8,198.72,200.38,9.4,7,1h+4h,0.115,True,target,0.7316375699376154
2026-04-16 15:30:00-04:00,198.24,198.72,198.8,198.72,200.31,9.4,7,1h+4h,0.092,True,target,0.6993432436504188
2026-04-17 12:30:00-04:00,199.88,200.4,200.48,200.4,202.03,6.6,5,1h+4h,0.102,True,scratch,-0.0987920158460831
2026-04-17 14:30:00-04:00,201.26,211.34,211.41,211.34,212.89,8.6,5,1d+1h+4h,1.967,False,nofill,0.0
2026-04-17 15:30:00-04:00,201.65,211.34,211.41,211.34,212.82,8.6,5,1d+1h+4h,1.891,False,nofill,0.0
2026-04-20 09:30:00-04:00,199.13,199.85,199.93,199.85,201.47,8.4,6,1h+4h,0.142,False,nofill,0.0
2026-04-20 10:30:00-04:00,199.27,199.85,199.93,199.85,201.47,8.4,6,1h+4h,0.115,True,target,0.7130294420472971
2026-04-20 11:30:00-04:00,199.18,199.85,199.93,199.85,201.44,8.4,6,1h+4h,0.131,True,target,0.6949516712486448
2026-04-20 12:30:00-04:00,199.53,199.85,199.92,199.85,201.37,8.4,6,1h+4h,0.063,True,target,0.6646049092973616
2026-04-20 15:30:00-04:00,202.11,211.34,211.4,211.34,212.78,8.6,5,1d+1h+4h,1.822,False,nofill,0.0
2026-04-21 09:30:00-04:00,201.89,211.34,211.41,211.34,212.82,8.6,5,1d+1h+4h,1.901,False,nofill,0.0
2026-04-21 11:30:00-04:00,199.9,200.4,200.47,200.4,201.89,6.6,5,1h+4h,0.102,True,scratch,-0.09544631480995491
2026-04-21 12:30:00-04:00,199.32,199.85,199.92,199.85,201.34,8.4,6,1h+4h,0.107,True,scratch,-0.09535886317043607
2026-04-21 13:30:00-04:00,199.93,200.4,200.47,200.4,201.86,6.6,5,1h+4h,0.094,True,scratch,-0.09473610899031204
2026-04-21 15:30:00-04:00,199.91,200.4,200.47,200.4,201.88,6.6,5,1h+4h,0.099,True,scratch,-0.09519147144074758
2026-04-22 12:30:00-04:00,201.74,211.34,211.4,211.34,212.78,8.6,5,1d+1h+4h,1.972,False,nofill,0.0
2026-04-22 13:30:00-04:00,201.66,211.34,211.4,211.34,212.74,8.6,5,1d+1h+4h,1.988,False,nofill,0.0
2026-04-22 14:30:00-04:00,201.68,211.34,211.4,211.34,212.7,8.6,5,1d+1h+4h,1.986,False,nofill,0.0
2026-04-22 15:30:00-04:00,202.42,211.34,211.4,211.34,212.67,8.6,5,1d+1h+4h,1.833,False,nofill,0.0
2026-04-23 09:30:00-04:00,201.76,211.34,211.4,211.34,212.78,8.6,5,1d+1h+4h,1.92,False,nofill,0.0
2026-04-23 10:30:00-04:00,202.51,211.34,211.4,211.34,212.78,8.6,5,1d+1h+4h,1.77,False,nofill,0.0
2026-04-23 12:30:00-04:00,199.44,199.85,199.92,199.85,201.42,9.4,7,1h+4h,0.083,True,scratch,-0.09730113208540336
2026-04-23 13:30:00-04:00,199.14,199.85,199.93,199.85,201.52,9.4,7,1h+4h,0.142,True,target,0.7373081919902491
2026-04-23 14:30:00-04:00,199.11,199.85,199.93,199.85,201.51,9.4,7,1h+4h,0.148,True,target,0.7326584439442119
2026-04-23 15:30:00-04:00,199.71,202.75,202.83,202.75,204.37,6.8,6,1h+4h,0.61,True,scratch,-0.0980347279560645
2026-04-24 09:30:00-04:00,202.6,211.34,211.42,211.34,213.1,8.6,5,1d+1h+4h,1.606,False,nofill,0.0
2026-04-24 10:30:00-04:00,208.92,211.34,211.44,211.34,213.52,8.6,5,1d+1h+4h,0.445,False,nofill,0.0
2026-04-24 11:30:00-04:00,209.58,211.34,211.44,211.34,213.49,8.6,5,1d+1h+4h,0.324,False,nofill,0.0
2026-04-24 12:30:00-04:00,209.33,211.34,211.44,211.34,213.48,8.6,5,1d+1h+4h,0.369,False,nofill,0.0
2026-04-24 13:30:00-04:00,208.19,211.34,211.44,211.34,213.45,8.6,5,1d+1h+4h,0.578,True,scratch,-0.10749133278459277
2026-04-24 14:30:00-04:00,208.52,211.34,211.43,211.34,213.41,8.6,5,1d+1h+4h,0.518,True,scratch,-0.10678900267095948
2026-04-24 15:30:00-04:00,208.19,210.95,211.05,210.95,212.96,9.6,6,1d+1h+4h,0.508,True,scratch,-0.10531832387880025
2026-04-27 09:30:00-04:00,208.7,210.95,211.05,210.95,213.1,9.6,6,1d+1h+4h,0.394,True,target,0.9091290537673657
2026-04-27 10:30:00-04:00,209.88,210.95,211.05,210.95,213.14,9.6,6,1d+1h+4h,0.187,True,target,0.9261488944185103
2026-04-27 11:30:00-04:00,211.46,212.19,212.29,212.19,214.36,9.6,6,1d+1h+4h,0.128,True,target,0.9132467509111342
2026-04-28 10:30:00-04:00,209.1,210.95,211.08,210.95,213.75,9.6,6,1d+1h+4h,0.313,True,target,1.201279080960127
2026-04-28 11:30:00-04:00,210.11,210.95,211.08,210.95,213.7,9.6,6,1d+1h+4h,0.142,True,target,1.1810373260279672
2026-04-28 12:30:00-04:00,210.79,211.34,211.46,211.34,214.01,9.6,6,1d+1h+4h,0.092,True,target,1.145846070645451
2026-04-29 09:30:00-04:00,211.11,211.68,211.81,211.68,214.31,9.6,6,1d+1h+4h,0.097,True,scratch,-0.11897308191977096
2026-04-29 10:30:00-04:00,210.8,211.34,211.46,211.34,213.9,9.6,6,1d+1h+4h,0.091,False,nofill,0.0
2026-04-29 11:30:00-04:00,209.67,210.95,211.07,210.95,213.46,9.6,6,1d+1h+4h,0.217,False,nofill,0.0
2026-04-29 12:30:00-04:00,209.44,210.95,211.07,210.95,213.38,9.6,6,1d+1h+4h,0.257,False,nofill,0.0
2026-04-29 13:30:00-04:00,208.04,210.95,211.06,210.95,213.36,9.6,6,1d+1h+4h,0.493,False,nofill,0.0
2026-04-29 14:30:00-04:00,209.32,210.95,211.06,210.95,213.34,9.6,6,1d+1h+4h,0.276,False,nofill,0.0
2026-04-29 15:30:00-04:00,209.32,210.95,211.06,210.95,213.23,9.6,6,1d+1h+4h,0.278,False,nofill,0.0
2026-04-30 09:30:00-04:00,200.62,201.41,201.55,201.41,204.34,10.4,8,1h+4h,0.126,True,scratch,-0.12918785602825666
2026-04-30 10:30:00-04:00,201.32,210.95,211.09,210.95,213.95,9.6,6,1d+1h+4h,1.53,False,nofill,0.0
2026-04-30 11:30:00-04:00,200.14,201.41,201.55,201.41,204.38,10.4,8,1h+4h,0.202,True,scratch,-0.13008702839920616
2026-04-30 12:30:00-04:00,200.48,210.95,211.09,210.95,213.84,10.6,7,1d+1h+4h,1.663,False,nofill,0.0
2026-04-30 13:30:00-04:00,200.78,210.95,211.08,210.95,213.74,10.6,7,1d+1h+4h,1.616,False,nofill,0.0
2026-04-30 14:30:00-04:00,200.82,210.95,211.08,210.95,213.64,10.6,7,1d+1h+4h,1.609,False,nofill,0.0
2026-04-30 15:30:00-04:00,199.53,199.85,199.97,199.85,202.46,11.4,9,1h+4h,0.051,True,scratch,-0.12202921293098523
2026-05-01 09:30:00-04:00,199.3,199.85,199.98,199.85,202.56,11.4,9,1h+4h,0.088,True,scratch,-0.12448529635986638
2026-05-01 10:30:00-04:00,198.93,199.85,199.98,199.85,202.59,11.4,9,1h+4h,0.147,True,scratch,-0.1251070647722008
2026-05-01 11:30:00-04:00,198.66,199.0,199.13,199.0,201.64,13.2,10,1h+4h,0.055,True,scratch,-0.12317044910011843
2026-05-01 12:30:00-04:00,199.85,211.68,211.81,211.68,214.26,10.6,7,1d+1h+4h,1.889,False,nofill,0.0
2026-05-01 13:30:00-04:00,199.13,199.85,199.97,199.85,202.35,11.4,9,1h+4h,0.115,True,scratch,-0.11938191876216253
2026-05-01 14:30:00-04:00,199.72,211.68,211.8,211.68,214.12,10.6,7,1d+1h+4h,1.91,False,nofill,0.0
2026-05-01 15:30:00-04:00,198.42,199.0,199.11,199.0,201.39,13.2,10,1h+4h,0.093,True,scratch,-0.11721304973919544
2026-05-04 09:30:00-04:00,197.38,197.84,197.96,197.84,200.39,18.4,12,1d+1h+4h,0.074,True,scratch,-0.12134984996423626
2026-05-04 10:30:00-04:00,195.76,196.77,196.9,196.77,199.42,25.2,16,1d+1h+4h,0.161,True,target,1.2185669040097213
2026-05-04 11:30:00-04:00,196.22,196.77,196.89,196.77,199.36,25.2,16,1d+1h+4h,0.087,True,target,1.1899601832961348
2026-05-04 12:30:00-04:00,197.3,197.63,197.75,197.63,200.16,18.4,12,1d+1h+4h,0.052,True,scratch,-0.1208499887114689
2026-05-04 13:30:00-04:00,198.23,198.7,198.82,198.7,201.22,17.2,12,1d+1h+4h,0.074,True,scratch,-0.1203092777046777
2026-05-04 14:30:00-04:00,198.64,199.0,199.12,199.0,201.44,13.2,10,1h+4h,0.057,True,scratch,-0.1183905487328718
2026-05-04 15:30:00-04:00,198.56,199.0,199.11,199.0,201.36,13.2,10,1h+4h,0.07,True,scratch,-0.1163348940140474
2026-05-05 09:30:00-04:00,198.52,199.0,199.11,199.0,201.39,13.2,10,1h+4h,0.077,False,nofill,0.0
2026-05-05 10:30:00-04:00,197.03,197.63,197.74,197.63,200.01,18.4,12,1d+1h+4h,0.097,True,scratch,-0.11718312909699824
2026-05-05 11:30:00-04:00,197.98,198.7,198.81,198.7,201.03,17.2,12,1d+1h+4h,0.118,False,nofill,0.0
2026-05-05 12:30:00-04:00,197.78,198.7,198.81,198.7,200.94,18.2,13,1d+1h+4h,0.148,False,nofill,0.0
2026-05-05 13:30:00-04:00,197.5,197.84,197.94,197.84,199.99,19.4,13,1d+1h+4h,0.055,True,target,0.974509207652674
2026-05-05 14:30:00-04:00,196.31,196.66,196.76,196.66,198.76,29.2,18,1d+1h+4h,0.057,True,target,0.9575431255141043
2026-05-05 15:30:00-04:00,196.5,196.98,197.08,196.98,198.98,26.2,17,1d+1h+4h,0.078,True,target,0.9040000001621307
2026-05-06 09:30:00-04:00,203.95,210.95,211.07,210.95,213.5,10.6,7,1d+1h+4h,1.067,False,nofill,0.0
2026-05-06 10:30:00-04:00,206.35,210.95,211.07,210.95,213.57,10.6,7,1d+1h+4h,0.701,False,nofill,0.0
2026-05-06 11:30:00-04:00,205.27,210.95,211.07,210.95,213.57,10.6,7,1d+1h+4h,0.866,False,nofill,0.0
2026-05-06 12:30:00-04:00,205.07,210.95,211.07,210.95,213.5,10.6,7,1d+1h+4h,0.896,False,nofill,0.0
2026-05-06 13:30:00-04:00,207.02,210.95,211.07,210.95,213.49,10.6,7,1d+1h+4h,0.599,True,scratch,-0.11726646211037695
2026-05-06 14:30:00-04:00,207.62,210.95,211.07,210.95,213.42,10.6,7,1d+1h+4h,0.507,True,scratch,-0.11577467083944137
2026-05-06 15:30:00-04:00,207.66,210.95,211.06,210.95,213.35,10.6,7,1d+1h+4h,0.501,True,scratch,-0.11411558885190409
2026-05-07 15:30:00-04:00,211.51,212.19,212.32,212.19,214.88,9.6,6,1d+1h+4h,0.102,True,target,1.1459666460649442
2026-05-08 12:30:00-04:00,215.68,216.34,216.47,216.34,219.1,6.8,4,1d+1h+4h,0.1,False,nofill,0.0
2026-05-08 13:30:00-04:00,215.36,216.34,216.46,216.34,218.97,6.8,4,1d+1h+4h,0.147,True,target,1.0994709359142707
2026-05-08 14:30:00-04:00,214.85,216.34,216.46,216.34,218.86,6.8,4,1d+1h+4h,0.224,True,target,1.0494942851799083
2026-05-08 15:30:00-04:00,215.21,216.34,216.45,216.34,218.74,6.8,4,1d+1h+4h,0.17,True,target,0.9963277994324615
2026-05-12 10:30:00-04:00,215.46,216.34,216.48,216.34,219.3,6.8,4,1d+1h+4h,0.127,True,scratch,-0.12512989846739098
2026-05-22 09:30:00-04:00,216.33,216.82,216.97,216.82,219.91,10.6,7,1d+1h+4h,0.065,True,scratch,-0.12778643710784632
2026-05-22 11:30:00-04:00,217.1,217.8,217.94,217.8,220.75,10.6,7,1d+1h+4h,0.092,True,scratch,-0.1243118813457067
2026-05-22 13:30:00-04:00,216.04,216.82,216.96,216.82,219.72,10.6,7,1d+1h+4h,0.102,True,scratch,-0.12355096600302762
2026-05-22 14:30:00-04:00,215.34,216.34,216.47,216.34,219.14,11.6,8,1d+1h+4h,0.132,True,scratch,-0.12156753527389208
2026-05-22 15:30:00-04:00,215.25,216.34,216.46,216.34,219.0,11.6,8,1d+1h+4h,0.143,True,scratch,-0.11853890488697783
2026-05-26 10:30:00-04:00,214.43,216.34,216.47,216.34,219.21,11.6,8,1d+1h+4h,0.255,False,nofill,0.0
2026-05-26 11:30:00-04:00,213.1,216.34,216.47,216.34,219.21,11.6,8,1d+1h+4h,0.433,False,nofill,0.0
2026-05-26 12:30:00-04:00,213.64,216.34,216.47,216.34,219.1,11.6,8,1d+1h+4h,0.36,False,nofill,0.0
2026-05-26 13:30:00-04:00,213.88,216.34,216.46,216.34,219.02,12.6,9,1d+1h+4h,0.328,False,nofill,0.0
2026-05-26 14:30:00-04:00,213.61,216.34,216.46,216.34,218.92,12.6,9,1d+1h+4h,0.365,False,nofill,0.0
2026-05-26 15:30:00-04:00,214.83,216.34,216.45,216.34,218.84,12.6,9,1d+1h+4h,0.202,False,nofill,0.0
2026-05-27 09:30:00-04:00,209.92,216.34,216.47,216.34,219.06,11.6,8,1d+1h+4h,0.871,False,nofill,0.0
2026-05-27 10:30:00-04:00,209.79,216.34,216.46,216.34,218.99,11.6,8,1d+1h+4h,0.888,False,nofill,0.0
2026-05-27 11:30:00-04:00,210.69,216.34,216.46,216.34,218.93,12.6,9,1d+1h+4h,0.766,False,nofill,0.0
2026-05-27 12:30:00-04:00,211.97,216.34,216.46,216.34,218.88,12.6,9,1d+1h+4h,0.592,False,nofill,0.0
2026-05-27 13:30:00-04:00,213.2,216.34,216.45,216.34,218.81,12.6,9,1d+1h+4h,0.425,False,nofill,0.0
2026-05-27 14:30:00-04:00,212.44,216.34,216.45,216.34,218.72,12.6,9,1d+1h+4h,0.529,False,nofill,0.0
2026-05-27 15:30:00-04:00,212.58,216.34,216.45,216.34,218.64,12.6,9,1d+1h+4h,0.51,False,nofill,0.0
2026-05-28 09:30:00-04:00,212.45,216.34,216.45,216.34,218.7,12.6,9,1d+1h+4h,0.543,False,nofill,0.0
2026-05-28 10:30:00-04:00,212.67,216.34,216.45,216.34,218.66,12.6,9,1d+1h+4h,0.513,False,nofill,0.0
2026-05-28 11:30:00-04:00,213.0,216.34,216.44,216.34,218.58,12.6,9,1d+1h+4h,0.467,False,nofill,0.0
2026-05-28 12:30:00-04:00,213.23,216.34,216.44,216.34,218.54,12.6,9,1d+1h+4h,0.434,False,nofill,0.0
2026-05-28 13:30:00-04:00,214.38,216.34,216.44,216.34,218.57,12.6,9,1d+1h+4h,0.274,True,scratch,-0.10915950389878137
2026-05-28 14:30:00-04:00,214.1,216.34,216.44,216.34,218.49,12.6,9,1d+1h+4h,0.313,True,scratch,-0.10735760366178404
2026-05-28 15:30:00-04:00,214.3,216.34,216.43,216.34,218.39,12.6,9,1d+1h+4h,0.285,True,scratch,-0.10516197926143667
2026-05-29 09:30:00-04:00,215.92,216.34,216.44,216.34,218.58,12.6,9,1d+1h+4h,0.058,True,scratch,-0.10941982138044093
2026-05-29 10:30:00-04:00,215.39,216.34,216.44,216.34,218.62,12.6,9,1d+1h+4h,0.133,True,scratch,-0.11027464080151095
2026-05-29 11:30:00-04:00,215.99,216.82,216.93,216.82,219.12,11.6,8,1d+1h+4h,0.117,True,scratch,-0.1104444870541621
2026-05-29 12:30:00-04:00,216.28,216.82,216.93,216.82,219.09,11.6,8,1d+1h+4h,0.076,True,scratch,-0.10968704994139822
2026-05-29 13:30:00-04:00,216.97,217.8,217.91,217.8,220.04,11.6,8,1d+1h+4h,0.117,True,target,0.9166234798708484
2026-05-29 14:30:00-04:00,216.99,217.8,217.9,217.8,219.98,11.6,8,1d+1h+4h,0.114,True,target,0.893055404588905
2026-05-29 15:30:00-04:00,211.15,211.68,211.8,211.68,214.18,12.6,9,1d+1h+4h,0.075,True,target,1.0634866346483918
2026-06-03 09:30:00-04:00,216.17,216.82,216.97,216.82,220.04,12.6,9,1d+1h+4h,0.083,True,scratch,-0.1306093866263347
2026-06-03 10:30:00-04:00,216.28,216.82,216.97,216.82,219.97,12.6,9,1d+1h+4h,0.069,True,scratch,-0.12917641737552055
2026-06-03 11:30:00-04:00,215.64,216.34,216.48,216.34,219.42,12.6,9,1d+1h+4h,0.089,True,scratch,-0.1278081699945144
2026-06-03 12:30:00-04:00,215.76,216.34,216.48,216.34,219.3,12.6,9,1d+1h+4h,0.073,True,scratch,-0.12507564407251426
2026-06-03 13:30:00-04:00,216.0,216.82,216.95,216.82,219.63,12.6,9,1d+1h+4h,0.105,False,nofill,0.0
2026-06-03 14:30:00-04:00,215.29,216.34,216.47,216.34,219.07,13.6,10,1d+1h+4h,0.133,False,nofill,0.0
2026-06-03 15:30:00-04:00,214.84,216.34,216.46,216.34,218.99,13.6,10,1d+1h+4h,0.191,True,target,1.1051509143952476
2026-06-04 09:30:00-04:00,213.49,216.34,216.47,216.34,219.15,13.6,10,1d+1h+4h,0.353,True,target,1.1788588896633145
2026-06-04 10:30:00-04:00,215.98,216.82,216.96,216.82,219.66,12.6,9,1d+1h+4h,0.105,True,target,1.1861767660024558
2026-06-04 11:30:00-04:00,217.64,218.18,218.31,218.18,221.01,11.6,8,1d+1h+4h,0.067,True,target,1.1753018517905112
2026-06-05 09:30:00-04:00,211.26,212.19,212.35,212.19,215.48,18.4,14,1d+1h+4h,0.11,False,nofill,0.0
2026-06-05 10:30:00-04:00,208.71,210.3,210.46,210.3,213.63,21.2,14,1d+1h+4h,0.187,False,nofill,0.0
2026-06-05 11:30:00-04:00,208.73,210.3,210.45,210.3,213.53,21.2,14,1d+1h+4h,0.185,False,nofill,0.0
2026-06-05 12:30:00-04:00,207.74,210.3,210.45,210.3,213.46,21.2,14,1d+1h+4h,0.3,False,nofill,0.0
2026-06-05 13:30:00-04:00,206.02,210.3,210.45,210.3,213.47,21.2,14,1d+1h+4h,0.504,False,nofill,0.0
2026-06-05 14:30:00-04:00,206.38,210.3,210.45,210.3,213.4,21.2,14,1d+1h+4h,0.461,False,nofill,0.0
2026-06-05 15:30:00-04:00,205.1,210.3,210.44,210.3,213.31,21.2,14,1d+1h+4h,0.611,False,nofill,0.0
2026-06-08 09:30:00-04:00,207.82,210.3,210.45,210.3,213.49,20.2,13,1d+1h+4h,0.299,False,nofill,0.0
2026-06-08 10:30:00-04:00,207.67,210.3,210.45,210.3,213.37,20.2,13,1d+1h+4h,0.318,False,nofill,0.0
2026-06-08 11:30:00-04:00,208.58,210.3,210.44,210.3,213.34,20.2,13,1d+1h+4h,0.208,False,nofill,0.0
2026-06-08 12:30:00-04:00,208.61,210.3,210.44,210.3,213.22,21.2,14,1d+1h+4h,0.204,False,nofill,0.0
2026-06-08 13:30:00-04:00,209.25,210.3,210.43,210.3,213.13,21.2,14,1d+1h+4h,0.127,True,scratch,-0.12399737399203525
2026-06-08 14:30:00-04:00,207.82,210.3,210.43,210.3,213.08,21.2,14,1d+1h+4h,0.3,True,scratch,-0.12278398447345129
2026-06-08 15:30:00-04:00,208.61,210.3,210.43,210.3,212.96,21.2,14,1d+1h+4h,0.204,True,scratch,-0.12013158868049434
2026-06-09 09:30:00-04:00,206.98,210.3,210.44,210.3,213.18,22.2,15,1d+1h+4h,0.389,False,nofill,0.0
2026-06-09 10:30:00-04:00,203.4,210.3,210.44,210.3,213.3,22.2,15,1d+1h+4h,0.807,False,nofill,0.0
2026-06-09 11:30:00-04:00,201.48,210.3,210.45,210.3,213.49,22.2,15,1d+1h+4h,1.032,False,nofill,0.0
2026-06-09 12:30:00-04:00,203.9,210.3,210.46,210.3,213.63,22.2,15,1d+1h+4h,0.749,False,nofill,0.0
2026-06-09 13:30:00-04:00,206.46,210.3,210.46,210.3,213.6,22.2,15,1d+1h+4h,0.45,False,nofill,0.0
2026-06-09 14:30:00-04:00,205.93,210.3,210.46,210.3,213.59,22.2,15,1d+1h+4h,0.511,False,nofill,0.0
2026-06-09 15:30:00-04:00,208.19,210.3,210.46,210.3,213.57,22.2,15,1d+1h+4h,0.247,False,nofill,0.0
2026-06-10 09:30:00-04:00,206.2,210.3,210.46,210.3,213.63,22.2,15,1d+1h+4h,0.481,False,nofill,0.0
2026-06-10 10:30:00-04:00,202.72,210.3,210.47,210.3,213.78,22.2,15,1d+1h+4h,0.888,False,nofill,0.0
2026-06-10 11:30:00-04:00,202.86,210.3,210.46,210.3,213.68,22.2,15,1d+1h+4h,0.872,False,nofill,0.0
2026-06-10 12:30:00-04:00,202.51,210.3,210.46,210.3,213.58,22.2,15,1d+1h+4h,0.914,False,nofill,0.0
2026-06-10 13:30:00-04:00,202.26,210.3,210.45,210.3,213.47,24.0,16,1d+1h+4h,0.943,False,nofill,0.0
2026-06-10 14:30:00-04:00,200.21,210.3,210.45,210.3,213.43,24.0,16,1d+1h+4h,1.184,False,nofill,0.0
2026-06-10 15:30:00-04:00,200.34,210.3,210.44,210.3,213.33,24.0,16,1d+1h+4h,1.168,False,nofill,0.0
2026-06-11 09:30:00-04:00,202.34,210.3,210.45,210.3,213.37,23.0,15,1d+1h+4h,0.952,False,nofill,0.0
2026-06-11 10:30:00-04:00,200.7,210.39,210.54,210.39,213.5,23.0,15,1d+1h+4h,1.16,False,nofill,0.0
2026-06-11 11:30:00-04:00,201.33,210.3,210.44,210.3,213.3,23.0,15,1d+1h+4h,1.074,False,nofill,0.0
2026-06-11 12:30:00-04:00,202.81,210.3,210.44,210.3,213.32,23.0,15,1d+1h+4h,0.896,False,nofill,0.0
2026-06-11 13:30:00-04:00,202.76,210.3,210.44,210.3,213.32,23.0,15,1d+1h+4h,0.902,False,nofill,0.0
2026-06-11 14:30:00-04:00,204.47,210.3,210.44,210.3,213.31,23.0,15,1d+1h+4h,0.698,False,nofill,0.0
2026-06-11 15:30:00-04:00,204.67,210.3,210.44,210.3,213.2,23.0,15,1d+1h+4h,0.674,False,nofill,0.0
2026-06-12 09:30:00-04:00,205.69,210.3,210.44,210.3,213.24,23.0,15,1d+1h+4h,0.575,False,nofill,0.0
2026-06-12 10:30:00-04:00,206.96,210.3,210.44,210.3,213.26,23.0,15,1d+1h+4h,0.417,False,nofill,0.0
2026-06-12 11:30:00-04:00,205.0,210.3,210.44,210.3,213.28,23.0,15,1d+1h+4h,0.661,False,nofill,0.0
2026-06-12 12:30:00-04:00,205.03,210.3,210.44,210.3,213.16,23.0,15,1d+1h+4h,0.657,False,nofill,0.0
2026-06-12 13:30:00-04:00,204.92,210.3,210.43,210.3,213.06,23.0,15,1d+1h+4h,0.671,True,scratch,-0.12241676053921235
2026-06-12 14:30:00-04:00,204.75,210.3,210.42,210.3,212.92,23.0,15,1d+1h+4h,0.692,True,scratch,-0.1192057279411518
2026-06-12 15:30:00-04:00,205.13,210.3,210.42,210.3,212.83,23.0,15,1d+1h+4h,0.645,True,scratch,-0.11730039023302163
2026-06-15 09:30:00-04:00,209.4,212.81,212.94,212.81,215.6,21.2,16,1d+1h+4h,0.428,False,nofill,0.0
2026-06-15 10:30:00-04:00,211.16,212.81,212.94,212.81,215.57,21.2,16,1d+1h+4h,0.206,False,nofill,0.0
2026-06-15 11:30:00-04:00,212.34,212.81,212.94,212.81,215.51,21.2,16,1d+1h+4h,0.058,False,nofill,0.0
2026-06-15 12:30:00-04:00,212.53,216.34,216.46,216.34,218.9,13.6,10,1d+1h+4h,0.477,False,nofill,0.0
2026-06-15 13:30:00-04:00,211.94,212.81,212.93,212.81,215.29,21.2,16,1d+1h+4h,0.109,False,nofill,0.0
2026-06-15 14:30:00-04:00,211.66,212.81,212.92,212.81,215.18,22.2,17,1d+1h+4h,0.144,False,nofill,0.0
2026-06-15 15:30:00-04:00,212.46,216.34,216.44,216.34,218.63,13.6,10,1d+1h+4h,0.486,False,nofill,0.0
2026-06-16 09:30:00-04:00,209.07,212.81,212.93,212.81,215.24,22.2,17,1d+1h+4h,0.481,False,nofill,0.0
2026-06-16 10:30:00-04:00,209.15,212.81,212.92,212.81,215.2,22.2,17,1d+1h+4h,0.47,False,nofill,0.0
2026-06-16 11:30:00-04:00,209.28,212.81,212.92,212.81,215.12,22.2,17,1d+1h+4h,0.453,False,nofill,0.0
2026-06-16 12:30:00-04:00,209.1,212.81,212.92,212.81,215.03,22.2,17,1d+1h+4h,0.477,False,nofill,0.0
2026-06-16 13:30:00-04:00,209.45,212.81,212.91,212.81,214.94,24.0,18,1d+1h+4h,0.432,False,nofill,0.0
2026-06-16 14:30:00-04:00,208.93,212.81,212.91,212.81,214.9,24.0,18,1d+1h+4h,0.499,False,nofill,0.0
2026-06-16 15:30:00-04:00,207.29,212.81,212.91,212.81,214.89,24.0,18,1d+1h+4h,0.71,False,nofill,0.0
2026-06-17 09:30:00-04:00,207.89,212.19,212.29,212.19,214.3,23.0,17,1d+1h+4h,0.561,False,nofill,0.0
2026-06-17 10:30:00-04:00,206.45,212.19,212.29,212.19,214.3,23.0,17,1d+1h+4h,0.749,False,nofill,0.0
2026-06-17 11:30:00-04:00,207.43,212.81,212.91,212.81,214.89,23.0,17,1d+1h+4h,0.702,False,nofill,0.0
2026-06-17 12:30:00-04:00,207.36,212.81,212.91,212.81,214.82,23.0,17,1d+1h+4h,0.711,False,nofill,0.0
2026-06-17 13:30:00-04:00,205.96,212.19,212.29,212.19,214.25,23.0,17,1d+1h+4h,0.813,False,nofill,0.0
2026-06-17 14:30:00-04:00,204.72,212.19,212.29,212.19,214.35,23.0,17,1d+1h+4h,0.975,False,nofill,0.0
2026-06-17 15:30:00-04:00,204.68,212.19,212.29,212.19,214.32,23.0,17,1d+1h+4h,0.981,False,nofill,0.0
2026-06-18 09:30:00-04:00,209.13,212.71,212.82,212.71,215.08,26.0,18,1d+1h+4h,0.471,False,nofill,0.0
2026-06-18 10:30:00-04:00,208.88,212.71,212.82,212.71,215.0,26.0,18,1d+1h+4h,0.504,False,nofill,0.0
2026-06-18 11:30:00-04:00,209.98,212.81,212.92,212.81,215.12,26.0,18,1d+1h+4h,0.372,False,nofill,0.0
2026-06-18 12:30:00-04:00,210.06,212.81,212.92,212.81,215.06,26.0,18,1d+1h+4h,0.362,False,nofill,0.0
2026-06-18 13:30:00-04:00,210.2,212.81,212.91,212.81,214.97,26.0,18,1d+1h+4h,0.344,True,scratch,-0.10820012193322182
2026-06-18 14:30:00-04:00,209.86,212.19,212.29,212.19,214.26,26.0,18,1d+1h+4h,0.307,True,scratch,-0.10643427313160592
2026-06-18 15:30:00-04:00,210.23,212.81,212.91,212.81,214.87,26.0,18,1d+1h+4h,0.34,True,scratch,-0.10612564785710266
2026-06-22 09:30:00-04:00,211.11,212.47,212.58,212.47,214.67,26.0,18,1d+1h+4h,0.182,False,nofill,0.0
2026-06-22 10:30:00-04:00,209.83,212.47,212.58,212.47,214.7,26.0,18,1d+1h+4h,0.352,False,nofill,0.0
2026-06-22 11:30:00-04:00,209.76,212.47,212.58,212.47,214.67,26.0,18,1d+1h+4h,0.361,False,nofill,0.0
2026-06-22 12:30:00-04:00,208.99,212.71,212.81,212.71,214.83,27.0,19,1d+1h+4h,0.496,False,nofill,0.0
2026-06-22 13:30:00-04:00,208.75,212.71,212.81,212.71,214.74,27.0,19,1d+1h+4h,0.528,False,nofill,0.0
2026-06-22 14:30:00-04:00,208.01,212.71,212.8,212.71,214.69,27.0,19,1d+1h+4h,0.627,False,nofill,0.0
2026-06-22 15:30:00-04:00,208.56,212.71,212.8,212.71,214.63,27.0,19,1d+1h+4h,0.553,False,nofill,0.0
2026-06-23 09:30:00-04:00,203.06,212.81,212.93,212.81,215.23,27.0,19,1d+1h+4h,1.286,False,nofill,0.0
2026-06-23 10:30:00-04:00,200.76,212.47,212.59,212.47,214.95,27.0,19,1d+1h+4h,1.544,False,nofill,0.0
2026-06-23 11:30:00-04:00,202.23,212.81,212.93,212.81,215.28,27.0,19,1d+1h+4h,1.396,False,nofill,0.0
2026-06-23 12:30:00-04:00,202.51,212.81,212.92,212.81,215.19,27.0,19,1d+1h+4h,1.359,False,nofill,0.0
2026-06-23 13:30:00-04:00,201.66,212.47,212.58,212.47,214.77,28.8,20,1d+1h+4h,1.427,False,nofill,0.0
2026-06-23 14:30:00-04:00,201.22,212.81,212.92,212.81,215.05,28.8,20,1d+1h+4h,1.528,False,nofill,0.0
2026-06-23 15:30:00-04:00,200.02,212.19,212.29,212.19,214.38,28.8,20,1d+1h+4h,1.605,False,nofill,0.0
2026-06-24 09:30:00-04:00,199.87,212.47,212.58,212.47,214.73,28.8,20,1d+1h+4h,1.702,False,nofill,0.0
2026-06-24 10:30:00-04:00,200.91,212.47,212.58,212.47,214.69,28.8,20,1d+1h+4h,1.562,False,nofill,0.0
2026-06-24 11:30:00-04:00,200.74,212.47,212.57,212.47,214.6,28.8,20,1d+1h+4h,1.586,False,nofill,0.0
2026-06-24 12:30:00-04:00,197.96,212.71,212.81,212.71,214.9,28.8,20,1d+1h+4h,1.993,False,nofill,0.0
2026-06-24 13:30:00-04:00,198.57,212.71,212.81,212.71,214.85,28.8,20,1d+1h+4h,1.91,False,nofill,0.0
2026-06-24 14:30:00-04:00,197.74,212.47,212.57,212.47,214.62,28.8,20,1d+1h+4h,1.99,False,nofill,0.0
2026-06-24 15:30:00-04:00,199.09,212.71,212.81,212.71,214.88,28.8,20,1d+1h+4h,1.84,False,nofill,0.0
2026-06-25 09:30:00-04:00,194.49,195.53,195.66,195.53,198.19,39.8,23,1d+1h+4h,0.139,True,scratch,-0.1247251631275037
2026-06-25 10:30:00-04:00,195.17,195.62,195.75,195.62,198.27,38.8,22,1d+1h+4h,0.06,True,scratch,-0.12446809250803437
2026-06-25 11:30:00-04:00,196.0,196.98,197.1,196.98,199.59,32.0,20,1d+1h+4h,0.131,False,nofill,0.0
2026-06-25 12:30:00-04:00,195.4,195.89,196.01,195.89,198.43,38.8,22,1d+1h+4h,0.066,False,nofill,0.0
2026-06-25 13:30:00-04:00,195.76,196.98,197.1,196.98,199.5,32.0,20,1d+1h+4h,0.163,False,nofill,0.0
2026-06-25 14:30:00-04:00,194.38,195.53,195.65,195.53,198.02,39.8,23,1d+1h+4h,0.154,True,scratch,-0.12057481711410523
2026-06-25 15:30:00-04:00,195.74,196.98,197.1,196.98,199.45,32.0,20,1d+1h+4h,0.166,False,nofill,0.0
2026-06-26 09:30:00-04:00,193.72,194.3,194.42,194.3,196.93,44.4,26,1d+1h+4h,0.079,True,scratch,-0.12436807869761202
2026-06-26 10:30:00-04:00,193.63,194.04,194.16,194.04,196.59,46.6,27,1d+1h+4h,0.056,True,scratch,-0.12250668072009141
2026-06-26 11:30:00-04:00,194.17,194.74,194.86,194.74,197.23,41.6,24,1d+1h+4h,0.078,True,scratch,-0.12085405894364243
2026-06-26 12:30:00-04:00,195.04,195.53,195.65,195.53,197.94,38.8,22,1d+1h+4h,0.068,False,nofill,0.0
2026-06-26 13:30:00-04:00,194.02,194.49,194.6,194.49,196.85,44.4,26,1d+1h+4h,0.065,True,scratch,-0.11765617404172479
2026-06-26 14:30:00-04:00,193.95,194.49,194.6,194.49,196.76,44.4,26,1d+1h+4h,0.074,True,scratch,-0.11559198101505075
2026-06-26 15:30:00-04:00,191.72,194.04,194.15,194.04,196.41,46.6,27,1d+1h+4h,0.318,True,scratch,-0.11811869274473974
2026-06-29 09:30:00-04:00,192.7,193.9,194.03,193.9,196.58,46.6,27,1d+1h+4h,0.166,True,scratch,-0.12571792781682634
2026-06-29 10:30:00-04:00,194.26,194.74,194.87,194.74,197.42,40.6,23,1d+1h+4h,0.067,True,scratch,-0.12541177999577657
2026-06-29 11:30:00-04:00,192.84,193.9,194.02,193.9,196.51,46.6,27,1d+1h+4h,0.148,True,scratch,-0.12398228347251239
2026-06-29 12:30:00-04:00,194.67,195.53,195.65,195.53,198.11,39.8,23,1d+1h+4h,0.119,False,nofill,0.0
2026-06-29 13:30:00-04:00,193.8,194.49,194.61,194.49,196.99,45.4,27,1d+1h+4h,0.096,True,target,1.1614413505365517
2026-06-29 14:30:00-04:00,194.71,195.53,195.65,195.53,197.93,39.8,23,1d+1h+4h,0.114,True,target,1.1086856124115085
2026-06-29 15:30:00-04:00,194.9,195.53,195.64,195.53,197.81,39.8,23,1d+1h+4h,0.088,True,target,1.0493238635001179
2026-06-30 09:30:00-04:00,197.7,198.7,198.82,198.7,201.13,27.8,19,1d+1h+4h,0.141,False,nofill,0.0
2026-06-30 10:30:00-04:00,198.24,212.19,212.31,212.19,214.61,28.0,18,1d+1h+4h,1.964,False,nofill,0.0
2026-06-30 11:30:00-04:00,197.95,212.0,212.11,212.0,214.31,28.0,18,1d+1h+4h,1.978,False,nofill,0.0
2026-06-30 12:30:00-04:00,198.21,198.7,198.81,198.7,200.92,28.8,20,1d+1h+4h,0.069,True,scratch,-0.11303048654311976
2026-06-30 13:30:00-04:00,198.93,212.71,212.81,212.71,214.87,31.8,21,1d+1h+4h,1.94,False,nofill,0.0
2026-06-30 14:30:00-04:00,199.28,212.71,212.81,212.71,214.82,31.8,21,1d+1h+4h,1.891,False,nofill,0.0
2026-06-30 15:30:00-04:00,199.77,212.71,212.81,212.71,214.84,31.8,21,1d+1h+4h,1.822,False,nofill,0.0
2026-07-01 09:30:00-04:00,196.2,196.66,196.78,196.66,199.11,30.2,19,1d+1h+4h,0.065,True,scratch,-0.11920249279391282
2026-07-01 10:30:00-04:00,196.93,197.63,197.75,197.63,200.09,30.0,20,1d+1h+4h,0.099,True,scratch,-0.11925109313627447
2026-07-01 11:30:00-04:00,197.06,197.63,197.74,197.63,199.98,30.0,20,1d+1h+4h,0.08,True,scratch,-0.11644492264138995
2026-07-01 12:30:00-04:00,198.2,198.7,198.81,198.7,201.0,28.8,20,1d+1h+4h,0.07,True,scratch,-0.11494822924824621
2026-07-01 13:30:00-04:00,198.1,198.7,198.81,198.7,200.93,28.8,20,1d+1h+4h,0.086,True,scratch,-0.11325815928576732
2026-07-01 14:30:00-04:00,199.3,212.71,212.82,212.71,214.92,31.8,21,1d+1h+4h,1.897,False,nofill,0.0
2026-07-01 15:30:00-04:00,197.58,198.7,198.81,198.7,200.94,28.8,20,1d+1h+4h,0.158,True,scratch,-0.11363860183616348
2026-07-02 09:30:00-04:00,197.85,198.7,198.81,198.7,201.03,28.8,20,1d+1h+4h,0.119,False,nofill,0.0
2026-07-02 10:30:00-04:00,194.78,195.53,195.65,195.53,197.98,39.8,23,1d+1h+4h,0.106,True,scratch,-0.11944715952079132
2026-07-02 11:30:00-04:00,193.79,194.3,194.41,194.3,196.74,45.4,27,1d+1h+4h,0.071,False,nofill,0.0
2026-07-02 12:30:00-04:00,193.05,193.9,194.01,193.9,196.28,47.6,28,1d+1h+4h,0.119,True,target,1.1067083481922202
2026-07-02 13:30:00-04:00,193.76,194.3,194.41,194.3,196.62,45.4,27,1d+1h+4h,0.075,True,scratch,-0.11681256033706511
2026-07-02 14:30:00-04:00,193.1,193.9,194.01,193.9,196.16,47.6,28,1d+1h+4h,0.112,True,target,1.0498610244962903
2026-07-02 15:30:00-04:00,194.62,195.62,195.73,195.62,197.87,39.8,23,1d+1h+4h,0.141,True,scratch,-0.11458649483060412
2026-07-06 09:30:00-04:00,196.57,197.12,197.23,197.12,199.46,30.0,20,1d+1h+4h,0.08,True,scratch,-0.11648853119543556
2026-07-06 10:30:00-04:00,196.51,197.12,197.23,197.12,199.4,30.0,20,1d+1h+4h,0.088,True,scratch,-0.11498674899593775
2026-07-06 11:30:00-04:00,197.0,197.63,197.74,197.63,199.86,29.0,19,1d+1h+4h,0.092,False,nofill,0.0
2026-07-06 12:30:00-04:00,195.97,196.66,196.76,196.66,198.84,30.2,19,1d+1h+4h,0.101,True,scratch,-0.11260341901667692
2026-07-06 13:30:00-04:00,196.27,196.66,196.76,196.66,198.76,30.2,19,1d+1h+4h,0.057,True,scratch,-0.11073225444403478
2026-07-06 14:30:00-04:00,196.85,197.22,197.32,197.22,199.25,31.0,21,1d+1h+4h,0.054,False,nofill,0.0
2026-07-06 15:30:00-04:00,195.58,196.0,196.1,196.0,198.01,37.8,23,1d+1h+4h,0.062,True,target,0.9141412058996545
2026-07-07 09:30:00-04:00,191.86,193.95,194.05,193.95,196.12,47.6,28,1d+1h+4h,0.303,True,target,1.006192311435572
2026-07-07 10:30:00-04:00,193.05,193.9,194.0,193.9,196.08,47.6,28,1d+1h+4h,0.123,True,target,1.011792664385247
2026-07-07 11:30:00-04:00,197.39,198.7,198.81,198.7,201.09,30.8,22,1d+1h+4h,0.19,False,nofill,0.0
2026-07-07 12:30:00-04:00,197.44,198.7,198.81,198.7,201.05,30.8,22,1d+1h+4h,0.183,False,nofill,0.0
2026-07-07 13:30:00-04:00,197.28,198.7,198.81,198.7,200.96,30.8,22,1d+1h+4h,0.207,True,scratch,-0.11408134127409708
2026-07-07 14:30:00-04:00,196.14,196.66,196.77,196.66,198.9,31.2,20,1d+1h+4h,0.075,True,scratch,-0.11427534024872621
2026-07-07 15:30:00-04:00,196.93,198.41,198.51,198.41,200.61,31.0,21,1d+1h+4h,0.215,True,scratch,-0.11279414821897538
2026-07-08 09:30:00-04:00,197.01,198.41,198.52,198.41,200.81,32.0,22,1d+1h+4h,0.197,True,scratch,-0.11756856186808662
2026-07-08 10:30:00-04:00,196.59,198.41,198.53,198.41,200.9,32.0,22,1d+1h+4h,0.256,True,target,1.131716530480964
2026-07-08 11:30:00-04:00,199.25,212.71,212.83,212.71,215.29,31.8,21,1d+1h+4h,1.891,False,nofill,0.0
2026-07-08 12:30:00-04:00,203.08,212.47,212.6,212.47,215.18,31.8,21,1d+1h+4h,1.32,False,nofill,0.0
2026-07-08 13:30:00-04:00,202.19,212.47,212.6,212.47,215.12,31.8,21,1d+1h+4h,1.445,False,nofill,0.0
2026-07-08 14:30:00-04:00,204.46,212.47,212.6,212.47,215.14,31.8,21,1d+1h+4h,1.126,False,nofill,0.0
2026-07-08 15:30:00-04:00,204.15,212.47,212.6,212.47,215.05,31.8,21,1d+1h+4h,1.169,False,nofill,0.0
2026-07-09 09:30:00-04:00,200.24,212.47,212.61,212.47,215.28,31.8,21,1d+1h+4h,1.745,False,nofill,0.0
2026-07-09 10:30:00-04:00,201.72,212.47,212.61,212.47,215.29,31.8,21,1d+1h+4h,1.534,False,nofill,0.0
2026-07-09 11:30:00-04:00,202.18,212.47,212.6,212.47,215.19,31.8,21,1d+1h+4h,1.469,False,nofill,0.0
2026-07-09 12:30:00-04:00,202.83,212.47,212.6,212.47,215.13,31.8,21,1d+1h+4h,1.375,False,nofill,0.0
2026-07-09 13:30:00-04:00,203.51,212.47,212.59,212.47,214.99,31.8,21,1d+1h+4h,1.278,False,nofill,0.0
2026-07-09 14:30:00-04:00,203.79,212.47,212.59,212.47,214.94,31.8,21,1d+1h+4h,1.238,False,nofill,0.0
2026-07-09 15:30:00-04:00,202.73,212.47,212.59,212.47,214.88,31.8,21,1d+1h+4h,1.39,False,nofill,0.0
2026-07-10 09:30:00-04:00,207.3,212.71,212.84,212.71,215.41,31.8,21,1d+1h+4h,0.756,False,nofill,0.0
2026-07-10 10:30:00-04:00,208.57,212.47,212.6,212.47,215.21,31.8,21,1d+1h+4h,0.545,False,nofill,0.0
2026-07-10 11:30:00-04:00,209.79,212.47,212.6,212.47,215.23,31.8,21,1d+1h+4h,0.375,False,nofill,0.0
2026-07-10 12:30:00-04:00,210.19,212.71,212.84,212.71,215.34,31.8,21,1d+1h+4h,0.352,False,nofill,0.0
2026-07-10 13:30:00-04:00,210.31,212.71,212.83,212.71,215.23,31.8,21,1d+1h+4h,0.335,False,nofill,0.0
2026-07-10 14:30:00-04:00,209.97,212.47,212.59,212.47,214.88,31.8,21,1d+1h+4h,0.35,False,nofill,0.0
2026-07-10 15:30:00-04:00,210.95,212.47,212.58,212.47,214.82,31.8,21,1d+1h+4h,0.213,False,nofill,0.0
2026-07-13 09:30:00-04:00,208.63,212.47,212.59,212.47,214.95,31.8,21,1d+1h+4h,0.533,False,nofill,0.0
2026-07-13 10:30:00-04:00,207.8,212.47,212.59,212.47,214.94,31.8,21,1d+1h+4h,0.647,False,nofill,0.0
2026-07-13 11:30:00-04:00,205.92,212.47,212.59,212.47,214.95,32.8,22,1d+1h+4h,0.908,False,nofill,0.0
2026-07-13 12:30:00-04:00,204.24,212.47,212.59,212.47,214.93,32.8,22,1d+1h+4h,1.141,False,nofill,0.0
2026-07-13 13:30:00-04:00,203.63,212.71,212.82,212.71,215.06,32.8,22,1d+1h+4h,1.259,False,nofill,0.0
2026-07-13 14:30:00-04:00,203.83,212.71,212.82,212.71,214.98,32.8,22,1d+1h+4h,1.231,False,nofill,0.0
2026-07-13 15:30:00-04:00,203.48,212.71,212.81,212.71,214.9,32.8,22,1d+1h+4h,1.279,False,nofill,0.0
2026-07-14 09:30:00-04:00,205.53,212.47,212.59,212.47,214.87,32.8,22,1d+1h+4h,0.945,False,nofill,0.0
2026-07-14 10:30:00-04:00,209.1,212.47,212.59,212.47,214.99,32.8,22,1d+1h+4h,0.459,False,nofill,0.0
2026-07-14 11:30:00-04:00,209.56,212.47,212.59,212.47,214.91,32.8,22,1d+1h+4h,0.397,False,nofill,0.0
2026-07-14 12:30:00-04:00,211.03,212.47,212.59,212.47,214.9,32.8,22,1d+1h+4h,0.196,False,nofill,0.0
2026-07-14 13:30:00-04:00,211.78,212.47,212.59,212.47,214.84,32.8,22,1d+1h+4h,0.094,True,scratch,-0.11308508846281651
2026-07-14 14:30:00-04:00,211.28,212.47,212.58,212.47,214.77,32.8,22,1d+1h+4h,0.163,True,scratch,-0.11144196548672491
2026-07-14 15:30:00-04:00,211.8,212.47,212.58,212.47,214.7,32.8,22,1d+1h+4h,0.092,True,scratch,-0.10991616003264149
2026-07-15 09:30:00-04:00,210.68,212.71,212.83,212.71,215.12,32.8,22,1d+1h+4h,0.275,False,nofill,0.0
2026-07-15 10:30:00-04:00,209.5,212.47,212.59,212.47,214.89,32.8,22,1d+1h+4h,0.403,False,nofill,0.0
2026-07-15 11:30:00-04:00,206.86,212.71,212.83,212.71,215.2,32.8,22,1d+1h+4h,0.794,False,nofill,0.0
2026-07-15 12:30:00-04:00,209.03,212.47,212.59,212.47,215.01,33.8,23,1d+1h+4h,0.467,False,nofill,0.0
2026-07-15 13:30:00-04:00,210.47,212.47,212.59,212.47,214.99,33.8,23,1d+1h+4h,0.272,False,nofill,0.0
2026-07-15 14:30:00-04:00,210.97,212.47,212.59,212.47,214.97,33.8,23,1d+1h+4h,0.204,False,nofill,0.0
2026-07-15 15:30:00-04:00,212.49,213.75,213.87,213.75,216.2,22.4,16,1d+1h+4h,0.171,False,nofill,0.0
2026-07-16 09:30:00-04:00,208.97,212.47,212.6,212.47,215.14,33.8,23,1d+1h+4h,0.478,False,nofill,0.0
2026-07-16 10:30:00-04:00,207.06,212.71,212.84,212.71,215.44,33.8,23,1d+1h+4h,0.772,False,nofill,0.0
2026-07-16 11:30:00-04:00,207.22,212.71,212.85,212.71,215.69,33.8,23,1d+1h+4h,0.75,False,nofill,0.0
2026-07-16 12:30:00-04:00,207.32,212.71,212.85,212.71,215.57,33.8,23,1d+1h+4h,0.736,False,nofill,0.0
2026-07-16 13:30:00-04:00,206.89,212.57,212.7,212.57,215.34,35.6,24,1d+1h+4h,0.776,False,nofill,0.0
2026-07-16 14:30:00-04:00,206.47,212.57,212.7,212.57,215.26,35.6,24,1d+1h+4h,0.833,False,nofill,0.0
2026-07-16 15:30:00-04:00,207.47,212.71,212.84,212.71,215.33,35.6,24,1d+1h+4h,0.716,False,nofill,0.0
2026-07-17 09:30:00-04:00,203.8,212.71,212.86,212.71,215.85,35.6,24,1d+1h+4h,1.193,False,nofill,0.0
2026-07-17 10:30:00-04:00,203.92,212.71,212.86,212.71,215.8,35.6,24,1d+1h+4h,1.176,False,nofill,0.0
2026-07-17 11:30:00-04:00,204.84,212.47,212.61,212.47,215.46,35.6,24,1d+1h+4h,1.022,False,nofill,0.0
2026-07-17 12:30:00-04:00,206.14,212.57,212.71,212.57,215.5,35.6,24,1d+1h+4h,0.861,False,nofill,0.0
2026-07-17 13:30:00-04:00,203.4,212.81,212.95,212.81,215.77,35.6,24,1d+1h+4h,1.26,False,nofill,0.0
2026-07-17 14:30:00-04:00,202.96,212.81,212.95,212.81,215.73,35.6,24,1d+1h+4h,1.318,False,nofill,0.0
2026-07-17 15:30:00-04:00,202.64,212.81,212.94,212.81,215.62,35.6,24,1d+1h+4h,1.361,False,nofill,0.0
2026-07-20 09:30:00-04:00,205.94,212.57,212.71,212.57,215.56,38.6,25,1d+1h+4h,0.906,False,nofill,0.0
2026-07-20 10:30:00-04:00,206.49,212.57,212.71,212.57,215.49,38.6,25,1d+1h+4h,0.83,False,nofill,0.0
2026-07-20 11:30:00-04:00,205.28,212.47,212.61,212.47,215.32,38.6,25,1d+1h+4h,0.982,False,nofill,0.0
2026-07-20 12:30:00-04:00,203.79,212.57,212.7,212.57,215.39,38.6,25,1d+1h+4h,1.198,False,nofill,0.0
2026-07-20 13:30:00-04:00,204.31,212.71,212.84,212.71,215.43,38.6,25,1d+1h+4h,1.147,False,nofill,0.0
2026-07-20 14:30:00-04:00,202.96,212.71,212.84,212.71,215.39,38.6,25,1d+1h+4h,1.331,False,nofill,0.0
2026-07-20 15:30:00-04:00,203.38,212.47,212.59,212.47,215.02,38.6,25,1d+1h+4h,1.241,False,nofill,0.0
2026-07-21 09:30:00-04:00,205.39,212.47,212.6,212.47,215.23,38.6,25,1d+1h+4h,0.986,False,nofill,0.0
2026-07-21 10:30:00-04:00,206.6,212.57,212.7,212.57,215.29,38.6,25,1d+1h+4h,0.831,False,nofill,0.0
2026-07-21 11:30:00-04:00,205.08,212.47,212.6,212.47,215.13,38.6,25,1d+1h+4h,1.028,False,nofill,0.0
2026-07-21 12:30:00-04:00,206.12,212.47,212.6,212.47,215.06,38.6,25,1d+1h+4h,0.883,False,nofill,0.0
2026-07-21 13:30:00-04:00,206.25,212.47,212.59,212.47,214.96,38.6,25,1d+1h+4h,0.866,False,nofill,0.0
2026-07-21 14:30:00-04:00,206.77,212.57,212.68,212.57,214.97,38.6,25,1d+1h+4h,0.807,True,scratch,-0.1136603692915239
2026-07-21 15:30:00-04:00,207.18,212.57,212.68,212.57,214.9,38.6,25,1d+1h+4h,0.75,True,scratch,-0.11204245492577591
2026-07-22 09:30:00-04:00,206.8,212.57,212.68,212.57,214.98,38.6,25,1d+1h+4h,0.785,True,scratch,-0.11382752253977779
2026-07-22 10:30:00-04:00,212.2,212.57,212.7,212.57,215.34,38.6,25,1d+1h+4h,0.05,True,scratch,-0.12188484424432433
2026-07-22 11:30:00-04:00,213.5,213.93,214.06,213.93,216.68,27.2,18,1d+1h+4h,0.059,True,scratch,-0.12113317996431672
2026-07-22 12:30:00-04:00,213.76,214.2,214.33,214.2,216.84,24.4,16,1d+1h+4h,0.06,True,scratch,-0.1186768304305752
2026-07-22 13:30:00-04:00,213.74,214.2,214.32,214.2,216.72,24.4,16,1d+1h+4h,0.063,False,nofill,0.0
2026-07-22 14:30:00-04:00,213.35,213.75,213.87,213.75,216.19,27.2,18,1d+1h+4h,0.055,False,nofill,0.0
2026-07-22 15:30:00-04:00,212.06,212.57,212.68,212.57,214.96,39.6,26,1d+1h+4h,0.069,False,nofill,0.0
2026-07-23 09:30:00-04:00,208.58,212.71,212.83,212.71,215.23,39.6,26,1d+1h+4h,0.57,False,nofill,0.0
2026-07-23 10:30:00-04:00,206.38,212.71,212.83,212.71,215.28,39.6,26,1d+1h+4h,0.872,False,nofill,0.0
2026-07-23 11:30:00-04:00,209.63,212.71,212.84,212.71,215.39,39.6,26,1d+1h+4h,0.425,False,nofill,0.0
2026-07-23 12:30:00-04:00,210.13,212.71,212.83,212.71,215.29,39.6,26,1d+1h+4h,0.356,False,nofill,0.0
2026-07-23 13:30:00-04:00,208.57,212.71,212.83,212.71,215.26,41.4,27,1d+1h+4h,0.571,False,nofill,0.0
2026-07-23 14:30:00-04:00,207.84,212.71,212.83,212.71,215.2,41.4,27,1d+1h+4h,0.67,False,nofill,0.0
2026-07-23 15:30:00-04:00,208.7,212.71,212.83,212.71,215.18,41.4,27,1d+1h+4h,0.553,False,nofill,0.0
2026-07-24 09:30:00-04:00,208.11,212.71,212.83,212.71,215.23,41.4,27,1d+1h+4h,0.635,False,nofill,0.0
2026-07-24 10:30:00-04:00,209.21,212.71,212.83,212.71,215.3,41.4,27,1d+1h+4h,0.483,False,nofill,0.0
2026-07-24 11:30:00-04:00,210.77,212.71,212.84,212.71,215.33,41.4,27,1d+1h+4h,0.268,False,nofill,0.0
2026-07-24 12:30:00-04:00,210.25,212.71,212.83,212.71,215.25,41.4,27,1d+1h+4h,0.34,False,nofill,0.0
2026-07-24 13:30:00-04:00,207.82,212.71,212.83,212.71,215.28,41.4,27,1d+1h+4h,0.674,False,nofill,0.0
2026-07-24 14:30:00-04:00,205.61,212.71,212.84,212.71,215.32,41.4,27,1d+1h+4h,0.981,False,nofill,0.0
2026-07-24 15:30:00-04:00,206.96,212.71,212.83,212.71,215.28,41.4,27,1d+1h+4h,0.794,False,nofill,0.0
2026-07-27 09:30:00-04:00,198.94,212.81,212.96,212.81,215.93,44.4,28,1d+1h+4h,1.806,False,nofill,0.0
2026-07-27 10:30:00-04:00,197.06,212.19,212.34,212.19,215.33,39.6,26,1d+1h+4h,1.97,False,nofill,0.0
2026-07-27 11:30:00-04:00,197.78,212.81,212.96,212.81,215.93,44.4,28,1d+1h+4h,1.958,False,nofill,0.0
2026-07-27 12:30:00-04:00,195.57,196.17,196.32,196.17,199.27,44.6,27,1d+1h+4h,0.078,True,scratch,-0.13504840627938108
2026-07-27 13:30:00-04:00,196.7,197.22,197.36,197.22,200.21,40.8,26,1d+1h+4h,0.067,True,scratch,-0.13217460643851764
2026-07-27 14:30:00-04:00,197.73,212.81,212.95,212.81,215.73,44.4,28,1d+1h+4h,1.964,False,nofill,0.0
2026-07-27 15:30:00-04:00,196.52,197.22,197.36,197.22,200.05,41.8,27,1d+1h+4h,0.091,True,scratch,-0.12822237364717992
2026-07-28 09:30:00-04:00,194.09,194.49,194.63,194.49,197.4,48.4,30,1d+1h+4h,0.053,True,target,1.363736672137228
2026-07-28 10:30:00-04:00,196.72,197.3,197.44,197.3,200.3,41.8,27,1d+1h+4h,0.077,True,scratch,-0.13228171097732222
2026-07-28 11:30:00-04:00,197.28,198.97,199.11,198.97,201.92,39.4,27,1d+1h+4h,0.224,False,nofill,0.0
2026-07-28 12:30:00-04:00,197.7,212.71,212.85,212.71,215.58,44.4,28,1d+1h+4h,1.987,False,nofill,0.0
2026-07-28 13:30:00-04:00,196.7,197.3,197.43,197.3,200.07,41.8,27,1d+1h+4h,0.079,True,scratch,-0.1267599541666331
2026-07-28 14:30:00-04:00,197.89,212.81,212.94,212.81,215.49,44.4,28,1d+1h+4h,1.975,False,nofill,0.0
2026-07-28 15:30:00-04:00,196.95,198.97,199.09,198.97,201.57,40.4,28,1d+1h+4h,0.267,False,nofill,0.0
2026-07-29 09:30:00-04:00,191.64,192.17,192.31,192.17,195.05,54.4,36,1d+1h+4h,0.072,True,scratch,-0.13109650013577445
2026-07-29 10:30:00-04:00,192.38,193.9,194.03,193.9,196.73,51.6,32,1d+1h+4h,0.203,True,scratch,-0.12947706113025648
2026-07-29 11:30:00-04:00,191.59,192.17,192.31,192.17,194.95,54.4,36,1d+1h+4h,0.078,True,scratch,-0.12865314060876987
2026-07-29 12:30:00-04:00,192.17,193.95,194.08,193.95,196.66,51.6,32,1d+1h+4h,0.237,True,scratch,-0.12647588999042947
2026-07-29 13:30:00-04:00,193.2,193.9,194.03,193.9,196.59,51.6,32,1d+1h+4h,0.093,True,scratch,-0.12605997672292535
2026-07-29 14:30:00-04:00,193.37,193.95,194.08,193.95,196.73,51.6,32,1d+1h+4h,0.077,True,scratch,-0.12824682086258754
2026-07-29 15:30:00-04:00,190.06,191.46,191.6,191.46,194.33,55.6,36,1d+1h+4h,0.186,True,target,1.3634036655532533
2026-07-30 09:30:00-04:00,196.81,197.3,197.45,197.3,200.49,41.8,27,1d+1h+4h,0.065,False,nofill,0.0
2026-07-30 10:30:00-04:00,193.51,193.9,194.05,193.9,197.15,51.6,32,1d+1h+4h,0.052,True,scratch,-0.13974744950787654
2026-07-30 11:30:00-04:00,193.81,194.3,194.45,194.3,197.44,48.4,30,1d+1h+4h,0.065,True,scratch,-0.1369115157356049
2026-07-30 12:30:00-04:00,193.62,194.04,194.18,194.04,197.05,50.6,31,1d+1h+4h,0.055,True,target,1.4197429233874903
2026-07-30 13:30:00-04:00,193.49,193.9,194.04,193.9,196.78,51.6,32,1d+1h+4h,0.055,True,target,1.3522124604001817
2026-07-30 14:30:00-04:00,194.06,195.44,195.57,195.44,198.25,49.4,31,1d+1h+4h,0.185,True,scratch,-0.1282907228607577
2026-07-30 15:30:00-04:00,195.15,196.17,196.3,196.17,198.88,46.6,29,1d+1h+4h,0.136,True,scratch,-0.12560551837565992
2026-07-31 09:30:00-04:00,197.0,198.97,199.11,198.97,201.87,40.4,28,1d+1h+4h,0.265,True,scratch,-0.12927255578309982
2026-07-31 10:30:00-04:00,195.62,196.0,196.14,196.0,198.96,43.8,27,1d+1h+4h,0.051,True,target,1.3776941964739775
2026-07-31 11:30:00-04:00,198.02,212.81,212.95,212.81,215.77,44.4,28,1d+1h+4h,1.981,False,nofill,0.0
2026-07-31 12:30:00-04:00,199.26,212.57,212.71,212.57,215.45,44.4,28,1d+1h+4h,1.783,False,nofill,0.0
2026-07-31 13:30:00-04:00,198.55,212.81,212.94,212.81,215.6,44.4,28,1d+1h+4h,1.91,False,nofill,0.0
2026-07-31 14:30:00-04:00,200.3,212.57,212.7,212.57,215.37,44.4,28,1d+1h+4h,1.643,False,nofill,0.0
2026-07-31 15:30:00-04:00,200.81,212.57,212.7,212.57,215.33,44.4,28,1d+1h+4h,1.575,False,nofill,0.0
2026-08-03 09:30:00-04:00,205.39,212.81,212.96,212.81,216.04,45.4,29,1d+1h+4h,0.954,False,nofill,0.0
2026-08-03 10:30:00-04:00,206.42,212.81,212.96,212.81,216.0,45.4,29,1d+1h+4h,0.822,False,nofill,0.0
2026-08-03 11:30:00-04:00,207.09,212.81,212.96,212.81,215.87,45.4,29,1d+1h+4h,0.735,False,nofill,0.0
2026-08-03 12:30:00-04:00,208.6,212.81,212.95,212.81,215.8,45.4,29,1d+1h+4h,0.542,False,nofill,0.0
2026-08-03 13:30:00-04:00,207.71,212.81,212.95,212.81,215.67,45.4,29,1d+1h+4h,0.655,False,nofill,0.0
2026-08-03 14:30:00-04:00,207.84,212.81,212.94,212.81,215.55,45.4,29,1d+1h+4h,0.639,False,nofill,0.0
2026-08-03 15:30:00-04:00,206.69,212.81,212.94,212.81,215.51,45.4,29,1d+1h+4h,0.787,False,nofill,0.0
2026-08-04 09:30:00-04:00,210.26,212.81,212.95,212.81,215.72,45.4,29,1d+1h+4h,0.332,False,nofill,0.0
2026-08-04 10:30:00-04:00,209.9,212.81,212.95,212.81,215.66,45.4,29,1d+1h+4h,0.379,False,nofill,0.0
2026-08-04 11:30:00-04:00,210.22,212.81,212.94,212.81,215.56,45.4,29,1d+1h+4h,0.337,True,scratch,-0.1214603914126755
2026-08-04 12:30:00-04:00,211.46,212.81,212.94,212.81,215.49,46.4,30,1d+1h+4h,0.176,True,scratch,-0.11993627047511835
2026-08-04 13:30:00-04:00,212.56,213.57,213.7,213.57,216.18,37.0,23,1d+1h+4h,0.132,True,target,1.1032894656852976
2026-08-04 14:30:00-04:00,212.49,213.57,213.69,213.57,216.06,37.0,23,1d+1h+4h,0.141,True,target,1.048957424391217
2026-08-04 15:30:00-04:00,211.84,212.81,212.92,212.81,215.21,46.4,30,1d+1h+4h,0.126,True,target,1.012674331043839
2026-08-05 09:30:00-04:00,220.73,231.5,231.64,231.5,234.51,6.8,4,1d+1h+4h,1.369,False,nofill,0.0
2026-08-05 10:30:00-04:00,219.11,231.5,231.64,231.5,234.47,6.8,4,1d+1h+4h,1.575,False,nofill,0.0
2026-08-05 11:30:00-04:00,221.17,231.5,231.64,231.5,234.48,6.8,4,1d+1h+4h,1.313,False,nofill,0.0
2026-08-05 12:30:00-04:00,221.05,231.5,231.64,231.5,234.34,6.8,4,1d+1h+4h,1.328,False,nofill,0.0
2026-08-05 13:30:00-04:00,221.74,231.5,231.63,231.5,234.23,6.8,4,1d+1h+4h,1.241,False,nofill,0.0
2026-08-05 14:30:00-04:00,221.84,231.5,231.62,231.5,234.11,6.8,4,1d+1h+4h,1.228,False,nofill,0.0
2026-08-05 15:30:00-04:00,219.2,231.5,231.63,231.5,234.15,6.8,4,1d+1h+4h,1.563,False,nofill,0.0
2026-08-06 09:30:00-04:00,219.82,231.5,231.63,231.5,234.29,6.8,4,1d+1h+4h,1.502,False,nofill,0.0
2026-08-06 10:30:00-04:00,218.2,231.5,231.63,231.5,234.26,6.8,4,1d+1h+4h,1.709,False,nofill,0.0
2026-08-06 11:30:00-04:00,218.53,231.5,231.63,231.5,234.2,6.8,4,1d+1h+4h,1.667,False,nofill,0.0
2026-08-06 12:30:00-04:00,218.96,231.5,231.62,231.5,234.11,6.8,4,1d+1h+4h,1.612,False,nofill,0.0
2026-08-06 13:30:00-04:00,220.41,231.5,231.63,231.5,234.18,6.8,4,1d+1h+4h,1.426,False,nofill,0.0
2026-08-06 14:30:00-04:00,219.85,231.5,231.62,231.5,234.07,6.8,4,1d+1h+4h,1.498,False,nofill,0.0
2026-08-06 15:30:00-04:00,218.99,231.5,231.62,231.5,234.02,6.8,4,1d+1h+4h,1.608,False,nofill,0.0
2026-08-07 09:30:00-04:00,223.35,231.5,231.63,231.5,234.17,6.8,4,1d+1h+4h,1.068,False,nofill,0.0
2026-08-07 10:30:00-04:00,224.2,231.5,231.63,231.5,234.13,6.8,4,1d+1h+4h,0.956,False,nofill,0.0
2026-08-07 11:30:00-04:00,222.45,231.5,231.63,231.5,234.13,6.8,4,1d+1h+4h,1.185,False,nofill,0.0
2026-08-07 12:30:00-04:00,221.82,231.5,231.62,231.5,234.02,6.8,4,1d+1h+4h,1.267,False,nofill,0.0
2026-08-07 13:30:00-04:00,221.94,231.5,231.61,231.5,233.9,6.8,4,1d+1h+4h,1.252,False,nofill,0.0
2026-08-07 14:30:00-04:00,223.04,231.5,231.61,231.5,233.83,6.8,4,1d+1h+4h,1.108,False,nofill,0.0
2026-08-07 15:30:00-04:00,223.98,231.5,231.61,231.5,233.8,6.8,4,1d+1h+4h,0.985,False,nofill,0.0
2026-08-10 09:30:00-04:00,220.4,231.5,231.62,231.5,233.93,6.8,4,1d+1h+4h,1.458,False,nofill,0.0
2026-08-10 10:30:00-04:00,219.45,231.5,231.62,231.5,233.92,6.8,4,1d+1h+4h,1.582,False,nofill,0.0
2026-08-10 11:30:00-04:00,218.34,219.0,219.12,219.0,221.42,6.8,6,1h+4h,0.087,True,scratch,-0.11253837588320881
2026-08-10 12:30:00-04:00,218.5,219.0,219.11,219.0,221.41,6.8,6,1h+4h,0.066,True,scratch,-0.1124169806504427
2026-08-10 13:30:00-04:00,218.54,223.63,223.74,223.63,225.96,7.8,7,1h+4h,0.668,False,nofill,0.0
2026-08-10 14:30:00-04:00,219.15,223.63,223.73,223.63,225.87,7.8,7,1h+4h,0.588,False,nofill,0.0
2026-08-10 15:30:00-04:00,217.56,218.18,218.29,218.18,220.41,13.6,10,1d+1h+4h,0.081,True,target,0.9102477750715376
2026-08-11 09:30:00-04:00,219.58,223.63,223.74,223.63,226.04,7.8,7,1h+4h,0.54,False,nofill,0.0
2026-08-11 10:30:00-04:00,219.08,223.63,223.74,223.63,226.03,7.8,7,1h+4h,0.606,False,nofill,0.0
2026-08-11 11:30:00-04:00,218.67,223.63,223.74,223.63,225.94,7.8,7,1h+4h,0.661,False,nofill,0.0
2026-08-11 12:30:00-04:00,217.29,217.8,217.91,217.8,220.14,13.6,10,1d+1h+4h,0.069,True,scratch,-0.11104983354985887
2026-08-11 13:30:00-04:00,216.47,217.27,217.38,217.27,219.56,13.6,10,1d+1h+4h,0.107,True,scratch,-0.11004691041759385
2026-08-11 14:30:00-04:00,217.86,223.63,223.73,223.63,225.87,7.8,7,1h+4h,0.77,True,scratch,-0.10765495647041545
2026-08-11 15:30:00-04:00,217.48,217.91,218.01,217.91,220.09,13.6,10,1d+1h+4h,0.057,True,target,0.8907515636457308
2026-08-12 09:30:00-04:00,224.48,225.08,225.2,225.08,227.65,6.8,6,1h+4h,0.08,False,nofill,0.0
2026-08-12 10:30:00-04:00,223.84,224.25,224.37,224.25,226.76,6.8,6,1h+4h,0.055,False,nofill,0.0
2026-08-12 11:30:00-04:00,223.22,223.63,223.74,223.63,226.04,7.8,7,1h+4h,0.054,True,scratch,-0.11130765183379188
2026-08-12 12:30:00-04:00,224.1,224.48,224.59,224.48,226.84,6.8,6,1h+4h,0.051,False,nofill,0.0
2026-08-12 13:30:00-04:00,224.12,224.76,224.87,224.76,227.03,7.8,7,1h+4h,0.085,True,scratch,-0.10806993740819504
2026-08-12 14:30:00-04:00,223.0,223.63,223.73,223.63,225.86,8.8,8,1h+4h,0.084,True,target,0.8899343029131535
2026-08-12 15:30:00-04:00,224.13,224.76,224.87,224.76,226.99,7.8,7,1h+4h,0.084,True,scratch,-0.10722805058154261
2026-08-13 09:30:00-04:00,226.03,231.5,231.61,231.5,233.81,6.8,4,1d+1h+4h,0.758,False,nofill,0.0
2026-08-13 10:30:00-04:00,224.45,225.08,225.19,225.08,227.38,7.8,7,1h+4h,0.087,True,scratch,-0.10867905977840486
2026-08-13 11:30:00-04:00,225.29,226.13,226.24,226.13,228.4,7.6,6,1h+4h,0.116,True,scratch,-0.1077520690766054
2026-08-13 12:30:00-04:00,225.34,226.13,226.23,226.13,228.31,7.6,6,1h+4h,0.109,True,scratch,-0.10583942636873678
2026-08-13 13:30:00-04:00,225.62,226.13,226.23,226.13,228.21,7.6,6,1h+4h,0.07,True,scratch,-0.10366923401258221
2026-08-13 14:30:00-04:00,225.78,231.5,231.59,231.5,233.49,6.8,4,1d+1h+4h,0.792,False,nofill,0.0
2026-08-13 15:30:00-04:00,225.37,226.13,226.22,226.13,228.08,7.6,6,1h+4h,0.105,True,scratch,-0.10098346679576764
2026-08-14 09:30:00-04:00,225.12,226.13,226.23,226.13,228.16,7.6,6,1h+4h,0.147,True,scratch,-0.10277157154416905
2026-08-14 10:30:00-04:00,225.55,226.13,226.23,226.13,228.17,7.6,6,1h+4h,0.084,True,scratch,-0.10288639511020214
2026-08-14 11:30:00-04:00,225.65,226.13,226.22,226.13,228.11,7.6,6,1h+4h,0.069,True,scratch,-0.10168403649229996
2026-08-14 12:30:00-04:00,225.12,226.13,226.22,226.13,228.03,7.6,6,1h+4h,0.146,True,scratch,-0.09990513128351752
2026-08-14 13:30:00-04:00,224.72,225.08,225.17,225.08,226.99,7.8,7,1h+4h,0.052,True,scratch,-0.10030145343498109
2026-08-14 14:30:00-04:00,225.13,226.13,226.22,226.13,227.96,7.6,6,1h+4h,0.145,True,scratch,-0.09851056743064301
2026-08-14 15:30:00-04:00,225.16,226.13,226.21,226.13,227.91,7.6,6,1h+4h,0.14,True,scratch,-0.09744718683327713
2026-08-17 09:30:00-04:00,226.6,231.5,231.59,231.5,233.31,6.8,4,1d+1h+4h,0.738,False,nofill,0.0
2026-08-17 10:30:00-04:00,227.44,231.5,231.59,231.5,233.35,6.8,4,1d+1h+4h,0.611,False,nofill,0.0
2026-08-17 11:30:00-04:00,227.03,231.5,231.59,231.5,233.3,6.8,4,1d+1h+4h,0.673,False,nofill,0.0
2026-08-17 12:30:00-04:00,225.92,231.5,231.58,231.5,233.28,6.8,4,1d+1h+4h,0.84,False,nofill,0.0
2026-08-17 13:30:00-04:00,225.53,226.13,226.21,226.13,227.85,8.6,7,1h+4h,0.09,False,nofill,0.0
2026-08-17 14:30:00-04:00,225.5,226.13,226.21,226.13,227.77,8.6,7,1h+4h,0.095,False,nofill,0.0
2026-08-17 15:30:00-04:00,225.05,226.13,226.21,226.13,227.74,8.6,7,1h+4h,0.163,False,nofill,0.0
2026-08-18 09:30:00-04:00,219.97,223.63,223.72,223.63,225.59,9.8,9,1h+4h,0.553,False,nofill,0.0
2026-08-18 10:30:00-04:00,219.54,223.63,223.72,223.63,225.58,9.8,9,1h+4h,0.618,False,nofill,0.0
2026-08-18 11:30:00-04:00,219.53,223.63,223.72,223.63,225.52,9.8,9,1h+4h,0.619,False,nofill,0.0
2026-08-18 12:30:00-04:00,220.33,223.63,223.72,223.63,225.47,9.8,9,1h+4h,0.498,False,nofill,0.0
2026-08-18 13:30:00-04:00,219.94,223.63,223.71,223.63,225.43,9.8,9,1h+4h,0.558,False,nofill,0.0
2026-08-18 14:30:00-04:00,219.24,223.63,223.71,223.63,225.38,9.8,9,1h+4h,0.663,False,nofill,0.0
2026-08-18 15:30:00-04:00,219.8,223.63,223.71,223.63,225.34,9.8,9,1h+4h,0.578,False,nofill,0.0
2026-08-19 09:30:00-04:00,218.15,223.63,223.73,223.63,225.68,9.8,9,1h+4h,0.832,False,nofill,0.0
2026-08-19 10:30:00-04:00,219.27,223.63,223.73,223.63,225.68,9.8,9,1h+4h,0.662,False,nofill,0.0
2026-08-19 11:30:00-04:00,219.4,223.63,223.73,223.63,225.68,9.8,9,1h+4h,0.642,False,nofill,0.0
2026-08-19 12:30:00-04:00,218.98,223.63,223.72,223.63,225.59,10.8,10,1h+4h,0.706,False,nofill,0.0
2026-08-19 13:30:00-04:00,219.16,223.63,223.72,223.63,225.54,10.8,10,1h+4h,0.679,False,nofill,0.0
2026-08-19 14:30:00-04:00,219.54,223.63,223.72,223.63,225.47,10.8,10,1h+4h,0.622,False,nofill,0.0
2026-08-19 15:30:00-04:00,217.65,218.18,218.27,218.18,220.1,11.6,10,1h+4h,0.081,True,scratch,-0.10179158510839059
2026-08-20 09:30:00-04:00,217.5,217.91,218.01,217.91,219.93,14.6,11,1d+1h+4h,0.064,True,scratch,-0.10400973921909085
2026-08-20 10:30:00-04:00,216.83,217.27,217.37,217.27,219.32,19.4,13,1d+1h+4h,0.069,True,scratch,-0.10481097868021427
2026-08-20 11:30:00-04:00,216.84,217.27,217.37,217.27,219.27,19.4,13,1d+1h+4h,0.067,True,scratch,-0.1037440435243897
2026-08-20 12:30:00-04:00,216.3,216.76,216.85,216.76,218.75,19.4,13,1d+1h+4h,0.073,True,scratch,-0.10364359765099307
2026-08-20 13:30:00-04:00,216.92,217.27,217.36,217.27,219.18,19.4,13,1d+1h+4h,0.055,True,scratch,-0.10177702463205485
2026-08-20 14:30:00-04:00,217.45,217.8,217.89,217.8,219.65,16.4,12,1d+1h+4h,0.055,True,scratch,-0.10031953861373566
2026-08-20 15:30:00-04:00,217.05,217.8,217.89,217.8,219.6,16.4,12,1d+1h+4h,0.117,True,scratch,-0.09923246498793059
2026-08-21 09:30:00-04:00,214.64,215.16,215.25,215.16,217.14,30.2,19,1d+1h+4h,0.082,True,scratch,-0.10376409219158278
2026-08-21 10:30:00-04:00,215.83,217.27,217.36,217.27,219.22,19.4,13,1d+1h+4h,0.23,False,nofill,0.0
2026-08-21 11:30:00-04:00,215.68,217.27,217.36,217.27,219.2,19.4,13,1d+1h+4h,0.254,False,nofill,0.0
2026-08-21 12:30:00-04:00,215.08,215.66,215.75,215.66,217.54,23.4,15,1d+1h+4h,0.093,True,scratch,-0.10143482214732824
2026-08-21 13:30:00-04:00,215.37,217.27,217.36,217.27,219.11,20.4,14,1d+1h+4h,0.304,False,nofill,0.0
2026-08-21 14:30:00-04:00,214.88,215.66,215.74,215.66,217.42,24.4,16,1d+1h+4h,0.125,False,nofill,0.0
2026-08-21 15:30:00-04:00,214.75,215.16,215.24,215.16,216.86,30.2,19,1d+1h+4h,0.066,True,scratch,-0.09764476597639016
2026-08-24 09:30:00-04:00,209.36,212.57,212.67,212.57,214.67,41.6,26,1d+1h+4h,0.501,False,nofill,0.0
2026-08-24 10:30:00-04:00,209.87,212.57,212.67,212.57,214.63,41.6,26,1d+1h+4h,0.421,False,nofill,0.0
2026-08-24 11:30:00-04:00,210.67,212.57,212.67,212.57,214.6,41.6,26,1d+1h+4h,0.297,False,nofill,0.0
2026-08-24 12:30:00-04:00,209.27,212.57,212.66,212.57,214.57,41.6,26,1d+1h+4h,0.515,False,nofill,0.0
2026-08-24 13:30:00-04:00,210.39,212.57,212.66,212.57,214.52,41.6,26,1d+1h+4h,0.34,True,scratch,-0.10358511674194437
2026-08-24 14:30:00-04:00,209.37,212.57,212.66,212.57,214.48,41.6,26,1d+1h+4h,0.5,True,scratch,-0.10277034384422734
2026-08-24 15:30:00-04:00,208.46,212.57,212.66,212.57,214.5,41.6,26,1d+1h+4h,0.642,True,scratch,-0.1032384663831154
2026-08-25 09:30:00-04:00,211.82,212.57,212.68,212.57,214.83,40.6,25,1d+1h+4h,0.117,False,nofill,0.0
2026-08-25 10:30:00-04:00,211.2,212.57,212.68,212.57,214.81,40.6,25,1d+1h+4h,0.215,False,nofill,0.0
2026-08-25 11:30:00-04:00,212.2,212.57,212.67,212.57,214.76,40.6,25,1d+1h+4h,0.058,True,scratch,-0.10896776728318569
2026-08-25 12:30:00-04:00,212.26,212.71,212.81,212.71,214.81,40.6,25,1d+1h+4h,0.071,True,scratch,-0.10688189915127877
2026-08-25 13:30:00-04:00,212.26,212.71,212.82,212.71,214.96,40.6,25,1d+1h+4h,0.071,True,scratch,-0.1103061218588608
2026-08-25 14:30:00-04:00,212.04,212.57,212.67,212.57,214.79,40.6,25,1d+1h+4h,0.084,True,scratch,-0.10963797609340187
2026-08-25 15:30:00-04:00,212.98,213.57,213.67,213.57,215.73,36.0,24,1d+1h+4h,0.092,False,nofill,0.0
2026-08-26 09:30:00-04:00,210.5,212.47,212.58,212.47,214.73,39.6,26,1d+1h+4h,0.315,False,nofill,0.0
2026-08-26 10:30:00-04:00,211.08,212.47,212.58,212.47,214.68,39.6,26,1d+1h+4h,0.222,False,nofill,0.0
2026-08-26 11:30:00-04:00,210.18,212.47,212.58,212.47,214.65,39.6,26,1d+1h+4h,0.367,False,nofill,0.0
2026-08-26 12:30:00-04:00,210.06,212.47,212.57,212.47,214.56,40.6,27,1d+1h+4h,0.385,False,nofill,0.0
2026-08-26 13:30:00-04:00,210.78,212.47,212.57,212.47,214.48,40.6,27,1d+1h+4h,0.27,True,target,0.8410187644725786
2026-08-26 14:30:00-04:00,210.89,212.47,212.56,212.47,214.4,40.6,27,1d+1h+4h,0.253,True,target,0.8048865227678004
2026-08-26 15:30:00-04:00,209.95,212.47,212.56,212.47,214.4,40.6,27,1d+1h+4h,0.404,True,target,0.8023854951970444
2026-08-27 09:30:00-04:00,225.72,226.13,226.27,226.13,229.15,13.4,9,1d+1h+4h,0.056,True,scratch,-0.12354310416128333
2026-08-27 10:30:00-04:00,225.45,226.13,226.28,226.13,229.22,13.4,9,1d+1h+4h,0.093,True,target,1.2406185564877381
2026-08-27 11:30:00-04:00,228.52,231.5,231.65,231.5,234.66,6.8,4,1d+1h+4h,0.408,False,nofill,0.0
2026-08-27 12:30:00-04:00,229.25,231.5,231.65,231.5,234.59,6.8,4,1d+1h+4h,0.309,False,nofill,0.0
2026-08-27 13:30:00-04:00,226.09,227.23,227.38,227.23,230.37,10.6,7,1d+1h+4h,0.156,True,scratch,-0.12560636226210953
2026-08-27 14:30:00-04:00,227.21,227.67,227.81,227.67,230.74,10.6,7,1d+1h+4h,0.062,True,scratch,-0.12414051168765372
2026-08-27 15:30:00-04:00,228.05,230.47,230.61,230.47,233.47,7.8,5,1d+1h+4h,0.332,False,nofill,0.0
2026-08-28 09:30:00-04:00,225.12,226.13,226.28,226.13,229.37,13.4,9,1d+1h+4h,0.133,True,scratch,-0.12813501534812977
2026-08-28 10:30:00-04:00,224.0,226.13,226.29,226.13,229.39,13.4,9,1d+1h+4h,0.278,False,nofill,0.0
2026-08-28 11:30:00-04:00,220.18,226.13,226.29,226.13,229.48,13.4,9,1d+1h+4h,0.777,False,nofill,0.0
2026-08-28 12:30:00-04:00,218.69,226.13,226.29,226.13,229.47,13.4,9,1d+1h+4h,0.972,False,nofill,0.0
2026-08-28 13:30:00-04:00,218.4,226.13,226.28,226.13,229.36,13.4,9,1d+1h+4h,1.011,False,nofill,0.0
2026-08-28 14:30:00-04:00,217.28,217.8,217.95,217.8,220.94,20.4,14,1d+1h+4h,0.068,True,scratch,-0.12863208613551613
2026-08-28 15:30:00-04:00,217.54,217.93,218.07,217.93,220.94,17.4,13,1d+1h+4h,0.051,True,scratch,-0.1257387389672182
2026-08-31 09:30:00-04:00,220.07,226.13,226.28,226.13,229.24,13.4,9,1d+1h+4h,0.811,False,nofill,0.0
2026-08-31 10:30:00-04:00,220.27,226.13,226.27,226.13,229.13,13.4,9,1d+1h+4h,0.784,False,nofill,0.0
2026-08-31 11:30:00-04:00,220.23,226.13,226.27,226.13,229.01,13.4,9,1d+1h+4h,0.79,False,nofill,0.0
2026-08-31 12:30:00-04:00,219.37,226.13,226.26,226.13,228.87,13.4,9,1d+1h+4h,0.905,False,nofill,0.0
2026-08-31 13:30:00-04:00,218.97,226.13,226.26,226.13,228.76,13.4,9,1d+1h+4h,0.958,False,nofill,0.0
2026-08-31 14:30:00-04:00,219.82,226.13,226.25,226.13,228.73,13.4,9,1d+1h+4h,0.845,False,nofill,0.0
2026-08-31 15:30:00-04:00,220.88,226.13,226.25,226.13,228.7,13.4,9,1d+1h+4h,0.703,False,nofill,0.0
2026-09-01 09:30:00-04:00,217.61,226.13,226.26,226.13,228.95,13.4,9,1d+1h+4h,1.16,False,nofill,0.0
2026-09-01 10:30:00-04:00,218.8,226.13,226.26,226.13,228.84,13.4,9,1d+1h+4h,0.998,False,nofill,0.0
2026-09-01 11:30:00-04:00,219.58,226.13,226.26,226.13,228.78,13.4,9,1d+1h+4h,0.892,False,nofill,0.0
2026-09-01 12:30:00-04:00,218.36,226.13,226.25,226.13,228.72,13.4,9,1d+1h+4h,1.058,False,nofill,0.0
2026-09-01 13:30:00-04:00,217.46,217.91,218.03,217.91,220.41,18.4,14,1d+1h+4h,0.061,True,target,1.0319762359088047
2026-09-01 14:30:00-04:00,217.59,226.13,226.25,226.13,228.57,13.4,9,1d+1h+4h,1.163,True,scratch,-0.11129983170119484
2026-09-01 15:30:00-04:00,217.54,217.91,218.02,217.91,220.25,18.4,14,1d+1h+4h,0.05,True,target,0.9637224676558365
2026-09-02 09:30:00-04:00,222.83,226.13,226.25,226.13,228.75,13.4,9,1d+1h+4h,0.436,True,scratch,-0.11508917911435823
2026-09-02 10:30:00-04:00,226.31,230.47,230.6,230.47,233.23,12.6,7,1d+1h+4h,0.55,False,nofill,0.0
2026-09-02 11:30:00-04:00,227.04,230.47,230.6,230.47,233.2,12.6,7,1d+1h+4h,0.453,False,nofill,0.0
2026-09-02 12:30:00-04:00,225.51,226.13,226.26,226.13,228.88,13.4,9,1d+1h+4h,0.082,False,nofill,0.0
2026-09-02 13:30:00-04:00,224.96,226.13,226.26,226.13,228.77,13.4,9,1d+1h+4h,0.155,True,scratch,-0.11556766554159381
2026-09-02 14:30:00-04:00,224.4,226.13,226.25,226.13,228.67,14.4,10,1d+1h+4h,0.229,True,scratch,-0.11343624110377037
2026-09-02 15:30:00-04:00,224.4,226.13,226.25,226.13,228.56,14.4,10,1d+1h+4h,0.229,True,scratch,-0.11105473734264182
2026-09-03 09:30:00-04:00,227.39,230.47,230.59,230.47,233.07,12.6,7,1d+1h+4h,0.413,False,nofill,0.0
2026-09-03 10:30:00-04:00,227.82,230.47,230.59,230.47,233.08,12.6,7,1d+1h+4h,0.356,False,nofill,0.0
2026-09-03 11:30:00-04:00,227.04,230.47,230.59,230.47,232.98,12.6,7,1d+1h+4h,0.46,False,nofill,0.0
2026-09-03 12:30:00-04:00,227.44,229.07,229.18,229.07,231.47,17.4,11,1d+1h+4h,0.219,True,scratch,-0.10985634571265557
2026-09-03 13:30:00-04:00,229.51,230.47,230.59,230.47,232.93,13.6,8,1d+1h+4h,0.129,True,target,0.9534967212880385
2026-09-03 14:30:00-04:00,229.54,230.47,230.58,230.47,232.82,13.6,8,1d+1h+4h,0.125,True,target,0.9099177340055276
2026-09-03 15:30:00-04:00,228.4,229.07,229.18,229.07,231.35,17.4,11,1d+1h+4h,0.09,True,target,0.8885151370368938
2026-09-04 10:30:00-04:00,231.78,232.28,232.41,232.28,234.92,9.6,6,1d+1h+4h,0.067,False,nofill,0.0
2026-09-04 11:30:00-04:00,231.16,231.75,231.87,231.75,234.32,12.6,7,1d+1h+4h,0.081,True,scratch,-0.11275438121503001
2026-09-04 12:30:00-04:00,230.75,231.5,231.62,231.5,234.01,12.6,7,1d+1h+4h,0.102,False,nofill,0.0
2026-09-04 13:30:00-04:00,230.35,231.5,231.61,231.5,233.9,12.6,7,1d+1h+4h,0.156,True,scratch,-0.1092269957172265
2026-09-04 14:30:00-04:00,229.87,230.47,230.58,230.47,232.76,13.6,8,1d+1h+4h,0.081,True,scratch,-0.10726149284487896
2026-09-04 15:30:00-04:00,230.34,231.5,231.61,231.5,233.74,12.6,7,1d+1h+4h,0.157,True,scratch,-0.10593963761632574
2026-09-08 09:30:00-04:00,227.94,229.07,229.19,229.07,231.6,17.4,11,1d+1h+4h,0.151,False,nofill,0.0
2026-09-08 10:30:00-04:00,226.87,229.07,229.19,229.07,231.54,17.4,11,1d+1h+4h,0.294,False,nofill,0.0
2026-09-08 11:30:00-04:00,225.66,229.07,229.18,229.07,231.48,17.4,11,1d+1h+4h,0.456,False,nofill,0.0
2026-09-08 12:30:00-04:00,225.65,229.07,229.18,229.07,231.38,17.4,11,1d+1h+4h,0.457,False,nofill,0.0
2026-09-08 13:30:00-04:00,226.08,229.07,229.17,229.07,231.26,17.4,11,1d+1h+4h,0.4,False,nofill,0.0
2026-09-08 14:30:00-04:00,225.55,229.07,229.17,229.07,231.19,17.4,11,1d+1h+4h,0.471,False,nofill,0.0
2026-09-08 15:30:00-04:00,225.77,229.07,229.17,229.07,231.12,17.4,11,1d+1h+4h,0.441,False,nofill,0.0
2026-09-09 09:30:00-04:00,224.88,229.07,229.17,229.07,231.17,17.4,11,1d+1h+4h,0.586,False,nofill,0.0
2026-09-09 10:30:00-04:00,223.59,229.07,229.17,229.07,231.16,17.4,11,1d+1h+4h,0.768,False,nofill,0.0
2026-09-09 11:30:00-04:00,223.86,229.07,229.17,229.07,231.09,17.4,11,1d+1h+4h,0.73,False,nofill,0.0
2026-09-09 12:30:00-04:00,224.27,229.07,229.16,229.07,231.0,17.4,11,1d+1h+4h,0.672,False,nofill,0.0
2026-09-09 13:30:00-04:00,224.2,229.07,229.16,229.07,230.9,17.4,11,1d+1h+4h,0.683,False,nofill,0.0
2026-09-09 14:30:00-04:00,224.14,229.07,229.15,229.07,230.84,17.4,11,1d+1h+4h,0.691,False,nofill,0.0
2026-09-09 15:30:00-04:00,223.7,229.07,229.15,229.07,230.77,17.4,11,1d+1h+4h,0.752,False,nofill,0.0
2026-09-10 09:30:00-04:00,218.23,229.07,229.17,229.07,231.13,17.4,11,1d+1h+4h,1.533,False,nofill,0.0
2026-09-10 10:30:00-04:00,218.15,229.07,229.16,229.07,231.05,17.4,11,1d+1h+4h,1.544,False,nofill,0.0
2026-09-10 11:30:00-04:00,217.75,229.07,229.16,229.07,231.03,17.4,11,1d+1h+4h,1.601,False,nofill,0.0
2026-09-10 12:30:00-04:00,218.69,229.07,229.16,229.07,231.0,17.4,11,1d+1h+4h,1.468,False,nofill,0.0
2026-09-10 13:30:00-04:00,218.04,229.07,229.16,229.07,230.92,17.4,11,1d+1h+4h,1.56,False,nofill,0.0
2026-09-10 14:30:00-04:00,218.3,229.07,229.15,229.07,230.84,17.4,11,1d+1h+4h,1.523,False,nofill,0.0
2026-09-10 15:30:00-04:00,218.38,229.07,229.15,229.07,230.77,17.4,11,1d+1h+4h,1.512,False,nofill,0.0
2026-09-11 09:30:00-04:00,221.6,229.07,229.16,229.07,230.92,17.4,11,1d+1h+4h,1.094,False,nofill,0.0
2026-09-11 10:30:00-04:00,220.18,229.07,229.16,229.07,230.96,17.4,11,1d+1h+4h,1.302,False,nofill,0.0
2026-09-11 11:30:00-04:00,219.16,229.07,229.16,229.07,230.92,17.4,11,1d+1h+4h,1.452,False,nofill,0.0
2026-09-11 12:30:00-04:00,219.25,229.07,229.15,229.07,230.84,17.4,11,1d+1h+4h,1.438,False,nofill,0.0
2026-09-11 13:30:00-04:00,219.51,229.07,229.15,229.07,230.76,17.4,11,1d+1h+4h,1.4,False,nofill,0.0
2026-09-11 14:30:00-04:00,218.41,229.07,229.15,229.07,230.76,17.4,11,1d+1h+4h,1.561,False,nofill,0.0
